date,sku_id,on_hand_units,on_order_units,lead_time_days,reorder_point
2026-06-08,SKU0001,60.3,77.3,24.0,86.2
2026-06-15,SKU0001,37.3,77.3,24.0,86.2
2026-06-22,SKU0001,8.3,77.3,24.0,86.2
2026-06-29,SKU0001,69.7,77.3,24.0,86.2
2026-07-06,SKU0001,55.7,77.3,24.0,86.2
2026-07-13,SKU0001,38.7,77.3,24.0,86.2
2024-08-05,SKU0002,83.2,0.0,13.0,65.9
2024-08-12,SKU0002,56.2,109.2,13.0,65.9
2024-08-19,SKU0002,33.2,109.2,13.0,65.9
2024-08-26,SKU0002,113.5,0.0,13.0,65.9
2024-09-02,SKU0002,89.5,0.0,13.0,65.9
2024-09-09,SKU0002,66.5,0.0,13.0,65.9
2024-09-16,SKU0002,52.5,109.2,13.0,65.9
2024-09-23,SKU0002,22.5,109.2,13.0,65.9
2024-09-30,SKU0002,97.7,0.0,13.0,65.9
2024-10-07,SKU0002,71.7,0.0,13.0,65.9
2024-10-14,SKU0002,25.7,109.2,13.0,65.9
2024-10-21,SKU0002,0.0,109.2,13.0,65.9
2024-10-28,SKU0002,66.2,0.0,13.0,65.9
2024-11-04,SKU0002,21.2,109.2,13.0,65.9
2024-11-11,SKU0002,0.0,109.2,13.0,65.9
2024-11-18,SKU0002,77.2,0.0,13.0,65.9
2024-11-25,SKU0002,40.2,109.2,13.0,65.9
2024-12-02,SKU0002,8.2,109.2,13.0,65.9
2024-12-09,SKU0002,81.5,0.0,13.0,65.9
2024-12-16,SKU0002,43.5,109.2,13.0,65.9
2024-12-23,SKU0002,0.0,109.2,13.0,65.9
2024-12-30,SKU0002,83.2,0.0,13.0,65.9
2025-01-06,SKU0002,66.2,0.0,13.0,65.9
2025-01-13,SKU0002,55.2,109.2,13.0,65.9
2025-01-20,SKU0002,34.2,109.2,13.0,65.9
2025-01-27,SKU0002,121.5,0.0,13.0,65.9
2025-02-03,SKU0002,99.5,0.0,13.0,65.9
2025-02-10,SKU0002,82.5,0.0,13.0,65.9
2025-02-17,SKU0002,59.5,109.2,13.0,65.9
2025-02-24,SKU0002,37.5,109.2,13.0,65.9
2025-03-03,SKU0002,124.7,0.0,13.0,65.9
2025-03-10,SKU0002,95.7,0.0,13.0,65.9
2025-03-17,SKU0002,63.7,109.2,13.0,65.9
2025-03-24,SKU0002,35.7,109.2,13.0,65.9
2025-03-31,SKU0002,123.0,0.0,13.0,65.9
2025-04-07,SKU0002,102.0,0.0,13.0,65.9
2025-04-14,SKU0002,80.0,0.0,13.0,65.9
2025-04-21,SKU0002,58.0,109.2,13.0,65.9
2025-04-28,SKU0002,38.0,109.2,13.0,65.9
2025-05-05,SKU0002,126.2,0.0,13.0,65.9
2025-05-12,SKU0002,111.2,0.0,13.0,65.9
2025-05-19,SKU0002,91.2,0.0,13.0,65.9
2025-05-26,SKU0002,66.2,0.0,13.0,65.9
2025-06-02,SKU0002,44.2,109.2,13.0,65.9
2025-06-09,SKU0002,18.2,109.2,13.0,65.9
2025-06-16,SKU0002,88.5,0.0,13.0,65.9
2025-06-23,SKU0002,47.5,109.2,13.0,65.9
2025-06-30,SKU0002,27.5,109.2,13.0,65.9
2025-07-07,SKU0002,118.7,0.0,13.0,65.9
2025-07-14,SKU0002,99.7,0.0,13.0,65.9
2025-07-21,SKU0002,79.7,0.0,13.0,65.9
2025-07-28,SKU0002,59.7,109.2,13.0,65.9
2025-08-04,SKU0002,35.7,109.2,13.0,65.9
2025-08-11,SKU0002,125.9,0.0,13.0,65.9
2025-08-18,SKU0002,104.9,0.0,13.0,65.9
2025-08-25,SKU0002,83.9,0.0,13.0,65.9
2025-09-01,SKU0002,57.9,109.2,13.0,65.9
2025-09-08,SKU0002,36.9,109.2,13.0,65.9
2025-09-15,SKU0002,122.2,0.0,13.0,65.9
2025-09-22,SKU0002,91.2,0.0,13.0,65.9
2025-09-29,SKU0002,54.2,109.2,13.0,65.9
2025-10-06,SKU0002,8.2,109.2,13.0,65.9
2025-10-13,SKU0002,64.4,109.2,13.0,65.9
2025-10-20,SKU0002,22.4,109.2,13.0,65.9
2025-10-27,SKU0002,67.7,0.0,13.0,65.9
2025-11-03,SKU0002,38.7,109.2,13.0,65.9
2025-11-10,SKU0002,1.7,109.2,13.0,65.9
2025-11-17,SKU0002,82.9,0.0,13.0,65.9
2025-11-24,SKU0002,26.9,109.2,13.0,65.9
2025-12-01,SKU0002,0.9,109.2,13.0,65.9
2025-12-08,SKU0002,90.2,0.0,13.0,65.9
2025-12-15,SKU0002,44.2,109.2,13.0,65.9
2025-12-22,SKU0002,0.0,109.2,13.0,65.9
2025-12-29,SKU0002,66.2,0.0,13.0,65.9
2026-01-05,SKU0002,48.2,109.2,13.0,65.9
2026-01-12,SKU0002,34.2,109.2,13.0,65.9
2026-01-19,SKU0002,119.5,0.0,13.0,65.9
2026-01-26,SKU0002,96.5,0.0,13.0,65.9
2026-02-02,SKU0002,83.5,0.0,13.0,65.9
2026-02-09,SKU0002,62.5,109.2,13.0,65.9
2026-02-16,SKU0002,44.5,109.2,13.0,65.9
2026-02-23,SKU0002,136.7,0.0,13.0,65.9
2026-03-02,SKU0002,115.7,0.0,13.0,65.9
2026-03-09,SKU0002,97.7,0.0,13.0,65.9
2026-03-16,SKU0002,76.7,0.0,13.0,65.9
2026-03-23,SKU0002,48.7,109.2,13.0,65.9
2026-03-30,SKU0002,20.7,109.2,13.0,65.9
2026-04-06,SKU0002,114.0,0.0,13.0,65.9
2026-04-13,SKU0002,84.0,0.0,13.0,65.9
2026-04-20,SKU0002,57.0,109.2,13.0,65.9
2026-04-27,SKU0002,41.0,109.2,13.0,65.9
2026-05-04,SKU0002,133.2,0.0,13.0,65.9
2026-05-11,SKU0002,121.2,0.0,13.0,65.9
2026-05-18,SKU0002,98.2,0.0,13.0,65.9
2026-05-25,SKU0002,76.2,0.0,13.0,65.9
2026-06-01,SKU0002,67.2,0.0,13.0,65.9
2026-06-08,SKU0002,39.2,109.2,13.0,65.9
2026-06-15,SKU0002,6.2,109.2,13.0,65.9
2026-06-22,SKU0002,74.5,0.0,13.0,65.9
2026-06-29,SKU0002,38.5,109.2,13.0,65.9
2026-07-06,SKU0002,19.5,109.2,13.0,65.9
2026-07-13,SKU0002,106.7,0.0,13.0,65.9
2024-08-12,SKU0003,255.0,304.0,24.0,338.8
2024-08-19,SKU0003,192.0,304.0,24.0,338.8
2024-08-26,SKU0003,139.0,304.0,24.0,338.8
2024-09-02,SKU0003,385.1,0.0,24.0,338.8
2024-09-09,SKU0003,338.1,304.0,24.0,338.8
2024-09-16,SKU0003,277.1,304.0,24.0,338.8
2024-09-23,SKU0003,218.1,304.0,24.0,338.8
2024-09-30,SKU0003,442.1,0.0,24.0,338.8
2024-10-07,SKU0003,356.1,0.0,24.0,338.8
2024-10-14,SKU0003,207.1,304.0,24.0,338.8
2024-10-21,SKU0003,51.1,304.0,24.0,338.8
2024-10-28,SKU0003,0.0,304.0,24.0,338.8
2024-11-04,SKU0003,193.0,304.0,24.0,338.8
2024-11-11,SKU0003,106.0,304.0,24.0,338.8
2024-11-18,SKU0003,27.0,304.0,24.0,338.8
2024-11-25,SKU0003,220.1,304.0,24.0,338.8
2024-12-02,SKU0003,138.1,304.0,24.0,338.8
2024-12-09,SKU0003,54.1,304.0,24.0,338.8
2024-12-16,SKU0003,226.1,304.0,24.0,338.8
2024-12-23,SKU0003,80.1,304.0,24.0,338.8
2024-12-30,SKU0003,0.0,304.0,24.0,338.8
2025-01-06,SKU0003,236.0,304.0,24.0,338.8
2025-01-13,SKU0003,194.0,304.0,24.0,338.8
2025-01-20,SKU0003,141.0,304.0,24.0,338.8
2025-01-27,SKU0003,375.1,0.0,24.0,338.8
2025-02-03,SKU0003,321.1,304.0,24.0,338.8
2025-02-10,SKU0003,276.1,304.0,24.0,338.8
2025-02-17,SKU0003,232.1,304.0,24.0,338.8
2025-02-24,SKU0003,487.1,0.0,24.0,338.8
2025-03-03,SKU0003,437.1,0.0,24.0,338.8
2025-03-10,SKU0003,391.1,0.0,24.0,338.8
2025-03-17,SKU0003,343.1,0.0,24.0,338.8
2025-03-24,SKU0003,279.1,304.0,24.0,338.8
2025-03-31,SKU0003,216.1,304.0,24.0,338.8
2025-04-07,SKU0003,163.1,304.0,24.0,338.8
2025-04-14,SKU0003,404.2,0.0,24.0,338.8
2025-04-21,SKU0003,326.2,304.0,24.0,338.8
2025-04-28,SKU0003,258.2,304.0,24.0,338.8
2025-05-05,SKU0003,191.2,304.0,24.0,338.8
2025-05-12,SKU0003,416.2,0.0,24.0,338.8
2025-05-19,SKU0003,369.2,0.0,24.0,338.8
2025-05-26,SKU0003,306.2,304.0,24.0,338.8
2025-06-02,SKU0003,249.2,304.0,24.0,338.8
2025-06-09,SKU0003,196.2,304.0,24.0,338.8
2025-06-16,SKU0003,386.2,0.0,24.0,338.8
2025-06-23,SKU0003,290.2,304.0,24.0,338.8
2025-06-30,SKU0003,223.2,304.0,24.0,338.8
2025-07-07,SKU0003,158.2,304.0,24.0,338.8
2025-07-14,SKU0003,393.3,0.0,24.0,338.8
2025-07-21,SKU0003,334.3,304.0,24.0,338.8
2025-07-28,SKU0003,272.3,304.0,24.0,338.8
2025-08-04,SKU0003,197.3,304.0,24.0,338.8
2025-08-11,SKU0003,443.3,0.0,24.0,338.8
2025-08-18,SKU0003,390.3,0.0,24.0,338.8
2025-08-25,SKU0003,337.3,304.0,24.0,338.8
2025-09-01,SKU0003,272.3,304.0,24.0,338.8
2025-09-08,SKU0003,213.3,304.0,24.0,338.8
2025-09-15,SKU0003,447.4,0.0,24.0,338.8
2025-09-22,SKU0003,388.4,0.0,24.0,338.8
2025-09-29,SKU0003,288.4,304.0,24.0,338.8
2025-10-06,SKU0003,195.4,304.0,24.0,338.8
2025-10-13,SKU0003,50.4,304.0,24.0,338.8
2025-10-20,SKU0003,223.4,304.0,24.0,338.8
2025-10-27,SKU0003,105.4,304.0,24.0,338.8
2025-11-03,SKU0003,0.0,304.0,24.0,338.8
2025-11-10,SKU0003,221.0,304.0,24.0,338.8
2025-11-17,SKU0003,151.0,304.0,24.0,338.8
2025-11-24,SKU0003,2.0,304.0,24.0,338.8
2025-12-01,SKU0003,214.1,304.0,24.0,338.8
2025-12-08,SKU0003,120.1,304.0,24.0,338.8
2025-12-15,SKU0003,10.1,304.0,24.0,338.8
2025-12-22,SKU0003,175.1,304.0,24.0,338.8
2025-12-29,SKU0003,75.1,304.0,24.0,338.8
2026-01-05,SKU0003,8.1,304.0,24.0,338.8
2026-01-12,SKU0003,252.2,304.0,24.0,338.8
2026-01-19,SKU0003,189.2,304.0,24.0,338.8
2026-01-26,SKU0003,132.2,304.0,24.0,338.8
2026-02-02,SKU0003,377.2,0.0,24.0,338.8
2026-02-09,SKU0003,325.2,304.0,24.0,338.8
2026-02-16,SKU0003,269.2,304.0,24.0,338.8
2026-02-23,SKU0003,207.2,304.0,24.0,338.8
2026-03-02,SKU0003,435.2,0.0,24.0,338.8
2026-03-09,SKU0003,376.2,0.0,24.0,338.8
2026-03-16,SKU0003,306.2,304.0,24.0,338.8
2026-03-23,SKU0003,227.2,304.0,24.0,338.8
2026-03-30,SKU0003,165.2,304.0,24.0,338.8
2026-04-06,SKU0003,398.3,0.0,24.0,338.8
2026-04-13,SKU0003,339.3,0.0,24.0,338.8
2026-04-20,SKU0003,272.3,304.0,24.0,338.8
2026-04-27,SKU0003,204.3,304.0,24.0,338.8
2026-05-04,SKU0003,128.3,304.0,24.0,338.8
2026-05-11,SKU0003,360.3,0.0,24.0,338.8
2026-05-18,SKU0003,291.3,304.0,24.0,338.8
2026-05-25,SKU0003,214.3,304.0,24.0,338.8
2026-06-01,SKU0003,151.3,304.0,24.0,338.8
2026-06-08,SKU0003,391.4,0.0,24.0,338.8
2026-06-15,SKU0003,296.4,304.0,24.0,338.8
2026-06-22,SKU0003,200.4,304.0,24.0,338.8
2026-06-29,SKU0003,130.4,304.0,24.0,338.8
2026-07-06,SKU0003,366.4,0.0,24.0,338.8
2026-07-13,SKU0003,299.4,304.0,24.0,338.8
2024-07-29,SKU0004,148.8,0.0,12.0,99.6
2024-08-05,SKU0004,117.8,0.0,12.0,99.6
2024-08-12,SKU0004,82.8,178.8,12.0,99.6
2024-08-19,SKU0004,44.8,178.8,12.0,99.6
2024-08-26,SKU0004,194.7,0.0,12.0,99.6
2024-09-02,SKU0004,161.7,0.0,12.0,99.6
2024-09-09,SKU0004,117.7,0.0,12.0,99.6
2024-09-16,SKU0004,88.7,178.8,12.0,99.6
2024-09-23,SKU0004,54.7,178.8,12.0,99.6
2024-09-30,SKU0004,178.5,0.0,12.0,99.6
2024-10-07,SKU0004,133.5,0.0,12.0,99.6
2024-10-14,SKU0004,54.5,178.8,12.0,99.6
2024-10-21,SKU0004,0.0,178.8,12.0,99.6
2024-10-28,SKU0004,94.8,178.8,12.0,99.6
2024-11-04,SKU0004,31.8,178.8,12.0,99.6
2024-11-11,SKU0004,171.7,0.0,12.0,99.6
2024-11-18,SKU0004,117.7,0.0,12.0,99.6
2024-11-25,SKU0004,49.7,178.8,12.0,99.6
2024-12-02,SKU0004,1.7,178.8,12.0,99.6
2024-12-09,SKU0004,141.5,0.0,12.0,99.6
2024-12-16,SKU0004,78.5,178.8,12.0,99.6
2024-12-23,SKU0004,19.5,178.8,12.0,99.6
2024-12-30,SKU0004,138.3,0.0,12.0,99.6
2025-01-06,SKU0004,111.3,0.0,12.0,99.6
2025-01-13,SKU0004,84.3,178.8,12.0,99.6
2025-01-20,SKU0004,51.3,178.8,12.0,99.6
2025-01-27,SKU0004,201.2,0.0,12.0,99.6
2025-02-03,SKU0004,175.2,0.0,12.0,99.6
2025-02-10,SKU0004,153.2,0.0,12.0,99.6
2025-02-17,SKU0004,127.2,0.0,12.0,99.6
2025-02-24,SKU0004,100.2,0.0,12.0,99.6
2025-03-03,SKU0004,74.2,178.8,12.0,99.6
2025-03-10,SKU0004,34.2,178.8,12.0,99.6
2025-03-17,SKU0004,177.0,0.0,12.0,99.6
2025-03-24,SKU0004,142.0,0.0,12.0,99.6
2025-03-31,SKU0004,114.0,0.0,12.0,99.6
2025-04-07,SKU0004,75.0,178.8,12.0,99.6
2025-04-14,SKU0004,40.0,178.8,12.0,99.6
2025-04-21,SKU0004,171.8,0.0,12.0,99.6
2025-04-28,SKU0004,123.8,0.0,12.0,99.6
2025-05-05,SKU0004,89.8,178.8,12.0,99.6
2025-05-12,SKU0004,42.8,178.8,12.0,99.6
2025-05-19,SKU0004,182.7,0.0,12.0,99.6
2025-05-26,SKU0004,147.7,0.0,12.0,99.6
2025-06-02,SKU0004,109.7,0.0,12.0,99.6
2025-06-09,SKU0004,71.7,178.8,12.0,99.6
2025-06-16,SKU0004,16.7,178.8,12.0,99.6
2025-06-23,SKU0004,109.5,0.0,12.0,99.6
2025-06-30,SKU0004,48.5,178.8,12.0,99.6
2025-07-07,SKU0004,4.5,178.8,12.0,99.6
2025-07-14,SKU0004,152.3,0.0,12.0,99.6
2025-07-21,SKU0004,116.3,0.0,12.0,99.6
2025-07-28,SKU0004,84.3,178.8,12.0,99.6
2025-08-04,SKU0004,52.3,178.8,12.0,99.6
2025-08-11,SKU0004,193.2,0.0,12.0,99.6
2025-08-18,SKU0004,162.2,0.0,12.0,99.6
2025-08-25,SKU0004,129.2,0.0,12.0,99.6
2025-09-01,SKU0004,92.2,178.8,12.0,99.6
2025-09-08,SKU0004,65.2,178.8,12.0,99.6
2025-09-15,SKU0004,206.0,0.0,12.0,99.6
2025-09-22,SKU0004,167.0,0.0,12.0,99.6
2025-09-29,SKU0004,122.0,0.0,12.0,99.6
2025-10-06,SKU0004,58.0,178.8,12.0,99.6
2025-10-13,SKU0004,0.0,178.8,12.0,99.6
2025-10-20,SKU0004,84.8,178.8,12.0,99.6
2025-10-27,SKU0004,0.0,178.8,12.0,99.6
2025-11-03,SKU0004,122.8,0.0,12.0,99.6
2025-11-10,SKU0004,63.8,178.8,12.0,99.6
2025-11-17,SKU0004,15.8,178.8,12.0,99.6
2025-11-24,SKU0004,99.7,0.0,12.0,99.6
2025-12-01,SKU0004,48.7,178.8,12.0,99.6
2025-12-08,SKU0004,0.0,178.8,12.0,99.6
2025-12-15,SKU0004,113.8,0.0,12.0,99.6
2025-12-22,SKU0004,39.8,178.8,12.0,99.6
2025-12-29,SKU0004,0.0,178.8,12.0,99.6
2026-01-05,SKU0004,148.8,0.0,12.0,99.6
2026-01-12,SKU0004,114.8,0.0,12.0,99.6
2026-01-19,SKU0004,82.8,178.8,12.0,99.6
2026-01-26,SKU0004,47.8,178.8,12.0,99.6
2026-02-02,SKU0004,193.7,0.0,12.0,99.6
2026-02-09,SKU0004,157.7,0.0,12.0,99.6
2026-02-16,SKU0004,124.7,0.0,12.0,99.6
2026-02-23,SKU0004,90.7,178.8,12.0,99.6
2026-03-02,SKU0004,56.7,178.8,12.0,99.6
2026-03-09,SKU0004,182.5,0.0,12.0,99.6
2026-03-16,SKU0004,147.5,0.0,12.0,99.6
2026-03-23,SKU0004,101.5,0.0,12.0,99.6
2026-03-30,SKU0004,58.5,178.8,12.0,99.6
2026-04-06,SKU0004,22.5,178.8,12.0,99.6
2026-04-13,SKU0004,162.3,0.0,12.0,99.6
2026-04-20,SKU0004,117.3,0.0,12.0,99.6
2026-04-27,SKU0004,69.3,178.8,12.0,99.6
2026-05-04,SKU0004,32.3,178.8,12.0,99.6
2026-05-11,SKU0004,171.2,0.0,12.0,99.6
2026-05-18,SKU0004,134.2,0.0,12.0,99.6
2026-05-25,SKU0004,97.2,178.8,12.0,99.6
2026-06-01,SKU0004,63.2,178.8,12.0,99.6
2026-06-08,SKU0004,201.0,0.0,12.0,99.6
2026-06-15,SKU0004,144.0,0.0,12.0,99.6
2026-06-22,SKU0004,77.0,178.8,12.0,99.6
2026-06-29,SKU0004,38.0,178.8,12.0,99.6
2026-07-06,SKU0004,176.8,0.0,12.0,99.6
2026-07-13,SKU0004,131.8,0.0,12.0,99.6
2024-07-29,SKU0005,181.8,228.8,33.0,350.6
2024-08-05,SKU0005,130.8,228.8,33.0,350.6
2024-08-12,SKU0005,90.8,228.8,33.0,350.6
2024-08-19,SKU0005,48.8,228.8,33.0,350.6
2024-08-26,SKU0005,0.0,228.8,33.0,350.6
2024-09-02,SKU0005,186.8,228.8,33.0,350.6
2024-09-09,SKU0005,133.8,228.8,33.0,350.6
2024-09-16,SKU0005,79.8,228.8,33.0,350.6
2024-09-23,SKU0005,21.8,228.8,33.0,350.6
2024-09-30,SKU0005,0.0,228.8,33.0,350.6
2024-10-07,SKU0005,155.8,228.8,33.0,350.6
2024-10-14,SKU0005,54.8,228.8,33.0,350.6
2024-10-21,SKU0005,0.0,228.8,33.0,350.6
2024-10-28,SKU0005,0.0,228.8,33.0,350.6
2024-11-04,SKU0005,0.0,228.8,33.0,350.6
2024-11-11,SKU0005,147.8,228.8,33.0,350.6
2024-11-18,SKU0005,89.8,228.8,33.0,350.6
2024-11-25,SKU0005,7.8,228.8,33.0,350.6
2024-12-02,SKU0005,0.0,228.8,33.0,350.6
2024-12-09,SKU0005,0.0,228.8,33.0,350.6
2024-12-16,SKU0005,132.8,228.8,33.0,350.6
2024-12-23,SKU0005,17.8,228.8,33.0,350.6
2024-12-30,SKU0005,0.0,228.8,33.0,350.6
2025-01-06,SKU0005,0.0,228.8,33.0,350.6
2025-01-13,SKU0005,0.0,228.8,33.0,350.6
2025-01-20,SKU0005,186.8,228.8,33.0,350.6
2025-01-27,SKU0005,140.8,228.8,33.0,350.6
2025-02-03,SKU0005,98.8,228.8,33.0,350.6
2025-02-10,SKU0005,50.8,228.8,33.0,350.6
2025-02-17,SKU0005,15.8,228.8,33.0,350.6
2025-02-24,SKU0005,205.7,228.8,33.0,350.6
2025-03-03,SKU0005,166.7,228.8,33.0,350.6
2025-03-10,SKU0005,123.7,228.8,33.0,350.6
2025-03-17,SKU0005,79.7,228.8,33.0,350.6
2025-03-24,SKU0005,24.7,228.8,33.0,350.6
2025-03-31,SKU0005,205.5,228.8,33.0,350.6
2025-04-07,SKU0005,158.5,228.8,33.0,350.6
2025-04-14,SKU0005,104.5,228.8,33.0,350.6
2025-04-21,SKU0005,66.5,228.8,33.0,350.6
2025-04-28,SKU0005,20.5,228.8,33.0,350.6
2025-05-05,SKU0005,210.4,228.8,33.0,350.6
2025-05-12,SKU0005,158.4,228.8,33.0,350.6
2025-05-19,SKU0005,116.4,228.8,33.0,350.6
2025-05-26,SKU0005,64.4,228.8,33.0,350.6
2025-06-02,SKU0005,29.4,228.8,33.0,350.6
2025-06-09,SKU0005,207.2,228.8,33.0,350.6
2025-06-16,SKU0005,131.2,228.8,33.0,350.6
2025-06-23,SKU0005,55.2,228.8,33.0,350.6
2025-06-30,SKU0005,11.2,228.8,33.0,350.6
2025-07-07,SKU0005,0.0,228.8,33.0,350.6
2025-07-14,SKU0005,182.8,228.8,33.0,350.6
2025-07-21,SKU0005,131.8,228.8,33.0,350.6
2025-07-28,SKU0005,83.8,228.8,33.0,350.6
2025-08-04,SKU0005,36.8,228.8,33.0,350.6
2025-08-11,SKU0005,0.0,228.8,33.0,350.6
2025-08-18,SKU0005,187.8,228.8,33.0,350.6
2025-08-25,SKU0005,138.8,228.8,33.0,350.6
2025-09-01,SKU0005,95.8,228.8,33.0,350.6
2025-09-08,SKU0005,49.8,228.8,33.0,350.6
2025-09-15,SKU0005,0.0,228.8,33.0,350.6
2025-09-22,SKU0005,188.8,228.8,33.0,350.6
2025-09-29,SKU0005,122.8,228.8,33.0,350.6
2025-10-06,SKU0005,60.8,228.8,33.0,350.6
2025-10-13,SKU0005,0.0,228.8,33.0,350.6
2025-10-20,SKU0005,0.0,228.8,33.0,350.6
2025-10-27,SKU0005,113.8,228.8,33.0,350.6
2025-11-03,SKU0005,37.8,228.8,33.0,350.6
2025-11-10,SKU0005,0.0,228.8,33.0,350.6
2025-11-17,SKU0005,0.0,228.8,33.0,350.6
2025-11-24,SKU0005,0.0,228.8,33.0,350.6
2025-12-01,SKU0005,153.8,228.8,33.0,350.6
2025-12-08,SKU0005,80.8,228.8,33.0,350.6
2025-12-15,SKU0005,19.8,228.8,33.0,350.6
2025-12-22,SKU0005,0.0,228.8,33.0,350.6
2025-12-29,SKU0005,0.0,228.8,33.0,350.6
2026-01-05,SKU0005,172.8,228.8,33.0,350.6
2026-01-12,SKU0005,140.8,228.8,33.0,350.6
2026-01-19,SKU0005,104.8,228.8,33.0,350.6
2026-01-26,SKU0005,56.8,228.8,33.0,350.6
2026-02-02,SKU0005,13.8,228.8,33.0,350.6
2026-02-09,SKU0005,202.7,228.8,33.0,350.6
2026-02-16,SKU0005,164.7,228.8,33.0,350.6
2026-02-23,SKU0005,128.7,228.8,33.0,350.6
2026-03-02,SKU0005,81.7,228.8,33.0,350.6
2026-03-09,SKU0005,36.7,228.8,33.0,350.6
2026-03-16,SKU0005,224.5,228.8,33.0,350.6
2026-03-23,SKU0005,176.5,228.8,33.0,350.6
2026-03-30,SKU0005,139.5,228.8,33.0,350.6
2026-04-06,SKU0005,94.5,228.8,33.0,350.6
2026-04-13,SKU0005,34.5,228.8,33.0,350.6
2026-04-20,SKU0005,213.4,228.8,33.0,350.6
2026-04-27,SKU0005,164.4,228.8,33.0,350.6
2026-05-04,SKU0005,108.4,228.8,33.0,350.6
2026-05-11,SKU0005,50.4,228.8,33.0,350.6
2026-05-18,SKU0005,0.0,228.8,33.0,350.6
2026-05-25,SKU0005,180.8,228.8,33.0,350.6
2026-06-01,SKU0005,128.8,228.8,33.0,350.6
2026-06-08,SKU0005,80.8,228.8,33.0,350.6
2026-06-15,SKU0005,0.0,228.8,33.0,350.6
2026-06-22,SKU0005,0.0,228.8,33.0,350.6
2026-06-29,SKU0005,179.8,228.8,33.0,350.6
2026-07-06,SKU0005,140.8,228.8,33.0,350.6
2026-07-13,SKU0005,95.8,228.8,33.0,350.6
2024-08-12,SKU0006,241.9,0.0,7.0,99.8
2024-08-19,SKU0006,164.9,0.0,7.0,99.8
2024-08-26,SKU0006,105.9,0.0,7.0,99.8
2024-09-02,SKU0006,51.9,306.9,7.0,99.8
2024-09-09,SKU0006,297.9,0.0,7.0,99.8
2024-09-16,SKU0006,241.9,0.0,7.0,99.8
2024-09-23,SKU0006,180.9,0.0,7.0,99.8
2024-09-30,SKU0006,100.9,0.0,7.0,99.8
2024-10-07,SKU0006,0.0,306.9,7.0,99.8
2024-10-14,SKU0006,160.9,0.0,7.0,99.8
2024-10-21,SKU0006,12.9,306.9,7.0,99.8
2024-10-28,SKU0006,168.9,0.0,7.0,99.8
2024-11-04,SKU0006,71.9,306.9,7.0,99.8
2024-11-11,SKU0006,295.8,0.0,7.0,99.8
2024-11-18,SKU0006,212.8,0.0,7.0,99.8
2024-11-25,SKU0006,73.8,306.9,7.0,99.8
2024-12-02,SKU0006,276.8,0.0,7.0,99.8
2024-12-09,SKU0006,170.8,0.0,7.0,99.8
2024-12-16,SKU0006,55.8,306.9,7.0,99.8
2024-12-23,SKU0006,241.7,0.0,7.0,99.8
2024-12-30,SKU0006,128.7,0.0,7.0,99.8
2025-01-06,SKU0006,65.7,306.9,7.0,99.8
2025-01-13,SKU0006,318.6,0.0,7.0,99.8
2025-01-20,SKU0006,244.6,0.0,7.0,99.8
2025-01-27,SKU0006,190.6,0.0,7.0,99.8
2025-02-03,SKU0006,140.6,0.0,7.0,99.8
2025-02-10,SKU0006,87.6,306.9,7.0,99.8
2025-02-17,SKU0006,334.6,0.0,7.0,99.8
2025-02-24,SKU0006,277.6,0.0,7.0,99.8
2025-03-03,SKU0006,208.6,0.0,7.0,99.8
2025-03-10,SKU0006,159.6,0.0,7.0,99.8
2025-03-17,SKU0006,93.6,306.9,7.0,99.8
2025-03-24,SKU0006,338.5,0.0,7.0,99.8
2025-03-31,SKU0006,272.5,0.0,7.0,99.8
2025-04-07,SKU0006,222.5,0.0,7.0,99.8
2025-04-14,SKU0006,161.5,0.0,7.0,99.8
2025-04-21,SKU0006,99.5,306.9,7.0,99.8
2025-04-28,SKU0006,319.5,0.0,7.0,99.8
2025-05-05,SKU0006,260.5,0.0,7.0,99.8
2025-05-12,SKU0006,182.5,0.0,7.0,99.8
2025-05-19,SKU0006,120.5,0.0,7.0,99.8
2025-05-26,SKU0006,67.5,306.9,7.0,99.8
2025-06-02,SKU0006,324.4,0.0,7.0,99.8
2025-06-09,SKU0006,246.4,0.0,7.0,99.8
2025-06-16,SKU0006,151.4,0.0,7.0,99.8
2025-06-23,SKU0006,63.4,306.9,7.0,99.8
2025-06-30,SKU0006,296.4,0.0,7.0,99.8
2025-07-07,SKU0006,229.4,0.0,7.0,99.8
2025-07-14,SKU0006,176.4,0.0,7.0,99.8
2025-07-21,SKU0006,125.4,0.0,7.0,99.8
2025-07-28,SKU0006,61.4,306.9,7.0,99.8
2025-08-04,SKU0006,295.3,0.0,7.0,99.8
2025-08-11,SKU0006,219.3,0.0,7.0,99.8
2025-08-18,SKU0006,164.3,0.0,7.0,99.8
2025-08-25,SKU0006,113.3,0.0,7.0,99.8
2025-09-01,SKU0006,62.3,306.9,7.0,99.8
2025-09-08,SKU0006,292.2,0.0,7.0,99.8
2025-09-15,SKU0006,226.2,0.0,7.0,99.8
2025-09-22,SKU0006,154.2,0.0,7.0,99.8
2025-09-29,SKU0006,69.2,306.9,7.0,99.8
2025-10-06,SKU0006,273.2,0.0,7.0,99.8
2025-10-13,SKU0006,148.2,0.0,7.0,99.8
2025-10-20,SKU0006,0.0,306.9,7.0,99.8
2025-10-27,SKU0006,171.9,0.0,7.0,99.8
2025-11-03,SKU0006,56.9,306.9,7.0,99.8
2025-11-10,SKU0006,282.9,0.0,7.0,99.8
2025-11-17,SKU0006,202.9,0.0,7.0,99.8
2025-11-24,SKU0006,62.9,306.9,7.0,99.8
2025-12-01,SKU0006,266.8,0.0,7.0,99.8
2025-12-08,SKU0006,169.8,0.0,7.0,99.8
2025-12-15,SKU0006,100.8,0.0,7.0,99.8
2025-12-22,SKU0006,0.0,306.9,7.0,99.8
2025-12-29,SKU0006,200.9,0.0,7.0,99.8
2026-01-05,SKU0006,130.9,0.0,7.0,99.8
2026-01-12,SKU0006,76.9,306.9,7.0,99.8
2026-01-19,SKU0006,340.9,0.0,7.0,99.8
2026-01-26,SKU0006,303.9,0.0,7.0,99.8
2026-02-02,SKU0006,249.9,0.0,7.0,99.8
2026-02-09,SKU0006,190.9,0.0,7.0,99.8
2026-02-16,SKU0006,127.9,0.0,7.0,99.8
2026-02-23,SKU0006,70.9,306.9,7.0,99.8
2026-03-02,SKU0006,307.8,0.0,7.0,99.8
2026-03-09,SKU0006,261.8,0.0,7.0,99.8
2026-03-16,SKU0006,201.8,0.0,7.0,99.8
2026-03-23,SKU0006,143.8,0.0,7.0,99.8
2026-03-30,SKU0006,75.8,306.9,7.0,99.8
2026-04-06,SKU0006,312.8,0.0,7.0,99.8
2026-04-13,SKU0006,246.8,0.0,7.0,99.8
2026-04-20,SKU0006,185.8,0.0,7.0,99.8
2026-04-27,SKU0006,121.8,0.0,7.0,99.8
2026-05-04,SKU0006,69.8,306.9,7.0,99.8
2026-05-11,SKU0006,315.7,0.0,7.0,99.8
2026-05-18,SKU0006,264.7,0.0,7.0,99.8
2026-05-25,SKU0006,193.7,0.0,7.0,99.8
2026-06-01,SKU0006,120.7,0.0,7.0,99.8
2026-06-08,SKU0006,47.7,306.9,7.0,99.8
2026-06-15,SKU0006,240.6,0.0,7.0,99.8
2026-06-22,SKU0006,128.6,0.0,7.0,99.8
2026-06-29,SKU0006,60.6,306.9,7.0,99.8
2026-07-06,SKU0006,303.6,0.0,7.0,99.8
2026-07-13,SKU0006,252.6,0.0,7.0,99.8
2024-07-29,SKU0007,88.7,0.0,14.0,70.0
2024-08-05,SKU0007,68.7,107.7,14.0,70.0
2024-08-12,SKU0007,39.7,107.7,14.0,70.0
2024-08-19,SKU0007,122.3,0.0,14.0,70.0
2024-08-26,SKU0007,91.3,0.0,14.0,70.0
2024-09-02,SKU0007,66.3,107.7,14.0,70.0
2024-09-09,SKU0007,51.3,107.7,14.0,70.0
2024-09-16,SKU0007,134.0,0.0,14.0,70.0
2024-09-23,SKU0007,108.0,0.0,14.0,70.0
2024-09-30,SKU0007,75.0,0.0,14.0,70.0
2024-10-07,SKU0007,43.0,107.7,14.0,70.0
2024-10-14,SKU0007,1.0,107.7,14.0,70.0
2024-10-21,SKU0007,53.6,107.7,14.0,70.0
2024-10-28,SKU0007,4.6,107.7,14.0,70.0
2024-11-04,SKU0007,75.3,0.0,14.0,70.0
2024-11-11,SKU0007,34.3,107.7,14.0,70.0
2024-11-18,SKU0007,8.3,107.7,14.0,70.0
2024-11-25,SKU0007,71.9,0.0,14.0,70.0
2024-12-02,SKU0007,46.9,107.7,14.0,70.0
2024-12-09,SKU0007,13.9,107.7,14.0,70.0
2024-12-16,SKU0007,70.6,0.0,14.0,70.0
2024-12-23,SKU0007,24.6,107.7,14.0,70.0
2024-12-30,SKU0007,0.0,107.7,14.0,70.0
2025-01-06,SKU0007,80.7,0.0,14.0,70.0
2025-01-13,SKU0007,54.7,107.7,14.0,70.0
2025-01-20,SKU0007,30.7,107.7,14.0,70.0
2025-01-27,SKU0007,125.3,0.0,14.0,70.0
2025-02-03,SKU0007,108.3,0.0,14.0,70.0
2025-02-10,SKU0007,91.3,0.0,14.0,70.0
2025-02-17,SKU0007,67.3,107.7,14.0,70.0
2025-02-24,SKU0007,55.3,107.7,14.0,70.0
2025-03-03,SKU0007,145.0,0.0,14.0,70.0
2025-03-10,SKU0007,126.0,0.0,14.0,70.0
2025-03-17,SKU0007,101.0,0.0,14.0,70.0
2025-03-24,SKU0007,80.0,0.0,14.0,70.0
2025-03-31,SKU0007,55.0,107.7,14.0,70.0
2025-04-07,SKU0007,39.0,107.7,14.0,70.0
2025-04-14,SKU0007,130.6,0.0,14.0,70.0
2025-04-21,SKU0007,110.6,0.0,14.0,70.0
2025-04-28,SKU0007,93.6,0.0,14.0,70.0
2025-05-05,SKU0007,69.6,107.7,14.0,70.0
2025-05-12,SKU0007,42.6,107.7,14.0,70.0
2025-05-19,SKU0007,129.3,0.0,14.0,70.0
2025-05-26,SKU0007,105.3,0.0,14.0,70.0
2025-06-02,SKU0007,94.3,0.0,14.0,70.0
2025-06-09,SKU0007,71.3,0.0,14.0,70.0
2025-06-16,SKU0007,40.3,107.7,14.0,70.0
2025-06-23,SKU0007,0.0,107.7,14.0,70.0
2025-06-30,SKU0007,89.7,0.0,14.0,70.0
2025-07-07,SKU0007,65.7,107.7,14.0,70.0
2025-07-14,SKU0007,44.7,107.7,14.0,70.0
2025-07-21,SKU0007,132.3,0.0,14.0,70.0
2025-07-28,SKU0007,116.3,0.0,14.0,70.0
2025-08-04,SKU0007,96.3,0.0,14.0,70.0
2025-08-11,SKU0007,81.3,0.0,14.0,70.0
2025-08-18,SKU0007,69.3,107.7,14.0,70.0
2025-08-25,SKU0007,45.3,107.7,14.0,70.0
2025-09-01,SKU0007,131.0,0.0,14.0,70.0
2025-09-08,SKU0007,113.0,0.0,14.0,70.0
2025-09-15,SKU0007,90.0,0.0,14.0,70.0
2025-09-22,SKU0007,65.0,107.7,14.0,70.0
2025-09-29,SKU0007,37.0,107.7,14.0,70.0
2025-10-06,SKU0007,107.6,0.0,14.0,70.0
2025-10-13,SKU0007,77.6,0.0,14.0,70.0
2025-10-20,SKU0007,19.6,107.7,14.0,70.0
2025-10-27,SKU0007,0.0,107.7,14.0,70.0
2025-11-03,SKU0007,72.7,0.0,14.0,70.0
2025-11-10,SKU0007,46.7,107.7,14.0,70.0
2025-11-17,SKU0007,14.7,107.7,14.0,70.0
2025-11-24,SKU0007,66.3,107.7,14.0,70.0
2025-12-01,SKU0007,40.3,107.7,14.0,70.0
2025-12-08,SKU0007,117.0,0.0,14.0,70.0
2025-12-15,SKU0007,85.0,0.0,14.0,70.0
2025-12-22,SKU0007,27.0,107.7,14.0,70.0
2025-12-29,SKU0007,0.0,107.7,14.0,70.0
2026-01-05,SKU0007,85.7,0.0,14.0,70.0
2026-01-12,SKU0007,69.7,107.7,14.0,70.0
2026-01-19,SKU0007,45.7,107.7,14.0,70.0
2026-01-26,SKU0007,140.3,0.0,14.0,70.0
2026-02-02,SKU0007,123.3,0.0,14.0,70.0
2026-02-09,SKU0007,103.3,0.0,14.0,70.0
2026-02-16,SKU0007,81.3,0.0,14.0,70.0
2026-02-23,SKU0007,57.3,107.7,14.0,70.0
2026-03-02,SKU0007,39.3,107.7,14.0,70.0
2026-03-09,SKU0007,123.0,0.0,14.0,70.0
2026-03-16,SKU0007,95.0,0.0,14.0,70.0
2026-03-23,SKU0007,72.0,0.0,14.0,70.0
2026-03-30,SKU0007,49.0,107.7,14.0,70.0
2026-04-06,SKU0007,26.0,107.7,14.0,70.0
2026-04-13,SKU0007,110.6,0.0,14.0,70.0
2026-04-20,SKU0007,74.6,0.0,14.0,70.0
2026-04-27,SKU0007,54.6,107.7,14.0,70.0
2026-05-04,SKU0007,34.6,107.7,14.0,70.0
2026-05-11,SKU0007,130.3,0.0,14.0,70.0
2026-05-18,SKU0007,107.3,0.0,14.0,70.0
2026-05-25,SKU0007,90.3,0.0,14.0,70.0
2026-06-01,SKU0007,75.3,0.0,14.0,70.0
2026-06-08,SKU0007,51.3,107.7,14.0,70.0
2026-06-15,SKU0007,1.3,107.7,14.0,70.0
2026-06-22,SKU0007,65.9,107.7,14.0,70.0
2026-06-29,SKU0007,39.9,107.7,14.0,70.0
2026-07-06,SKU0007,126.6,0.0,14.0,70.0
2026-07-13,SKU0007,95.6,0.0,14.0,70.0
2024-08-05,SKU0008,286.9,349.9,22.0,357.4
2024-08-12,SKU0008,219.9,349.9,22.0,357.4
2024-08-19,SKU0008,154.9,349.9,22.0,357.4
2024-08-26,SKU0008,430.8,0.0,22.0,357.4
2024-09-02,SKU0008,373.8,0.0,22.0,357.4
2024-09-09,SKU0008,309.8,349.9,22.0,357.4
2024-09-16,SKU0008,236.8,349.9,22.0,357.4
2024-09-23,SKU0008,171.8,349.9,22.0,357.4
2024-09-30,SKU0008,430.7,0.0,22.0,357.4
2024-10-07,SKU0008,338.7,349.9,22.0,357.4
2024-10-14,SKU0008,158.7,349.9,22.0,357.4
2024-10-21,SKU0008,0.0,349.9,22.0,357.4
2024-10-28,SKU0008,204.9,349.9,22.0,357.4
2024-11-04,SKU0008,116.9,349.9,22.0,357.4
2024-11-11,SKU0008,28.9,349.9,22.0,357.4
2024-11-18,SKU0008,281.8,349.9,22.0,357.4
2024-11-25,SKU0008,106.8,349.9,22.0,357.4
2024-12-02,SKU0008,14.8,349.9,22.0,357.4
2024-12-09,SKU0008,267.7,349.9,22.0,357.4
2024-12-16,SKU0008,126.7,349.9,22.0,357.4
2024-12-23,SKU0008,0.0,349.9,22.0,357.4
2024-12-30,SKU0008,238.9,349.9,22.0,357.4
2025-01-06,SKU0008,173.9,349.9,22.0,357.4
2025-01-13,SKU0008,116.9,349.9,22.0,357.4
2025-01-20,SKU0008,390.8,0.0,22.0,357.4
2025-01-27,SKU0008,329.8,349.9,22.0,357.4
2025-02-03,SKU0008,266.8,349.9,22.0,357.4
2025-02-10,SKU0008,205.8,349.9,22.0,357.4
2025-02-17,SKU0008,477.7,0.0,22.0,357.4
2025-02-24,SKU0008,408.7,0.0,22.0,357.4
2025-03-03,SKU0008,358.7,0.0,22.0,357.4
2025-03-10,SKU0008,286.7,349.9,22.0,357.4
2025-03-17,SKU0008,214.7,349.9,22.0,357.4
2025-03-24,SKU0008,139.7,349.9,22.0,357.4
2025-03-31,SKU0008,411.6,0.0,22.0,357.4
2025-04-07,SKU0008,315.6,349.9,22.0,357.4
2025-04-14,SKU0008,248.6,349.9,22.0,357.4
2025-04-21,SKU0008,182.6,349.9,22.0,357.4
2025-04-28,SKU0008,458.5,0.0,22.0,357.4
2025-05-05,SKU0008,383.5,0.0,22.0,357.4
2025-05-12,SKU0008,331.5,349.9,22.0,357.4
2025-05-19,SKU0008,225.5,349.9,22.0,357.4
2025-05-26,SKU0008,155.5,349.9,22.0,357.4
2025-06-02,SKU0008,434.4,0.0,22.0,357.4
2025-06-09,SKU0008,331.4,349.9,22.0,357.4
2025-06-16,SKU0008,225.4,349.9,22.0,357.4
2025-06-23,SKU0008,116.4,349.9,22.0,357.4
2025-06-30,SKU0008,384.3,0.0,22.0,357.4
2025-07-07,SKU0008,312.3,349.9,22.0,357.4
2025-07-14,SKU0008,225.3,349.9,22.0,357.4
2025-07-21,SKU0008,147.3,349.9,22.0,357.4
2025-07-28,SKU0008,421.2,0.0,22.0,357.4
2025-08-04,SKU0008,345.2,349.9,22.0,357.4
2025-08-11,SKU0008,268.2,349.9,22.0,357.4
2025-08-18,SKU0008,198.2,349.9,22.0,357.4
2025-08-25,SKU0008,467.1,0.0,22.0,357.4
2025-09-01,SKU0008,390.1,0.0,22.0,357.4
2025-09-08,SKU0008,312.1,349.9,22.0,357.4
2025-09-15,SKU0008,244.1,349.9,22.0,357.4
2025-09-22,SKU0008,190.1,349.9,22.0,357.4
2025-09-29,SKU0008,453.0,0.0,22.0,357.4
2025-10-06,SKU0008,358.0,0.0,22.0,357.4
2025-10-13,SKU0008,216.0,349.9,22.0,357.4
2025-10-20,SKU0008,45.0,349.9,22.0,357.4
2025-10-27,SKU0008,0.0,349.9,22.0,357.4
2025-11-03,SKU0008,205.9,349.9,22.0,357.4
2025-11-10,SKU0008,105.9,349.9,22.0,357.4
2025-11-17,SKU0008,0.0,349.9,22.0,357.4
2025-11-24,SKU0008,185.9,349.9,22.0,357.4
2025-12-01,SKU0008,83.9,349.9,22.0,357.4
2025-12-08,SKU0008,0.0,349.9,22.0,357.4
2025-12-15,SKU0008,220.9,349.9,22.0,357.4
2025-12-22,SKU0008,61.9,349.9,22.0,357.4
2025-12-29,SKU0008,0.0,349.9,22.0,357.4
2026-01-05,SKU0008,276.9,349.9,22.0,357.4
2026-01-12,SKU0008,221.9,349.9,22.0,357.4
2026-01-19,SKU0008,143.9,349.9,22.0,357.4
2026-01-26,SKU0008,427.8,0.0,22.0,357.4
2026-02-02,SKU0008,375.8,0.0,22.0,357.4
2026-02-09,SKU0008,316.8,349.9,22.0,357.4
2026-02-16,SKU0008,264.8,349.9,22.0,357.4
2026-02-23,SKU0008,199.8,349.9,22.0,357.4
2026-03-02,SKU0008,476.7,0.0,22.0,357.4
2026-03-09,SKU0008,414.7,0.0,22.0,357.4
2026-03-16,SKU0008,328.7,349.9,22.0,357.4
2026-03-23,SKU0008,273.7,349.9,22.0,357.4
2026-03-30,SKU0008,202.7,349.9,22.0,357.4
2026-04-06,SKU0008,478.6,0.0,22.0,357.4
2026-04-13,SKU0008,396.6,0.0,22.0,357.4
2026-04-20,SKU0008,322.6,349.9,22.0,357.4
2026-04-27,SKU0008,240.6,349.9,22.0,357.4
2026-05-04,SKU0008,161.6,349.9,22.0,357.4
2026-05-11,SKU0008,444.5,0.0,22.0,357.4
2026-05-18,SKU0008,374.5,0.0,22.0,357.4
2026-05-25,SKU0008,296.5,349.9,22.0,357.4
2026-06-01,SKU0008,214.5,349.9,22.0,357.4
2026-06-08,SKU0008,129.5,349.9,22.0,357.4
2026-06-15,SKU0008,370.4,0.0,22.0,357.4
2026-06-22,SKU0008,251.4,349.9,22.0,357.4
2026-06-29,SKU0008,170.4,349.9,22.0,357.4
2026-07-06,SKU0008,98.4,349.9,22.0,357.4
2026-07-13,SKU0008,370.3,0.0,22.0,357.4
2024-08-05,SKU0009,194.1,235.1,33.0,360.3
2024-08-12,SKU0009,155.1,235.1,33.0,360.3
2024-08-19,SKU0009,96.1,235.1,33.0,360.3
2024-08-26,SKU0009,43.1,235.1,33.0,360.3
2024-09-02,SKU0009,0.0,235.1,33.0,360.3
2024-09-09,SKU0009,189.1,235.1,33.0,360.3
2024-09-16,SKU0009,151.1,235.1,33.0,360.3
2024-09-23,SKU0009,100.1,235.1,33.0,360.3
2024-09-30,SKU0009,31.1,235.1,33.0,360.3
2024-10-07,SKU0009,0.0,235.1,33.0,360.3
2024-10-14,SKU0009,140.1,235.1,33.0,360.3
2024-10-21,SKU0009,35.1,235.1,33.0,360.3
2024-10-28,SKU0009,0.0,235.1,33.0,360.3
2024-11-04,SKU0009,0.0,235.1,33.0,360.3
2024-11-11,SKU0009,0.0,235.1,33.0,360.3
2024-11-18,SKU0009,172.1,235.1,33.0,360.3
2024-11-25,SKU0009,61.1,235.1,33.0,360.3
2024-12-02,SKU0009,0.0,235.1,33.0,360.3
2024-12-09,SKU0009,0.0,235.1,33.0,360.3
2024-12-16,SKU0009,0.0,235.1,33.0,360.3
2024-12-23,SKU0009,128.1,235.1,33.0,360.3
2024-12-30,SKU0009,46.1,235.1,33.0,360.3
2025-01-06,SKU0009,0.0,235.1,33.0,360.3
2025-01-13,SKU0009,0.0,235.1,33.0,360.3
2025-01-20,SKU0009,0.0,235.1,33.0,360.3
2025-01-27,SKU0009,199.1,235.1,33.0,360.3
2025-02-03,SKU0009,168.1,235.1,33.0,360.3
2025-02-10,SKU0009,114.1,235.1,33.0,360.3
2025-02-17,SKU0009,65.1,235.1,33.0,360.3
2025-02-24,SKU0009,17.1,235.1,33.0,360.3
2025-03-03,SKU0009,197.3,235.1,33.0,360.3
2025-03-10,SKU0009,149.3,235.1,33.0,360.3
2025-03-17,SKU0009,95.3,235.1,33.0,360.3
2025-03-24,SKU0009,61.3,235.1,33.0,360.3
2025-03-31,SKU0009,15.3,235.1,33.0,360.3
2025-04-07,SKU0009,199.4,235.1,33.0,360.3
2025-04-14,SKU0009,145.4,235.1,33.0,360.3
2025-04-21,SKU0009,88.4,235.1,33.0,360.3
2025-04-28,SKU0009,39.4,235.1,33.0,360.3
2025-05-05,SKU0009,0.0,235.1,33.0,360.3
2025-05-12,SKU0009,181.1,235.1,33.0,360.3
2025-05-19,SKU0009,146.1,235.1,33.0,360.3
2025-05-26,SKU0009,109.1,235.1,33.0,360.3
2025-06-02,SKU0009,71.1,235.1,33.0,360.3
2025-06-09,SKU0009,21.1,235.1,33.0,360.3
2025-06-16,SKU0009,172.3,235.1,33.0,360.3
2025-06-23,SKU0009,99.3,235.1,33.0,360.3
2025-06-30,SKU0009,43.3,235.1,33.0,360.3
2025-07-07,SKU0009,0.0,235.1,33.0,360.3
2025-07-14,SKU0009,0.0,235.1,33.0,360.3
2025-07-21,SKU0009,185.1,235.1,33.0,360.3
2025-07-28,SKU0009,132.1,235.1,33.0,360.3
2025-08-04,SKU0009,74.1,235.1,33.0,360.3
2025-08-11,SKU0009,38.1,235.1,33.0,360.3
2025-08-18,SKU0009,0.0,235.1,33.0,360.3
2025-08-25,SKU0009,187.1,235.1,33.0,360.3
2025-09-01,SKU0009,150.1,235.1,33.0,360.3
2025-09-08,SKU0009,108.1,235.1,33.0,360.3
2025-09-15,SKU0009,43.1,235.1,33.0,360.3
2025-09-22,SKU0009,0.0,235.1,33.0,360.3
2025-09-29,SKU0009,178.1,235.1,33.0,360.3
2025-10-06,SKU0009,109.1,235.1,33.0,360.3
2025-10-13,SKU0009,21.1,235.1,33.0,360.3
2025-10-20,SKU0009,0.0,235.1,33.0,360.3
2025-10-27,SKU0009,0.0,235.1,33.0,360.3
2025-11-03,SKU0009,147.1,235.1,33.0,360.3
2025-11-10,SKU0009,66.1,235.1,33.0,360.3
2025-11-17,SKU0009,0.0,235.1,33.0,360.3
2025-11-24,SKU0009,0.0,235.1,33.0,360.3
2025-12-01,SKU0009,0.0,235.1,33.0,360.3
2025-12-08,SKU0009,159.1,235.1,33.0,360.3
2025-12-15,SKU0009,81.1,235.1,33.0,360.3
2025-12-22,SKU0009,0.0,235.1,33.0,360.3
2025-12-29,SKU0009,0.0,235.1,33.0,360.3
2026-01-05,SKU0009,0.0,235.1,33.0,360.3
2026-01-12,SKU0009,196.1,235.1,33.0,360.3
2026-01-19,SKU0009,164.1,235.1,33.0,360.3
2026-01-26,SKU0009,120.1,235.1,33.0,360.3
2026-02-02,SKU0009,79.1,235.1,33.0,360.3
2026-02-09,SKU0009,26.1,235.1,33.0,360.3
2026-02-16,SKU0009,234.3,235.1,33.0,360.3
2026-02-23,SKU0009,190.3,235.1,33.0,360.3
2026-03-02,SKU0009,144.3,235.1,33.0,360.3
2026-03-09,SKU0009,97.3,235.1,33.0,360.3
2026-03-16,SKU0009,52.3,235.1,33.0,360.3
2026-03-23,SKU0009,243.4,235.1,33.0,360.3
2026-03-30,SKU0009,196.4,235.1,33.0,360.3
2026-04-06,SKU0009,135.4,235.1,33.0,360.3
2026-04-13,SKU0009,75.4,235.1,33.0,360.3
2026-04-20,SKU0009,40.4,235.1,33.0,360.3
2026-04-27,SKU0009,228.5,235.1,33.0,360.3
2026-05-04,SKU0009,196.5,235.1,33.0,360.3
2026-05-11,SKU0009,151.5,235.1,33.0,360.3
2026-05-18,SKU0009,112.5,235.1,33.0,360.3
2026-05-25,SKU0009,79.5,235.1,33.0,360.3
2026-06-01,SKU0009,266.7,235.1,33.0,360.3
2026-06-08,SKU0009,213.7,235.1,33.0,360.3
2026-06-15,SKU0009,131.7,235.1,33.0,360.3
2026-06-22,SKU0009,65.7,235.1,33.0,360.3
2026-06-29,SKU0009,4.7,235.1,33.0,360.3
2026-07-06,SKU0009,184.8,235.1,33.0,360.3
2026-07-13,SKU0009,141.8,235.1,33.0,360.3
2024-07-29,SKU0010,35.4,0.0,8.0,18.4
2024-08-05,SKU0010,27.4,0.0,8.0,18.4
2024-08-12,SKU0010,14.4,49.4,8.0,18.4
2024-08-19,SKU0010,58.8,0.0,8.0,18.4
2024-08-26,SKU0010,51.8,0.0,8.0,18.4
2024-09-02,SKU0010,44.8,0.0,8.0,18.4
2024-09-09,SKU0010,38.8,0.0,8.0,18.4
2024-09-16,SKU0010,30.8,0.0,8.0,18.4
2024-09-23,SKU0010,17.8,49.4,8.0,18.4
2024-09-30,SKU0010,57.3,0.0,8.0,18.4
2024-10-07,SKU0010,44.3,0.0,8.0,18.4
2024-10-14,SKU0010,19.3,0.0,8.0,18.4
2024-10-21,SKU0010,0.0,49.4,8.0,18.4
2024-10-28,SKU0010,19.4,0.0,8.0,18.4
2024-11-04,SKU0010,1.4,49.4,8.0,18.4
2024-11-11,SKU0010,38.8,0.0,8.0,18.4
2024-11-18,SKU0010,24.8,0.0,8.0,18.4
2024-11-25,SKU0010,2.8,49.4,8.0,18.4
2024-12-02,SKU0010,40.3,0.0,8.0,18.4
2024-12-09,SKU0010,33.3,0.0,8.0,18.4
2024-12-16,SKU0010,13.3,49.4,8.0,18.4
2024-12-23,SKU0010,31.7,0.0,8.0,18.4
2024-12-30,SKU0010,14.7,49.4,8.0,18.4
2025-01-06,SKU0010,51.1,0.0,8.0,18.4
2025-01-13,SKU0010,42.1,0.0,8.0,18.4
2025-01-20,SKU0010,35.1,0.0,8.0,18.4
2025-01-27,SKU0010,32.1,0.0,8.0,18.4
2025-02-03,SKU0010,20.1,0.0,8.0,18.4
2025-02-10,SKU0010,10.1,49.4,8.0,18.4
2025-02-17,SKU0010,50.5,0.0,8.0,18.4
2025-02-24,SKU0010,43.5,0.0,8.0,18.4
2025-03-03,SKU0010,32.5,0.0,8.0,18.4
2025-03-10,SKU0010,18.5,0.0,8.0,18.4
2025-03-17,SKU0010,9.5,49.4,8.0,18.4
2025-03-24,SKU0010,45.0,0.0,8.0,18.4
2025-03-31,SKU0010,38.0,0.0,8.0,18.4
2025-04-07,SKU0010,30.0,0.0,8.0,18.4
2025-04-14,SKU0010,24.0,0.0,8.0,18.4
2025-04-21,SKU0010,16.0,49.4,8.0,18.4
2025-04-28,SKU0010,56.4,0.0,8.0,18.4
2025-05-05,SKU0010,46.4,0.0,8.0,18.4
2025-05-12,SKU0010,35.4,0.0,8.0,18.4
2025-05-19,SKU0010,26.4,0.0,8.0,18.4
2025-05-26,SKU0010,16.4,49.4,8.0,18.4
2025-06-02,SKU0010,58.8,0.0,8.0,18.4
2025-06-09,SKU0010,48.8,0.0,8.0,18.4
2025-06-16,SKU0010,32.8,0.0,8.0,18.4
2025-06-23,SKU0010,14.8,49.4,8.0,18.4
2025-06-30,SKU0010,51.2,0.0,8.0,18.4
2025-07-07,SKU0010,42.2,0.0,8.0,18.4
2025-07-14,SKU0010,37.2,0.0,8.0,18.4
2025-07-21,SKU0010,26.2,0.0,8.0,18.4
2025-07-28,SKU0010,16.2,49.4,8.0,18.4
2025-08-04,SKU0010,56.7,0.0,8.0,18.4
2025-08-11,SKU0010,41.7,0.0,8.0,18.4
2025-08-18,SKU0010,24.7,0.0,8.0,18.4
2025-08-25,SKU0010,13.7,49.4,8.0,18.4
2025-09-01,SKU0010,53.1,0.0,8.0,18.4
2025-09-08,SKU0010,44.1,0.0,8.0,18.4
2025-09-15,SKU0010,28.1,0.0,8.0,18.4
2025-09-22,SKU0010,16.1,49.4,8.0,18.4
2025-09-29,SKU0010,55.5,0.0,8.0,18.4
2025-10-06,SKU0010,43.5,0.0,8.0,18.4
2025-10-13,SKU0010,29.5,0.0,8.0,18.4
2025-10-20,SKU0010,0.0,49.4,8.0,18.4
2025-10-27,SKU0010,24.4,0.0,8.0,18.4
2025-11-03,SKU0010,8.4,49.4,8.0,18.4
2025-11-10,SKU0010,39.8,0.0,8.0,18.4
2025-11-17,SKU0010,27.8,0.0,8.0,18.4
2025-11-24,SKU0010,3.8,49.4,8.0,18.4
2025-12-01,SKU0010,38.3,0.0,8.0,18.4
2025-12-08,SKU0010,22.3,0.0,8.0,18.4
2025-12-15,SKU0010,6.3,49.4,8.0,18.4
2025-12-22,SKU0010,33.7,0.0,8.0,18.4
2025-12-29,SKU0010,15.7,49.4,8.0,18.4
2026-01-05,SKU0010,57.1,0.0,8.0,18.4
2026-01-12,SKU0010,44.1,0.0,8.0,18.4
2026-01-19,SKU0010,35.1,0.0,8.0,18.4
2026-01-26,SKU0010,22.1,0.0,8.0,18.4
2026-02-02,SKU0010,16.1,49.4,8.0,18.4
2026-02-09,SKU0010,54.5,0.0,8.0,18.4
2026-02-16,SKU0010,45.5,0.0,8.0,18.4
2026-02-23,SKU0010,35.5,0.0,8.0,18.4
2026-03-02,SKU0010,24.5,0.0,8.0,18.4
2026-03-09,SKU0010,12.5,49.4,8.0,18.4
2026-03-16,SKU0010,52.0,0.0,8.0,18.4
2026-03-23,SKU0010,40.0,0.0,8.0,18.4
2026-03-30,SKU0010,26.0,0.0,8.0,18.4
2026-04-06,SKU0010,19.0,0.0,8.0,18.4
2026-04-13,SKU0010,11.0,49.4,8.0,18.4
2026-04-20,SKU0010,52.4,0.0,8.0,18.4
2026-04-27,SKU0010,39.4,0.0,8.0,18.4
2026-05-04,SKU0010,31.4,0.0,8.0,18.4
2026-05-11,SKU0010,19.4,0.0,8.0,18.4
2026-05-18,SKU0010,5.4,49.4,8.0,18.4
2026-05-25,SKU0010,43.8,0.0,8.0,18.4
2026-06-01,SKU0010,37.8,0.0,8.0,18.4
2026-06-08,SKU0010,24.8,0.0,8.0,18.4
2026-06-15,SKU0010,8.8,49.4,8.0,18.4
2026-06-22,SKU0010,42.2,0.0,8.0,18.4
2026-06-29,SKU0010,29.2,0.0,8.0,18.4
2026-07-06,SKU0010,19.2,0.0,8.0,18.4
2026-07-13,SKU0010,8.2,49.4,8.0,18.4
2026-04-06,SKU0011,6.0,0.0,14.0,4.6
2026-04-13,SKU0011,4.0,7.0,14.0,4.6
2026-04-20,SKU0011,3.0,7.0,14.0,4.6
2026-04-27,SKU0011,10.0,0.0,14.0,4.6
2026-05-04,SKU0011,9.0,0.0,14.0,4.6
2026-05-11,SKU0011,9.0,0.0,14.0,4.6
2026-05-18,SKU0011,9.0,0.0,14.0,4.6
2026-05-25,SKU0011,8.0,0.0,14.0,4.6
2026-06-01,SKU0011,7.0,0.0,14.0,4.6
2026-06-08,SKU0011,3.0,7.0,14.0,4.6
2026-06-15,SKU0011,0.0,7.0,14.0,4.6
2026-06-22,SKU0011,1.0,7.0,14.0,4.6
2026-06-29,SKU0011,0.0,7.0,14.0,4.6
2026-07-06,SKU0011,7.0,0.0,14.0,4.6
2026-07-13,SKU0011,5.0,0.0,14.0,4.6
2024-07-22,SKU0012,68.2,0.0,10.0,44.2
2024-07-29,SKU0012,48.2,0.0,10.0,44.2
2024-08-05,SKU0012,31.2,95.2,10.0,44.2
2024-08-12,SKU0012,109.3,0.0,10.0,44.2
2024-08-19,SKU0012,79.3,0.0,10.0,44.2
2024-08-26,SKU0012,65.3,0.0,10.0,44.2
2024-09-02,SKU0012,49.3,0.0,10.0,44.2
2024-09-09,SKU0012,39.3,95.2,10.0,44.2
2024-09-16,SKU0012,119.5,0.0,10.0,44.2
2024-09-23,SKU0012,93.5,0.0,10.0,44.2
2024-09-30,SKU0012,65.5,0.0,10.0,44.2
2024-10-07,SKU0012,39.5,95.2,10.0,44.2
2024-10-14,SKU0012,102.6,0.0,10.0,44.2
2024-10-21,SKU0012,52.6,0.0,10.0,44.2
2024-10-28,SKU0012,7.6,95.2,10.0,44.2
2024-11-04,SKU0012,67.8,0.0,10.0,44.2
2024-11-11,SKU0012,37.8,95.2,10.0,44.2
2024-11-18,SKU0012,117.0,0.0,10.0,44.2
2024-11-25,SKU0012,67.0,0.0,10.0,44.2
2024-12-02,SKU0012,37.0,95.2,10.0,44.2
2024-12-09,SKU0012,97.1,0.0,10.0,44.2
2024-12-16,SKU0012,61.1,0.0,10.0,44.2
2024-12-23,SKU0012,22.1,95.2,10.0,44.2
2024-12-30,SKU0012,85.3,0.0,10.0,44.2
2025-01-06,SKU0012,64.3,0.0,10.0,44.2
2025-01-13,SKU0012,50.3,0.0,10.0,44.2
2025-01-20,SKU0012,41.3,95.2,10.0,44.2
2025-01-27,SKU0012,131.5,0.0,10.0,44.2
2025-02-03,SKU0012,109.5,0.0,10.0,44.2
2025-02-10,SKU0012,95.5,0.0,10.0,44.2
2025-02-17,SKU0012,78.5,0.0,10.0,44.2
2025-02-24,SKU0012,64.5,0.0,10.0,44.2
2025-03-03,SKU0012,30.5,95.2,10.0,44.2
2025-03-10,SKU0012,104.6,0.0,10.0,44.2
2025-03-17,SKU0012,84.6,0.0,10.0,44.2
2025-03-24,SKU0012,68.6,0.0,10.0,44.2
2025-03-31,SKU0012,48.6,0.0,10.0,44.2
2025-04-07,SKU0012,30.6,95.2,10.0,44.2
2025-04-14,SKU0012,112.8,0.0,10.0,44.2
2025-04-21,SKU0012,95.8,0.0,10.0,44.2
2025-04-28,SKU0012,75.8,0.0,10.0,44.2
2025-05-05,SKU0012,61.8,0.0,10.0,44.2
2025-05-12,SKU0012,31.8,95.2,10.0,44.2
2025-05-19,SKU0012,105.9,0.0,10.0,44.2
2025-05-26,SKU0012,79.9,0.0,10.0,44.2
2025-06-02,SKU0012,56.9,0.0,10.0,44.2
2025-06-09,SKU0012,32.9,95.2,10.0,44.2
2025-06-16,SKU0012,90.1,0.0,10.0,44.2
2025-06-23,SKU0012,68.1,0.0,10.0,44.2
2025-06-30,SKU0012,44.1,95.2,10.0,44.2
2025-07-07,SKU0012,123.3,0.0,10.0,44.2
2025-07-14,SKU0012,101.3,0.0,10.0,44.2
2025-07-21,SKU0012,84.3,0.0,10.0,44.2
2025-07-28,SKU0012,62.3,0.0,10.0,44.2
2025-08-04,SKU0012,43.3,95.2,10.0,44.2
2025-08-11,SKU0012,119.4,0.0,10.0,44.2
2025-08-18,SKU0012,101.4,0.0,10.0,44.2
2025-08-25,SKU0012,82.4,0.0,10.0,44.2
2025-09-01,SKU0012,65.4,0.0,10.0,44.2
2025-09-08,SKU0012,41.4,95.2,10.0,44.2
2025-09-15,SKU0012,114.6,0.0,10.0,44.2
2025-09-22,SKU0012,88.6,0.0,10.0,44.2
2025-09-29,SKU0012,56.6,0.0,10.0,44.2
2025-10-06,SKU0012,31.6,95.2,10.0,44.2
2025-10-13,SKU0012,81.8,0.0,10.0,44.2
2025-10-20,SKU0012,44.8,0.0,10.0,44.2
2025-10-27,SKU0012,0.0,95.2,10.0,44.2
2025-11-03,SKU0012,60.2,0.0,10.0,44.2
2025-11-10,SKU0012,33.2,95.2,10.0,44.2
2025-11-17,SKU0012,103.3,0.0,10.0,44.2
2025-11-24,SKU0012,67.3,0.0,10.0,44.2
2025-12-01,SKU0012,32.3,95.2,10.0,44.2
2025-12-08,SKU0012,98.5,0.0,10.0,44.2
2025-12-15,SKU0012,78.5,0.0,10.0,44.2
2025-12-22,SKU0012,41.5,95.2,10.0,44.2
2025-12-29,SKU0012,101.6,0.0,10.0,44.2
2026-01-05,SKU0012,73.6,0.0,10.0,44.2
2026-01-12,SKU0012,51.6,0.0,10.0,44.2
2026-01-19,SKU0012,33.6,95.2,10.0,44.2
2026-01-26,SKU0012,107.8,0.0,10.0,44.2
2026-02-02,SKU0012,94.8,0.0,10.0,44.2
2026-02-09,SKU0012,78.8,0.0,10.0,44.2
2026-02-16,SKU0012,59.8,0.0,10.0,44.2
2026-02-23,SKU0012,39.8,95.2,10.0,44.2
2026-03-02,SKU0012,118.0,0.0,10.0,44.2
2026-03-09,SKU0012,104.0,0.0,10.0,44.2
2026-03-16,SKU0012,84.0,0.0,10.0,44.2
2026-03-23,SKU0012,68.0,0.0,10.0,44.2
2026-03-30,SKU0012,42.0,95.2,10.0,44.2
2026-04-06,SKU0012,119.1,0.0,10.0,44.2
2026-04-13,SKU0012,98.1,0.0,10.0,44.2
2026-04-20,SKU0012,83.1,0.0,10.0,44.2
2026-04-27,SKU0012,60.1,0.0,10.0,44.2
2026-05-04,SKU0012,34.1,95.2,10.0,44.2
2026-05-11,SKU0012,106.3,0.0,10.0,44.2
2026-05-18,SKU0012,77.3,0.0,10.0,44.2
2026-05-25,SKU0012,52.3,0.0,10.0,44.2
2026-06-01,SKU0012,32.3,95.2,10.0,44.2
2026-06-08,SKU0012,106.5,0.0,10.0,44.2
2026-06-15,SKU0012,77.5,0.0,10.0,44.2
2026-06-22,SKU0012,54.5,0.0,10.0,44.2
2026-06-29,SKU0012,29.5,95.2,10.0,44.2
2026-07-06,SKU0012,104.6,0.0,10.0,44.2
2026-07-13,SKU0012,81.6,0.0,10.0,44.2
2024-07-22,SKU0013,26.9,0.0,14.0,22.7
2024-07-29,SKU0013,18.9,34.9,14.0,22.7
2024-08-05,SKU0013,13.9,34.9,14.0,22.7
2024-08-12,SKU0013,41.8,0.0,14.0,22.7
2024-08-19,SKU0013,34.8,0.0,14.0,22.7
2024-08-26,SKU0013,32.8,0.0,14.0,22.7
2024-09-02,SKU0013,26.8,0.0,14.0,22.7
2024-09-09,SKU0013,19.8,34.9,14.0,22.7
2024-09-16,SKU0013,11.8,34.9,14.0,22.7
2024-09-23,SKU0013,43.7,0.0,14.0,22.7
2024-09-30,SKU0013,38.7,0.0,14.0,22.7
2024-10-07,SKU0013,31.7,0.0,14.0,22.7
2024-10-14,SKU0013,16.7,34.9,14.0,22.7
2024-10-21,SKU0013,5.7,34.9,14.0,22.7
2024-10-28,SKU0013,23.6,0.0,14.0,22.7
2024-11-04,SKU0013,12.6,34.9,14.0,22.7
2024-11-11,SKU0013,7.6,34.9,14.0,22.7
2024-11-18,SKU0013,31.5,0.0,14.0,22.7
2024-11-25,SKU0013,10.5,34.9,14.0,22.7
2024-12-02,SKU0013,0.0,34.9,14.0,22.7
2024-12-09,SKU0013,20.9,34.9,14.0,22.7
2024-12-16,SKU0013,9.9,34.9,14.0,22.7
2024-12-23,SKU0013,31.8,0.0,14.0,22.7
2024-12-30,SKU0013,19.8,34.9,14.0,22.7
2025-01-06,SKU0013,10.8,34.9,14.0,22.7
2025-01-13,SKU0013,38.7,0.0,14.0,22.7
2025-01-20,SKU0013,35.7,0.0,14.0,22.7
2025-01-27,SKU0013,32.7,0.0,14.0,22.7
2025-02-03,SKU0013,26.7,0.0,14.0,22.7
2025-02-10,SKU0013,21.7,34.9,14.0,22.7
2025-02-17,SKU0013,15.7,34.9,14.0,22.7
2025-02-24,SKU0013,43.6,0.0,14.0,22.7
2025-03-03,SKU0013,40.6,0.0,14.0,22.7
2025-03-10,SKU0013,31.6,0.0,14.0,22.7
2025-03-17,SKU0013,26.6,0.0,14.0,22.7
2025-03-24,SKU0013,20.6,34.9,14.0,22.7
2025-03-31,SKU0013,14.6,34.9,14.0,22.7
2025-04-07,SKU0013,38.5,0.0,14.0,22.7
2025-04-14,SKU0013,28.5,0.0,14.0,22.7
2025-04-21,SKU0013,20.5,34.9,14.0,22.7
2025-04-28,SKU0013,11.5,34.9,14.0,22.7
2025-05-05,SKU0013,36.4,0.0,14.0,22.7
2025-05-12,SKU0013,24.4,0.0,14.0,22.7
2025-05-19,SKU0013,17.4,34.9,14.0,22.7
2025-05-26,SKU0013,9.4,34.9,14.0,22.7
2025-06-02,SKU0013,38.3,0.0,14.0,22.7
2025-06-09,SKU0013,27.3,0.0,14.0,22.7
2025-06-16,SKU0013,18.3,34.9,14.0,22.7
2025-06-23,SKU0013,3.3,34.9,14.0,22.7
2025-06-30,SKU0013,33.2,0.0,14.0,22.7
2025-07-07,SKU0013,23.2,0.0,14.0,22.7
2025-07-14,SKU0013,16.2,34.9,14.0,22.7
2025-07-21,SKU0013,10.2,34.9,14.0,22.7
2025-07-28,SKU0013,43.1,0.0,14.0,22.7
2025-08-04,SKU0013,35.1,0.0,14.0,22.7
2025-08-11,SKU0013,23.1,0.0,14.0,22.7
2025-08-18,SKU0013,17.1,34.9,14.0,22.7
2025-08-25,SKU0013,11.1,34.9,14.0,22.7
2025-09-01,SKU0013,36.0,0.0,14.0,22.7
2025-09-08,SKU0013,27.0,0.0,14.0,22.7
2025-09-15,SKU0013,20.0,34.9,14.0,22.7
2025-09-22,SKU0013,11.0,34.9,14.0,22.7
2025-09-29,SKU0013,37.8,0.0,14.0,22.7
2025-10-06,SKU0013,27.8,0.0,14.0,22.7
2025-10-13,SKU0013,4.8,34.9,14.0,22.7
2025-10-20,SKU0013,0.0,34.9,14.0,22.7
2025-10-27,SKU0013,19.9,34.9,14.0,22.7
2025-11-03,SKU0013,5.9,34.9,14.0,22.7
2025-11-10,SKU0013,36.8,0.0,14.0,22.7
2025-11-17,SKU0013,25.8,0.0,14.0,22.7
2025-11-24,SKU0013,10.8,34.9,14.0,22.7
2025-12-01,SKU0013,0.0,34.9,14.0,22.7
2025-12-08,SKU0013,26.9,0.0,14.0,22.7
2025-12-15,SKU0013,18.9,34.9,14.0,22.7
2025-12-22,SKU0013,6.9,34.9,14.0,22.7
2025-12-29,SKU0013,31.8,0.0,14.0,22.7
2026-01-05,SKU0013,27.8,0.0,14.0,22.7
2026-01-12,SKU0013,24.8,0.0,14.0,22.7
2026-01-19,SKU0013,21.8,34.9,14.0,22.7
2026-01-26,SKU0013,18.8,34.9,14.0,22.7
2026-02-02,SKU0013,45.7,0.0,14.0,22.7
2026-02-09,SKU0013,38.7,0.0,14.0,22.7
2026-02-16,SKU0013,31.7,0.0,14.0,22.7
2026-02-23,SKU0013,24.7,0.0,14.0,22.7
2026-03-02,SKU0013,15.7,34.9,14.0,22.7
2026-03-09,SKU0013,5.7,34.9,14.0,22.7
2026-03-16,SKU0013,34.6,0.0,14.0,22.7
2026-03-23,SKU0013,28.6,0.0,14.0,22.7
2026-03-30,SKU0013,19.6,34.9,14.0,22.7
2026-04-06,SKU0013,4.6,34.9,14.0,22.7
2026-04-13,SKU0013,30.5,0.0,14.0,22.7
2026-04-20,SKU0013,22.5,34.9,14.0,22.7
2026-04-27,SKU0013,18.5,34.9,14.0,22.7
2026-05-04,SKU0013,37.4,0.0,14.0,22.7
2026-05-11,SKU0013,24.4,0.0,14.0,22.7
2026-05-18,SKU0013,13.4,34.9,14.0,22.7
2026-05-25,SKU0013,9.4,34.9,14.0,22.7
2026-06-01,SKU0013,34.3,0.0,14.0,22.7
2026-06-08,SKU0013,27.3,0.0,14.0,22.7
2026-06-15,SKU0013,17.3,34.9,14.0,22.7
2026-06-22,SKU0013,0.0,34.9,14.0,22.7
2026-06-29,SKU0013,24.9,0.0,14.0,22.7
2026-07-06,SKU0013,17.9,34.9,14.0,22.7
2026-07-13,SKU0013,14.9,34.9,14.0,22.7
2024-08-05,SKU0014,47.1,58.1,21.0,56.6
2024-08-12,SKU0014,35.1,58.1,21.0,56.6
2024-08-19,SKU0014,21.1,58.1,21.0,56.6
2024-08-26,SKU0014,67.2,0.0,21.0,56.6
2024-09-02,SKU0014,52.2,58.1,21.0,56.6
2024-09-09,SKU0014,39.2,58.1,21.0,56.6
2024-09-16,SKU0014,19.2,58.1,21.0,56.6
2024-09-23,SKU0014,65.3,0.0,21.0,56.6
2024-09-30,SKU0014,52.3,58.1,21.0,56.6
2024-10-07,SKU0014,42.3,58.1,21.0,56.6
2024-10-14,SKU0014,17.3,58.1,21.0,56.6
2024-10-21,SKU0014,45.4,58.1,21.0,56.6
2024-10-28,SKU0014,19.4,58.1,21.0,56.6
2024-11-04,SKU0014,0.0,58.1,21.0,56.6
2024-11-11,SKU0014,42.1,58.1,21.0,56.6
2024-11-18,SKU0014,23.1,58.1,21.0,56.6
2024-11-25,SKU0014,0.0,58.1,21.0,56.6
2024-12-02,SKU0014,34.1,58.1,21.0,56.6
2024-12-09,SKU0014,21.1,58.1,21.0,56.6
2024-12-16,SKU0014,0.0,58.1,21.0,56.6
2024-12-23,SKU0014,31.1,58.1,21.0,56.6
2024-12-30,SKU0014,16.1,58.1,21.0,56.6
2025-01-06,SKU0014,7.1,58.1,21.0,56.6
2025-01-13,SKU0014,57.2,0.0,21.0,56.6
2025-01-20,SKU0014,43.2,58.1,21.0,56.6
2025-01-27,SKU0014,33.2,58.1,21.0,56.6
2025-02-03,SKU0014,18.2,58.1,21.0,56.6
2025-02-10,SKU0014,65.3,0.0,21.0,56.6
2025-02-17,SKU0014,51.3,58.1,21.0,56.6
2025-02-24,SKU0014,38.3,58.1,21.0,56.6
2025-03-03,SKU0014,28.3,58.1,21.0,56.6
2025-03-10,SKU0014,83.4,0.0,21.0,56.6
2025-03-17,SKU0014,75.4,0.0,21.0,56.6
2025-03-24,SKU0014,61.4,0.0,21.0,56.6
2025-03-31,SKU0014,53.4,58.1,21.0,56.6
2025-04-07,SKU0014,32.4,58.1,21.0,56.6
2025-04-14,SKU0014,22.4,58.1,21.0,56.6
2025-04-21,SKU0014,73.5,0.0,21.0,56.6
2025-04-28,SKU0014,59.5,0.0,21.0,56.6
2025-05-05,SKU0014,50.5,58.1,21.0,56.6
2025-05-12,SKU0014,44.5,58.1,21.0,56.6
2025-05-19,SKU0014,26.5,58.1,21.0,56.6
2025-05-26,SKU0014,68.6,0.0,21.0,56.6
2025-06-02,SKU0014,57.6,0.0,21.0,56.6
2025-06-09,SKU0014,50.6,58.1,21.0,56.6
2025-06-16,SKU0014,36.6,58.1,21.0,56.6
2025-06-23,SKU0014,16.6,58.1,21.0,56.6
2025-06-30,SKU0014,56.7,0.0,21.0,56.6
2025-07-07,SKU0014,44.7,58.1,21.0,56.6
2025-07-14,SKU0014,26.7,58.1,21.0,56.6
2025-07-21,SKU0014,12.7,58.1,21.0,56.6
2025-07-28,SKU0014,57.8,0.0,21.0,56.6
2025-08-04,SKU0014,42.8,58.1,21.0,56.6
2025-08-11,SKU0014,31.8,58.1,21.0,56.6
2025-08-18,SKU0014,18.8,58.1,21.0,56.6
2025-08-25,SKU0014,64.9,0.0,21.0,56.6
2025-09-01,SKU0014,50.9,58.1,21.0,56.6
2025-09-08,SKU0014,37.9,58.1,21.0,56.6
2025-09-15,SKU0014,24.9,58.1,21.0,56.6
2025-09-22,SKU0014,71.0,0.0,21.0,56.6
2025-09-29,SKU0014,58.0,0.0,21.0,56.6
2025-10-06,SKU0014,47.0,58.1,21.0,56.6
2025-10-13,SKU0014,24.0,58.1,21.0,56.6
2025-10-20,SKU0014,0.0,58.1,21.0,56.6
2025-10-27,SKU0014,34.1,58.1,21.0,56.6
2025-11-03,SKU0014,14.1,58.1,21.0,56.6
2025-11-10,SKU0014,5.1,58.1,21.0,56.6
2025-11-17,SKU0014,44.2,58.1,21.0,56.6
2025-11-24,SKU0014,20.2,58.1,21.0,56.6
2025-12-01,SKU0014,7.2,58.1,21.0,56.6
2025-12-08,SKU0014,51.3,58.1,21.0,56.6
2025-12-15,SKU0014,31.3,58.1,21.0,56.6
2025-12-22,SKU0014,0.0,58.1,21.0,56.6
2025-12-29,SKU0014,42.1,58.1,21.0,56.6
2026-01-05,SKU0014,30.1,58.1,21.0,56.6
2026-01-12,SKU0014,13.1,58.1,21.0,56.6
2026-01-19,SKU0014,63.2,0.0,21.0,56.6
2026-01-26,SKU0014,54.2,58.1,21.0,56.6
2026-02-02,SKU0014,35.2,58.1,21.0,56.6
2026-02-09,SKU0014,27.2,58.1,21.0,56.6
2026-02-16,SKU0014,78.3,0.0,21.0,56.6
2026-02-23,SKU0014,72.3,0.0,21.0,56.6
2026-03-02,SKU0014,60.3,0.0,21.0,56.6
2026-03-09,SKU0014,47.3,58.1,21.0,56.6
2026-03-16,SKU0014,31.3,58.1,21.0,56.6
2026-03-23,SKU0014,18.3,58.1,21.0,56.6
2026-03-30,SKU0014,58.4,0.0,21.0,56.6
2026-04-06,SKU0014,45.4,58.1,21.0,56.6
2026-04-13,SKU0014,31.4,58.1,21.0,56.6
2026-04-20,SKU0014,19.4,58.1,21.0,56.6
2026-04-27,SKU0014,69.5,0.0,21.0,56.6
2026-05-04,SKU0014,59.5,0.0,21.0,56.6
2026-05-11,SKU0014,47.5,58.1,21.0,56.6
2026-05-18,SKU0014,33.5,58.1,21.0,56.6
2026-05-25,SKU0014,22.5,58.1,21.0,56.6
2026-06-01,SKU0014,68.6,0.0,21.0,56.6
2026-06-08,SKU0014,56.6,58.1,21.0,56.6
2026-06-15,SKU0014,35.6,58.1,21.0,56.6
2026-06-22,SKU0014,25.6,58.1,21.0,56.6
2026-06-29,SKU0014,68.7,0.0,21.0,56.6
2026-07-06,SKU0014,61.7,0.0,21.0,56.6
2026-07-13,SKU0014,49.7,58.1,21.0,56.6
2024-08-05,SKU0015,7.8,0.0,10.0,4.5
2024-08-12,SKU0015,3.8,9.8,10.0,4.5
2024-08-19,SKU0015,10.6,0.0,10.0,4.5
2024-08-26,SKU0015,10.6,0.0,10.0,4.5
2024-09-02,SKU0015,6.6,0.0,10.0,4.5
2024-09-09,SKU0015,3.6,9.8,10.0,4.5
2024-09-16,SKU0015,12.4,0.0,10.0,4.5
2024-09-23,SKU0015,12.4,0.0,10.0,4.5
2024-09-30,SKU0015,10.4,0.0,10.0,4.5
2024-10-07,SKU0015,6.4,0.0,10.0,4.5
2024-10-14,SKU0015,1.4,9.8,10.0,4.5
2024-10-21,SKU0015,6.1,0.0,10.0,4.5
2024-10-28,SKU0015,0.0,9.8,10.0,4.5
2024-11-04,SKU0015,5.8,0.0,10.0,4.5
2024-11-11,SKU0015,1.8,9.8,10.0,4.5
2024-11-18,SKU0015,10.6,0.0,10.0,4.5
2024-11-25,SKU0015,7.6,0.0,10.0,4.5
2024-12-02,SKU0015,3.6,9.8,10.0,4.5
2024-12-09,SKU0015,13.4,0.0,10.0,4.5
2024-12-16,SKU0015,7.4,0.0,10.0,4.5
2024-12-23,SKU0015,4.4,9.8,10.0,4.5
2024-12-30,SKU0015,11.1,0.0,10.0,4.5
2025-01-06,SKU0015,10.1,0.0,10.0,4.5
2025-01-13,SKU0015,8.1,0.0,10.0,4.5
2025-01-20,SKU0015,8.1,0.0,10.0,4.5
2025-01-27,SKU0015,7.1,0.0,10.0,4.5
2025-02-03,SKU0015,7.1,0.0,10.0,4.5
2025-02-10,SKU0015,6.1,0.0,10.0,4.5
2025-02-17,SKU0015,4.1,9.8,10.0,4.5
2025-02-24,SKU0015,11.9,0.0,10.0,4.5
2025-03-03,SKU0015,10.9,0.0,10.0,4.5
2025-03-10,SKU0015,5.9,0.0,10.0,4.5
2025-03-17,SKU0015,5.9,0.0,10.0,4.5
2025-03-24,SKU0015,2.9,9.8,10.0,4.5
2025-03-31,SKU0015,11.7,0.0,10.0,4.5
2025-04-07,SKU0015,9.7,0.0,10.0,4.5
2025-04-14,SKU0015,8.7,0.0,10.0,4.5
2025-04-21,SKU0015,6.7,0.0,10.0,4.5
2025-04-28,SKU0015,3.7,9.8,10.0,4.5
2025-05-05,SKU0015,12.5,0.0,10.0,4.5
2025-05-12,SKU0015,9.5,0.0,10.0,4.5
2025-05-19,SKU0015,7.5,0.0,10.0,4.5
2025-05-26,SKU0015,7.5,0.0,10.0,4.5
2025-06-02,SKU0015,6.5,0.0,10.0,4.5
2025-06-09,SKU0015,5.5,0.0,10.0,4.5
2025-06-16,SKU0015,2.5,9.8,10.0,4.5
2025-06-23,SKU0015,8.3,0.0,10.0,4.5
2025-06-30,SKU0015,7.3,0.0,10.0,4.5
2025-07-07,SKU0015,3.3,9.8,10.0,4.5
2025-07-14,SKU0015,8.1,0.0,10.0,4.5
2025-07-21,SKU0015,6.1,0.0,10.0,4.5
2025-07-28,SKU0015,4.1,9.8,10.0,4.5
2025-08-04,SKU0015,10.9,0.0,10.0,4.5
2025-08-11,SKU0015,8.9,0.0,10.0,4.5
2025-08-18,SKU0015,3.9,9.8,10.0,4.5
2025-08-25,SKU0015,10.7,0.0,10.0,4.5
2025-09-01,SKU0015,8.7,0.0,10.0,4.5
2025-09-08,SKU0015,6.7,0.0,10.0,4.5
2025-09-15,SKU0015,5.7,0.0,10.0,4.5
2025-09-22,SKU0015,3.7,9.8,10.0,4.5
2025-09-29,SKU0015,11.4,0.0,10.0,4.5
2025-10-06,SKU0015,10.4,0.0,10.0,4.5
2025-10-13,SKU0015,5.4,0.0,10.0,4.5
2025-10-20,SKU0015,1.4,9.8,10.0,4.5
2025-10-27,SKU0015,6.2,0.0,10.0,4.5
2025-11-03,SKU0015,1.2,9.8,10.0,4.5
2025-11-10,SKU0015,9.0,0.0,10.0,4.5
2025-11-17,SKU0015,7.0,0.0,10.0,4.5
2025-11-24,SKU0015,4.0,9.8,10.0,4.5
2025-12-01,SKU0015,10.8,0.0,10.0,4.5
2025-12-08,SKU0015,6.8,0.0,10.0,4.5
2025-12-15,SKU0015,3.8,9.8,10.0,4.5
2025-12-22,SKU0015,9.6,0.0,10.0,4.5
2025-12-29,SKU0015,6.6,0.0,10.0,4.5
2026-01-05,SKU0015,0.6,9.8,10.0,4.5
2026-01-12,SKU0015,8.4,0.0,10.0,4.5
2026-01-19,SKU0015,7.4,0.0,10.0,4.5
2026-01-26,SKU0015,4.4,9.8,10.0,4.5
2026-02-02,SKU0015,12.2,0.0,10.0,4.5
2026-02-09,SKU0015,12.2,0.0,10.0,4.5
2026-02-16,SKU0015,12.2,0.0,10.0,4.5
2026-02-23,SKU0015,10.2,0.0,10.0,4.5
2026-03-02,SKU0015,8.2,0.0,10.0,4.5
2026-03-09,SKU0015,6.2,0.0,10.0,4.5
2026-03-16,SKU0015,4.2,9.8,10.0,4.5
2026-03-23,SKU0015,11.9,0.0,10.0,4.5
2026-03-30,SKU0015,10.9,0.0,10.0,4.5
2026-04-06,SKU0015,10.9,0.0,10.0,4.5
2026-04-13,SKU0015,10.9,0.0,10.0,4.5
2026-04-20,SKU0015,9.9,0.0,10.0,4.5
2026-04-27,SKU0015,3.9,9.8,10.0,4.5
2026-05-04,SKU0015,12.7,0.0,10.0,4.5
2026-05-11,SKU0015,6.7,0.0,10.0,4.5
2026-05-18,SKU0015,3.7,9.8,10.0,4.5
2026-05-25,SKU0015,12.5,0.0,10.0,4.5
2026-06-01,SKU0015,9.5,0.0,10.0,4.5
2026-06-08,SKU0015,8.5,0.0,10.0,4.5
2026-06-15,SKU0015,5.5,0.0,10.0,4.5
2026-06-22,SKU0015,1.5,9.8,10.0,4.5
2026-06-29,SKU0015,10.3,0.0,10.0,4.5
2026-07-06,SKU0015,6.3,0.0,10.0,4.5
2026-07-13,SKU0015,3.3,9.8,10.0,4.5
2024-08-05,SKU0016,133.2,169.2,39.0,306.3
2024-08-12,SKU0016,88.2,169.2,39.0,306.3
2024-08-19,SKU0016,55.2,169.2,39.0,306.3
2024-08-26,SKU0016,16.2,169.2,39.0,306.3
2024-09-02,SKU0016,0.0,169.2,39.0,306.3
2024-09-09,SKU0016,0.0,169.2,39.0,306.3
2024-09-16,SKU0016,132.2,169.2,39.0,306.3
2024-09-23,SKU0016,100.2,169.2,39.0,306.3
2024-09-30,SKU0016,47.2,169.2,39.0,306.3
2024-10-07,SKU0016,1.2,169.2,39.0,306.3
2024-10-14,SKU0016,0.0,169.2,39.0,306.3
2024-10-21,SKU0016,0.0,169.2,39.0,306.3
2024-10-28,SKU0016,104.2,169.2,39.0,306.3
2024-11-04,SKU0016,40.2,169.2,39.0,306.3
2024-11-11,SKU0016,0.0,169.2,39.0,306.3
2024-11-18,SKU0016,0.0,169.2,39.0,306.3
2024-11-25,SKU0016,0.0,169.2,39.0,306.3
2024-12-02,SKU0016,0.0,169.2,39.0,306.3
2024-12-09,SKU0016,120.2,169.2,39.0,306.3
2024-12-16,SKU0016,52.2,169.2,39.0,306.3
2024-12-23,SKU0016,0.0,169.2,39.0,306.3
2024-12-30,SKU0016,0.0,169.2,39.0,306.3
2025-01-06,SKU0016,0.0,169.2,39.0,306.3
2025-01-13,SKU0016,0.0,169.2,39.0,306.3
2025-01-20,SKU0016,138.2,169.2,39.0,306.3
2025-01-27,SKU0016,107.2,169.2,39.0,306.3
2025-02-03,SKU0016,67.2,169.2,39.0,306.3
2025-02-10,SKU0016,41.2,169.2,39.0,306.3
2025-02-17,SKU0016,14.2,169.2,39.0,306.3
2025-02-24,SKU0016,0.0,169.2,39.0,306.3
2025-03-03,SKU0016,125.2,169.2,39.0,306.3
2025-03-10,SKU0016,99.2,169.2,39.0,306.3
2025-03-17,SKU0016,63.2,169.2,39.0,306.3
2025-03-24,SKU0016,25.2,169.2,39.0,306.3
2025-03-31,SKU0016,0.0,169.2,39.0,306.3
2025-04-07,SKU0016,0.0,169.2,39.0,306.3
2025-04-14,SKU0016,130.2,169.2,39.0,306.3
2025-04-21,SKU0016,96.2,169.2,39.0,306.3
2025-04-28,SKU0016,65.2,169.2,39.0,306.3
2025-05-05,SKU0016,21.2,169.2,39.0,306.3
2025-05-12,SKU0016,0.0,169.2,39.0,306.3
2025-05-19,SKU0016,0.0,169.2,39.0,306.3
2025-05-26,SKU0016,123.2,169.2,39.0,306.3
2025-06-02,SKU0016,89.2,169.2,39.0,306.3
2025-06-09,SKU0016,46.2,169.2,39.0,306.3
2025-06-16,SKU0016,0.0,169.2,39.0,306.3
2025-06-23,SKU0016,0.0,169.2,39.0,306.3
2025-06-30,SKU0016,0.0,169.2,39.0,306.3
2025-07-07,SKU0016,125.2,169.2,39.0,306.3
2025-07-14,SKU0016,94.2,169.2,39.0,306.3
2025-07-21,SKU0016,67.2,169.2,39.0,306.3
2025-07-28,SKU0016,32.2,169.2,39.0,306.3
2025-08-04,SKU0016,0.0,169.2,39.0,306.3
2025-08-11,SKU0016,0.0,169.2,39.0,306.3
2025-08-18,SKU0016,142.2,169.2,39.0,306.3
2025-08-25,SKU0016,102.2,169.2,39.0,306.3
2025-09-01,SKU0016,74.2,169.2,39.0,306.3
2025-09-08,SKU0016,43.2,169.2,39.0,306.3
2025-09-15,SKU0016,7.2,169.2,39.0,306.3
2025-09-22,SKU0016,0.0,169.2,39.0,306.3
2025-09-29,SKU0016,119.2,169.2,39.0,306.3
2025-10-06,SKU0016,82.2,169.2,39.0,306.3
2025-10-13,SKU0016,15.2,169.2,39.0,306.3
2025-10-20,SKU0016,0.0,169.2,39.0,306.3
2025-10-27,SKU0016,0.0,169.2,39.0,306.3
2025-11-03,SKU0016,0.0,169.2,39.0,306.3
2025-11-10,SKU0016,128.2,169.2,39.0,306.3
2025-11-17,SKU0016,71.2,169.2,39.0,306.3
2025-11-24,SKU0016,14.2,169.2,39.0,306.3
2025-12-01,SKU0016,0.0,169.2,39.0,306.3
2025-12-08,SKU0016,0.0,169.2,39.0,306.3
2025-12-15,SKU0016,0.0,169.2,39.0,306.3
2025-12-22,SKU0016,83.2,169.2,39.0,306.3
2025-12-29,SKU0016,16.2,169.2,39.0,306.3
2026-01-05,SKU0016,0.0,169.2,39.0,306.3
2026-01-12,SKU0016,0.0,169.2,39.0,306.3
2026-01-19,SKU0016,0.0,169.2,39.0,306.3
2026-01-26,SKU0016,0.0,169.2,39.0,306.3
2026-02-02,SKU0016,131.2,169.2,39.0,306.3
2026-02-09,SKU0016,101.2,169.2,39.0,306.3
2026-02-16,SKU0016,64.2,169.2,39.0,306.3
2026-02-23,SKU0016,22.2,169.2,39.0,306.3
2026-03-02,SKU0016,0.0,169.2,39.0,306.3
2026-03-09,SKU0016,0.0,169.2,39.0,306.3
2026-03-16,SKU0016,140.2,169.2,39.0,306.3
2026-03-23,SKU0016,96.2,169.2,39.0,306.3
2026-03-30,SKU0016,56.2,169.2,39.0,306.3
2026-04-06,SKU0016,17.2,169.2,39.0,306.3
2026-04-13,SKU0016,0.0,169.2,39.0,306.3
2026-04-20,SKU0016,0.0,169.2,39.0,306.3
2026-04-27,SKU0016,146.2,169.2,39.0,306.3
2026-05-04,SKU0016,118.2,169.2,39.0,306.3
2026-05-11,SKU0016,93.2,169.2,39.0,306.3
2026-05-18,SKU0016,51.2,169.2,39.0,306.3
2026-05-25,SKU0016,4.2,169.2,39.0,306.3
2026-06-01,SKU0016,0.0,169.2,39.0,306.3
2026-06-08,SKU0016,142.2,169.2,39.0,306.3
2026-06-15,SKU0016,94.2,169.2,39.0,306.3
2026-06-22,SKU0016,33.2,169.2,39.0,306.3
2026-06-29,SKU0016,0.0,169.2,39.0,306.3
2026-07-06,SKU0016,0.0,169.2,39.0,306.3
2026-07-13,SKU0016,0.0,169.2,39.0,306.3
2026-03-30,SKU0017,86.6,0.0,12.0,67.8
2026-04-06,SKU0017,49.6,121.6,12.0,67.8
2026-04-13,SKU0017,15.6,121.6,12.0,67.8
2026-04-20,SKU0017,107.3,0.0,12.0,67.8
2026-04-27,SKU0017,69.3,0.0,12.0,67.8
2026-05-04,SKU0017,46.3,121.6,12.0,67.8
2026-05-11,SKU0017,15.3,121.6,12.0,67.8
2026-05-18,SKU0017,112.9,0.0,12.0,67.8
2026-05-25,SKU0017,81.9,0.0,12.0,67.8
2026-06-01,SKU0017,63.9,121.6,12.0,67.8
2026-06-08,SKU0017,44.9,121.6,12.0,67.8
2026-06-15,SKU0017,124.6,0.0,12.0,67.8
2026-06-22,SKU0017,80.6,0.0,12.0,67.8
2026-06-29,SKU0017,45.6,121.6,12.0,67.8
2026-07-06,SKU0017,0.0,121.6,12.0,67.8
2026-07-13,SKU0017,103.6,0.0,12.0,67.8
2024-07-22,SKU0018,87.7,113.7,30.0,158.3
2024-07-29,SKU0018,57.7,113.7,30.0,158.3
2024-08-05,SKU0018,41.7,113.7,30.0,158.3
2024-08-12,SKU0018,18.7,113.7,30.0,158.3
2024-08-19,SKU0018,112.4,113.7,30.0,158.3
2024-08-26,SKU0018,91.4,113.7,30.0,158.3
2024-09-02,SKU0018,56.4,113.7,30.0,158.3
2024-09-09,SKU0018,39.4,113.7,30.0,158.3
2024-09-16,SKU0018,124.0,113.7,30.0,158.3
2024-09-23,SKU0018,97.0,113.7,30.0,158.3
2024-09-30,SKU0018,68.0,113.7,30.0,158.3
2024-10-07,SKU0018,41.0,113.7,30.0,158.3
2024-10-14,SKU0018,116.7,113.7,30.0,158.3
2024-10-21,SKU0018,85.7,113.7,30.0,158.3
2024-10-28,SKU0018,17.7,113.7,30.0,158.3
2024-11-04,SKU0018,0.0,113.7,30.0,158.3
2024-11-11,SKU0018,80.7,113.7,30.0,158.3
2024-11-18,SKU0018,40.7,113.7,30.0,158.3
2024-11-25,SKU0018,0.0,113.7,30.0,158.3
2024-12-02,SKU0018,0.0,113.7,30.0,158.3
2024-12-09,SKU0018,82.7,113.7,30.0,158.3
2024-12-16,SKU0018,36.7,113.7,30.0,158.3
2024-12-23,SKU0018,0.0,113.7,30.0,158.3
2024-12-30,SKU0018,0.0,113.7,30.0,158.3
2025-01-06,SKU0018,90.7,113.7,30.0,158.3
2025-01-13,SKU0018,66.7,113.7,30.0,158.3
2025-01-20,SKU0018,44.7,113.7,30.0,158.3
2025-01-27,SKU0018,22.7,113.7,30.0,158.3
2025-02-03,SKU0018,112.4,113.7,30.0,158.3
2025-02-10,SKU0018,91.4,113.7,30.0,158.3
2025-02-17,SKU0018,73.4,113.7,30.0,158.3
2025-02-24,SKU0018,49.4,113.7,30.0,158.3
2025-03-03,SKU0018,131.0,113.7,30.0,158.3
2025-03-10,SKU0018,116.0,113.7,30.0,158.3
2025-03-17,SKU0018,92.0,113.7,30.0,158.3
2025-03-24,SKU0018,71.0,113.7,30.0,158.3
2025-03-31,SKU0018,162.7,0.0,30.0,158.3
2025-04-07,SKU0018,143.7,113.7,30.0,158.3
2025-04-14,SKU0018,120.7,113.7,30.0,158.3
2025-04-21,SKU0018,97.7,113.7,30.0,158.3
2025-04-28,SKU0018,71.7,113.7,30.0,158.3
2025-05-05,SKU0018,166.4,0.0,30.0,158.3
2025-05-12,SKU0018,145.4,113.7,30.0,158.3
2025-05-19,SKU0018,122.4,113.7,30.0,158.3
2025-05-26,SKU0018,83.4,113.7,30.0,158.3
2025-06-02,SKU0018,54.4,113.7,30.0,158.3
2025-06-09,SKU0018,143.1,113.7,30.0,158.3
2025-06-16,SKU0018,95.1,113.7,30.0,158.3
2025-06-23,SKU0018,41.1,113.7,30.0,158.3
2025-06-30,SKU0018,12.1,113.7,30.0,158.3
2025-07-07,SKU0018,98.7,113.7,30.0,158.3
2025-07-14,SKU0018,75.7,113.7,30.0,158.3
2025-07-21,SKU0018,64.7,113.7,30.0,158.3
2025-07-28,SKU0018,34.7,113.7,30.0,158.3
2025-08-04,SKU0018,126.4,113.7,30.0,158.3
2025-08-11,SKU0018,96.4,113.7,30.0,158.3
2025-08-18,SKU0018,70.4,113.7,30.0,158.3
2025-08-25,SKU0018,51.4,113.7,30.0,158.3
2025-09-01,SKU0018,153.1,113.7,30.0,158.3
2025-09-08,SKU0018,130.1,113.7,30.0,158.3
2025-09-15,SKU0018,99.1,113.7,30.0,158.3
2025-09-22,SKU0018,72.1,113.7,30.0,158.3
2025-09-29,SKU0018,160.8,0.0,30.0,158.3
2025-10-06,SKU0018,119.8,113.7,30.0,158.3
2025-10-13,SKU0018,69.8,113.7,30.0,158.3
2025-10-20,SKU0018,17.8,113.7,30.0,158.3
2025-10-27,SKU0018,0.0,113.7,30.0,158.3
2025-11-03,SKU0018,72.7,113.7,30.0,158.3
2025-11-10,SKU0018,41.7,113.7,30.0,158.3
2025-11-17,SKU0018,0.0,113.7,30.0,158.3
2025-11-24,SKU0018,0.0,113.7,30.0,158.3
2025-12-01,SKU0018,80.7,113.7,30.0,158.3
2025-12-08,SKU0018,50.7,113.7,30.0,158.3
2025-12-15,SKU0018,26.7,113.7,30.0,158.3
2025-12-22,SKU0018,0.0,113.7,30.0,158.3
2025-12-29,SKU0018,76.7,113.7,30.0,158.3
2026-01-05,SKU0018,52.7,113.7,30.0,158.3
2026-01-12,SKU0018,35.7,113.7,30.0,158.3
2026-01-19,SKU0018,11.7,113.7,30.0,158.3
2026-01-26,SKU0018,105.4,113.7,30.0,158.3
2026-02-02,SKU0018,86.4,113.7,30.0,158.3
2026-02-09,SKU0018,66.4,113.7,30.0,158.3
2026-02-16,SKU0018,45.4,113.7,30.0,158.3
2026-02-23,SKU0018,143.0,113.7,30.0,158.3
2026-03-02,SKU0018,115.0,113.7,30.0,158.3
2026-03-09,SKU0018,95.0,113.7,30.0,158.3
2026-03-16,SKU0018,80.0,113.7,30.0,158.3
2026-03-23,SKU0018,181.7,0.0,30.0,158.3
2026-03-30,SKU0018,152.7,113.7,30.0,158.3
2026-04-06,SKU0018,135.7,113.7,30.0,158.3
2026-04-13,SKU0018,110.7,113.7,30.0,158.3
2026-04-20,SKU0018,84.7,113.7,30.0,158.3
2026-04-27,SKU0018,173.4,0.0,30.0,158.3
2026-05-04,SKU0018,135.4,113.7,30.0,158.3
2026-05-11,SKU0018,104.4,113.7,30.0,158.3
2026-05-18,SKU0018,77.4,113.7,30.0,158.3
2026-05-25,SKU0018,57.4,113.7,30.0,158.3
2026-06-01,SKU0018,146.1,113.7,30.0,158.3
2026-06-08,SKU0018,121.1,113.7,30.0,158.3
2026-06-15,SKU0018,101.1,113.7,30.0,158.3
2026-06-22,SKU0018,63.1,113.7,30.0,158.3
2026-06-29,SKU0018,154.7,113.7,30.0,158.3
2026-07-06,SKU0018,122.7,113.7,30.0,158.3
2026-07-13,SKU0018,103.7,113.7,30.0,158.3
2024-07-22,SKU0019,229.7,300.7,20.0,279.2
2024-07-29,SKU0019,166.7,300.7,20.0,279.2
2024-08-05,SKU0019,112.7,300.7,20.0,279.2
2024-08-12,SKU0019,353.4,0.0,20.0,279.2
2024-08-19,SKU0019,301.4,0.0,20.0,279.2
2024-08-26,SKU0019,247.4,300.7,20.0,279.2
2024-09-02,SKU0019,198.4,300.7,20.0,279.2
2024-09-09,SKU0019,137.4,300.7,20.0,279.2
2024-09-16,SKU0019,378.1,0.0,20.0,279.2
2024-09-23,SKU0019,319.1,0.0,20.0,279.2
2024-09-30,SKU0019,233.1,300.7,20.0,279.2
2024-10-07,SKU0019,151.1,300.7,20.0,279.2
2024-10-14,SKU0019,23.1,300.7,20.0,279.2
2024-10-21,SKU0019,188.8,300.7,20.0,279.2
2024-10-28,SKU0019,79.8,300.7,20.0,279.2
2024-11-04,SKU0019,0.0,300.7,20.0,279.2
2024-11-11,SKU0019,202.7,300.7,20.0,279.2
2024-11-18,SKU0019,111.7,300.7,20.0,279.2
2024-11-25,SKU0019,0.0,300.7,20.0,279.2
2024-12-02,SKU0019,201.7,300.7,20.0,279.2
2024-12-09,SKU0019,115.7,300.7,20.0,279.2
2024-12-16,SKU0019,19.7,300.7,20.0,279.2
2024-12-23,SKU0019,195.4,300.7,20.0,279.2
2024-12-30,SKU0019,84.4,300.7,20.0,279.2
2025-01-06,SKU0019,22.4,300.7,20.0,279.2
2025-01-13,SKU0019,259.1,300.7,20.0,279.2
2025-01-20,SKU0019,220.1,300.7,20.0,279.2
2025-01-27,SKU0019,158.1,300.7,20.0,279.2
2025-02-03,SKU0019,408.8,0.0,20.0,279.2
2025-02-10,SKU0019,357.8,0.0,20.0,279.2
2025-02-17,SKU0019,308.8,0.0,20.0,279.2
2025-02-24,SKU0019,261.8,300.7,20.0,279.2
2025-03-03,SKU0019,209.8,300.7,20.0,279.2
2025-03-10,SKU0019,140.8,300.7,20.0,279.2
2025-03-17,SKU0019,383.5,0.0,20.0,279.2
2025-03-24,SKU0019,329.5,0.0,20.0,279.2
2025-03-31,SKU0019,276.5,300.7,20.0,279.2
2025-04-07,SKU0019,207.5,300.7,20.0,279.2
2025-04-14,SKU0019,158.5,300.7,20.0,279.2
2025-04-21,SKU0019,401.2,0.0,20.0,279.2
2025-04-28,SKU0019,342.2,0.0,20.0,279.2
2025-05-05,SKU0019,286.2,0.0,20.0,279.2
2025-05-12,SKU0019,202.2,300.7,20.0,279.2
2025-05-19,SKU0019,132.2,300.7,20.0,279.2
2025-05-26,SKU0019,57.2,300.7,20.0,279.2
2025-06-02,SKU0019,300.8,0.0,20.0,279.2
2025-06-09,SKU0019,212.8,300.7,20.0,279.2
2025-06-16,SKU0019,105.8,300.7,20.0,279.2
2025-06-23,SKU0019,19.8,300.7,20.0,279.2
2025-06-30,SKU0019,266.5,300.7,20.0,279.2
2025-07-07,SKU0019,214.5,300.7,20.0,279.2
2025-07-14,SKU0019,152.5,300.7,20.0,279.2
2025-07-21,SKU0019,387.2,0.0,20.0,279.2
2025-07-28,SKU0019,325.2,0.0,20.0,279.2
2025-08-04,SKU0019,252.2,300.7,20.0,279.2
2025-08-11,SKU0019,195.2,300.7,20.0,279.2
2025-08-18,SKU0019,141.2,300.7,20.0,279.2
2025-08-25,SKU0019,377.9,0.0,20.0,279.2
2025-09-01,SKU0019,310.9,0.0,20.0,279.2
2025-09-08,SKU0019,248.9,300.7,20.0,279.2
2025-09-15,SKU0019,178.9,300.7,20.0,279.2
2025-09-22,SKU0019,111.9,300.7,20.0,279.2
2025-09-29,SKU0019,333.6,0.0,20.0,279.2
2025-10-06,SKU0019,264.6,300.7,20.0,279.2
2025-10-13,SKU0019,150.6,300.7,20.0,279.2
2025-10-20,SKU0019,24.6,300.7,20.0,279.2
2025-10-27,SKU0019,174.3,300.7,20.0,279.2
2025-11-03,SKU0019,73.3,300.7,20.0,279.2
2025-11-10,SKU0019,0.0,300.7,20.0,279.2
2025-11-17,SKU0019,218.7,300.7,20.0,279.2
2025-11-24,SKU0019,76.7,300.7,20.0,279.2
2025-12-01,SKU0019,0.0,300.7,20.0,279.2
2025-12-08,SKU0019,206.7,300.7,20.0,279.2
2025-12-15,SKU0019,103.7,300.7,20.0,279.2
2025-12-22,SKU0019,0.0,300.7,20.0,279.2
2025-12-29,SKU0019,193.7,300.7,20.0,279.2
2026-01-05,SKU0019,139.7,300.7,20.0,279.2
2026-01-12,SKU0019,80.7,300.7,20.0,279.2
2026-01-19,SKU0019,327.4,0.0,20.0,279.2
2026-01-26,SKU0019,269.4,300.7,20.0,279.2
2026-02-02,SKU0019,208.4,300.7,20.0,279.2
2026-02-09,SKU0019,157.4,300.7,20.0,279.2
2026-02-16,SKU0019,397.1,0.0,20.0,279.2
2026-02-23,SKU0019,338.1,0.0,20.0,279.2
2026-03-02,SKU0019,268.1,300.7,20.0,279.2
2026-03-09,SKU0019,189.1,300.7,20.0,279.2
2026-03-16,SKU0019,130.1,300.7,20.0,279.2
2026-03-23,SKU0019,362.8,0.0,20.0,279.2
2026-03-30,SKU0019,294.8,0.0,20.0,279.2
2026-04-06,SKU0019,227.8,300.7,20.0,279.2
2026-04-13,SKU0019,163.8,300.7,20.0,279.2
2026-04-20,SKU0019,97.8,300.7,20.0,279.2
2026-04-27,SKU0019,340.5,0.0,20.0,279.2
2026-05-04,SKU0019,253.5,300.7,20.0,279.2
2026-05-11,SKU0019,189.5,300.7,20.0,279.2
2026-05-18,SKU0019,118.5,300.7,20.0,279.2
2026-05-25,SKU0019,352.2,0.0,20.0,279.2
2026-06-01,SKU0019,292.2,0.0,20.0,279.2
2026-06-08,SKU0019,228.2,300.7,20.0,279.2
2026-06-15,SKU0019,117.2,300.7,20.0,279.2
2026-06-22,SKU0019,23.2,300.7,20.0,279.2
2026-06-29,SKU0019,245.8,300.7,20.0,279.2
2026-07-06,SKU0019,186.8,300.7,20.0,279.2
2026-07-13,SKU0019,111.8,300.7,20.0,279.2
2024-08-05,SKU0020,14.5,18.5,18.0,15.5
2024-08-12,SKU0020,11.5,18.5,18.0,15.5
2024-08-19,SKU0020,8.5,18.5,18.0,15.5
2024-08-26,SKU0020,22.0,0.0,18.0,15.5
2024-09-02,SKU0020,18.0,0.0,18.0,15.5
2024-09-09,SKU0020,15.0,18.5,18.0,15.5
2024-09-16,SKU0020,12.0,18.5,18.0,15.5
2024-09-23,SKU0020,9.0,18.5,18.0,15.5
2024-09-30,SKU0020,22.6,0.0,18.0,15.5
2024-10-07,SKU0020,18.6,0.0,18.0,15.5
2024-10-14,SKU0020,11.6,18.5,18.0,15.5
2024-10-21,SKU0020,7.6,18.5,18.0,15.5
2024-10-28,SKU0020,0.0,18.5,18.0,15.5
2024-11-04,SKU0020,12.5,18.5,18.0,15.5
2024-11-11,SKU0020,8.5,18.5,18.0,15.5
2024-11-18,SKU0020,7.5,18.5,18.0,15.5
2024-11-25,SKU0020,18.0,0.0,18.0,15.5
2024-12-02,SKU0020,11.0,18.5,18.0,15.5
2024-12-09,SKU0020,8.0,18.5,18.0,15.5
2024-12-16,SKU0020,0.0,18.5,18.0,15.5
2024-12-23,SKU0020,9.5,18.5,18.0,15.5
2024-12-30,SKU0020,4.5,18.5,18.0,15.5
2025-01-06,SKU0020,2.5,18.5,18.0,15.5
2025-01-13,SKU0020,16.0,0.0,18.0,15.5
2025-01-20,SKU0020,12.0,18.5,18.0,15.5
2025-01-27,SKU0020,10.0,18.5,18.0,15.5
2025-02-03,SKU0020,10.0,18.5,18.0,15.5
2025-02-10,SKU0020,27.6,0.0,18.0,15.5
2025-02-17,SKU0020,23.6,0.0,18.0,15.5
2025-02-24,SKU0020,20.6,0.0,18.0,15.5
2025-03-03,SKU0020,14.6,18.5,18.0,15.5
2025-03-10,SKU0020,9.6,18.5,18.0,15.5
2025-03-17,SKU0020,5.6,18.5,18.0,15.5
2025-03-24,SKU0020,21.1,0.0,18.0,15.5
2025-03-31,SKU0020,17.1,0.0,18.0,15.5
2025-04-07,SKU0020,12.1,18.5,18.0,15.5
2025-04-14,SKU0020,8.1,18.5,18.0,15.5
2025-04-21,SKU0020,4.1,18.5,18.0,15.5
2025-04-28,SKU0020,14.6,18.5,18.0,15.5
2025-05-05,SKU0020,7.6,18.5,18.0,15.5
2025-05-12,SKU0020,0.6,18.5,18.0,15.5
2025-05-19,SKU0020,13.1,18.5,18.0,15.5
2025-05-26,SKU0020,9.1,18.5,18.0,15.5
2025-06-02,SKU0020,4.1,18.5,18.0,15.5
2025-06-09,SKU0020,19.7,0.0,18.0,15.5
2025-06-16,SKU0020,11.7,18.5,18.0,15.5
2025-06-23,SKU0020,6.7,18.5,18.0,15.5
2025-06-30,SKU0020,3.7,18.5,18.0,15.5
2025-07-07,SKU0020,17.2,0.0,18.0,15.5
2025-07-14,SKU0020,12.2,18.5,18.0,15.5
2025-07-21,SKU0020,9.2,18.5,18.0,15.5
2025-07-28,SKU0020,8.2,18.5,18.0,15.5
2025-08-04,SKU0020,24.7,0.0,18.0,15.5
2025-08-11,SKU0020,19.7,0.0,18.0,15.5
2025-08-18,SKU0020,16.7,0.0,18.0,15.5
2025-08-25,SKU0020,12.7,18.5,18.0,15.5
2025-09-01,SKU0020,9.7,18.5,18.0,15.5
2025-09-08,SKU0020,8.7,18.5,18.0,15.5
2025-09-15,SKU0020,23.2,0.0,18.0,15.5
2025-09-22,SKU0020,20.2,0.0,18.0,15.5
2025-09-29,SKU0020,14.2,18.5,18.0,15.5
2025-10-06,SKU0020,10.2,18.5,18.0,15.5
2025-10-13,SKU0020,7.2,18.5,18.0,15.5
2025-10-20,SKU0020,11.8,18.5,18.0,15.5
2025-10-27,SKU0020,0.0,18.5,18.0,15.5
2025-11-03,SKU0020,0.0,18.5,18.0,15.5
2025-11-10,SKU0020,13.5,18.5,18.0,15.5
2025-11-17,SKU0020,6.5,18.5,18.0,15.5
2025-11-24,SKU0020,0.0,18.5,18.0,15.5
2025-12-01,SKU0020,13.5,18.5,18.0,15.5
2025-12-08,SKU0020,8.5,18.5,18.0,15.5
2025-12-15,SKU0020,0.0,18.5,18.0,15.5
2025-12-22,SKU0020,12.5,18.5,18.0,15.5
2025-12-29,SKU0020,6.5,18.5,18.0,15.5
2026-01-05,SKU0020,0.5,18.5,18.0,15.5
2026-01-12,SKU0020,16.0,0.0,18.0,15.5
2026-01-19,SKU0020,14.0,18.5,18.0,15.5
2026-01-26,SKU0020,9.0,18.5,18.0,15.5
2026-02-02,SKU0020,7.0,18.5,18.0,15.5
2026-02-09,SKU0020,22.6,0.0,18.0,15.5
2026-02-16,SKU0020,18.6,0.0,18.0,15.5
2026-02-23,SKU0020,15.6,0.0,18.0,15.5
2026-03-02,SKU0020,13.6,18.5,18.0,15.5
2026-03-09,SKU0020,9.6,18.5,18.0,15.5
2026-03-16,SKU0020,7.6,18.5,18.0,15.5
2026-03-23,SKU0020,24.1,0.0,18.0,15.5
2026-03-30,SKU0020,19.1,0.0,18.0,15.5
2026-04-06,SKU0020,16.1,0.0,18.0,15.5
2026-04-13,SKU0020,8.1,18.5,18.0,15.5
2026-04-20,SKU0020,1.1,18.5,18.0,15.5
2026-04-27,SKU0020,0.0,18.5,18.0,15.5
2026-05-04,SKU0020,15.5,0.0,18.0,15.5
2026-05-11,SKU0020,6.5,18.5,18.0,15.5
2026-05-18,SKU0020,3.5,18.5,18.0,15.5
2026-05-25,SKU0020,0.0,18.5,18.0,15.5
2026-06-01,SKU0020,17.5,0.0,18.0,15.5
2026-06-08,SKU0020,10.5,18.5,18.0,15.5
2026-06-15,SKU0020,6.5,18.5,18.0,15.5
2026-06-22,SKU0020,0.0,18.5,18.0,15.5
2026-06-29,SKU0020,14.5,18.5,18.0,15.5
2026-07-06,SKU0020,11.5,18.5,18.0,15.5
2026-07-13,SKU0020,10.5,18.5,18.0,15.5
2024-08-12,SKU0021,177.5,228.5,24.0,254.6
2024-08-19,SKU0021,110.5,228.5,24.0,254.6
2024-08-26,SKU0021,60.5,228.5,24.0,254.6
2024-09-02,SKU0021,242.9,228.5,24.0,254.6
2024-09-09,SKU0021,199.9,228.5,24.0,254.6
2024-09-16,SKU0021,154.9,228.5,24.0,254.6
2024-09-23,SKU0021,330.4,0.0,24.0,254.6
2024-09-30,SKU0021,275.4,0.0,24.0,254.6
2024-10-07,SKU0021,197.4,228.5,24.0,254.6
2024-10-14,SKU0021,99.4,228.5,24.0,254.6
2024-10-21,SKU0021,0.0,228.5,24.0,254.6
2024-10-28,SKU0021,113.5,228.5,24.0,254.6
2024-11-04,SKU0021,27.5,228.5,24.0,254.6
2024-11-11,SKU0021,0.0,228.5,24.0,254.6
2024-11-18,SKU0021,169.5,228.5,24.0,254.6
2024-11-25,SKU0021,80.5,228.5,24.0,254.6
2024-12-02,SKU0021,10.5,228.5,24.0,254.6
2024-12-09,SKU0021,179.9,228.5,24.0,254.6
2024-12-16,SKU0021,107.9,228.5,24.0,254.6
2024-12-23,SKU0021,10.9,228.5,24.0,254.6
2024-12-30,SKU0021,154.4,228.5,24.0,254.6
2025-01-06,SKU0021,118.4,228.5,24.0,254.6
2025-01-13,SKU0021,88.4,228.5,24.0,254.6
2025-01-20,SKU0021,274.9,0.0,24.0,254.6
2025-01-27,SKU0021,227.9,228.5,24.0,254.6
2025-02-03,SKU0021,194.9,228.5,24.0,254.6
2025-02-10,SKU0021,152.9,228.5,24.0,254.6
2025-02-17,SKU0021,340.4,0.0,24.0,254.6
2025-02-24,SKU0021,298.4,0.0,24.0,254.6
2025-03-03,SKU0021,253.4,228.5,24.0,254.6
2025-03-10,SKU0021,205.4,228.5,24.0,254.6
2025-03-17,SKU0021,149.4,228.5,24.0,254.6
2025-03-24,SKU0021,335.8,0.0,24.0,254.6
2025-03-31,SKU0021,291.8,0.0,24.0,254.6
2025-04-07,SKU0021,245.8,228.5,24.0,254.6
2025-04-14,SKU0021,193.8,228.5,24.0,254.6
2025-04-21,SKU0021,143.8,228.5,24.0,254.6
2025-04-28,SKU0021,324.3,0.0,24.0,254.6
2025-05-05,SKU0021,276.3,0.0,24.0,254.6
2025-05-12,SKU0021,242.3,228.5,24.0,254.6
2025-05-19,SKU0021,197.3,228.5,24.0,254.6
2025-05-26,SKU0021,159.3,228.5,24.0,254.6
2025-06-02,SKU0021,334.8,0.0,24.0,254.6
2025-06-09,SKU0021,277.8,0.0,24.0,254.6
2025-06-16,SKU0021,193.8,228.5,24.0,254.6
2025-06-23,SKU0021,96.8,228.5,24.0,254.6
2025-06-30,SKU0021,45.8,228.5,24.0,254.6
2025-07-07,SKU0021,209.2,228.5,24.0,254.6
2025-07-14,SKU0021,169.2,228.5,24.0,254.6
2025-07-21,SKU0021,131.2,228.5,24.0,254.6
2025-07-28,SKU0021,304.7,0.0,24.0,254.6
2025-08-04,SKU0021,246.7,228.5,24.0,254.6
2025-08-11,SKU0021,204.7,228.5,24.0,254.6
2025-08-18,SKU0021,156.7,228.5,24.0,254.6
2025-08-25,SKU0021,340.2,0.0,24.0,254.6
2025-09-01,SKU0021,296.2,0.0,24.0,254.6
2025-09-08,SKU0021,245.2,228.5,24.0,254.6
2025-09-15,SKU0021,206.2,228.5,24.0,254.6
2025-09-22,SKU0021,160.2,228.5,24.0,254.6
2025-09-29,SKU0021,335.6,0.0,24.0,254.6
2025-10-06,SKU0021,277.6,0.0,24.0,254.6
2025-10-13,SKU0021,179.6,228.5,24.0,254.6
2025-10-20,SKU0021,62.6,228.5,24.0,254.6
2025-10-27,SKU0021,0.0,228.5,24.0,254.6
2025-11-03,SKU0021,154.5,228.5,24.0,254.6
2025-11-10,SKU0021,94.5,228.5,24.0,254.6
2025-11-17,SKU0021,31.5,228.5,24.0,254.6
2025-11-24,SKU0021,135.9,228.5,24.0,254.6
2025-12-01,SKU0021,68.9,228.5,24.0,254.6
2025-12-08,SKU0021,17.9,228.5,24.0,254.6
2025-12-15,SKU0021,161.4,228.5,24.0,254.6
2025-12-22,SKU0021,59.4,228.5,24.0,254.6
2025-12-29,SKU0021,0.0,228.5,24.0,254.6
2026-01-05,SKU0021,190.5,228.5,24.0,254.6
2026-01-12,SKU0021,137.5,228.5,24.0,254.6
2026-01-19,SKU0021,99.5,228.5,24.0,254.6
2026-01-26,SKU0021,285.9,0.0,24.0,254.6
2026-02-02,SKU0021,257.9,0.0,24.0,254.6
2026-02-09,SKU0021,223.9,228.5,24.0,254.6
2026-02-16,SKU0021,186.9,228.5,24.0,254.6
2026-02-23,SKU0021,135.9,228.5,24.0,254.6
2026-03-02,SKU0021,319.4,0.0,24.0,254.6
2026-03-09,SKU0021,258.4,0.0,24.0,254.6
2026-03-16,SKU0021,215.4,228.5,24.0,254.6
2026-03-23,SKU0021,167.4,228.5,24.0,254.6
2026-03-30,SKU0021,121.4,228.5,24.0,254.6
2026-04-06,SKU0021,304.9,0.0,24.0,254.6
2026-04-13,SKU0021,248.9,228.5,24.0,254.6
2026-04-20,SKU0021,203.9,228.5,24.0,254.6
2026-04-27,SKU0021,148.9,228.5,24.0,254.6
2026-05-04,SKU0021,335.4,0.0,24.0,254.6
2026-05-11,SKU0021,293.4,0.0,24.0,254.6
2026-05-18,SKU0021,242.4,228.5,24.0,254.6
2026-05-25,SKU0021,178.4,228.5,24.0,254.6
2026-06-01,SKU0021,139.4,228.5,24.0,254.6
2026-06-08,SKU0021,329.8,0.0,24.0,254.6
2026-06-15,SKU0021,268.8,0.0,24.0,254.6
2026-06-22,SKU0021,189.8,228.5,24.0,254.6
2026-06-29,SKU0021,146.8,228.5,24.0,254.6
2026-07-06,SKU0021,91.8,228.5,24.0,254.6
2026-07-13,SKU0021,269.3,0.0,24.0,254.6
2026-05-18,SKU0022,191.8,0.0,15.0,169.1
2026-05-25,SKU0022,146.8,242.8,15.0,169.1
2026-06-01,SKU0022,89.8,242.8,15.0,169.1
2026-06-08,SKU0022,274.6,0.0,15.0,169.1
2026-06-15,SKU0022,202.6,0.0,15.0,169.1
2026-06-22,SKU0022,110.6,242.8,15.0,169.1
2026-06-29,SKU0022,41.6,242.8,15.0,169.1
2026-07-06,SKU0022,227.4,0.0,15.0,169.1
2026-07-13,SKU0022,170.4,0.0,15.0,169.1
2026-03-09,SKU0023,184.6,0.0,15.0,180.8
2026-03-16,SKU0023,118.6,259.6,15.0,180.8
2026-03-23,SKU0023,70.6,259.6,15.0,180.8
2026-03-30,SKU0023,261.2,0.0,15.0,180.8
2026-04-06,SKU0023,191.2,0.0,15.0,180.8
2026-04-13,SKU0023,134.2,259.6,15.0,180.8
2026-04-20,SKU0023,71.2,259.6,15.0,180.8
2026-04-27,SKU0023,263.8,0.0,15.0,180.8
2026-05-04,SKU0023,208.8,0.0,15.0,180.8
2026-05-11,SKU0023,150.8,259.6,15.0,180.8
2026-05-18,SKU0023,76.8,259.6,15.0,180.8
2026-05-25,SKU0023,260.4,0.0,15.0,180.8
2026-06-01,SKU0023,201.4,0.0,15.0,180.8
2026-06-08,SKU0023,141.4,259.6,15.0,180.8
2026-06-15,SKU0023,54.4,259.6,15.0,180.8
2026-06-22,SKU0023,225.0,0.0,15.0,180.8
2026-06-29,SKU0023,151.0,259.6,15.0,180.8
2026-07-06,SKU0023,86.0,259.6,15.0,180.8
2026-07-13,SKU0023,271.6,0.0,15.0,180.8
2024-07-22,SKU0024,13.5,0.0,8.0,6.9
2024-07-29,SKU0024,10.5,0.0,8.0,6.9
2024-08-05,SKU0024,4.5,18.5,8.0,6.9
2024-08-12,SKU0024,22.0,0.0,8.0,6.9
2024-08-19,SKU0024,13.0,0.0,8.0,6.9
2024-08-26,SKU0024,8.0,0.0,8.0,6.9
2024-09-02,SKU0024,5.0,18.5,8.0,6.9
2024-09-09,SKU0024,21.5,0.0,8.0,6.9
2024-09-16,SKU0024,17.5,0.0,8.0,6.9
2024-09-23,SKU0024,12.5,0.0,8.0,6.9
2024-09-30,SKU0024,5.5,18.5,8.0,6.9
2024-10-07,SKU0024,19.1,0.0,8.0,6.9
2024-10-14,SKU0024,6.1,18.5,8.0,6.9
2024-10-21,SKU0024,14.6,0.0,8.0,6.9
2024-10-28,SKU0024,1.6,18.5,8.0,6.9
2024-11-04,SKU0024,13.1,0.0,8.0,6.9
2024-11-11,SKU0024,7.1,0.0,8.0,6.9
2024-11-18,SKU0024,6.1,18.5,8.0,6.9
2024-11-25,SKU0024,17.6,0.0,8.0,6.9
2024-12-02,SKU0024,11.6,0.0,8.0,6.9
2024-12-09,SKU0024,5.6,18.5,8.0,6.9
2024-12-16,SKU0024,20.1,0.0,8.0,6.9
2024-12-23,SKU0024,11.1,0.0,8.0,6.9
2024-12-30,SKU0024,9.1,0.0,8.0,6.9
2025-01-06,SKU0024,5.1,18.5,8.0,6.9
2025-01-13,SKU0024,15.6,0.0,8.0,6.9
2025-01-20,SKU0024,15.6,0.0,8.0,6.9
2025-01-27,SKU0024,8.6,0.0,8.0,6.9
2025-02-03,SKU0024,4.6,18.5,8.0,6.9
2025-02-10,SKU0024,19.1,0.0,8.0,6.9
2025-02-17,SKU0024,16.1,0.0,8.0,6.9
2025-02-24,SKU0024,12.1,0.0,8.0,6.9
2025-03-03,SKU0024,9.1,0.0,8.0,6.9
2025-03-10,SKU0024,8.1,0.0,8.0,6.9
2025-03-17,SKU0024,1.1,18.5,8.0,6.9
2025-03-24,SKU0024,14.7,0.0,8.0,6.9
2025-03-31,SKU0024,15.7,0.0,8.0,6.9
2025-04-07,SKU0024,10.7,0.0,8.0,6.9
2025-04-14,SKU0024,3.7,18.5,8.0,6.9
2025-04-21,SKU0024,18.2,0.0,8.0,6.9
2025-04-28,SKU0024,15.2,0.0,8.0,6.9
2025-05-05,SKU0024,10.2,0.0,8.0,6.9
2025-05-12,SKU0024,4.2,18.5,8.0,6.9
2025-05-19,SKU0024,17.7,0.0,8.0,6.9
2025-05-26,SKU0024,12.7,0.0,8.0,6.9
2025-06-02,SKU0024,8.7,0.0,8.0,6.9
2025-06-09,SKU0024,2.7,18.5,8.0,6.9
2025-06-16,SKU0024,15.2,0.0,8.0,6.9
2025-06-23,SKU0024,8.2,0.0,8.0,6.9
2025-06-30,SKU0024,7.2,0.0,8.0,6.9
2025-07-07,SKU0024,1.2,18.5,8.0,6.9
2025-07-14,SKU0024,17.7,0.0,8.0,6.9
2025-07-21,SKU0024,16.7,0.0,8.0,6.9
2025-07-28,SKU0024,12.7,0.0,8.0,6.9
2025-08-04,SKU0024,11.7,0.0,8.0,6.9
2025-08-11,SKU0024,7.7,0.0,8.0,6.9
2025-08-18,SKU0024,4.7,18.5,8.0,6.9
2025-08-25,SKU0024,18.2,0.0,8.0,6.9
2025-09-01,SKU0024,14.2,0.0,8.0,6.9
2025-09-08,SKU0024,13.2,0.0,8.0,6.9
2025-09-15,SKU0024,9.2,0.0,8.0,6.9
2025-09-22,SKU0024,4.2,18.5,8.0,6.9
2025-09-29,SKU0024,13.7,0.0,8.0,6.9
2025-10-06,SKU0024,9.7,0.0,8.0,6.9
2025-10-13,SKU0024,2.7,18.5,8.0,6.9
2025-10-20,SKU0024,17.3,0.0,8.0,6.9
2025-10-27,SKU0024,11.3,0.0,8.0,6.9
2025-11-03,SKU0024,8.3,0.0,8.0,6.9
2025-11-10,SKU0024,4.3,18.5,8.0,6.9
2025-11-17,SKU0024,20.8,0.0,8.0,6.9
2025-11-24,SKU0024,4.8,18.5,8.0,6.9
2025-12-01,SKU0024,17.3,0.0,8.0,6.9
2025-12-08,SKU0024,10.3,0.0,8.0,6.9
2025-12-15,SKU0024,0.0,18.5,8.0,6.9
2025-12-22,SKU0024,16.5,0.0,8.0,6.9
2025-12-29,SKU0024,13.5,0.0,8.0,6.9
2026-01-05,SKU0024,9.5,0.0,8.0,6.9
2026-01-12,SKU0024,8.5,0.0,8.0,6.9
2026-01-19,SKU0024,7.5,0.0,8.0,6.9
2026-01-26,SKU0024,0.5,18.5,8.0,6.9
2026-02-02,SKU0024,16.0,0.0,8.0,6.9
2026-02-09,SKU0024,10.0,0.0,8.0,6.9
2026-02-16,SKU0024,10.0,0.0,8.0,6.9
2026-02-23,SKU0024,7.0,0.0,8.0,6.9
2026-03-02,SKU0024,7.0,0.0,8.0,6.9
2026-03-09,SKU0024,3.0,18.5,8.0,6.9
2026-03-16,SKU0024,16.5,0.0,8.0,6.9
2026-03-23,SKU0024,10.5,0.0,8.0,6.9
2026-03-30,SKU0024,7.5,0.0,8.0,6.9
2026-04-06,SKU0024,1.5,18.5,8.0,6.9
2026-04-13,SKU0024,16.1,0.0,8.0,6.9
2026-04-20,SKU0024,14.1,0.0,8.0,6.9
2026-04-27,SKU0024,11.1,0.0,8.0,6.9
2026-05-04,SKU0024,6.1,18.5,8.0,6.9
2026-05-11,SKU0024,21.6,0.0,8.0,6.9
2026-05-18,SKU0024,18.6,0.0,8.0,6.9
2026-05-25,SKU0024,12.6,0.0,8.0,6.9
2026-06-01,SKU0024,8.6,0.0,8.0,6.9
2026-06-08,SKU0024,6.6,18.5,8.0,6.9
2026-06-15,SKU0024,18.1,0.0,8.0,6.9
2026-06-22,SKU0024,11.1,0.0,8.0,6.9
2026-06-29,SKU0024,8.1,0.0,8.0,6.9
2026-07-06,SKU0024,4.1,18.5,8.0,6.9
2026-07-13,SKU0024,16.6,0.0,8.0,6.9
2026-03-09,SKU0025,81.2,99.2,18.0,82.9
2026-03-16,SKU0025,54.2,99.2,18.0,82.9
2026-03-23,SKU0025,20.2,99.2,18.0,82.9
2026-03-30,SKU0025,96.4,0.0,18.0,82.9
2026-04-06,SKU0025,78.4,99.2,18.0,82.9
2026-04-13,SKU0025,57.4,99.2,18.0,82.9
2026-04-20,SKU0025,34.4,99.2,18.0,82.9
2026-04-27,SKU0025,119.6,0.0,18.0,82.9
2026-05-04,SKU0025,90.6,0.0,18.0,82.9
2026-05-11,SKU0025,63.6,99.2,18.0,82.9
2026-05-18,SKU0025,39.6,99.2,18.0,82.9
2026-05-25,SKU0025,16.6,99.2,18.0,82.9
2026-06-01,SKU0025,88.8,0.0,18.0,82.9
2026-06-08,SKU0025,64.8,99.2,18.0,82.9
2026-06-15,SKU0025,26.8,99.2,18.0,82.9
2026-06-22,SKU0025,0.0,99.2,18.0,82.9
2026-06-29,SKU0025,80.2,99.2,18.0,82.9
2026-07-06,SKU0025,59.2,99.2,18.0,82.9
2026-07-13,SKU0025,35.2,99.2,18.0,82.9
2024-07-29,SKU0026,4.8,6.8,34.0,10.7
2024-08-05,SKU0026,2.8,6.8,34.0,10.7
2024-08-12,SKU0026,0.8,6.8,34.0,10.7
2024-08-19,SKU0026,0.0,6.8,34.0,10.7
2024-08-26,SKU0026,0.0,6.8,34.0,10.7
2024-09-02,SKU0026,5.8,6.8,34.0,10.7
2024-09-09,SKU0026,5.8,6.8,34.0,10.7
2024-09-16,SKU0026,5.8,6.8,34.0,10.7
2024-09-23,SKU0026,3.8,6.8,34.0,10.7
2024-09-30,SKU0026,0.0,6.8,34.0,10.7
2024-10-07,SKU0026,4.8,6.8,34.0,10.7
2024-10-14,SKU0026,0.0,6.8,34.0,10.7
2024-10-21,SKU0026,0.0,6.8,34.0,10.7
2024-10-28,SKU0026,0.0,6.8,34.0,10.7
2024-11-04,SKU0026,0.0,6.8,34.0,10.7
2024-11-11,SKU0026,4.8,6.8,34.0,10.7
2024-11-18,SKU0026,3.8,6.8,34.0,10.7
2024-11-25,SKU0026,1.8,6.8,34.0,10.7
2024-12-02,SKU0026,0.0,6.8,34.0,10.7
2024-12-09,SKU0026,0.0,6.8,34.0,10.7
2024-12-16,SKU0026,5.8,6.8,34.0,10.7
2024-12-23,SKU0026,2.8,6.8,34.0,10.7
2024-12-30,SKU0026,0.0,6.8,34.0,10.7
2025-01-06,SKU0026,0.0,6.8,34.0,10.7
2025-01-13,SKU0026,0.0,6.8,34.0,10.7
2025-01-20,SKU0026,5.8,6.8,34.0,10.7
2025-01-27,SKU0026,4.8,6.8,34.0,10.7
2025-02-03,SKU0026,1.8,6.8,34.0,10.7
2025-02-10,SKU0026,1.8,6.8,34.0,10.7
2025-02-17,SKU0026,0.0,6.8,34.0,10.7
2025-02-24,SKU0026,6.8,6.8,34.0,10.7
2025-03-03,SKU0026,3.8,6.8,34.0,10.7
2025-03-10,SKU0026,2.8,6.8,34.0,10.7
2025-03-17,SKU0026,2.8,6.8,34.0,10.7
2025-03-24,SKU0026,2.8,6.8,34.0,10.7
2025-03-31,SKU0026,9.6,6.8,34.0,10.7
2025-04-07,SKU0026,7.6,6.8,34.0,10.7
2025-04-14,SKU0026,6.6,6.8,34.0,10.7
2025-04-21,SKU0026,4.6,6.8,34.0,10.7
2025-04-28,SKU0026,3.6,6.8,34.0,10.7
2025-05-05,SKU0026,10.4,6.8,34.0,10.7
2025-05-12,SKU0026,8.4,6.8,34.0,10.7
2025-05-19,SKU0026,6.4,6.8,34.0,10.7
2025-05-26,SKU0026,3.4,6.8,34.0,10.7
2025-06-02,SKU0026,2.4,6.8,34.0,10.7
2025-06-09,SKU0026,4.2,6.8,34.0,10.7
2025-06-16,SKU0026,3.2,6.8,34.0,10.7
2025-06-23,SKU0026,2.2,6.8,34.0,10.7
2025-06-30,SKU0026,2.2,6.8,34.0,10.7
2025-07-07,SKU0026,1.2,6.8,34.0,10.7
2025-07-14,SKU0026,5.0,6.8,34.0,10.7
2025-07-21,SKU0026,4.0,6.8,34.0,10.7
2025-07-28,SKU0026,3.0,6.8,34.0,10.7
2025-08-04,SKU0026,0.0,6.8,34.0,10.7
2025-08-11,SKU0026,0.0,6.8,34.0,10.7
2025-08-18,SKU0026,4.8,6.8,34.0,10.7
2025-08-25,SKU0026,4.8,6.8,34.0,10.7
2025-09-01,SKU0026,3.8,6.8,34.0,10.7
2025-09-08,SKU0026,1.8,6.8,34.0,10.7
2025-09-15,SKU0026,0.8,6.8,34.0,10.7
2025-09-22,SKU0026,6.6,6.8,34.0,10.7
2025-09-29,SKU0026,2.6,6.8,34.0,10.7
2025-10-06,SKU0026,2.6,6.8,34.0,10.7
2025-10-13,SKU0026,0.0,6.8,34.0,10.7
2025-10-20,SKU0026,0.0,6.8,34.0,10.7
2025-10-27,SKU0026,1.8,6.8,34.0,10.7
2025-11-03,SKU0026,0.0,6.8,34.0,10.7
2025-11-10,SKU0026,0.0,6.8,34.0,10.7
2025-11-17,SKU0026,0.0,6.8,34.0,10.7
2025-11-24,SKU0026,0.0,6.8,34.0,10.7
2025-12-01,SKU0026,4.8,6.8,34.0,10.7
2025-12-08,SKU0026,2.8,6.8,34.0,10.7
2025-12-15,SKU0026,2.8,6.8,34.0,10.7
2025-12-22,SKU0026,0.0,6.8,34.0,10.7
2025-12-29,SKU0026,0.0,6.8,34.0,10.7
2026-01-05,SKU0026,6.8,6.8,34.0,10.7
2026-01-12,SKU0026,4.8,6.8,34.0,10.7
2026-01-19,SKU0026,3.8,6.8,34.0,10.7
2026-01-26,SKU0026,2.8,6.8,34.0,10.7
2026-02-02,SKU0026,0.8,6.8,34.0,10.7
2026-02-09,SKU0026,6.6,6.8,34.0,10.7
2026-02-16,SKU0026,4.6,6.8,34.0,10.7
2026-02-23,SKU0026,3.6,6.8,34.0,10.7
2026-03-02,SKU0026,1.6,6.8,34.0,10.7
2026-03-09,SKU0026,0.0,6.8,34.0,10.7
2026-03-16,SKU0026,6.8,6.8,34.0,10.7
2026-03-23,SKU0026,4.8,6.8,34.0,10.7
2026-03-30,SKU0026,2.8,6.8,34.0,10.7
2026-04-06,SKU0026,1.8,6.8,34.0,10.7
2026-04-13,SKU0026,0.0,6.8,34.0,10.7
2026-04-20,SKU0026,5.8,6.8,34.0,10.7
2026-04-27,SKU0026,4.8,6.8,34.0,10.7
2026-05-04,SKU0026,1.8,6.8,34.0,10.7
2026-05-11,SKU0026,0.8,6.8,34.0,10.7
2026-05-18,SKU0026,0.0,6.8,34.0,10.7
2026-05-25,SKU0026,4.8,6.8,34.0,10.7
2026-06-01,SKU0026,4.8,6.8,34.0,10.7
2026-06-08,SKU0026,4.8,6.8,34.0,10.7
2026-06-15,SKU0026,2.8,6.8,34.0,10.7
2026-06-22,SKU0026,0.0,6.8,34.0,10.7
2026-06-29,SKU0026,5.8,6.8,34.0,10.7
2026-07-06,SKU0026,5.8,6.8,34.0,10.7
2026-07-13,SKU0026,4.8,6.8,34.0,10.7
2024-07-22,SKU0027,151.5,0.0,13.0,104.7
2024-07-29,SKU0027,125.5,0.0,13.0,104.7
2024-08-05,SKU0027,89.5,173.5,13.0,104.7
2024-08-12,SKU0027,45.5,173.5,13.0,104.7
2024-08-19,SKU0027,185.0,0.0,13.0,104.7
2024-08-26,SKU0027,156.0,0.0,13.0,104.7
2024-09-02,SKU0027,139.0,0.0,13.0,104.7
2024-09-09,SKU0027,114.0,0.0,13.0,104.7
2024-09-16,SKU0027,71.0,173.5,13.0,104.7
2024-09-23,SKU0027,32.0,173.5,13.0,104.7
2024-09-30,SKU0027,157.5,0.0,13.0,104.7
2024-10-07,SKU0027,99.5,173.5,13.0,104.7
2024-10-14,SKU0027,26.5,173.5,13.0,104.7
2024-10-21,SKU0027,128.9,0.0,13.0,104.7
2024-10-28,SKU0027,72.9,173.5,13.0,104.7
2024-11-04,SKU0027,28.9,173.5,13.0,104.7
2024-11-11,SKU0027,159.4,0.0,13.0,104.7
2024-11-18,SKU0027,105.4,0.0,13.0,104.7
2024-11-25,SKU0027,41.4,173.5,13.0,104.7
2024-12-02,SKU0027,0.0,173.5,13.0,104.7
2024-12-09,SKU0027,127.5,0.0,13.0,104.7
2024-12-16,SKU0027,64.5,173.5,13.0,104.7
2024-12-23,SKU0027,0.0,173.5,13.0,104.7
2024-12-30,SKU0027,117.5,0.0,13.0,104.7
2025-01-06,SKU0027,80.5,173.5,13.0,104.7
2025-01-13,SKU0027,51.5,173.5,13.0,104.7
2025-01-20,SKU0027,194.0,0.0,13.0,104.7
2025-01-27,SKU0027,154.0,0.0,13.0,104.7
2025-02-03,SKU0027,121.0,0.0,13.0,104.7
2025-02-10,SKU0027,78.0,173.5,13.0,104.7
2025-02-17,SKU0027,43.0,173.5,13.0,104.7
2025-02-24,SKU0027,189.5,0.0,13.0,104.7
2025-03-03,SKU0027,147.5,0.0,13.0,104.7
2025-03-10,SKU0027,107.5,0.0,13.0,104.7
2025-03-17,SKU0027,70.5,173.5,13.0,104.7
2025-03-24,SKU0027,38.5,173.5,13.0,104.7
2025-03-31,SKU0027,174.9,0.0,13.0,104.7
2025-04-07,SKU0027,147.9,0.0,13.0,104.7
2025-04-14,SKU0027,109.9,0.0,13.0,104.7
2025-04-21,SKU0027,92.9,173.5,13.0,104.7
2025-04-28,SKU0027,61.9,173.5,13.0,104.7
2025-05-05,SKU0027,190.4,0.0,13.0,104.7
2025-05-12,SKU0027,142.4,0.0,13.0,104.7
2025-05-19,SKU0027,103.4,173.5,13.0,104.7
2025-05-26,SKU0027,66.4,173.5,13.0,104.7
2025-06-02,SKU0027,204.9,0.0,13.0,104.7
2025-06-09,SKU0027,153.9,0.0,13.0,104.7
2025-06-16,SKU0027,89.9,173.5,13.0,104.7
2025-06-23,SKU0027,39.9,173.5,13.0,104.7
2025-06-30,SKU0027,176.4,0.0,13.0,104.7
2025-07-07,SKU0027,125.4,0.0,13.0,104.7
2025-07-14,SKU0027,87.4,173.5,13.0,104.7
2025-07-21,SKU0027,50.4,173.5,13.0,104.7
2025-07-28,SKU0027,192.9,0.0,13.0,104.7
2025-08-04,SKU0027,153.9,0.0,13.0,104.7
2025-08-11,SKU0027,119.9,0.0,13.0,104.7
2025-08-18,SKU0027,85.9,173.5,13.0,104.7
2025-08-25,SKU0027,49.9,173.5,13.0,104.7
2025-09-01,SKU0027,201.4,0.0,13.0,104.7
2025-09-08,SKU0027,161.4,0.0,13.0,104.7
2025-09-15,SKU0027,130.4,0.0,13.0,104.7
2025-09-22,SKU0027,90.4,173.5,13.0,104.7
2025-09-29,SKU0027,35.4,173.5,13.0,104.7
2025-10-06,SKU0027,152.9,0.0,13.0,104.7
2025-10-13,SKU0027,86.9,173.5,13.0,104.7
2025-10-20,SKU0027,1.9,173.5,13.0,104.7
2025-10-27,SKU0027,70.3,173.5,13.0,104.7
2025-11-03,SKU0027,13.3,173.5,13.0,104.7
2025-11-10,SKU0027,143.8,0.0,13.0,104.7
2025-11-17,SKU0027,85.8,173.5,13.0,104.7
2025-11-24,SKU0027,11.8,173.5,13.0,104.7
2025-12-01,SKU0027,128.3,0.0,13.0,104.7
2025-12-08,SKU0027,68.3,173.5,13.0,104.7
2025-12-15,SKU0027,0.0,173.5,13.0,104.7
2025-12-22,SKU0027,72.5,173.5,13.0,104.7
2025-12-29,SKU0027,8.5,173.5,13.0,104.7
2026-01-05,SKU0027,146.0,0.0,13.0,104.7
2026-01-12,SKU0027,105.0,0.0,13.0,104.7
2026-01-19,SKU0027,62.0,173.5,13.0,104.7
2026-01-26,SKU0027,31.0,173.5,13.0,104.7
2026-02-02,SKU0027,175.5,0.0,13.0,104.7
2026-02-09,SKU0027,150.5,0.0,13.0,104.7
2026-02-16,SKU0027,125.5,0.0,13.0,104.7
2026-02-23,SKU0027,99.5,173.5,13.0,104.7
2026-03-02,SKU0027,67.5,173.5,13.0,104.7
2026-03-09,SKU0027,203.9,0.0,13.0,104.7
2026-03-16,SKU0027,160.9,0.0,13.0,104.7
2026-03-23,SKU0027,114.9,0.0,13.0,104.7
2026-03-30,SKU0027,80.9,173.5,13.0,104.7
2026-04-06,SKU0027,47.9,173.5,13.0,104.7
2026-04-13,SKU0027,192.4,0.0,13.0,104.7
2026-04-20,SKU0027,162.4,0.0,13.0,104.7
2026-04-27,SKU0027,109.4,0.0,13.0,104.7
2026-05-04,SKU0027,62.4,173.5,13.0,104.7
2026-05-11,SKU0027,19.4,173.5,13.0,104.7
2026-05-18,SKU0027,151.9,0.0,13.0,104.7
2026-05-25,SKU0027,114.9,0.0,13.0,104.7
2026-06-01,SKU0027,75.9,173.5,13.0,104.7
2026-06-08,SKU0027,34.9,173.5,13.0,104.7
2026-06-15,SKU0027,157.4,0.0,13.0,104.7
2026-06-22,SKU0027,106.4,0.0,13.0,104.7
2026-06-29,SKU0027,73.4,173.5,13.0,104.7
2026-07-06,SKU0027,41.4,173.5,13.0,104.7
2026-07-13,SKU0027,175.9,0.0,13.0,104.7
2024-07-22,SKU0028,132.0,159.0,43.0,317.5
2024-07-29,SKU0028,115.0,159.0,43.0,317.5
2024-08-05,SKU0028,85.0,159.0,43.0,317.5
2024-08-12,SKU0028,39.0,159.0,43.0,317.5
2024-08-19,SKU0028,4.0,159.0,43.0,317.5
2024-08-26,SKU0028,0.0,159.0,43.0,317.5
2024-09-02,SKU0028,128.0,159.0,43.0,317.5
2024-09-09,SKU0028,90.0,159.0,43.0,317.5
2024-09-16,SKU0028,58.0,159.0,43.0,317.5
2024-09-23,SKU0028,31.0,159.0,43.0,317.5
2024-09-30,SKU0028,0.0,159.0,43.0,317.5
2024-10-07,SKU0028,0.0,159.0,43.0,317.5
2024-10-14,SKU0028,75.0,159.0,43.0,317.5
2024-10-21,SKU0028,31.0,159.0,43.0,317.5
2024-10-28,SKU0028,0.0,159.0,43.0,317.5
2024-11-04,SKU0028,0.0,159.0,43.0,317.5
2024-11-11,SKU0028,0.0,159.0,43.0,317.5
2024-11-18,SKU0028,0.0,159.0,43.0,317.5
2024-11-25,SKU0028,94.0,159.0,43.0,317.5
2024-12-02,SKU0028,39.0,159.0,43.0,317.5
2024-12-09,SKU0028,5.0,159.0,43.0,317.5
2024-12-16,SKU0028,0.0,159.0,43.0,317.5
2024-12-23,SKU0028,0.0,159.0,43.0,317.5
2024-12-30,SKU0028,0.0,159.0,43.0,317.5
2025-01-06,SKU0028,119.0,159.0,43.0,317.5
2025-01-13,SKU0028,86.0,159.0,43.0,317.5
2025-01-20,SKU0028,63.0,159.0,43.0,317.5
2025-01-27,SKU0028,37.0,159.0,43.0,317.5
2025-02-03,SKU0028,4.0,159.0,43.0,317.5
2025-02-10,SKU0028,0.0,159.0,43.0,317.5
2025-02-17,SKU0028,137.0,159.0,43.0,317.5
2025-02-24,SKU0028,110.0,159.0,43.0,317.5
2025-03-03,SKU0028,76.0,159.0,43.0,317.5
2025-03-10,SKU0028,40.0,159.0,43.0,317.5
2025-03-17,SKU0028,0.0,159.0,43.0,317.5
2025-03-24,SKU0028,0.0,159.0,43.0,317.5
2025-03-31,SKU0028,132.0,159.0,43.0,317.5
2025-04-07,SKU0028,104.0,159.0,43.0,317.5
2025-04-14,SKU0028,75.0,159.0,43.0,317.5
2025-04-21,SKU0028,41.0,159.0,43.0,317.5
2025-04-28,SKU0028,2.0,159.0,43.0,317.5
2025-05-05,SKU0028,0.0,159.0,43.0,317.5
2025-05-12,SKU0028,109.0,159.0,43.0,317.5
2025-05-19,SKU0028,75.0,159.0,43.0,317.5
2025-05-26,SKU0028,50.0,159.0,43.0,317.5
2025-06-02,SKU0028,21.0,159.0,43.0,317.5
2025-06-09,SKU0028,0.0,159.0,43.0,317.5
2025-06-16,SKU0028,0.0,159.0,43.0,317.5
2025-06-23,SKU0028,104.0,159.0,43.0,317.5
2025-06-30,SKU0028,68.0,159.0,43.0,317.5
2025-07-07,SKU0028,39.0,159.0,43.0,317.5
2025-07-14,SKU0028,8.0,159.0,43.0,317.5
2025-07-21,SKU0028,0.0,159.0,43.0,317.5
2025-07-28,SKU0028,0.0,159.0,43.0,317.5
2025-08-04,SKU0028,131.0,159.0,43.0,317.5
2025-08-11,SKU0028,98.0,159.0,43.0,317.5
2025-08-18,SKU0028,72.0,159.0,43.0,317.5
2025-08-25,SKU0028,37.0,159.0,43.0,317.5
2025-09-01,SKU0028,1.0,159.0,43.0,317.5
2025-09-08,SKU0028,0.0,159.0,43.0,317.5
2025-09-15,SKU0028,135.0,159.0,43.0,317.5
2025-09-22,SKU0028,95.0,159.0,43.0,317.5
2025-09-29,SKU0028,53.0,159.0,43.0,317.5
2025-10-06,SKU0028,10.0,159.0,43.0,317.5
2025-10-13,SKU0028,0.0,159.0,43.0,317.5
2025-10-20,SKU0028,0.0,159.0,43.0,317.5
2025-10-27,SKU0028,81.0,159.0,43.0,317.5
2025-11-03,SKU0028,26.0,159.0,43.0,317.5
2025-11-10,SKU0028,0.0,159.0,43.0,317.5
2025-11-17,SKU0028,0.0,159.0,43.0,317.5
2025-11-24,SKU0028,0.0,159.0,43.0,317.5
2025-12-01,SKU0028,0.0,159.0,43.0,317.5
2025-12-08,SKU0028,107.0,159.0,43.0,317.5
2025-12-15,SKU0028,47.0,159.0,43.0,317.5
2025-12-22,SKU0028,0.0,159.0,43.0,317.5
2025-12-29,SKU0028,0.0,159.0,43.0,317.5
2026-01-05,SKU0028,0.0,159.0,43.0,317.5
2026-01-12,SKU0028,0.0,159.0,43.0,317.5
2026-01-19,SKU0028,132.0,159.0,43.0,317.5
2026-01-26,SKU0028,100.0,159.0,43.0,317.5
2026-02-02,SKU0028,71.0,159.0,43.0,317.5
2026-02-09,SKU0028,36.0,159.0,43.0,317.5
2026-02-16,SKU0028,5.0,159.0,43.0,317.5
2026-02-23,SKU0028,0.0,159.0,43.0,317.5
2026-03-02,SKU0028,126.0,159.0,43.0,317.5
2026-03-09,SKU0028,80.0,159.0,43.0,317.5
2026-03-16,SKU0028,49.0,159.0,43.0,317.5
2026-03-23,SKU0028,23.0,159.0,43.0,317.5
2026-03-30,SKU0028,0.0,159.0,43.0,317.5
2026-04-06,SKU0028,0.0,159.0,43.0,317.5
2026-04-13,SKU0028,127.0,159.0,43.0,317.5
2026-04-20,SKU0028,90.0,159.0,43.0,317.5
2026-04-27,SKU0028,66.0,159.0,43.0,317.5
2026-05-04,SKU0028,20.0,159.0,43.0,317.5
2026-05-11,SKU0028,0.0,159.0,43.0,317.5
2026-05-18,SKU0028,0.0,159.0,43.0,317.5
2026-05-25,SKU0028,136.0,159.0,43.0,317.5
2026-06-01,SKU0028,111.0,159.0,43.0,317.5
2026-06-08,SKU0028,69.0,159.0,43.0,317.5
2026-06-15,SKU0028,8.0,159.0,43.0,317.5
2026-06-22,SKU0028,0.0,159.0,43.0,317.5
2026-06-29,SKU0028,0.0,159.0,43.0,317.5
2026-07-06,SKU0028,130.0,159.0,43.0,317.5
2026-07-13,SKU0028,99.0,159.0,43.0,317.5
2024-08-05,SKU0029,357.3,447.3,43.0,893.0
2024-08-12,SKU0029,282.3,447.3,43.0,893.0
2024-08-19,SKU0029,189.3,447.3,43.0,893.0
2024-08-26,SKU0029,93.3,447.3,43.0,893.0
2024-09-02,SKU0029,28.3,447.3,43.0,893.0
2024-09-09,SKU0029,0.0,447.3,43.0,893.0
2024-09-16,SKU0029,364.3,447.3,43.0,893.0
2024-09-23,SKU0029,264.3,447.3,43.0,893.0
2024-09-30,SKU0029,146.3,447.3,43.0,893.0
2024-10-07,SKU0029,21.3,447.3,43.0,893.0
2024-10-14,SKU0029,0.0,447.3,43.0,893.0
2024-10-21,SKU0029,0.0,447.3,43.0,893.0
2024-10-28,SKU0029,252.3,447.3,43.0,893.0
2024-11-04,SKU0029,85.3,447.3,43.0,893.0
2024-11-11,SKU0029,0.0,447.3,43.0,893.0
2024-11-18,SKU0029,0.0,447.3,43.0,893.0
2024-11-25,SKU0029,0.0,447.3,43.0,893.0
2024-12-02,SKU0029,0.0,447.3,43.0,893.0
2024-12-09,SKU0029,317.3,447.3,43.0,893.0
2024-12-16,SKU0029,76.3,447.3,43.0,893.0
2024-12-23,SKU0029,0.0,447.3,43.0,893.0
2024-12-30,SKU0029,0.0,447.3,43.0,893.0
2025-01-06,SKU0029,0.0,447.3,43.0,893.0
2025-01-13,SKU0029,0.0,447.3,43.0,893.0
2025-01-20,SKU0029,357.3,447.3,43.0,893.0
2025-01-27,SKU0029,270.3,447.3,43.0,893.0
2025-02-03,SKU0029,185.3,447.3,43.0,893.0
2025-02-10,SKU0029,101.3,447.3,43.0,893.0
2025-02-17,SKU0029,32.3,447.3,43.0,893.0
2025-02-24,SKU0029,0.0,447.3,43.0,893.0
2025-03-03,SKU0029,364.3,447.3,43.0,893.0
2025-03-10,SKU0029,271.3,447.3,43.0,893.0
2025-03-17,SKU0029,170.3,447.3,43.0,893.0
2025-03-24,SKU0029,97.3,447.3,43.0,893.0
2025-03-31,SKU0029,8.3,447.3,43.0,893.0
2025-04-07,SKU0029,0.0,447.3,43.0,893.0
2025-04-14,SKU0029,358.3,447.3,43.0,893.0
2025-04-21,SKU0029,246.3,447.3,43.0,893.0
2025-04-28,SKU0029,157.3,447.3,43.0,893.0
2025-05-05,SKU0029,50.3,447.3,43.0,893.0
2025-05-12,SKU0029,0.0,447.3,43.0,893.0
2025-05-19,SKU0029,0.0,447.3,43.0,893.0
2025-05-26,SKU0029,344.3,447.3,43.0,893.0
2025-06-02,SKU0029,236.3,447.3,43.0,893.0
2025-06-09,SKU0029,143.3,447.3,43.0,893.0
2025-06-16,SKU0029,1.3,447.3,43.0,893.0
2025-06-23,SKU0029,0.0,447.3,43.0,893.0
2025-06-30,SKU0029,0.0,447.3,43.0,893.0
2025-07-07,SKU0029,344.3,447.3,43.0,893.0
2025-07-14,SKU0029,257.3,447.3,43.0,893.0
2025-07-21,SKU0029,151.3,447.3,43.0,893.0
2025-07-28,SKU0029,64.3,447.3,43.0,893.0
2025-08-04,SKU0029,0.0,447.3,43.0,893.0
2025-08-11,SKU0029,0.0,447.3,43.0,893.0
2025-08-18,SKU0029,341.3,447.3,43.0,893.0
2025-08-25,SKU0029,250.3,447.3,43.0,893.0
2025-09-01,SKU0029,169.3,447.3,43.0,893.0
2025-09-08,SKU0029,71.3,447.3,43.0,893.0
2025-09-15,SKU0029,0.0,447.3,43.0,893.0
2025-09-22,SKU0029,0.0,447.3,43.0,893.0
2025-09-29,SKU0029,330.3,447.3,43.0,893.0
2025-10-06,SKU0029,195.3,447.3,43.0,893.0
2025-10-13,SKU0029,11.3,447.3,43.0,893.0
2025-10-20,SKU0029,0.0,447.3,43.0,893.0
2025-10-27,SKU0029,0.0,447.3,43.0,893.0
2025-11-03,SKU0029,0.0,447.3,43.0,893.0
2025-11-10,SKU0029,318.3,447.3,43.0,893.0
2025-11-17,SKU0029,184.3,447.3,43.0,893.0
2025-11-24,SKU0029,0.0,447.3,43.0,893.0
2025-12-01,SKU0029,0.0,447.3,43.0,893.0
2025-12-08,SKU0029,0.0,447.3,43.0,893.0
2025-12-15,SKU0029,0.0,447.3,43.0,893.0
2025-12-22,SKU0029,225.3,447.3,43.0,893.0
2025-12-29,SKU0029,61.3,447.3,43.0,893.0
2026-01-05,SKU0029,0.0,447.3,43.0,893.0
2026-01-12,SKU0029,0.0,447.3,43.0,893.0
2026-01-19,SKU0029,0.0,447.3,43.0,893.0
2026-01-26,SKU0029,0.0,447.3,43.0,893.0
2026-02-02,SKU0029,365.3,447.3,43.0,893.0
2026-02-09,SKU0029,287.3,447.3,43.0,893.0
2026-02-16,SKU0029,203.3,447.3,43.0,893.0
2026-02-23,SKU0029,112.3,447.3,43.0,893.0
2026-03-02,SKU0029,25.3,447.3,43.0,893.0
2026-03-09,SKU0029,0.0,447.3,43.0,893.0
2026-03-16,SKU0029,354.3,447.3,43.0,893.0
2026-03-23,SKU0029,257.3,447.3,43.0,893.0
2026-03-30,SKU0029,169.3,447.3,43.0,893.0
2026-04-06,SKU0029,91.3,447.3,43.0,893.0
2026-04-13,SKU0029,0.0,447.3,43.0,893.0
2026-04-20,SKU0029,0.0,447.3,43.0,893.0
2026-04-27,SKU0029,339.3,447.3,43.0,893.0
2026-05-04,SKU0029,243.3,447.3,43.0,893.0
2026-05-11,SKU0029,160.3,447.3,43.0,893.0
2026-05-18,SKU0029,60.3,447.3,43.0,893.0
2026-05-25,SKU0029,0.0,447.3,43.0,893.0
2026-06-01,SKU0029,0.0,447.3,43.0,893.0
2026-06-08,SKU0029,375.3,447.3,43.0,893.0
2026-06-15,SKU0029,216.3,447.3,43.0,893.0
2026-06-22,SKU0029,82.3,447.3,43.0,893.0
2026-06-29,SKU0029,0.0,447.3,43.0,893.0
2026-07-06,SKU0029,0.0,447.3,43.0,893.0
2026-07-13,SKU0029,0.0,447.3,43.0,893.0
2024-08-05,SKU0030,448.3,0.0,11.0,294.8
2024-08-12,SKU0030,350.3,0.0,11.0,294.8
2024-08-19,SKU0030,250.3,577.3,11.0,294.8
2024-08-26,SKU0030,145.3,577.3,11.0,294.8
2024-09-02,SKU0030,606.6,0.0,11.0,294.8
2024-09-09,SKU0030,512.6,0.0,11.0,294.8
2024-09-16,SKU0030,412.6,0.0,11.0,294.8
2024-09-23,SKU0030,295.6,0.0,11.0,294.8
2024-09-30,SKU0030,169.6,577.3,11.0,294.8
2024-10-07,SKU0030,19.6,577.3,11.0,294.8
2024-10-14,SKU0030,326.0,0.0,11.0,294.8
2024-10-21,SKU0030,78.0,577.3,11.0,294.8
2024-10-28,SKU0030,0.0,577.3,11.0,294.8
2024-11-04,SKU0030,382.3,0.0,11.0,294.8
2024-11-11,SKU0030,207.3,577.3,11.0,294.8
2024-11-18,SKU0030,35.3,577.3,11.0,294.8
2024-11-25,SKU0030,389.6,0.0,11.0,294.8
2024-12-02,SKU0030,224.6,577.3,11.0,294.8
2024-12-09,SKU0030,92.6,577.3,11.0,294.8
2024-12-16,SKU0030,450.0,0.0,11.0,294.8
2024-12-23,SKU0030,269.0,577.3,11.0,294.8
2024-12-30,SKU0030,128.0,577.3,11.0,294.8
2025-01-06,SKU0030,585.3,0.0,11.0,294.8
2025-01-13,SKU0030,474.3,0.0,11.0,294.8
2025-01-20,SKU0030,373.3,0.0,11.0,294.8
2025-01-27,SKU0030,264.3,577.3,11.0,294.8
2025-02-03,SKU0030,175.3,577.3,11.0,294.8
2025-02-10,SKU0030,656.6,0.0,11.0,294.8
2025-02-17,SKU0030,564.6,0.0,11.0,294.8
2025-02-24,SKU0030,480.6,0.0,11.0,294.8
2025-03-03,SKU0030,363.6,0.0,11.0,294.8
2025-03-10,SKU0030,286.6,577.3,11.0,294.8
2025-03-17,SKU0030,187.6,577.3,11.0,294.8
2025-03-24,SKU0030,651.9,0.0,11.0,294.8
2025-03-31,SKU0030,537.9,0.0,11.0,294.8
2025-04-07,SKU0030,412.9,0.0,11.0,294.8
2025-04-14,SKU0030,333.9,0.0,11.0,294.8
2025-04-21,SKU0030,208.9,577.3,11.0,294.8
2025-04-28,SKU0030,102.9,577.3,11.0,294.8
2025-05-05,SKU0030,555.2,0.0,11.0,294.8
2025-05-12,SKU0030,430.2,0.0,11.0,294.8
2025-05-19,SKU0030,321.2,0.0,11.0,294.8
2025-05-26,SKU0030,212.2,577.3,11.0,294.8
2025-06-02,SKU0030,85.2,577.3,11.0,294.8
2025-06-09,SKU0030,518.6,0.0,11.0,294.8
2025-06-16,SKU0030,329.6,0.0,11.0,294.8
2025-06-23,SKU0030,99.6,577.3,11.0,294.8
2025-06-30,SKU0030,0.0,577.3,11.0,294.8
2025-07-07,SKU0030,446.3,0.0,11.0,294.8
2025-07-14,SKU0030,341.3,0.0,11.0,294.8
2025-07-21,SKU0030,232.3,577.3,11.0,294.8
2025-07-28,SKU0030,101.3,577.3,11.0,294.8
2025-08-04,SKU0030,553.6,0.0,11.0,294.8
2025-08-11,SKU0030,431.6,0.0,11.0,294.8
2025-08-18,SKU0030,326.6,0.0,11.0,294.8
2025-08-25,SKU0030,200.6,577.3,11.0,294.8
2025-09-01,SKU0030,81.6,577.3,11.0,294.8
2025-09-08,SKU0030,541.0,0.0,11.0,294.8
2025-09-15,SKU0030,416.0,0.0,11.0,294.8
2025-09-22,SKU0030,263.0,577.3,11.0,294.8
2025-09-29,SKU0030,99.0,577.3,11.0,294.8
2025-10-06,SKU0030,496.3,0.0,11.0,294.8
2025-10-13,SKU0030,262.3,577.3,11.0,294.8
2025-10-20,SKU0030,0.0,577.3,11.0,294.8
2025-10-27,SKU0030,299.3,0.0,11.0,294.8
2025-11-03,SKU0030,95.3,577.3,11.0,294.8
2025-11-10,SKU0030,0.0,577.3,11.0,294.8
2025-11-17,SKU0030,404.3,0.0,11.0,294.8
2025-11-24,SKU0030,122.3,577.3,11.0,294.8
2025-12-01,SKU0030,0.0,577.3,11.0,294.8
2025-12-08,SKU0030,378.3,0.0,11.0,294.8
2025-12-15,SKU0030,188.3,577.3,11.0,294.8
2025-12-22,SKU0030,0.0,577.3,11.0,294.8
2025-12-29,SKU0030,373.3,0.0,11.0,294.8
2026-01-05,SKU0030,234.3,577.3,11.0,294.8
2026-01-12,SKU0030,126.3,577.3,11.0,294.8
2026-01-19,SKU0030,611.6,0.0,11.0,294.8
2026-01-26,SKU0030,501.6,0.0,11.0,294.8
2026-02-02,SKU0030,382.6,0.0,11.0,294.8
2026-02-09,SKU0030,254.6,577.3,11.0,294.8
2026-02-16,SKU0030,153.6,577.3,11.0,294.8
2026-02-23,SKU0030,615.0,0.0,11.0,294.8
2026-03-02,SKU0030,499.0,0.0,11.0,294.8
2026-03-09,SKU0030,358.0,0.0,11.0,294.8
2026-03-16,SKU0030,233.0,577.3,11.0,294.8
2026-03-23,SKU0030,95.0,577.3,11.0,294.8
2026-03-30,SKU0030,521.3,0.0,11.0,294.8
2026-04-06,SKU0030,392.3,0.0,11.0,294.8
2026-04-13,SKU0030,261.3,577.3,11.0,294.8
2026-04-20,SKU0030,114.3,577.3,11.0,294.8
2026-04-27,SKU0030,564.6,0.0,11.0,294.8
2026-05-04,SKU0030,440.6,0.0,11.0,294.8
2026-05-11,SKU0030,322.6,0.0,11.0,294.8
2026-05-18,SKU0030,190.6,577.3,11.0,294.8
2026-05-25,SKU0030,58.6,577.3,11.0,294.8
2026-06-01,SKU0030,506.9,0.0,11.0,294.8
2026-06-08,SKU0030,376.9,0.0,11.0,294.8
2026-06-15,SKU0030,164.9,577.3,11.0,294.8
2026-06-22,SKU0030,0.0,577.3,11.0,294.8
2026-06-29,SKU0030,442.3,0.0,11.0,294.8
2026-07-06,SKU0030,290.3,577.3,11.0,294.8
2026-07-13,SKU0030,141.3,577.3,11.0,294.8
2024-07-29,SKU0031,163.5,198.5,19.0,175.1
2024-08-05,SKU0031,119.5,198.5,19.0,175.1
2024-08-12,SKU0031,83.5,198.5,19.0,175.1
2024-08-19,SKU0031,232.9,0.0,19.0,175.1
2024-08-26,SKU0031,197.9,0.0,19.0,175.1
2024-09-02,SKU0031,166.9,198.5,19.0,175.1
2024-09-09,SKU0031,116.9,198.5,19.0,175.1
2024-09-16,SKU0031,72.9,198.5,19.0,175.1
2024-09-23,SKU0031,241.4,0.0,19.0,175.1
2024-09-30,SKU0031,184.4,0.0,19.0,175.1
2024-10-07,SKU0031,137.4,198.5,19.0,175.1
2024-10-14,SKU0031,48.4,198.5,19.0,175.1
2024-10-21,SKU0031,0.0,198.5,19.0,175.1
2024-10-28,SKU0031,115.5,198.5,19.0,175.1
2024-11-04,SKU0031,53.5,198.5,19.0,175.1
2024-11-11,SKU0031,0.0,198.5,19.0,175.1
2024-11-18,SKU0031,147.5,198.5,19.0,175.1
2024-11-25,SKU0031,69.5,198.5,19.0,175.1
2024-12-02,SKU0031,19.5,198.5,19.0,175.1
2024-12-09,SKU0031,160.9,198.5,19.0,175.1
2024-12-16,SKU0031,67.9,198.5,19.0,175.1
2024-12-23,SKU0031,0.0,198.5,19.0,175.1
2024-12-30,SKU0031,141.5,198.5,19.0,175.1
2025-01-06,SKU0031,97.5,198.5,19.0,175.1
2025-01-13,SKU0031,67.5,198.5,19.0,175.1
2025-01-20,SKU0031,226.9,0.0,19.0,175.1
2025-01-27,SKU0031,185.9,0.0,19.0,175.1
2025-02-03,SKU0031,150.9,198.5,19.0,175.1
2025-02-10,SKU0031,109.9,198.5,19.0,175.1
2025-02-17,SKU0031,60.9,198.5,19.0,175.1
2025-02-24,SKU0031,225.4,0.0,19.0,175.1
2025-03-03,SKU0031,186.4,0.0,19.0,175.1
2025-03-10,SKU0031,141.4,198.5,19.0,175.1
2025-03-17,SKU0031,93.4,198.5,19.0,175.1
2025-03-24,SKU0031,54.4,198.5,19.0,175.1
2025-03-31,SKU0031,213.8,0.0,19.0,175.1
2025-04-07,SKU0031,178.8,0.0,19.0,175.1
2025-04-14,SKU0031,133.8,198.5,19.0,175.1
2025-04-21,SKU0031,101.8,198.5,19.0,175.1
2025-04-28,SKU0031,68.8,198.5,19.0,175.1
2025-05-05,SKU0031,230.3,0.0,19.0,175.1
2025-05-12,SKU0031,190.3,0.0,19.0,175.1
2025-05-19,SKU0031,149.3,198.5,19.0,175.1
2025-05-26,SKU0031,92.3,198.5,19.0,175.1
2025-06-02,SKU0031,44.3,198.5,19.0,175.1
2025-06-09,SKU0031,205.8,0.0,19.0,175.1
2025-06-16,SKU0031,139.8,198.5,19.0,175.1
2025-06-23,SKU0031,74.8,198.5,19.0,175.1
2025-06-30,SKU0031,31.8,198.5,19.0,175.1
2025-07-07,SKU0031,181.2,0.0,19.0,175.1
2025-07-14,SKU0031,140.2,198.5,19.0,175.1
2025-07-21,SKU0031,85.2,198.5,19.0,175.1
2025-07-28,SKU0031,49.2,198.5,19.0,175.1
2025-08-04,SKU0031,204.7,0.0,19.0,175.1
2025-08-11,SKU0031,168.7,198.5,19.0,175.1
2025-08-18,SKU0031,137.7,198.5,19.0,175.1
2025-08-25,SKU0031,99.7,198.5,19.0,175.1
2025-09-01,SKU0031,248.2,0.0,19.0,175.1
2025-09-08,SKU0031,205.2,0.0,19.0,175.1
2025-09-15,SKU0031,165.2,198.5,19.0,175.1
2025-09-22,SKU0031,110.2,198.5,19.0,175.1
2025-09-29,SKU0031,44.2,198.5,19.0,175.1
2025-10-06,SKU0031,193.6,0.0,19.0,175.1
2025-10-13,SKU0031,111.6,198.5,19.0,175.1
2025-10-20,SKU0031,19.6,198.5,19.0,175.1
2025-10-27,SKU0031,0.0,198.5,19.0,175.1
2025-11-03,SKU0031,124.5,198.5,19.0,175.1
2025-11-10,SKU0031,61.5,198.5,19.0,175.1
2025-11-17,SKU0031,2.5,198.5,19.0,175.1
2025-11-24,SKU0031,119.9,198.5,19.0,175.1
2025-12-01,SKU0031,58.9,198.5,19.0,175.1
2025-12-08,SKU0031,15.9,198.5,19.0,175.1
2025-12-15,SKU0031,118.4,198.5,19.0,175.1
2025-12-22,SKU0031,4.4,198.5,19.0,175.1
2025-12-29,SKU0031,0.0,198.5,19.0,175.1
2026-01-05,SKU0031,151.5,198.5,19.0,175.1
2026-01-12,SKU0031,124.5,198.5,19.0,175.1
2026-01-19,SKU0031,84.5,198.5,19.0,175.1
2026-01-26,SKU0031,240.9,0.0,19.0,175.1
2026-02-02,SKU0031,206.9,0.0,19.0,175.1
2026-02-09,SKU0031,166.9,198.5,19.0,175.1
2026-02-16,SKU0031,129.9,198.5,19.0,175.1
2026-02-23,SKU0031,100.9,198.5,19.0,175.1
2026-03-02,SKU0031,268.4,0.0,19.0,175.1
2026-03-09,SKU0031,230.4,0.0,19.0,175.1
2026-03-16,SKU0031,183.4,0.0,19.0,175.1
2026-03-23,SKU0031,124.4,198.5,19.0,175.1
2026-03-30,SKU0031,74.4,198.5,19.0,175.1
2026-04-06,SKU0031,44.4,198.5,19.0,175.1
2026-04-13,SKU0031,210.8,0.0,19.0,175.1
2026-04-20,SKU0031,173.8,198.5,19.0,175.1
2026-04-27,SKU0031,126.8,198.5,19.0,175.1
2026-05-04,SKU0031,92.8,198.5,19.0,175.1
2026-05-11,SKU0031,246.3,0.0,19.0,175.1
2026-05-18,SKU0031,210.3,0.0,19.0,175.1
2026-05-25,SKU0031,165.3,198.5,19.0,175.1
2026-06-01,SKU0031,127.3,198.5,19.0,175.1
2026-06-08,SKU0031,76.3,198.5,19.0,175.1
2026-06-15,SKU0031,210.8,0.0,19.0,175.1
2026-06-22,SKU0031,159.8,198.5,19.0,175.1
2026-06-29,SKU0031,113.8,198.5,19.0,175.1
2026-07-06,SKU0031,66.8,198.5,19.0,175.1
2026-07-13,SKU0031,223.2,0.0,19.0,175.1
2024-08-12,SKU0032,65.3,91.3,18.0,76.3
2024-08-19,SKU0032,42.3,91.3,18.0,76.3
2024-08-26,SKU0032,18.3,91.3,18.0,76.3
2024-09-02,SKU0032,88.5,0.0,18.0,76.3
2024-09-09,SKU0032,77.5,0.0,18.0,76.3
2024-09-16,SKU0032,55.5,91.3,18.0,76.3
2024-09-23,SKU0032,34.5,91.3,18.0,76.3
2024-09-30,SKU0032,10.5,91.3,18.0,76.3
2024-10-07,SKU0032,80.8,0.0,18.0,76.3
2024-10-14,SKU0032,32.8,91.3,18.0,76.3
2024-10-21,SKU0032,0.0,91.3,18.0,76.3
2024-10-28,SKU0032,0.0,91.3,18.0,76.3
2024-11-04,SKU0032,55.3,91.3,18.0,76.3
2024-11-11,SKU0032,24.3,91.3,18.0,76.3
2024-11-18,SKU0032,2.3,91.3,18.0,76.3
2024-11-25,SKU0032,45.5,91.3,18.0,76.3
2024-12-02,SKU0032,14.5,91.3,18.0,76.3
2024-12-09,SKU0032,0.0,91.3,18.0,76.3
2024-12-16,SKU0032,57.3,91.3,18.0,76.3
2024-12-23,SKU0032,11.3,91.3,18.0,76.3
2024-12-30,SKU0032,0.0,91.3,18.0,76.3
2025-01-06,SKU0032,71.3,91.3,18.0,76.3
2025-01-13,SKU0032,54.3,91.3,18.0,76.3
2025-01-20,SKU0032,40.3,91.3,18.0,76.3
2025-01-27,SKU0032,116.5,0.0,18.0,76.3
2025-02-03,SKU0032,104.5,0.0,18.0,76.3
2025-02-10,SKU0032,85.5,0.0,18.0,76.3
2025-02-17,SKU0032,68.5,91.3,18.0,76.3
2025-02-24,SKU0032,44.5,91.3,18.0,76.3
2025-03-03,SKU0032,20.5,91.3,18.0,76.3
2025-03-10,SKU0032,92.8,0.0,18.0,76.3
2025-03-17,SKU0032,80.8,0.0,18.0,76.3
2025-03-24,SKU0032,61.8,91.3,18.0,76.3
2025-03-31,SKU0032,32.8,91.3,18.0,76.3
2025-04-07,SKU0032,12.8,91.3,18.0,76.3
2025-04-14,SKU0032,92.0,0.0,18.0,76.3
2025-04-21,SKU0032,69.0,91.3,18.0,76.3
2025-04-28,SKU0032,41.0,91.3,18.0,76.3
2025-05-05,SKU0032,13.0,91.3,18.0,76.3
2025-05-12,SKU0032,83.3,0.0,18.0,76.3
2025-05-19,SKU0032,72.3,91.3,18.0,76.3
2025-05-26,SKU0032,57.3,91.3,18.0,76.3
2025-06-02,SKU0032,45.3,91.3,18.0,76.3
2025-06-09,SKU0032,114.5,0.0,18.0,76.3
2025-06-16,SKU0032,84.5,0.0,18.0,76.3
2025-06-23,SKU0032,58.5,91.3,18.0,76.3
2025-06-30,SKU0032,37.5,91.3,18.0,76.3
2025-07-07,SKU0032,15.5,91.3,18.0,76.3
2025-07-14,SKU0032,82.8,0.0,18.0,76.3
2025-07-21,SKU0032,65.8,91.3,18.0,76.3
2025-07-28,SKU0032,37.8,91.3,18.0,76.3
2025-08-04,SKU0032,14.8,91.3,18.0,76.3
2025-08-11,SKU0032,93.0,0.0,18.0,76.3
2025-08-18,SKU0032,74.0,91.3,18.0,76.3
2025-08-25,SKU0032,54.0,91.3,18.0,76.3
2025-09-01,SKU0032,36.0,91.3,18.0,76.3
2025-09-08,SKU0032,105.3,0.0,18.0,76.3
2025-09-15,SKU0032,89.3,0.0,18.0,76.3
2025-09-22,SKU0032,67.3,91.3,18.0,76.3
2025-09-29,SKU0032,42.3,91.3,18.0,76.3
2025-10-06,SKU0032,21.3,91.3,18.0,76.3
2025-10-13,SKU0032,82.5,0.0,18.0,76.3
2025-10-20,SKU0032,55.5,91.3,18.0,76.3
2025-10-27,SKU0032,5.5,91.3,18.0,76.3
2025-11-03,SKU0032,0.0,91.3,18.0,76.3
2025-11-10,SKU0032,65.3,91.3,18.0,76.3
2025-11-17,SKU0032,41.3,91.3,18.0,76.3
2025-11-24,SKU0032,4.3,91.3,18.0,76.3
2025-12-01,SKU0032,81.5,0.0,18.0,76.3
2025-12-08,SKU0032,61.5,91.3,18.0,76.3
2025-12-15,SKU0032,23.5,91.3,18.0,76.3
2025-12-22,SKU0032,0.0,91.3,18.0,76.3
2025-12-29,SKU0032,61.3,91.3,18.0,76.3
2026-01-05,SKU0032,44.3,91.3,18.0,76.3
2026-01-12,SKU0032,30.3,91.3,18.0,76.3
2026-01-19,SKU0032,103.5,0.0,18.0,76.3
2026-01-26,SKU0032,89.5,0.0,18.0,76.3
2026-02-02,SKU0032,75.5,91.3,18.0,76.3
2026-02-09,SKU0032,60.5,91.3,18.0,76.3
2026-02-16,SKU0032,50.5,91.3,18.0,76.3
2026-02-23,SKU0032,129.8,0.0,18.0,76.3
2026-03-02,SKU0032,108.8,0.0,18.0,76.3
2026-03-09,SKU0032,80.8,0.0,18.0,76.3
2026-03-16,SKU0032,60.8,91.3,18.0,76.3
2026-03-23,SKU0032,36.8,91.3,18.0,76.3
2026-03-30,SKU0032,18.8,91.3,18.0,76.3
2026-04-06,SKU0032,94.0,0.0,18.0,76.3
2026-04-13,SKU0032,78.0,0.0,18.0,76.3
2026-04-20,SKU0032,62.0,91.3,18.0,76.3
2026-04-27,SKU0032,36.0,91.3,18.0,76.3
2026-05-04,SKU0032,12.0,91.3,18.0,76.3
2026-05-11,SKU0032,83.3,0.0,18.0,76.3
2026-05-18,SKU0032,62.3,91.3,18.0,76.3
2026-05-25,SKU0032,49.3,91.3,18.0,76.3
2026-06-01,SKU0032,30.3,91.3,18.0,76.3
2026-06-08,SKU0032,103.5,0.0,18.0,76.3
2026-06-15,SKU0032,75.5,91.3,18.0,76.3
2026-06-22,SKU0032,52.5,91.3,18.0,76.3
2026-06-29,SKU0032,38.5,91.3,18.0,76.3
2026-07-06,SKU0032,110.8,0.0,18.0,76.3
2026-07-13,SKU0032,92.8,0.0,18.0,76.3
2024-08-05,SKU0033,7.9,12.9,15.0,9.0
2024-08-12,SKU0033,5.9,12.9,15.0,9.0
2024-08-19,SKU0033,12.9,0.0,15.0,9.0
2024-08-26,SKU0033,11.9,0.0,15.0,9.0
2024-09-02,SKU0033,9.9,0.0,15.0,9.0
2024-09-09,SKU0033,5.9,12.9,15.0,9.0
2024-09-16,SKU0033,4.9,12.9,15.0,9.0
2024-09-23,SKU0033,17.8,0.0,15.0,9.0
2024-09-30,SKU0033,14.8,0.0,15.0,9.0
2024-10-07,SKU0033,13.8,0.0,15.0,9.0
2024-10-14,SKU0033,6.8,12.9,15.0,9.0
2024-10-21,SKU0033,0.0,12.9,15.0,9.0
2024-10-28,SKU0033,4.9,12.9,15.0,9.0
2024-11-04,SKU0033,0.0,12.9,15.0,9.0
2024-11-11,SKU0033,9.9,0.0,15.0,9.0
2024-11-18,SKU0033,6.9,12.9,15.0,9.0
2024-11-25,SKU0033,0.9,12.9,15.0,9.0
2024-12-02,SKU0033,10.9,0.0,15.0,9.0
2024-12-09,SKU0033,6.9,12.9,15.0,9.0
2024-12-16,SKU0033,0.0,12.9,15.0,9.0
2024-12-23,SKU0033,8.9,12.9,15.0,9.0
2024-12-30,SKU0033,4.9,12.9,15.0,9.0
2025-01-06,SKU0033,12.9,0.0,15.0,9.0
2025-01-13,SKU0033,10.9,0.0,15.0,9.0
2025-01-20,SKU0033,9.9,0.0,15.0,9.0
2025-01-27,SKU0033,7.9,12.9,15.0,9.0
2025-02-03,SKU0033,4.9,12.9,15.0,9.0
2025-02-10,SKU0033,15.8,0.0,15.0,9.0
2025-02-17,SKU0033,14.8,0.0,15.0,9.0
2025-02-24,SKU0033,11.8,0.0,15.0,9.0
2025-03-03,SKU0033,7.8,12.9,15.0,9.0
2025-03-10,SKU0033,4.8,12.9,15.0,9.0
2025-03-17,SKU0033,16.7,0.0,15.0,9.0
2025-03-24,SKU0033,13.7,0.0,15.0,9.0
2025-03-31,SKU0033,10.7,0.0,15.0,9.0
2025-04-07,SKU0033,7.7,12.9,15.0,9.0
2025-04-14,SKU0033,7.7,12.9,15.0,9.0
2025-04-21,SKU0033,17.7,0.0,15.0,9.0
2025-04-28,SKU0033,12.7,0.0,15.0,9.0
2025-05-05,SKU0033,11.7,0.0,15.0,9.0
2025-05-12,SKU0033,10.7,0.0,15.0,9.0
2025-05-19,SKU0033,6.7,12.9,15.0,9.0
2025-05-26,SKU0033,2.7,12.9,15.0,9.0
2025-06-02,SKU0033,14.6,0.0,15.0,9.0
2025-06-09,SKU0033,13.6,0.0,15.0,9.0
2025-06-16,SKU0033,10.6,0.0,15.0,9.0
2025-06-23,SKU0033,4.6,12.9,15.0,9.0
2025-06-30,SKU0033,1.6,12.9,15.0,9.0
2025-07-07,SKU0033,11.5,0.0,15.0,9.0
2025-07-14,SKU0033,8.5,12.9,15.0,9.0
2025-07-21,SKU0033,5.5,12.9,15.0,9.0
2025-07-28,SKU0033,16.5,0.0,15.0,9.0
2025-08-04,SKU0033,13.5,0.0,15.0,9.0
2025-08-11,SKU0033,7.5,12.9,15.0,9.0
2025-08-18,SKU0033,7.5,12.9,15.0,9.0
2025-08-25,SKU0033,16.4,0.0,15.0,9.0
2025-09-01,SKU0033,12.4,0.0,15.0,9.0
2025-09-08,SKU0033,8.4,12.9,15.0,9.0
2025-09-15,SKU0033,5.4,12.9,15.0,9.0
2025-09-22,SKU0033,16.3,0.0,15.0,9.0
2025-09-29,SKU0033,9.3,0.0,15.0,9.0
2025-10-06,SKU0033,0.0,12.9,15.0,9.0
2025-10-13,SKU0033,0.0,12.9,15.0,9.0
2025-10-20,SKU0033,7.9,12.9,15.0,9.0
2025-10-27,SKU0033,1.9,12.9,15.0,9.0
2025-11-03,SKU0033,5.9,12.9,15.0,9.0
2025-11-10,SKU0033,1.9,12.9,15.0,9.0
2025-11-17,SKU0033,13.8,0.0,15.0,9.0
2025-11-24,SKU0033,6.8,12.9,15.0,9.0
2025-12-01,SKU0033,3.8,12.9,15.0,9.0
2025-12-08,SKU0033,12.7,0.0,15.0,9.0
2025-12-15,SKU0033,10.7,0.0,15.0,9.0
2025-12-22,SKU0033,4.7,12.9,15.0,9.0
2025-12-29,SKU0033,0.0,12.9,15.0,9.0
2026-01-05,SKU0033,10.9,0.0,15.0,9.0
2026-01-12,SKU0033,9.9,0.0,15.0,9.0
2026-01-19,SKU0033,8.9,12.9,15.0,9.0
2026-01-26,SKU0033,7.9,12.9,15.0,9.0
2026-02-02,SKU0033,17.9,0.0,15.0,9.0
2026-02-09,SKU0033,16.9,0.0,15.0,9.0
2026-02-16,SKU0033,16.9,0.0,15.0,9.0
2026-02-23,SKU0033,14.9,0.0,15.0,9.0
2026-03-02,SKU0033,10.9,0.0,15.0,9.0
2026-03-09,SKU0033,9.9,0.0,15.0,9.0
2026-03-16,SKU0033,3.9,12.9,15.0,9.0
2026-03-23,SKU0033,2.9,12.9,15.0,9.0
2026-03-30,SKU0033,12.8,0.0,15.0,9.0
2026-04-06,SKU0033,11.8,0.0,15.0,9.0
2026-04-13,SKU0033,7.8,12.9,15.0,9.0
2026-04-20,SKU0033,7.8,12.9,15.0,9.0
2026-04-27,SKU0033,17.7,0.0,15.0,9.0
2026-05-04,SKU0033,14.7,0.0,15.0,9.0
2026-05-11,SKU0033,13.7,0.0,15.0,9.0
2026-05-18,SKU0033,8.7,12.9,15.0,9.0
2026-05-25,SKU0033,3.7,12.9,15.0,9.0
2026-06-01,SKU0033,15.7,0.0,15.0,9.0
2026-06-08,SKU0033,14.7,0.0,15.0,9.0
2026-06-15,SKU0033,10.7,0.0,15.0,9.0
2026-06-22,SKU0033,7.7,12.9,15.0,9.0
2026-06-29,SKU0033,4.7,12.9,15.0,9.0
2026-07-06,SKU0033,15.6,0.0,15.0,9.0
2026-07-13,SKU0033,12.6,0.0,15.0,9.0
2026-04-20,SKU0034,66.1,0.0,10.0,38.6
2026-04-27,SKU0034,40.1,0.0,10.0,38.6
2026-05-04,SKU0034,16.1,83.1,10.0,38.6
2026-05-11,SKU0034,81.3,0.0,10.0,38.6
2026-05-18,SKU0034,66.3,0.0,10.0,38.6
2026-05-25,SKU0034,40.3,0.0,10.0,38.6
2026-06-01,SKU0034,25.3,83.1,10.0,38.6
2026-06-08,SKU0034,88.4,0.0,10.0,38.6
2026-06-15,SKU0034,58.4,0.0,10.0,38.6
2026-06-22,SKU0034,30.4,83.1,10.0,38.6
2026-06-29,SKU0034,98.6,0.0,10.0,38.6
2026-07-06,SKU0034,69.6,0.0,10.0,38.6
2026-07-13,SKU0034,48.6,0.0,10.0,38.6
2024-07-29,SKU0035,5.3,0.0,8.0,3.8
2024-08-05,SKU0035,1.3,10.3,8.0,3.8
2024-08-12,SKU0035,8.5,0.0,8.0,3.8
2024-08-19,SKU0035,5.5,0.0,8.0,3.8
2024-08-26,SKU0035,3.5,10.3,8.0,3.8
2024-09-02,SKU0035,12.8,0.0,8.0,3.8
2024-09-09,SKU0035,10.8,0.0,8.0,3.8
2024-09-16,SKU0035,8.8,0.0,8.0,3.8
2024-09-23,SKU0035,6.8,0.0,8.0,3.8
2024-09-30,SKU0035,3.8,0.0,8.0,3.8
2024-10-07,SKU0035,0.0,10.3,8.0,3.8
2024-10-14,SKU0035,3.3,10.3,8.0,3.8
2024-10-21,SKU0035,9.5,0.0,8.0,3.8
2024-10-28,SKU0035,3.5,10.3,8.0,3.8
2024-11-04,SKU0035,12.8,0.0,8.0,3.8
2024-11-11,SKU0035,10.8,0.0,8.0,3.8
2024-11-18,SKU0035,4.8,0.0,8.0,3.8
2024-11-25,SKU0035,0.0,10.3,8.0,3.8
2024-12-02,SKU0035,7.3,0.0,8.0,3.8
2024-12-09,SKU0035,6.3,0.0,8.0,3.8
2024-12-16,SKU0035,2.3,10.3,8.0,3.8
2024-12-23,SKU0035,12.5,0.0,8.0,3.8
2024-12-30,SKU0035,10.5,0.0,8.0,3.8
2025-01-06,SKU0035,8.5,0.0,8.0,3.8
2025-01-13,SKU0035,7.5,0.0,8.0,3.8
2025-01-20,SKU0035,4.5,0.0,8.0,3.8
2025-01-27,SKU0035,3.5,10.3,8.0,3.8
2025-02-03,SKU0035,12.8,0.0,8.0,3.8
2025-02-10,SKU0035,11.8,0.0,8.0,3.8
2025-02-17,SKU0035,11.8,0.0,8.0,3.8
2025-02-24,SKU0035,9.8,0.0,8.0,3.8
2025-03-03,SKU0035,9.8,0.0,8.0,3.8
2025-03-10,SKU0035,6.8,0.0,8.0,3.8
2025-03-17,SKU0035,5.8,0.0,8.0,3.8
2025-03-24,SKU0035,2.8,10.3,8.0,3.8
2025-03-31,SKU0035,11.1,0.0,8.0,3.8
2025-04-07,SKU0035,9.1,0.0,8.0,3.8
2025-04-14,SKU0035,7.1,0.0,8.0,3.8
2025-04-21,SKU0035,6.1,0.0,8.0,3.8
2025-04-28,SKU0035,5.1,0.0,8.0,3.8
2025-05-05,SKU0035,2.1,10.3,8.0,3.8
2025-05-12,SKU0035,12.3,0.0,8.0,3.8
2025-05-19,SKU0035,11.3,0.0,8.0,3.8
2025-05-26,SKU0035,6.3,0.0,8.0,3.8
2025-06-02,SKU0035,3.3,10.3,8.0,3.8
2025-06-09,SKU0035,9.6,0.0,8.0,3.8
2025-06-16,SKU0035,4.6,0.0,8.0,3.8
2025-06-23,SKU0035,1.6,10.3,8.0,3.8
2025-06-30,SKU0035,8.9,0.0,8.0,3.8
2025-07-07,SKU0035,4.9,0.0,8.0,3.8
2025-07-14,SKU0035,3.9,0.0,8.0,3.8
2025-07-21,SKU0035,2.9,10.3,8.0,3.8
2025-07-28,SKU0035,11.2,0.0,8.0,3.8
2025-08-04,SKU0035,11.2,0.0,8.0,3.8
2025-08-11,SKU0035,8.2,0.0,8.0,3.8
2025-08-18,SKU0035,4.2,0.0,8.0,3.8
2025-08-25,SKU0035,2.2,10.3,8.0,3.8
2025-09-01,SKU0035,10.4,0.0,8.0,3.8
2025-09-08,SKU0035,6.4,0.0,8.0,3.8
2025-09-15,SKU0035,2.4,10.3,8.0,3.8
2025-09-22,SKU0035,7.7,0.0,8.0,3.8
2025-09-29,SKU0035,6.7,0.0,8.0,3.8
2025-10-06,SKU0035,4.7,0.0,8.0,3.8
2025-10-13,SKU0035,0.7,10.3,8.0,3.8
2025-10-20,SKU0035,6.0,0.0,8.0,3.8
2025-10-27,SKU0035,2.0,10.3,8.0,3.8
2025-11-03,SKU0035,8.2,0.0,8.0,3.8
2025-11-10,SKU0035,4.2,0.0,8.0,3.8
2025-11-17,SKU0035,2.2,10.3,8.0,3.8
2025-11-24,SKU0035,11.5,0.0,8.0,3.8
2025-12-01,SKU0035,6.5,0.0,8.0,3.8
2025-12-08,SKU0035,4.5,0.0,8.0,3.8
2025-12-15,SKU0035,3.5,10.3,8.0,3.8
2025-12-22,SKU0035,12.8,0.0,8.0,3.8
2025-12-29,SKU0035,9.8,0.0,8.0,3.8
2026-01-05,SKU0035,7.8,0.0,8.0,3.8
2026-01-12,SKU0035,4.8,0.0,8.0,3.8
2026-01-19,SKU0035,1.8,10.3,8.0,3.8
2026-01-26,SKU0035,7.0,0.0,8.0,3.8
2026-02-02,SKU0035,3.0,10.3,8.0,3.8
2026-02-09,SKU0035,8.3,0.0,8.0,3.8
2026-02-16,SKU0035,8.3,0.0,8.0,3.8
2026-02-23,SKU0035,8.3,0.0,8.0,3.8
2026-03-02,SKU0035,4.3,0.0,8.0,3.8
2026-03-09,SKU0035,3.3,10.3,8.0,3.8
2026-03-16,SKU0035,13.6,0.0,8.0,3.8
2026-03-23,SKU0035,12.6,0.0,8.0,3.8
2026-03-30,SKU0035,9.6,0.0,8.0,3.8
2026-04-06,SKU0035,8.6,0.0,8.0,3.8
2026-04-13,SKU0035,6.6,0.0,8.0,3.8
2026-04-20,SKU0035,4.6,0.0,8.0,3.8
2026-04-27,SKU0035,0.0,10.3,8.0,3.8
2026-05-04,SKU0035,9.3,0.0,8.0,3.8
2026-05-11,SKU0035,4.3,0.0,8.0,3.8
2026-05-18,SKU0035,0.3,10.3,8.0,3.8
2026-05-25,SKU0035,8.5,0.0,8.0,3.8
2026-06-01,SKU0035,5.5,0.0,8.0,3.8
2026-06-08,SKU0035,4.5,0.0,8.0,3.8
2026-06-15,SKU0035,2.5,10.3,8.0,3.8
2026-06-22,SKU0035,9.8,0.0,8.0,3.8
2026-06-29,SKU0035,7.8,0.0,8.0,3.8
2026-07-06,SKU0035,3.8,0.0,8.0,3.8
2026-07-13,SKU0035,1.8,10.3,8.0,3.8
2026-05-04,SKU0036,307.0,400.0,33.0,612.9
2026-05-11,SKU0036,227.0,400.0,33.0,612.9
2026-05-18,SKU0036,145.0,400.0,33.0,612.9
2026-05-25,SKU0036,53.0,400.0,33.0,612.9
2026-06-01,SKU0036,0.0,400.0,33.0,612.9
2026-06-08,SKU0036,319.0,400.0,33.0,612.9
2026-06-15,SKU0036,179.0,400.0,33.0,612.9
2026-06-22,SKU0036,29.0,400.0,33.0,612.9
2026-06-29,SKU0036,0.0,400.0,33.0,612.9
2026-07-06,SKU0036,0.0,400.0,33.0,612.9
2026-07-13,SKU0036,315.0,400.0,33.0,612.9
2024-07-29,SKU0037,83.5,91.5,39.0,165.7
2024-08-05,SKU0037,65.5,91.5,39.0,165.7
2024-08-12,SKU0037,47.5,91.5,39.0,165.7
2024-08-19,SKU0037,26.5,91.5,39.0,165.7
2024-08-26,SKU0037,9.5,91.5,39.0,165.7
2024-09-02,SKU0037,0.0,91.5,39.0,165.7
2024-09-09,SKU0037,73.5,91.5,39.0,165.7
2024-09-16,SKU0037,55.5,91.5,39.0,165.7
2024-09-23,SKU0037,43.5,91.5,39.0,165.7
2024-09-30,SKU0037,22.5,91.5,39.0,165.7
2024-10-07,SKU0037,0.0,91.5,39.0,165.7
2024-10-14,SKU0037,0.0,91.5,39.0,165.7
2024-10-21,SKU0037,52.5,91.5,39.0,165.7
2024-10-28,SKU0037,1.5,91.5,39.0,165.7
2024-11-04,SKU0037,0.0,91.5,39.0,165.7
2024-11-11,SKU0037,0.0,91.5,39.0,165.7
2024-11-18,SKU0037,0.0,91.5,39.0,165.7
2024-11-25,SKU0037,0.0,91.5,39.0,165.7
2024-12-02,SKU0037,49.5,91.5,39.0,165.7
2024-12-09,SKU0037,31.5,91.5,39.0,165.7
2024-12-16,SKU0037,0.0,91.5,39.0,165.7
2024-12-23,SKU0037,0.0,91.5,39.0,165.7
2024-12-30,SKU0037,0.0,91.5,39.0,165.7
2025-01-06,SKU0037,0.0,91.5,39.0,165.7
2025-01-13,SKU0037,76.5,91.5,39.0,165.7
2025-01-20,SKU0037,58.5,91.5,39.0,165.7
2025-01-27,SKU0037,48.5,91.5,39.0,165.7
2025-02-03,SKU0037,35.5,91.5,39.0,165.7
2025-02-10,SKU0037,21.5,91.5,39.0,165.7
2025-02-17,SKU0037,2.5,91.5,39.0,165.7
2025-02-24,SKU0037,72.0,91.5,39.0,165.7
2025-03-03,SKU0037,51.0,91.5,39.0,165.7
2025-03-10,SKU0037,34.0,91.5,39.0,165.7
2025-03-17,SKU0037,19.0,91.5,39.0,165.7
2025-03-24,SKU0037,1.0,91.5,39.0,165.7
2025-03-31,SKU0037,0.0,91.5,39.0,165.7
2025-04-07,SKU0037,68.5,91.5,39.0,165.7
2025-04-14,SKU0037,46.5,91.5,39.0,165.7
2025-04-21,SKU0037,25.5,91.5,39.0,165.7
2025-04-28,SKU0037,11.5,91.5,39.0,165.7
2025-05-05,SKU0037,0.0,91.5,39.0,165.7
2025-05-12,SKU0037,0.0,91.5,39.0,165.7
2025-05-19,SKU0037,76.5,91.5,39.0,165.7
2025-05-26,SKU0037,57.5,91.5,39.0,165.7
2025-06-02,SKU0037,39.5,91.5,39.0,165.7
2025-06-09,SKU0037,17.5,91.5,39.0,165.7
2025-06-16,SKU0037,0.0,91.5,39.0,165.7
2025-06-23,SKU0037,0.0,91.5,39.0,165.7
2025-06-30,SKU0037,64.5,91.5,39.0,165.7
2025-07-07,SKU0037,47.5,91.5,39.0,165.7
2025-07-14,SKU0037,32.5,91.5,39.0,165.7
2025-07-21,SKU0037,11.5,91.5,39.0,165.7
2025-07-28,SKU0037,0.0,91.5,39.0,165.7
2025-08-04,SKU0037,0.0,91.5,39.0,165.7
2025-08-11,SKU0037,71.5,91.5,39.0,165.7
2025-08-18,SKU0037,54.5,91.5,39.0,165.7
2025-08-25,SKU0037,34.5,91.5,39.0,165.7
2025-09-01,SKU0037,17.5,91.5,39.0,165.7
2025-09-08,SKU0037,0.0,91.5,39.0,165.7
2025-09-15,SKU0037,0.0,91.5,39.0,165.7
2025-09-22,SKU0037,64.5,91.5,39.0,165.7
2025-09-29,SKU0037,39.5,91.5,39.0,165.7
2025-10-06,SKU0037,26.5,91.5,39.0,165.7
2025-10-13,SKU0037,0.0,91.5,39.0,165.7
2025-10-20,SKU0037,0.0,91.5,39.0,165.7
2025-10-27,SKU0037,0.0,91.5,39.0,165.7
2025-11-03,SKU0037,54.5,91.5,39.0,165.7
2025-11-10,SKU0037,23.5,91.5,39.0,165.7
2025-11-17,SKU0037,0.0,91.5,39.0,165.7
2025-11-24,SKU0037,0.0,91.5,39.0,165.7
2025-12-01,SKU0037,0.0,91.5,39.0,165.7
2025-12-08,SKU0037,0.0,91.5,39.0,165.7
2025-12-15,SKU0037,67.5,91.5,39.0,165.7
2025-12-22,SKU0037,30.5,91.5,39.0,165.7
2025-12-29,SKU0037,4.5,91.5,39.0,165.7
2026-01-05,SKU0037,0.0,91.5,39.0,165.7
2026-01-12,SKU0037,0.0,91.5,39.0,165.7
2026-01-19,SKU0037,0.0,91.5,39.0,165.7
2026-01-26,SKU0037,80.5,91.5,39.0,165.7
2026-02-02,SKU0037,64.5,91.5,39.0,165.7
2026-02-09,SKU0037,56.5,91.5,39.0,165.7
2026-02-16,SKU0037,42.5,91.5,39.0,165.7
2026-02-23,SKU0037,28.5,91.5,39.0,165.7
2026-03-02,SKU0037,3.5,91.5,39.0,165.7
2026-03-09,SKU0037,76.0,91.5,39.0,165.7
2026-03-16,SKU0037,57.0,91.5,39.0,165.7
2026-03-23,SKU0037,32.0,91.5,39.0,165.7
2026-03-30,SKU0037,11.0,91.5,39.0,165.7
2026-04-06,SKU0037,0.0,91.5,39.0,165.7
2026-04-13,SKU0037,0.0,91.5,39.0,165.7
2026-04-20,SKU0037,77.5,91.5,39.0,165.7
2026-04-27,SKU0037,52.5,91.5,39.0,165.7
2026-05-04,SKU0037,34.5,91.5,39.0,165.7
2026-05-11,SKU0037,14.5,91.5,39.0,165.7
2026-05-18,SKU0037,0.0,91.5,39.0,165.7
2026-05-25,SKU0037,0.0,91.5,39.0,165.7
2026-06-01,SKU0037,69.5,91.5,39.0,165.7
2026-06-08,SKU0037,53.5,91.5,39.0,165.7
2026-06-15,SKU0037,26.5,91.5,39.0,165.7
2026-06-22,SKU0037,2.5,91.5,39.0,165.7
2026-06-29,SKU0037,0.0,91.5,39.0,165.7
2026-07-06,SKU0037,0.0,91.5,39.0,165.7
2026-07-13,SKU0037,70.5,91.5,39.0,165.7
2024-07-22,SKU0038,295.3,0.0,12.0,203.5
2024-07-29,SKU0038,231.3,0.0,12.0,203.5
2024-08-05,SKU0038,161.3,365.3,12.0,203.5
2024-08-12,SKU0038,79.3,365.3,12.0,203.5
2024-08-19,SKU0038,380.5,0.0,12.0,203.5
2024-08-26,SKU0038,321.5,0.0,12.0,203.5
2024-09-02,SKU0038,235.5,0.0,12.0,203.5
2024-09-09,SKU0038,145.5,365.3,12.0,203.5
2024-09-16,SKU0038,68.5,365.3,12.0,203.5
2024-09-23,SKU0038,359.8,0.0,12.0,203.5
2024-09-30,SKU0038,267.8,0.0,12.0,203.5
2024-10-07,SKU0038,147.8,365.3,12.0,203.5
2024-10-14,SKU0038,0.0,365.3,12.0,203.5
2024-10-21,SKU0038,203.3,365.3,12.0,203.5
2024-10-28,SKU0038,57.3,365.3,12.0,203.5
2024-11-04,SKU0038,307.5,0.0,12.0,203.5
2024-11-11,SKU0038,200.5,365.3,12.0,203.5
2024-11-18,SKU0038,88.5,365.3,12.0,203.5
2024-11-25,SKU0038,328.8,0.0,12.0,203.5
2024-12-02,SKU0038,233.8,0.0,12.0,203.5
2024-12-09,SKU0038,146.8,365.3,12.0,203.5
2024-12-16,SKU0038,10.8,365.3,12.0,203.5
2024-12-23,SKU0038,178.0,365.3,12.0,203.5
2024-12-30,SKU0038,66.0,365.3,12.0,203.5
2025-01-06,SKU0038,370.3,0.0,12.0,203.5
2025-01-13,SKU0038,302.3,0.0,12.0,203.5
2025-01-20,SKU0038,240.3,0.0,12.0,203.5
2025-01-27,SKU0038,187.3,365.3,12.0,203.5
2025-02-03,SKU0038,135.3,365.3,12.0,203.5
2025-02-10,SKU0038,423.5,0.0,12.0,203.5
2025-02-17,SKU0038,342.5,0.0,12.0,203.5
2025-02-24,SKU0038,284.5,0.0,12.0,203.5
2025-03-03,SKU0038,199.5,365.3,12.0,203.5
2025-03-10,SKU0038,119.5,365.3,12.0,203.5
2025-03-17,SKU0038,394.8,0.0,12.0,203.5
2025-03-24,SKU0038,310.8,0.0,12.0,203.5
2025-03-31,SKU0038,241.8,0.0,12.0,203.5
2025-04-07,SKU0038,162.8,365.3,12.0,203.5
2025-04-14,SKU0038,75.8,365.3,12.0,203.5
2025-04-21,SKU0038,373.1,0.0,12.0,203.5
2025-04-28,SKU0038,280.1,0.0,12.0,203.5
2025-05-05,SKU0038,202.1,365.3,12.0,203.5
2025-05-12,SKU0038,134.1,365.3,12.0,203.5
2025-05-19,SKU0038,425.3,0.0,12.0,203.5
2025-05-26,SKU0038,340.3,0.0,12.0,203.5
2025-06-02,SKU0038,263.3,0.0,12.0,203.5
2025-06-09,SKU0038,176.3,365.3,12.0,203.5
2025-06-16,SKU0038,45.3,365.3,12.0,203.5
2025-06-23,SKU0038,291.6,0.0,12.0,203.5
2025-06-30,SKU0038,210.6,0.0,12.0,203.5
2025-07-07,SKU0038,142.6,365.3,12.0,203.5
2025-07-14,SKU0038,51.6,365.3,12.0,203.5
2025-07-21,SKU0038,341.8,0.0,12.0,203.5
2025-07-28,SKU0038,249.8,0.0,12.0,203.5
2025-08-04,SKU0038,164.8,365.3,12.0,203.5
2025-08-11,SKU0038,106.8,365.3,12.0,203.5
2025-08-18,SKU0038,394.1,0.0,12.0,203.5
2025-08-25,SKU0038,316.1,0.0,12.0,203.5
2025-09-01,SKU0038,228.1,0.0,12.0,203.5
2025-09-08,SKU0038,149.1,365.3,12.0,203.5
2025-09-15,SKU0038,70.1,365.3,12.0,203.5
2025-09-22,SKU0038,347.3,0.0,12.0,203.5
2025-09-29,SKU0038,233.3,0.0,12.0,203.5
2025-10-06,SKU0038,107.3,365.3,12.0,203.5
2025-10-13,SKU0038,0.0,365.3,12.0,203.5
2025-10-20,SKU0038,187.3,365.3,12.0,203.5
2025-10-27,SKU0038,20.3,365.3,12.0,203.5
2025-11-03,SKU0038,246.5,0.0,12.0,203.5
2025-11-10,SKU0038,124.5,365.3,12.0,203.5
2025-11-17,SKU0038,24.5,365.3,12.0,203.5
2025-11-24,SKU0038,248.8,0.0,12.0,203.5
2025-12-01,SKU0038,137.8,365.3,12.0,203.5
2025-12-08,SKU0038,27.8,365.3,12.0,203.5
2025-12-15,SKU0038,266.0,0.0,12.0,203.5
2025-12-22,SKU0038,94.0,365.3,12.0,203.5
2025-12-29,SKU0038,0.0,365.3,12.0,203.5
2026-01-05,SKU0038,279.3,0.0,12.0,203.5
2026-01-12,SKU0038,225.3,0.0,12.0,203.5
2026-01-19,SKU0038,148.3,365.3,12.0,203.5
2026-01-26,SKU0038,79.3,365.3,12.0,203.5
2026-02-02,SKU0038,378.5,0.0,12.0,203.5
2026-02-09,SKU0038,310.5,0.0,12.0,203.5
2026-02-16,SKU0038,226.5,0.0,12.0,203.5
2026-02-23,SKU0038,147.5,365.3,12.0,203.5
2026-03-02,SKU0038,55.5,365.3,12.0,203.5
2026-03-09,SKU0038,340.8,0.0,12.0,203.5
2026-03-16,SKU0038,264.8,0.0,12.0,203.5
2026-03-23,SKU0038,195.8,365.3,12.0,203.5
2026-03-30,SKU0038,101.8,365.3,12.0,203.5
2026-04-06,SKU0038,412.0,0.0,12.0,203.5
2026-04-13,SKU0038,348.0,0.0,12.0,203.5
2026-04-20,SKU0038,266.0,0.0,12.0,203.5
2026-04-27,SKU0038,189.0,365.3,12.0,203.5
2026-05-04,SKU0038,112.0,365.3,12.0,203.5
2026-05-11,SKU0038,393.3,0.0,12.0,203.5
2026-05-18,SKU0038,316.3,0.0,12.0,203.5
2026-05-25,SKU0038,240.3,0.0,12.0,203.5
2026-06-01,SKU0038,165.3,365.3,12.0,203.5
2026-06-08,SKU0038,100.3,365.3,12.0,203.5
2026-06-15,SKU0038,364.5,0.0,12.0,203.5
2026-06-22,SKU0038,237.5,0.0,12.0,203.5
2026-06-29,SKU0038,151.5,365.3,12.0,203.5
2026-07-06,SKU0038,78.5,365.3,12.0,203.5
2026-07-13,SKU0038,355.8,0.0,12.0,203.5
2024-08-05,SKU0039,252.4,319.4,29.0,430.1
2024-08-12,SKU0039,188.4,319.4,29.0,430.1
2024-08-19,SKU0039,131.4,319.4,29.0,430.1
2024-08-26,SKU0039,69.4,319.4,29.0,430.1
2024-09-02,SKU0039,319.8,319.4,29.0,430.1
2024-09-09,SKU0039,243.8,319.4,29.0,430.1
2024-09-16,SKU0039,183.8,319.4,29.0,430.1
2024-09-23,SKU0039,125.8,319.4,29.0,430.1
2024-09-30,SKU0039,360.3,319.4,29.0,430.1
2024-10-07,SKU0039,268.3,319.4,29.0,430.1
2024-10-14,SKU0039,141.3,319.4,29.0,430.1
2024-10-21,SKU0039,0.0,319.4,29.0,430.1
2024-10-28,SKU0039,240.4,319.4,29.0,430.1
2024-11-04,SKU0039,132.4,319.4,29.0,430.1
2024-11-11,SKU0039,42.4,319.4,29.0,430.1
2024-11-18,SKU0039,0.0,319.4,29.0,430.1
2024-11-25,SKU0039,183.4,319.4,29.0,430.1
2024-12-02,SKU0039,82.4,319.4,29.0,430.1
2024-12-09,SKU0039,0.0,319.4,29.0,430.1
2024-12-16,SKU0039,0.0,319.4,29.0,430.1
2024-12-23,SKU0039,162.4,319.4,29.0,430.1
2024-12-30,SKU0039,57.4,319.4,29.0,430.1
2025-01-06,SKU0039,7.4,319.4,29.0,430.1
2025-01-13,SKU0039,0.0,319.4,29.0,430.1
2025-01-20,SKU0039,257.4,319.4,29.0,430.1
2025-01-27,SKU0039,177.4,319.4,29.0,430.1
2025-02-03,SKU0039,111.4,319.4,29.0,430.1
2025-02-10,SKU0039,53.4,319.4,29.0,430.1
2025-02-17,SKU0039,307.8,319.4,29.0,430.1
2025-02-24,SKU0039,258.8,319.4,29.0,430.1
2025-03-03,SKU0039,197.8,319.4,29.0,430.1
2025-03-10,SKU0039,120.8,319.4,29.0,430.1
2025-03-17,SKU0039,384.3,319.4,29.0,430.1
2025-03-24,SKU0039,325.3,319.4,29.0,430.1
2025-03-31,SKU0039,256.3,319.4,29.0,430.1
2025-04-07,SKU0039,215.3,319.4,29.0,430.1
2025-04-14,SKU0039,443.7,0.0,29.0,430.1
2025-04-21,SKU0039,376.7,319.4,29.0,430.1
2025-04-28,SKU0039,310.7,319.4,29.0,430.1
2025-05-05,SKU0039,224.7,319.4,29.0,430.1
2025-05-12,SKU0039,143.7,319.4,29.0,430.1
2025-05-19,SKU0039,388.1,319.4,29.0,430.1
2025-05-26,SKU0039,308.1,319.4,29.0,430.1
2025-06-02,SKU0039,244.1,319.4,29.0,430.1
2025-06-09,SKU0039,178.1,319.4,29.0,430.1
2025-06-16,SKU0039,399.5,319.4,29.0,430.1
2025-06-23,SKU0039,298.5,319.4,29.0,430.1
2025-06-30,SKU0039,222.5,319.4,29.0,430.1
2025-07-07,SKU0039,168.5,319.4,29.0,430.1
2025-07-14,SKU0039,391.9,319.4,29.0,430.1
2025-07-21,SKU0039,319.9,319.4,29.0,430.1
2025-07-28,SKU0039,251.9,319.4,29.0,430.1
2025-08-04,SKU0039,177.9,319.4,29.0,430.1
2025-08-11,SKU0039,442.3,0.0,29.0,430.1
2025-08-18,SKU0039,382.3,319.4,29.0,430.1
2025-08-25,SKU0039,286.3,319.4,29.0,430.1
2025-09-01,SKU0039,209.3,319.4,29.0,430.1
2025-09-08,SKU0039,143.3,319.4,29.0,430.1
2025-09-15,SKU0039,410.8,319.4,29.0,430.1
2025-09-22,SKU0039,349.8,319.4,29.0,430.1
2025-09-29,SKU0039,279.8,319.4,29.0,430.1
2025-10-06,SKU0039,184.8,319.4,29.0,430.1
2025-10-13,SKU0039,354.2,319.4,29.0,430.1
2025-10-20,SKU0039,216.2,319.4,29.0,430.1
2025-10-27,SKU0039,78.2,319.4,29.0,430.1
2025-11-03,SKU0039,0.0,319.4,29.0,430.1
2025-11-10,SKU0039,228.4,319.4,29.0,430.1
2025-11-17,SKU0039,134.4,319.4,29.0,430.1
2025-11-24,SKU0039,2.4,319.4,29.0,430.1
2025-12-01,SKU0039,0.0,319.4,29.0,430.1
2025-12-08,SKU0039,207.4,319.4,29.0,430.1
2025-12-15,SKU0039,100.4,319.4,29.0,430.1
2025-12-22,SKU0039,0.0,319.4,29.0,430.1
2025-12-29,SKU0039,0.0,319.4,29.0,430.1
2026-01-05,SKU0039,255.4,319.4,29.0,430.1
2026-01-12,SKU0039,203.4,319.4,29.0,430.1
2026-01-19,SKU0039,153.4,319.4,29.0,430.1
2026-01-26,SKU0039,103.4,319.4,29.0,430.1
2026-02-02,SKU0039,356.8,319.4,29.0,430.1
2026-02-09,SKU0039,289.8,319.4,29.0,430.1
2026-02-16,SKU0039,233.8,319.4,29.0,430.1
2026-02-23,SKU0039,178.8,319.4,29.0,430.1
2026-03-02,SKU0039,428.3,319.4,29.0,430.1
2026-03-09,SKU0039,357.3,319.4,29.0,430.1
2026-03-16,SKU0039,288.3,319.4,29.0,430.1
2026-03-23,SKU0039,216.3,319.4,29.0,430.1
2026-03-30,SKU0039,458.7,0.0,29.0,430.1
2026-04-06,SKU0039,377.7,319.4,29.0,430.1
2026-04-13,SKU0039,323.7,319.4,29.0,430.1
2026-04-20,SKU0039,269.7,319.4,29.0,430.1
2026-04-27,SKU0039,206.7,319.4,29.0,430.1
2026-05-04,SKU0039,453.1,0.0,29.0,430.1
2026-05-11,SKU0039,384.1,319.4,29.0,430.1
2026-05-18,SKU0039,314.1,319.4,29.0,430.1
2026-05-25,SKU0039,234.1,319.4,29.0,430.1
2026-06-01,SKU0039,168.1,319.4,29.0,430.1
2026-06-08,SKU0039,397.5,319.4,29.0,430.1
2026-06-15,SKU0039,304.5,319.4,29.0,430.1
2026-06-22,SKU0039,209.5,319.4,29.0,430.1
2026-06-29,SKU0039,138.5,319.4,29.0,430.1
2026-07-06,SKU0039,385.9,319.4,29.0,430.1
2026-07-13,SKU0039,311.9,319.4,29.0,430.1
2024-07-29,SKU0040,61.8,0.0,10.0,32.9
2024-08-05,SKU0040,51.8,0.0,10.0,32.9
2024-08-12,SKU0040,42.8,0.0,10.0,32.9
2024-08-19,SKU0040,27.8,70.8,10.0,32.9
2024-08-26,SKU0040,77.5,0.0,10.0,32.9
2024-09-02,SKU0040,68.5,0.0,10.0,32.9
2024-09-09,SKU0040,55.5,0.0,10.0,32.9
2024-09-16,SKU0040,36.5,0.0,10.0,32.9
2024-09-23,SKU0040,17.5,70.8,10.0,32.9
2024-09-30,SKU0040,63.3,0.0,10.0,32.9
2024-10-07,SKU0040,47.3,0.0,10.0,32.9
2024-10-14,SKU0040,22.3,70.8,10.0,32.9
2024-10-21,SKU0040,58.1,0.0,10.0,32.9
2024-10-28,SKU0040,22.1,70.8,10.0,32.9
2024-11-04,SKU0040,71.8,0.0,10.0,32.9
2024-11-11,SKU0040,54.8,0.0,10.0,32.9
2024-11-18,SKU0040,36.8,0.0,10.0,32.9
2024-11-25,SKU0040,6.8,70.8,10.0,32.9
2024-12-02,SKU0040,58.6,0.0,10.0,32.9
2024-12-09,SKU0040,39.6,0.0,10.0,32.9
2024-12-16,SKU0040,17.6,70.8,10.0,32.9
2024-12-23,SKU0040,65.4,0.0,10.0,32.9
2024-12-30,SKU0040,36.4,0.0,10.0,32.9
2025-01-06,SKU0040,23.4,70.8,10.0,32.9
2025-01-13,SKU0040,81.2,0.0,10.0,32.9
2025-01-20,SKU0040,71.2,0.0,10.0,32.9
2025-01-27,SKU0040,62.2,0.0,10.0,32.9
2025-02-03,SKU0040,47.2,0.0,10.0,32.9
2025-02-10,SKU0040,36.2,0.0,10.0,32.9
2025-02-17,SKU0040,24.2,70.8,10.0,32.9
2025-02-24,SKU0040,83.9,0.0,10.0,32.9
2025-03-03,SKU0040,66.9,0.0,10.0,32.9
2025-03-10,SKU0040,57.9,0.0,10.0,32.9
2025-03-17,SKU0040,41.9,0.0,10.0,32.9
2025-03-24,SKU0040,23.9,70.8,10.0,32.9
2025-03-31,SKU0040,76.7,0.0,10.0,32.9
2025-04-07,SKU0040,70.7,0.0,10.0,32.9
2025-04-14,SKU0040,55.7,0.0,10.0,32.9
2025-04-21,SKU0040,38.7,0.0,10.0,32.9
2025-04-28,SKU0040,25.7,70.8,10.0,32.9
2025-05-05,SKU0040,84.5,0.0,10.0,32.9
2025-05-12,SKU0040,77.5,0.0,10.0,32.9
2025-05-19,SKU0040,57.5,0.0,10.0,32.9
2025-05-26,SKU0040,44.5,0.0,10.0,32.9
2025-06-02,SKU0040,29.5,70.8,10.0,32.9
2025-06-09,SKU0040,87.2,0.0,10.0,32.9
2025-06-16,SKU0040,68.2,0.0,10.0,32.9
2025-06-23,SKU0040,37.2,0.0,10.0,32.9
2025-06-30,SKU0040,18.2,70.8,10.0,32.9
2025-07-07,SKU0040,79.0,0.0,10.0,32.9
2025-07-14,SKU0040,63.0,0.0,10.0,32.9
2025-07-21,SKU0040,45.0,0.0,10.0,32.9
2025-07-28,SKU0040,32.0,70.8,10.0,32.9
2025-08-04,SKU0040,84.8,0.0,10.0,32.9
2025-08-11,SKU0040,75.8,0.0,10.0,32.9
2025-08-18,SKU0040,64.8,0.0,10.0,32.9
2025-08-25,SKU0040,47.8,0.0,10.0,32.9
2025-09-01,SKU0040,32.8,70.8,10.0,32.9
2025-09-08,SKU0040,91.5,0.0,10.0,32.9
2025-09-15,SKU0040,77.5,0.0,10.0,32.9
2025-09-22,SKU0040,62.5,0.0,10.0,32.9
2025-09-29,SKU0040,42.5,0.0,10.0,32.9
2025-10-06,SKU0040,18.5,70.8,10.0,32.9
2025-10-13,SKU0040,62.3,0.0,10.0,32.9
2025-10-20,SKU0040,18.3,70.8,10.0,32.9
2025-10-27,SKU0040,57.1,0.0,10.0,32.9
2025-11-03,SKU0040,32.1,70.8,10.0,32.9
2025-11-10,SKU0040,78.8,0.0,10.0,32.9
2025-11-17,SKU0040,59.8,0.0,10.0,32.9
2025-11-24,SKU0040,24.8,70.8,10.0,32.9
2025-12-01,SKU0040,78.6,0.0,10.0,32.9
2025-12-08,SKU0040,57.6,0.0,10.0,32.9
2025-12-15,SKU0040,24.6,70.8,10.0,32.9
2025-12-22,SKU0040,52.4,0.0,10.0,32.9
2025-12-29,SKU0040,35.4,0.0,10.0,32.9
2026-01-05,SKU0040,13.4,70.8,10.0,32.9
2026-01-12,SKU0040,71.2,0.0,10.0,32.9
2026-01-19,SKU0040,57.2,0.0,10.0,32.9
2026-01-26,SKU0040,46.2,0.0,10.0,32.9
2026-02-02,SKU0040,24.2,70.8,10.0,32.9
2026-02-09,SKU0040,82.9,0.0,10.0,32.9
2026-02-16,SKU0040,65.9,0.0,10.0,32.9
2026-02-23,SKU0040,46.9,0.0,10.0,32.9
2026-03-02,SKU0040,27.9,70.8,10.0,32.9
2026-03-09,SKU0040,86.7,0.0,10.0,32.9
2026-03-16,SKU0040,71.7,0.0,10.0,32.9
2026-03-23,SKU0040,50.7,0.0,10.0,32.9
2026-03-30,SKU0040,36.7,0.0,10.0,32.9
2026-04-06,SKU0040,18.7,70.8,10.0,32.9
2026-04-13,SKU0040,71.5,0.0,10.0,32.9
2026-04-20,SKU0040,54.5,0.0,10.0,32.9
2026-04-27,SKU0040,41.5,0.0,10.0,32.9
2026-05-04,SKU0040,30.5,70.8,10.0,32.9
2026-05-11,SKU0040,79.2,0.0,10.0,32.9
2026-05-18,SKU0040,67.2,0.0,10.0,32.9
2026-05-25,SKU0040,48.2,0.0,10.0,32.9
2026-06-01,SKU0040,36.2,0.0,10.0,32.9
2026-06-08,SKU0040,25.2,70.8,10.0,32.9
2026-06-15,SKU0040,72.0,0.0,10.0,32.9
2026-06-22,SKU0040,52.0,0.0,10.0,32.9
2026-06-29,SKU0040,39.0,0.0,10.0,32.9
2026-07-06,SKU0040,23.0,70.8,10.0,32.9
2026-07-13,SKU0040,78.8,0.0,10.0,32.9
2024-08-05,SKU0041,355.7,0.0,12.0,247.2
2024-08-12,SKU0041,273.7,0.0,12.0,247.2
2024-08-19,SKU0041,184.7,443.7,12.0,247.2
2024-08-26,SKU0041,91.7,443.7,12.0,247.2
2024-09-02,SKU0041,446.5,0.0,12.0,247.2
2024-09-09,SKU0041,351.5,0.0,12.0,247.2
2024-09-16,SKU0041,251.5,0.0,12.0,247.2
2024-09-23,SKU0041,160.5,443.7,12.0,247.2
2024-09-30,SKU0041,68.5,443.7,12.0,247.2
2024-10-07,SKU0041,396.2,0.0,12.0,247.2
2024-10-14,SKU0041,197.2,443.7,12.0,247.2
2024-10-21,SKU0041,18.2,443.7,12.0,247.2
2024-10-28,SKU0041,264.9,0.0,12.0,247.2
2024-11-04,SKU0041,126.9,443.7,12.0,247.2
2024-11-11,SKU0041,0.0,443.7,12.0,247.2
2024-11-18,SKU0041,315.7,0.0,12.0,247.2
2024-11-25,SKU0041,116.7,443.7,12.0,247.2
2024-12-02,SKU0041,5.7,443.7,12.0,247.2
2024-12-09,SKU0041,328.5,0.0,12.0,247.2
2024-12-16,SKU0041,165.5,443.7,12.0,247.2
2024-12-23,SKU0041,0.0,443.7,12.0,247.2
2024-12-30,SKU0041,303.7,0.0,12.0,247.2
2025-01-06,SKU0041,205.7,443.7,12.0,247.2
2025-01-13,SKU0041,148.7,443.7,12.0,247.2
2025-01-20,SKU0041,509.5,0.0,12.0,247.2
2025-01-27,SKU0041,426.5,0.0,12.0,247.2
2025-02-03,SKU0041,327.5,0.0,12.0,247.2
2025-02-10,SKU0041,259.5,0.0,12.0,247.2
2025-02-17,SKU0041,167.5,443.7,12.0,247.2
2025-02-24,SKU0041,89.5,443.7,12.0,247.2
2025-03-03,SKU0041,448.2,0.0,12.0,247.2
2025-03-10,SKU0041,365.2,0.0,12.0,247.2
2025-03-17,SKU0041,271.2,0.0,12.0,247.2
2025-03-24,SKU0041,179.2,443.7,12.0,247.2
2025-03-31,SKU0041,113.2,443.7,12.0,247.2
2025-04-07,SKU0041,460.9,0.0,12.0,247.2
2025-04-14,SKU0041,377.9,0.0,12.0,247.2
2025-04-21,SKU0041,283.9,0.0,12.0,247.2
2025-04-28,SKU0041,178.9,443.7,12.0,247.2
2025-05-05,SKU0041,78.9,443.7,12.0,247.2
2025-05-12,SKU0041,424.6,0.0,12.0,247.2
2025-05-19,SKU0041,339.6,0.0,12.0,247.2
2025-05-26,SKU0041,251.6,0.0,12.0,247.2
2025-06-02,SKU0041,169.6,443.7,12.0,247.2
2025-06-09,SKU0041,68.6,443.7,12.0,247.2
2025-06-16,SKU0041,352.4,0.0,12.0,247.2
2025-06-23,SKU0041,209.4,443.7,12.0,247.2
2025-06-30,SKU0041,100.4,443.7,12.0,247.2
2025-07-07,SKU0041,449.1,0.0,12.0,247.2
2025-07-14,SKU0041,348.1,0.0,12.0,247.2
2025-07-21,SKU0041,252.1,0.0,12.0,247.2
2025-07-28,SKU0041,149.1,443.7,12.0,247.2
2025-08-04,SKU0041,63.1,443.7,12.0,247.2
2025-08-11,SKU0041,406.8,0.0,12.0,247.2
2025-08-18,SKU0041,314.8,0.0,12.0,247.2
2025-08-25,SKU0041,233.8,443.7,12.0,247.2
2025-09-01,SKU0041,141.8,443.7,12.0,247.2
2025-09-08,SKU0041,496.5,0.0,12.0,247.2
2025-09-15,SKU0041,398.5,0.0,12.0,247.2
2025-09-22,SKU0041,303.5,0.0,12.0,247.2
2025-09-29,SKU0041,186.5,443.7,12.0,247.2
2025-10-06,SKU0041,49.5,443.7,12.0,247.2
2025-10-13,SKU0041,291.3,0.0,12.0,247.2
2025-10-20,SKU0041,102.3,443.7,12.0,247.2
2025-10-27,SKU0041,0.0,443.7,12.0,247.2
2025-11-03,SKU0041,281.7,0.0,12.0,247.2
2025-11-10,SKU0041,130.7,443.7,12.0,247.2
2025-11-17,SKU0041,0.0,443.7,12.0,247.2
2025-11-24,SKU0041,275.7,0.0,12.0,247.2
2025-12-01,SKU0041,141.7,443.7,12.0,247.2
2025-12-08,SKU0041,0.7,443.7,12.0,247.2
2025-12-15,SKU0041,293.5,0.0,12.0,247.2
2025-12-22,SKU0041,68.5,443.7,12.0,247.2
2025-12-29,SKU0041,0.0,443.7,12.0,247.2
2026-01-05,SKU0041,370.7,0.0,12.0,247.2
2026-01-12,SKU0041,306.7,0.0,12.0,247.2
2026-01-19,SKU0041,215.7,443.7,12.0,247.2
2026-01-26,SKU0041,134.7,443.7,12.0,247.2
2026-02-02,SKU0041,490.5,0.0,12.0,247.2
2026-02-09,SKU0041,412.5,0.0,12.0,247.2
2026-02-16,SKU0041,323.5,0.0,12.0,247.2
2026-02-23,SKU0041,238.5,443.7,12.0,247.2
2026-03-02,SKU0041,137.5,443.7,12.0,247.2
2026-03-09,SKU0041,484.2,0.0,12.0,247.2
2026-03-16,SKU0041,383.2,0.0,12.0,247.2
2026-03-23,SKU0041,271.2,0.0,12.0,247.2
2026-03-30,SKU0041,171.2,443.7,12.0,247.2
2026-04-06,SKU0041,65.2,443.7,12.0,247.2
2026-04-13,SKU0041,420.9,0.0,12.0,247.2
2026-04-20,SKU0041,344.9,0.0,12.0,247.2
2026-04-27,SKU0041,253.9,0.0,12.0,247.2
2026-05-04,SKU0041,175.9,443.7,12.0,247.2
2026-05-11,SKU0041,80.9,443.7,12.0,247.2
2026-05-18,SKU0041,446.6,0.0,12.0,247.2
2026-05-25,SKU0041,346.6,0.0,12.0,247.2
2026-06-01,SKU0041,261.6,0.0,12.0,247.2
2026-06-08,SKU0041,163.6,443.7,12.0,247.2
2026-06-15,SKU0041,3.6,443.7,12.0,247.2
2026-06-22,SKU0041,329.4,0.0,12.0,247.2
2026-06-29,SKU0041,222.4,443.7,12.0,247.2
2026-07-06,SKU0041,121.4,443.7,12.0,247.2
2026-07-13,SKU0041,461.1,0.0,12.0,247.2
2024-08-12,SKU0042,259.1,0.0,14.0,216.5
2024-08-19,SKU0042,177.1,333.1,14.0,216.5
2024-08-26,SKU0042,111.1,333.1,14.0,216.5
2024-09-02,SKU0042,369.1,0.0,14.0,216.5
2024-09-09,SKU0042,289.1,0.0,14.0,216.5
2024-09-16,SKU0042,236.1,0.0,14.0,216.5
2024-09-23,SKU0042,167.1,333.1,14.0,216.5
2024-09-30,SKU0042,73.1,333.1,14.0,216.5
2024-10-07,SKU0042,318.2,0.0,14.0,216.5
2024-10-14,SKU0042,180.2,333.1,14.0,216.5
2024-10-21,SKU0042,15.2,333.1,14.0,216.5
2024-10-28,SKU0042,214.2,333.1,14.0,216.5
2024-11-04,SKU0042,98.2,333.1,14.0,216.5
2024-11-11,SKU0042,324.3,0.0,14.0,216.5
2024-11-18,SKU0042,218.3,0.0,14.0,216.5
2024-11-25,SKU0042,80.3,333.1,14.0,216.5
2024-12-02,SKU0042,0.0,333.1,14.0,216.5
2024-12-09,SKU0042,231.1,0.0,14.0,216.5
2024-12-16,SKU0042,111.1,333.1,14.0,216.5
2024-12-23,SKU0042,0.0,333.1,14.0,216.5
2024-12-30,SKU0042,232.1,0.0,14.0,216.5
2025-01-06,SKU0042,170.1,333.1,14.0,216.5
2025-01-13,SKU0042,115.1,333.1,14.0,216.5
2025-01-20,SKU0042,392.1,0.0,14.0,216.5
2025-01-27,SKU0042,342.1,0.0,14.0,216.5
2025-02-03,SKU0042,273.1,0.0,14.0,216.5
2025-02-10,SKU0042,215.1,333.1,14.0,216.5
2025-02-17,SKU0042,165.1,333.1,14.0,216.5
2025-02-24,SKU0042,436.2,0.0,14.0,216.5
2025-03-03,SKU0042,366.2,0.0,14.0,216.5
2025-03-10,SKU0042,296.2,0.0,14.0,216.5
2025-03-17,SKU0042,214.2,333.1,14.0,216.5
2025-03-24,SKU0042,146.2,333.1,14.0,216.5
2025-03-31,SKU0042,391.2,0.0,14.0,216.5
2025-04-07,SKU0042,324.2,0.0,14.0,216.5
2025-04-14,SKU0042,250.2,0.0,14.0,216.5
2025-04-21,SKU0042,179.2,333.1,14.0,216.5
2025-04-28,SKU0042,118.2,333.1,14.0,216.5
2025-05-05,SKU0042,379.3,0.0,14.0,216.5
2025-05-12,SKU0042,305.3,0.0,14.0,216.5
2025-05-19,SKU0042,238.3,0.0,14.0,216.5
2025-05-26,SKU0042,183.3,333.1,14.0,216.5
2025-06-02,SKU0042,115.3,333.1,14.0,216.5
2025-06-09,SKU0042,376.4,0.0,14.0,216.5
2025-06-16,SKU0042,282.4,0.0,14.0,216.5
2025-06-23,SKU0042,181.4,333.1,14.0,216.5
2025-06-30,SKU0042,97.4,333.1,14.0,216.5
2025-07-07,SKU0042,369.4,0.0,14.0,216.5
2025-07-14,SKU0042,302.4,0.0,14.0,216.5
2025-07-21,SKU0042,228.4,0.0,14.0,216.5
2025-07-28,SKU0042,153.4,333.1,14.0,216.5
2025-08-04,SKU0042,83.4,333.1,14.0,216.5
2025-08-11,SKU0042,339.5,0.0,14.0,216.5
2025-08-18,SKU0042,264.5,0.0,14.0,216.5
2025-08-25,SKU0042,202.5,333.1,14.0,216.5
2025-09-01,SKU0042,137.5,333.1,14.0,216.5
2025-09-08,SKU0042,408.5,0.0,14.0,216.5
2025-09-15,SKU0042,324.5,0.0,14.0,216.5
2025-09-22,SKU0042,271.5,0.0,14.0,216.5
2025-09-29,SKU0042,155.5,333.1,14.0,216.5
2025-10-06,SKU0042,54.5,333.1,14.0,216.5
2025-10-13,SKU0042,263.6,0.0,14.0,216.5
2025-10-20,SKU0042,100.6,333.1,14.0,216.5
2025-10-27,SKU0042,0.0,333.1,14.0,216.5
2025-11-03,SKU0042,222.1,0.0,14.0,216.5
2025-11-10,SKU0042,118.1,333.1,14.0,216.5
2025-11-17,SKU0042,2.1,333.1,14.0,216.5
2025-11-24,SKU0042,192.1,333.1,14.0,216.5
2025-12-01,SKU0042,81.1,333.1,14.0,216.5
2025-12-08,SKU0042,309.2,0.0,14.0,216.5
2025-12-15,SKU0042,188.2,333.1,14.0,216.5
2025-12-22,SKU0042,23.2,333.1,14.0,216.5
2025-12-29,SKU0042,247.2,0.0,14.0,216.5
2026-01-05,SKU0042,193.2,333.1,14.0,216.5
2026-01-12,SKU0042,137.2,333.1,14.0,216.5
2026-01-19,SKU0042,409.3,0.0,14.0,216.5
2026-01-26,SKU0042,345.3,0.0,14.0,216.5
2026-02-02,SKU0042,295.3,0.0,14.0,216.5
2026-02-09,SKU0042,242.3,0.0,14.0,216.5
2026-02-16,SKU0042,180.3,333.1,14.0,216.5
2026-02-23,SKU0042,121.3,333.1,14.0,216.5
2026-03-02,SKU0042,388.4,0.0,14.0,216.5
2026-03-09,SKU0042,322.4,0.0,14.0,216.5
2026-03-16,SKU0042,264.4,0.0,14.0,216.5
2026-03-23,SKU0042,195.4,333.1,14.0,216.5
2026-03-30,SKU0042,135.4,333.1,14.0,216.5
2026-04-06,SKU0042,400.4,0.0,14.0,216.5
2026-04-13,SKU0042,336.4,0.0,14.0,216.5
2026-04-20,SKU0042,275.4,0.0,14.0,216.5
2026-04-27,SKU0042,187.4,333.1,14.0,216.5
2026-05-04,SKU0042,104.4,333.1,14.0,216.5
2026-05-11,SKU0042,363.5,0.0,14.0,216.5
2026-05-18,SKU0042,303.5,0.0,14.0,216.5
2026-05-25,SKU0042,232.5,0.0,14.0,216.5
2026-06-01,SKU0042,157.5,333.1,14.0,216.5
2026-06-08,SKU0042,87.5,333.1,14.0,216.5
2026-06-15,SKU0042,317.5,0.0,14.0,216.5
2026-06-22,SKU0042,207.5,333.1,14.0,216.5
2026-06-29,SKU0042,123.5,333.1,14.0,216.5
2026-07-06,SKU0042,402.6,0.0,14.0,216.5
2026-07-13,SKU0042,341.6,0.0,14.0,216.5
2024-07-29,SKU0043,162.6,0.0,11.0,99.4
2024-08-05,SKU0043,135.6,0.0,11.0,99.4
2024-08-12,SKU0043,99.6,0.0,11.0,99.4
2024-08-19,SKU0043,66.6,194.6,11.0,99.4
2024-08-26,SKU0043,33.6,194.6,11.0,99.4
2024-09-02,SKU0043,199.2,0.0,11.0,99.4
2024-09-09,SKU0043,175.2,0.0,11.0,99.4
2024-09-16,SKU0043,140.2,0.0,11.0,99.4
2024-09-23,SKU0043,107.2,0.0,11.0,99.4
2024-09-30,SKU0043,57.2,194.6,11.0,99.4
2024-10-07,SKU0043,4.2,194.6,11.0,99.4
2024-10-14,SKU0043,124.7,0.0,11.0,99.4
2024-10-21,SKU0043,46.7,194.6,11.0,99.4
2024-10-28,SKU0043,5.7,194.6,11.0,99.4
2024-11-04,SKU0043,150.3,0.0,11.0,99.4
2024-11-11,SKU0043,92.3,194.6,11.0,99.4
2024-11-18,SKU0043,30.3,194.6,11.0,99.4
2024-11-25,SKU0043,156.9,0.0,11.0,99.4
2024-12-02,SKU0043,98.9,194.6,11.0,99.4
2024-12-09,SKU0043,33.9,194.6,11.0,99.4
2024-12-16,SKU0043,157.5,0.0,11.0,99.4
2024-12-23,SKU0043,60.5,194.6,11.0,99.4
2024-12-30,SKU0043,12.5,194.6,11.0,99.4
2025-01-06,SKU0043,186.0,0.0,11.0,99.4
2025-01-13,SKU0043,145.0,0.0,11.0,99.4
2025-01-20,SKU0043,102.0,0.0,11.0,99.4
2025-01-27,SKU0043,72.0,194.6,11.0,99.4
2025-02-03,SKU0043,37.0,194.6,11.0,99.4
2025-02-10,SKU0043,193.6,0.0,11.0,99.4
2025-02-17,SKU0043,154.6,0.0,11.0,99.4
2025-02-24,SKU0043,118.6,0.0,11.0,99.4
2025-03-03,SKU0043,74.6,194.6,11.0,99.4
2025-03-10,SKU0043,41.6,194.6,11.0,99.4
2025-03-17,SKU0043,195.2,0.0,11.0,99.4
2025-03-24,SKU0043,161.2,0.0,11.0,99.4
2025-03-31,SKU0043,114.2,0.0,11.0,99.4
2025-04-07,SKU0043,80.2,194.6,11.0,99.4
2025-04-14,SKU0043,42.2,194.6,11.0,99.4
2025-04-21,SKU0043,184.8,0.0,11.0,99.4
2025-04-28,SKU0043,146.8,0.0,11.0,99.4
2025-05-05,SKU0043,108.8,0.0,11.0,99.4
2025-05-12,SKU0043,71.8,194.6,11.0,99.4
2025-05-19,SKU0043,44.8,194.6,11.0,99.4
2025-05-26,SKU0043,201.3,0.0,11.0,99.4
2025-06-02,SKU0043,161.3,0.0,11.0,99.4
2025-06-09,SKU0043,115.3,0.0,11.0,99.4
2025-06-16,SKU0043,46.3,194.6,11.0,99.4
2025-06-23,SKU0043,0.0,194.6,11.0,99.4
2025-06-30,SKU0043,150.6,0.0,11.0,99.4
2025-07-07,SKU0043,96.6,194.6,11.0,99.4
2025-07-14,SKU0043,56.6,194.6,11.0,99.4
2025-07-21,SKU0043,206.2,0.0,11.0,99.4
2025-07-28,SKU0043,160.2,0.0,11.0,99.4
2025-08-04,SKU0043,110.2,0.0,11.0,99.4
2025-08-11,SKU0043,68.2,194.6,11.0,99.4
2025-08-18,SKU0043,20.2,194.6,11.0,99.4
2025-08-25,SKU0043,172.7,0.0,11.0,99.4
2025-09-01,SKU0043,120.7,0.0,11.0,99.4
2025-09-08,SKU0043,76.7,194.6,11.0,99.4
2025-09-15,SKU0043,25.7,194.6,11.0,99.4
2025-09-22,SKU0043,182.3,0.0,11.0,99.4
2025-09-29,SKU0043,108.3,0.0,11.0,99.4
2025-10-06,SKU0043,56.3,194.6,11.0,99.4
2025-10-13,SKU0043,0.0,194.6,11.0,99.4
2025-10-20,SKU0043,113.6,0.0,11.0,99.4
2025-10-27,SKU0043,0.0,194.6,11.0,99.4
2025-11-03,SKU0043,0.0,194.6,11.0,99.4
2025-11-10,SKU0043,141.6,0.0,11.0,99.4
2025-11-17,SKU0043,73.6,194.6,11.0,99.4
2025-11-24,SKU0043,0.0,194.6,11.0,99.4
2025-12-01,SKU0043,127.6,0.0,11.0,99.4
2025-12-08,SKU0043,63.6,194.6,11.0,99.4
2025-12-15,SKU0043,0.0,194.6,11.0,99.4
2025-12-22,SKU0043,97.6,194.6,11.0,99.4
2025-12-29,SKU0043,30.6,194.6,11.0,99.4
2026-01-05,SKU0043,182.2,0.0,11.0,99.4
2026-01-12,SKU0043,145.2,0.0,11.0,99.4
2026-01-19,SKU0043,110.2,0.0,11.0,99.4
2026-01-26,SKU0043,74.2,194.6,11.0,99.4
2026-02-02,SKU0043,37.2,194.6,11.0,99.4
2026-02-09,SKU0043,196.7,0.0,11.0,99.4
2026-02-16,SKU0043,158.7,0.0,11.0,99.4
2026-02-23,SKU0043,130.7,0.0,11.0,99.4
2026-03-02,SKU0043,83.7,194.6,11.0,99.4
2026-03-09,SKU0043,44.7,194.6,11.0,99.4
2026-03-16,SKU0043,180.3,0.0,11.0,99.4
2026-03-23,SKU0043,131.3,0.0,11.0,99.4
2026-03-30,SKU0043,96.3,194.6,11.0,99.4
2026-04-06,SKU0043,53.3,194.6,11.0,99.4
2026-04-13,SKU0043,202.9,0.0,11.0,99.4
2026-04-20,SKU0043,162.9,0.0,11.0,99.4
2026-04-27,SKU0043,108.9,0.0,11.0,99.4
2026-05-04,SKU0043,78.9,194.6,11.0,99.4
2026-05-11,SKU0043,37.9,194.6,11.0,99.4
2026-05-18,SKU0043,171.5,0.0,11.0,99.4
2026-05-25,SKU0043,137.5,0.0,11.0,99.4
2026-06-01,SKU0043,106.5,0.0,11.0,99.4
2026-06-08,SKU0043,71.5,194.6,11.0,99.4
2026-06-15,SKU0043,8.5,194.6,11.0,99.4
2026-06-22,SKU0043,130.0,0.0,11.0,99.4
2026-06-29,SKU0043,76.0,194.6,11.0,99.4
2026-07-06,SKU0043,20.0,194.6,11.0,99.4
2026-07-13,SKU0043,178.6,0.0,11.0,99.4
2026-02-09,SKU0044,51.8,0.0,10.0,31.5
2026-02-16,SKU0044,33.8,0.0,10.0,31.5
2026-02-23,SKU0044,19.8,67.8,10.0,31.5
2026-03-02,SKU0044,77.7,0.0,10.0,31.5
2026-03-09,SKU0044,58.7,0.0,10.0,31.5
2026-03-16,SKU0044,45.7,0.0,10.0,31.5
2026-03-23,SKU0044,31.7,0.0,10.0,31.5
2026-03-30,SKU0044,13.7,67.8,10.0,31.5
2026-04-06,SKU0044,63.5,0.0,10.0,31.5
2026-04-13,SKU0044,47.5,0.0,10.0,31.5
2026-04-20,SKU0044,34.5,0.0,10.0,31.5
2026-04-27,SKU0044,13.5,67.8,10.0,31.5
2026-05-04,SKU0044,62.3,0.0,10.0,31.5
2026-05-11,SKU0044,53.3,0.0,10.0,31.5
2026-05-18,SKU0044,30.3,67.8,10.0,31.5
2026-05-25,SKU0044,87.1,0.0,10.0,31.5
2026-06-01,SKU0044,71.1,0.0,10.0,31.5
2026-06-08,SKU0044,58.1,0.0,10.0,31.5
2026-06-15,SKU0044,26.1,67.8,10.0,31.5
2026-06-22,SKU0044,69.0,0.0,10.0,31.5
2026-06-29,SKU0044,46.0,0.0,10.0,31.5
2026-07-06,SKU0044,32.0,0.0,10.0,31.5
2026-07-13,SKU0044,17.0,67.8,10.0,31.5
2024-07-29,SKU0045,57.2,0.0,17.0,55.4
2024-08-05,SKU0045,41.2,70.2,17.0,55.4
2024-08-12,SKU0045,27.2,70.2,17.0,55.4
2024-08-19,SKU0045,75.5,0.0,17.0,55.4
2024-08-26,SKU0045,67.5,0.0,17.0,55.4
2024-09-02,SKU0045,58.5,0.0,17.0,55.4
2024-09-09,SKU0045,42.5,70.2,17.0,55.4
2024-09-16,SKU0045,31.5,70.2,17.0,55.4
2024-09-23,SKU0045,84.7,0.0,17.0,55.4
2024-09-30,SKU0045,65.7,0.0,17.0,55.4
2024-10-07,SKU0045,34.7,70.2,17.0,55.4
2024-10-14,SKU0045,9.7,70.2,17.0,55.4
2024-10-21,SKU0045,41.9,70.2,17.0,55.4
2024-10-28,SKU0045,8.9,70.2,17.0,55.4
2024-11-04,SKU0045,59.2,0.0,17.0,55.4
2024-11-11,SKU0045,39.2,70.2,17.0,55.4
2024-11-18,SKU0045,18.2,70.2,17.0,55.4
2024-11-25,SKU0045,60.4,0.0,17.0,55.4
2024-12-02,SKU0045,41.4,70.2,17.0,55.4
2024-12-09,SKU0045,27.4,70.2,17.0,55.4
2024-12-16,SKU0045,68.6,0.0,17.0,55.4
2024-12-23,SKU0045,34.6,70.2,17.0,55.4
2024-12-30,SKU0045,17.6,70.2,17.0,55.4
2025-01-06,SKU0045,75.8,0.0,17.0,55.4
2025-01-13,SKU0045,59.8,0.0,17.0,55.4
2025-01-20,SKU0045,50.8,70.2,17.0,55.4
2025-01-27,SKU0045,37.8,70.2,17.0,55.4
2025-02-03,SKU0045,89.1,0.0,17.0,55.4
2025-02-10,SKU0045,74.1,0.0,17.0,55.4
2025-02-17,SKU0045,63.1,0.0,17.0,55.4
2025-02-24,SKU0045,47.1,70.2,17.0,55.4
2025-03-03,SKU0045,33.1,70.2,17.0,55.4
2025-03-10,SKU0045,91.3,0.0,17.0,55.4
2025-03-17,SKU0045,81.3,0.0,17.0,55.4
2025-03-24,SKU0045,65.3,0.0,17.0,55.4
2025-03-31,SKU0045,48.3,70.2,17.0,55.4
2025-04-07,SKU0045,35.3,70.2,17.0,55.4
2025-04-14,SKU0045,90.5,0.0,17.0,55.4
2025-04-21,SKU0045,80.5,0.0,17.0,55.4
2025-04-28,SKU0045,66.5,0.0,17.0,55.4
2025-05-05,SKU0045,47.5,70.2,17.0,55.4
2025-05-12,SKU0045,34.5,70.2,17.0,55.4
2025-05-19,SKU0045,96.8,0.0,17.0,55.4
2025-05-26,SKU0045,80.8,0.0,17.0,55.4
2025-06-02,SKU0045,64.8,0.0,17.0,55.4
2025-06-09,SKU0045,43.8,70.2,17.0,55.4
2025-06-16,SKU0045,29.8,70.2,17.0,55.4
2025-06-23,SKU0045,76.0,0.0,17.0,55.4
2025-06-30,SKU0045,61.0,0.0,17.0,55.4
2025-07-07,SKU0045,46.0,70.2,17.0,55.4
2025-07-14,SKU0045,35.0,70.2,17.0,55.4
2025-07-21,SKU0045,97.2,0.0,17.0,55.4
2025-07-28,SKU0045,80.2,0.0,17.0,55.4
2025-08-04,SKU0045,62.2,0.0,17.0,55.4
2025-08-11,SKU0045,47.2,70.2,17.0,55.4
2025-08-18,SKU0045,30.2,70.2,17.0,55.4
2025-08-25,SKU0045,84.5,0.0,17.0,55.4
2025-09-01,SKU0045,72.5,0.0,17.0,55.4
2025-09-08,SKU0045,65.5,0.0,17.0,55.4
2025-09-15,SKU0045,56.5,0.0,17.0,55.4
2025-09-22,SKU0045,46.5,70.2,17.0,55.4
2025-09-29,SKU0045,28.5,70.2,17.0,55.4
2025-10-06,SKU0045,78.7,0.0,17.0,55.4
2025-10-13,SKU0045,61.7,0.0,17.0,55.4
2025-10-20,SKU0045,30.7,70.2,17.0,55.4
2025-10-27,SKU0045,0.0,70.2,17.0,55.4
2025-11-03,SKU0045,43.2,70.2,17.0,55.4
2025-11-10,SKU0045,17.2,70.2,17.0,55.4
2025-11-17,SKU0045,69.5,0.0,17.0,55.4
2025-11-24,SKU0045,35.5,70.2,17.0,55.4
2025-12-01,SKU0045,18.5,70.2,17.0,55.4
2025-12-08,SKU0045,66.7,0.0,17.0,55.4
2025-12-15,SKU0045,37.7,70.2,17.0,55.4
2025-12-22,SKU0045,5.7,70.2,17.0,55.4
2025-12-29,SKU0045,50.9,70.2,17.0,55.4
2026-01-05,SKU0045,31.9,70.2,17.0,55.4
2026-01-12,SKU0045,83.2,0.0,17.0,55.4
2026-01-19,SKU0045,64.2,0.0,17.0,55.4
2026-01-26,SKU0045,53.2,70.2,17.0,55.4
2026-02-02,SKU0045,39.2,70.2,17.0,55.4
2026-02-09,SKU0045,93.4,0.0,17.0,55.4
2026-02-16,SKU0045,78.4,0.0,17.0,55.4
2026-02-23,SKU0045,66.4,0.0,17.0,55.4
2026-03-02,SKU0045,55.4,70.2,17.0,55.4
2026-03-09,SKU0045,42.4,70.2,17.0,55.4
2026-03-16,SKU0045,105.6,0.0,17.0,55.4
2026-03-23,SKU0045,96.6,0.0,17.0,55.4
2026-03-30,SKU0045,78.6,0.0,17.0,55.4
2026-04-06,SKU0045,58.6,0.0,17.0,55.4
2026-04-13,SKU0045,42.6,70.2,17.0,55.4
2026-04-20,SKU0045,20.6,70.2,17.0,55.4
2026-04-27,SKU0045,72.8,0.0,17.0,55.4
2026-05-04,SKU0045,63.8,0.0,17.0,55.4
2026-05-11,SKU0045,47.8,70.2,17.0,55.4
2026-05-18,SKU0045,32.8,70.2,17.0,55.4
2026-05-25,SKU0045,87.1,0.0,17.0,55.4
2026-06-01,SKU0045,68.1,0.0,17.0,55.4
2026-06-08,SKU0045,49.1,70.2,17.0,55.4
2026-06-15,SKU0045,26.1,70.2,17.0,55.4
2026-06-22,SKU0045,64.3,0.0,17.0,55.4
2026-06-29,SKU0045,46.3,70.2,17.0,55.4
2026-07-06,SKU0045,27.3,70.2,17.0,55.4
2026-07-13,SKU0045,76.5,0.0,17.0,55.4
2024-07-29,SKU0046,70.0,95.0,25.0,110.3
2024-08-05,SKU0046,53.0,95.0,25.0,110.3
2024-08-12,SKU0046,35.0,95.0,25.0,110.3
2024-08-19,SKU0046,21.0,95.0,25.0,110.3
2024-08-26,SKU0046,92.1,95.0,25.0,110.3
2024-09-02,SKU0046,76.1,95.0,25.0,110.3
2024-09-09,SKU0046,53.1,95.0,25.0,110.3
2024-09-16,SKU0046,42.1,95.0,25.0,110.3
2024-09-23,SKU0046,113.1,0.0,25.0,110.3
2024-09-30,SKU0046,95.1,95.0,25.0,110.3
2024-10-07,SKU0046,77.1,95.0,25.0,110.3
2024-10-14,SKU0046,39.1,95.0,25.0,110.3
2024-10-21,SKU0046,0.0,95.0,25.0,110.3
2024-10-28,SKU0046,56.0,95.0,25.0,110.3
2024-11-04,SKU0046,33.0,95.0,25.0,110.3
2024-11-11,SKU0046,0.0,95.0,25.0,110.3
2024-11-18,SKU0046,0.0,95.0,25.0,110.3
2024-11-25,SKU0046,51.0,95.0,25.0,110.3
2024-12-02,SKU0046,17.0,95.0,25.0,110.3
2024-12-09,SKU0046,0.0,95.0,25.0,110.3
2024-12-16,SKU0046,0.0,95.0,25.0,110.3
2024-12-23,SKU0046,49.0,95.0,25.0,110.3
2024-12-30,SKU0046,15.0,95.0,25.0,110.3
2025-01-06,SKU0046,5.0,95.0,25.0,110.3
2025-01-13,SKU0046,0.0,95.0,25.0,110.3
2025-01-20,SKU0046,84.0,95.0,25.0,110.3
2025-01-27,SKU0046,71.0,95.0,25.0,110.3
2025-02-03,SKU0046,52.0,95.0,25.0,110.3
2025-02-10,SKU0046,37.0,95.0,25.0,110.3
2025-02-17,SKU0046,119.1,0.0,25.0,110.3
2025-02-24,SKU0046,101.1,95.0,25.0,110.3
2025-03-03,SKU0046,88.1,95.0,25.0,110.3
2025-03-10,SKU0046,67.1,95.0,25.0,110.3
2025-03-17,SKU0046,49.1,95.0,25.0,110.3
2025-03-24,SKU0046,125.1,0.0,25.0,110.3
2025-03-31,SKU0046,95.1,95.0,25.0,110.3
2025-04-07,SKU0046,74.1,95.0,25.0,110.3
2025-04-14,SKU0046,52.1,95.0,25.0,110.3
2025-04-21,SKU0046,37.1,95.0,25.0,110.3
2025-04-28,SKU0046,106.2,95.0,25.0,110.3
2025-05-05,SKU0046,90.2,95.0,25.0,110.3
2025-05-12,SKU0046,63.2,95.0,25.0,110.3
2025-05-19,SKU0046,48.2,95.0,25.0,110.3
2025-05-26,SKU0046,125.2,0.0,25.0,110.3
2025-06-02,SKU0046,101.2,95.0,25.0,110.3
2025-06-09,SKU0046,73.2,95.0,25.0,110.3
2025-06-16,SKU0046,36.2,95.0,25.0,110.3
2025-06-23,SKU0046,0.0,95.0,25.0,110.3
2025-06-30,SKU0046,82.0,95.0,25.0,110.3
2025-07-07,SKU0046,57.0,95.0,25.0,110.3
2025-07-14,SKU0046,38.0,95.0,25.0,110.3
2025-07-21,SKU0046,21.0,95.0,25.0,110.3
2025-07-28,SKU0046,96.1,95.0,25.0,110.3
2025-08-04,SKU0046,77.1,95.0,25.0,110.3
2025-08-11,SKU0046,55.1,95.0,25.0,110.3
2025-08-18,SKU0046,36.1,95.0,25.0,110.3
2025-08-25,SKU0046,116.1,0.0,25.0,110.3
2025-09-01,SKU0046,92.1,95.0,25.0,110.3
2025-09-08,SKU0046,73.1,95.0,25.0,110.3
2025-09-15,SKU0046,56.1,95.0,25.0,110.3
2025-09-22,SKU0046,35.1,95.0,25.0,110.3
2025-09-29,SKU0046,110.2,95.0,25.0,110.3
2025-10-06,SKU0046,78.2,95.0,25.0,110.3
2025-10-13,SKU0046,41.2,95.0,25.0,110.3
2025-10-20,SKU0046,0.0,95.0,25.0,110.3
2025-10-27,SKU0046,57.0,95.0,25.0,110.3
2025-11-03,SKU0046,22.0,95.0,25.0,110.3
2025-11-10,SKU0046,2.0,95.0,25.0,110.3
2025-11-17,SKU0046,0.0,95.0,25.0,110.3
2025-11-24,SKU0046,50.0,95.0,25.0,110.3
2025-12-01,SKU0046,8.0,95.0,25.0,110.3
2025-12-08,SKU0046,0.0,95.0,25.0,110.3
2025-12-15,SKU0046,0.0,95.0,25.0,110.3
2025-12-22,SKU0046,40.0,95.0,25.0,110.3
2025-12-29,SKU0046,8.0,95.0,25.0,110.3
2026-01-05,SKU0046,0.0,95.0,25.0,110.3
2026-01-12,SKU0046,0.0,95.0,25.0,110.3
2026-01-19,SKU0046,83.0,95.0,25.0,110.3
2026-01-26,SKU0046,68.0,95.0,25.0,110.3
2026-02-02,SKU0046,54.0,95.0,25.0,110.3
2026-02-09,SKU0046,36.0,95.0,25.0,110.3
2026-02-16,SKU0046,115.1,0.0,25.0,110.3
2026-02-23,SKU0046,100.1,95.0,25.0,110.3
2026-03-02,SKU0046,85.1,95.0,25.0,110.3
2026-03-09,SKU0046,69.1,95.0,25.0,110.3
2026-03-16,SKU0046,53.1,95.0,25.0,110.3
2026-03-23,SKU0046,123.1,0.0,25.0,110.3
2026-03-30,SKU0046,93.1,95.0,25.0,110.3
2026-04-06,SKU0046,68.1,95.0,25.0,110.3
2026-04-13,SKU0046,46.1,95.0,25.0,110.3
2026-04-20,SKU0046,23.1,95.0,25.0,110.3
2026-04-27,SKU0046,93.2,95.0,25.0,110.3
2026-05-04,SKU0046,73.2,95.0,25.0,110.3
2026-05-11,SKU0046,56.2,95.0,25.0,110.3
2026-05-18,SKU0046,39.2,95.0,25.0,110.3
2026-05-25,SKU0046,114.2,0.0,25.0,110.3
2026-06-01,SKU0046,96.2,95.0,25.0,110.3
2026-06-08,SKU0046,80.2,95.0,25.0,110.3
2026-06-15,SKU0046,49.2,95.0,25.0,110.3
2026-06-22,SKU0046,12.2,95.0,25.0,110.3
2026-06-29,SKU0046,89.2,95.0,25.0,110.3
2026-07-06,SKU0046,62.2,95.0,25.0,110.3
2026-07-13,SKU0046,38.2,95.0,25.0,110.3
2024-08-12,SKU0047,233.0,0.0,10.0,133.7
2024-08-19,SKU0047,170.0,0.0,10.0,133.7
2024-08-26,SKU0047,108.0,288.0,10.0,133.7
2024-09-02,SKU0047,341.9,0.0,10.0,133.7
2024-09-09,SKU0047,279.9,0.0,10.0,133.7
2024-09-16,SKU0047,217.9,0.0,10.0,133.7
2024-09-23,SKU0047,177.9,0.0,10.0,133.7
2024-09-30,SKU0047,106.9,288.0,10.0,133.7
2024-10-07,SKU0047,334.9,0.0,10.0,133.7
2024-10-14,SKU0047,215.9,0.0,10.0,133.7
2024-10-21,SKU0047,97.9,288.0,10.0,133.7
2024-10-28,SKU0047,257.8,0.0,10.0,133.7
2024-11-04,SKU0047,159.8,0.0,10.0,133.7
2024-11-11,SKU0047,90.8,288.0,10.0,133.7
2024-11-18,SKU0047,298.8,0.0,10.0,133.7
2024-11-25,SKU0047,155.8,0.0,10.0,133.7
2024-12-02,SKU0047,72.8,288.0,10.0,133.7
2024-12-09,SKU0047,286.8,0.0,10.0,133.7
2024-12-16,SKU0047,179.8,0.0,10.0,133.7
2024-12-23,SKU0047,77.8,288.0,10.0,133.7
2024-12-30,SKU0047,278.7,0.0,10.0,133.7
2025-01-06,SKU0047,218.7,0.0,10.0,133.7
2025-01-13,SKU0047,157.7,0.0,10.0,133.7
2025-01-20,SKU0047,102.7,288.0,10.0,133.7
2025-01-27,SKU0047,344.7,0.0,10.0,133.7
2025-02-03,SKU0047,295.7,0.0,10.0,133.7
2025-02-10,SKU0047,235.7,0.0,10.0,133.7
2025-02-17,SKU0047,184.7,0.0,10.0,133.7
2025-02-24,SKU0047,131.7,288.0,10.0,133.7
2025-03-03,SKU0047,359.6,0.0,10.0,133.7
2025-03-10,SKU0047,292.6,0.0,10.0,133.7
2025-03-17,SKU0047,228.6,0.0,10.0,133.7
2025-03-24,SKU0047,172.6,0.0,10.0,133.7
2025-03-31,SKU0047,117.6,288.0,10.0,133.7
2025-04-07,SKU0047,352.6,0.0,10.0,133.7
2025-04-14,SKU0047,292.6,0.0,10.0,133.7
2025-04-21,SKU0047,235.6,0.0,10.0,133.7
2025-04-28,SKU0047,180.6,0.0,10.0,133.7
2025-05-05,SKU0047,125.6,288.0,10.0,133.7
2025-05-12,SKU0047,355.6,0.0,10.0,133.7
2025-05-19,SKU0047,298.6,0.0,10.0,133.7
2025-05-26,SKU0047,243.6,0.0,10.0,133.7
2025-06-02,SKU0047,195.6,0.0,10.0,133.7
2025-06-09,SKU0047,132.6,288.0,10.0,133.7
2025-06-16,SKU0047,327.5,0.0,10.0,133.7
2025-06-23,SKU0047,225.5,0.0,10.0,133.7
2025-06-30,SKU0047,159.5,0.0,10.0,133.7
2025-07-07,SKU0047,94.5,288.0,10.0,133.7
2025-07-14,SKU0047,329.5,0.0,10.0,133.7
2025-07-21,SKU0047,259.5,0.0,10.0,133.7
2025-07-28,SKU0047,194.5,0.0,10.0,133.7
2025-08-04,SKU0047,152.5,0.0,10.0,133.7
2025-08-11,SKU0047,91.5,288.0,10.0,133.7
2025-08-18,SKU0047,317.5,0.0,10.0,133.7
2025-08-25,SKU0047,272.5,0.0,10.0,133.7
2025-09-01,SKU0047,209.5,0.0,10.0,133.7
2025-09-08,SKU0047,160.5,0.0,10.0,133.7
2025-09-15,SKU0047,106.5,288.0,10.0,133.7
2025-09-22,SKU0047,317.4,0.0,10.0,133.7
2025-09-29,SKU0047,237.4,0.0,10.0,133.7
2025-10-06,SKU0047,152.4,0.0,10.0,133.7
2025-10-13,SKU0047,33.4,288.0,10.0,133.7
2025-10-20,SKU0047,180.4,0.0,10.0,133.7
2025-10-27,SKU0047,44.4,288.0,10.0,133.7
2025-11-03,SKU0047,216.3,0.0,10.0,133.7
2025-11-10,SKU0047,145.3,0.0,10.0,133.7
2025-11-17,SKU0047,52.3,288.0,10.0,133.7
2025-11-24,SKU0047,214.3,0.0,10.0,133.7
2025-12-01,SKU0047,133.3,288.0,10.0,133.7
2025-12-08,SKU0047,335.3,0.0,10.0,133.7
2025-12-15,SKU0047,240.3,0.0,10.0,133.7
2025-12-22,SKU0047,102.3,288.0,10.0,133.7
2025-12-29,SKU0047,284.2,0.0,10.0,133.7
2026-01-05,SKU0047,226.2,0.0,10.0,133.7
2026-01-12,SKU0047,157.2,0.0,10.0,133.7
2026-01-19,SKU0047,102.2,288.0,10.0,133.7
2026-01-26,SKU0047,336.2,0.0,10.0,133.7
2026-02-02,SKU0047,281.2,0.0,10.0,133.7
2026-02-09,SKU0047,231.2,0.0,10.0,133.7
2026-02-16,SKU0047,188.2,0.0,10.0,133.7
2026-02-23,SKU0047,137.2,0.0,10.0,133.7
2026-03-02,SKU0047,50.2,288.0,10.0,133.7
2026-03-09,SKU0047,268.1,0.0,10.0,133.7
2026-03-16,SKU0047,195.1,0.0,10.0,133.7
2026-03-23,SKU0047,127.1,288.0,10.0,133.7
2026-03-30,SKU0047,366.1,0.0,10.0,133.7
2026-04-06,SKU0047,322.1,0.0,10.0,133.7
2026-04-13,SKU0047,277.1,0.0,10.0,133.7
2026-04-20,SKU0047,202.1,0.0,10.0,133.7
2026-04-27,SKU0047,135.1,0.0,10.0,133.7
2026-05-04,SKU0047,86.1,288.0,10.0,133.7
2026-05-11,SKU0047,302.1,0.0,10.0,133.7
2026-05-18,SKU0047,234.1,0.0,10.0,133.7
2026-05-25,SKU0047,163.1,0.0,10.0,133.7
2026-06-01,SKU0047,97.1,288.0,10.0,133.7
2026-06-08,SKU0047,328.0,0.0,10.0,133.7
2026-06-15,SKU0047,208.0,0.0,10.0,133.7
2026-06-22,SKU0047,106.0,288.0,10.0,133.7
2026-06-29,SKU0047,323.0,0.0,10.0,133.7
2026-07-06,SKU0047,261.0,0.0,10.0,133.7
2026-07-13,SKU0047,192.0,0.0,10.0,133.7
2024-07-22,SKU0048,5.2,0.0,9.0,3.4
2024-07-29,SKU0048,4.2,0.0,9.0,3.4
2024-08-05,SKU0048,4.2,0.0,9.0,3.4
2024-08-12,SKU0048,2.2,8.2,9.0,3.4
2024-08-19,SKU0048,8.3,0.0,9.0,3.4
2024-08-26,SKU0048,8.3,0.0,9.0,3.4
2024-09-02,SKU0048,6.3,0.0,9.0,3.4
2024-09-09,SKU0048,2.3,8.2,9.0,3.4
2024-09-16,SKU0048,7.5,0.0,9.0,3.4
2024-09-23,SKU0048,5.5,0.0,9.0,3.4
2024-09-30,SKU0048,5.5,0.0,9.0,3.4
2024-10-07,SKU0048,1.5,8.2,9.0,3.4
2024-10-14,SKU0048,8.6,0.0,9.0,3.4
2024-10-21,SKU0048,7.6,0.0,9.0,3.4
2024-10-28,SKU0048,2.6,8.2,9.0,3.4
2024-11-04,SKU0048,6.8,0.0,9.0,3.4
2024-11-11,SKU0048,3.8,0.0,9.0,3.4
2024-11-18,SKU0048,0.0,8.2,9.0,3.4
2024-11-25,SKU0048,5.2,0.0,9.0,3.4
2024-12-02,SKU0048,4.2,0.0,9.0,3.4
2024-12-09,SKU0048,4.2,0.0,9.0,3.4
2024-12-16,SKU0048,1.2,8.2,9.0,3.4
2024-12-23,SKU0048,6.3,0.0,9.0,3.4
2024-12-30,SKU0048,5.3,0.0,9.0,3.4
2025-01-06,SKU0048,5.3,0.0,9.0,3.4
2025-01-13,SKU0048,3.3,8.2,9.0,3.4
2025-01-20,SKU0048,11.5,0.0,9.0,3.4
2025-01-27,SKU0048,8.5,0.0,9.0,3.4
2025-02-03,SKU0048,8.5,0.0,9.0,3.4
2025-02-10,SKU0048,8.5,0.0,9.0,3.4
2025-02-17,SKU0048,8.5,0.0,9.0,3.4
2025-02-24,SKU0048,7.5,0.0,9.0,3.4
2025-03-03,SKU0048,4.5,0.0,9.0,3.4
2025-03-10,SKU0048,2.5,8.2,9.0,3.4
2025-03-17,SKU0048,8.6,0.0,9.0,3.4
2025-03-24,SKU0048,5.6,0.0,9.0,3.4
2025-03-31,SKU0048,3.6,0.0,9.0,3.4
2025-04-07,SKU0048,3.6,0.0,9.0,3.4
2025-04-14,SKU0048,2.6,8.2,9.0,3.4
2025-04-21,SKU0048,9.8,0.0,9.0,3.4
2025-04-28,SKU0048,5.8,0.0,9.0,3.4
2025-05-05,SKU0048,4.8,0.0,9.0,3.4
2025-05-12,SKU0048,1.8,8.2,9.0,3.4
2025-05-19,SKU0048,9.9,0.0,9.0,3.4
2025-05-26,SKU0048,8.9,0.0,9.0,3.4
2025-06-02,SKU0048,6.9,0.0,9.0,3.4
2025-06-09,SKU0048,4.9,0.0,9.0,3.4
2025-06-16,SKU0048,0.9,8.2,9.0,3.4
2025-06-23,SKU0048,6.1,0.0,9.0,3.4
2025-06-30,SKU0048,0.1,8.2,9.0,3.4
2025-07-07,SKU0048,7.2,0.0,9.0,3.4
2025-07-14,SKU0048,6.2,0.0,9.0,3.4
2025-07-21,SKU0048,4.2,0.0,9.0,3.4
2025-07-28,SKU0048,0.0,8.2,9.0,3.4
2025-08-04,SKU0048,6.2,0.0,9.0,3.4
2025-08-11,SKU0048,6.2,0.0,9.0,3.4
2025-08-18,SKU0048,3.2,8.2,9.0,3.4
2025-08-25,SKU0048,10.3,0.0,9.0,3.4
2025-09-01,SKU0048,8.3,0.0,9.0,3.4
2025-09-08,SKU0048,6.3,0.0,9.0,3.4
2025-09-15,SKU0048,5.3,0.0,9.0,3.4
2025-09-22,SKU0048,4.3,0.0,9.0,3.4
2025-09-29,SKU0048,2.3,8.2,9.0,3.4
2025-10-06,SKU0048,9.5,0.0,9.0,3.4
2025-10-13,SKU0048,4.5,0.0,9.0,3.4
2025-10-20,SKU0048,1.5,8.2,9.0,3.4
2025-10-27,SKU0048,5.6,0.0,9.0,3.4
2025-11-03,SKU0048,0.6,8.2,9.0,3.4
2025-11-10,SKU0048,6.8,0.0,9.0,3.4
2025-11-17,SKU0048,3.8,0.0,9.0,3.4
2025-11-24,SKU0048,0.0,8.2,9.0,3.4
2025-12-01,SKU0048,6.2,0.0,9.0,3.4
2025-12-08,SKU0048,3.2,8.2,9.0,3.4
2025-12-15,SKU0048,8.3,0.0,9.0,3.4
2025-12-22,SKU0048,6.3,0.0,9.0,3.4
2025-12-29,SKU0048,0.3,8.2,9.0,3.4
2026-01-05,SKU0048,3.5,0.0,9.0,3.4
2026-01-12,SKU0048,2.5,8.2,9.0,3.4
2026-01-19,SKU0048,10.6,0.0,9.0,3.4
2026-01-26,SKU0048,10.6,0.0,9.0,3.4
2026-02-02,SKU0048,9.6,0.0,9.0,3.4
2026-02-09,SKU0048,9.6,0.0,9.0,3.4
2026-02-16,SKU0048,9.6,0.0,9.0,3.4
2026-02-23,SKU0048,8.6,0.0,9.0,3.4
2026-03-02,SKU0048,6.6,0.0,9.0,3.4
2026-03-09,SKU0048,5.6,0.0,9.0,3.4
2026-03-16,SKU0048,1.6,8.2,9.0,3.4
2026-03-23,SKU0048,8.8,0.0,9.0,3.4
2026-03-30,SKU0048,7.8,0.0,9.0,3.4
2026-04-06,SKU0048,5.8,0.0,9.0,3.4
2026-04-13,SKU0048,2.8,8.2,9.0,3.4
2026-04-20,SKU0048,9.9,0.0,9.0,3.4
2026-04-27,SKU0048,8.9,0.0,9.0,3.4
2026-05-04,SKU0048,8.9,0.0,9.0,3.4
2026-05-11,SKU0048,7.9,0.0,9.0,3.4
2026-05-18,SKU0048,6.9,0.0,9.0,3.4
2026-05-25,SKU0048,3.9,0.0,9.0,3.4
2026-06-01,SKU0048,2.9,8.2,9.0,3.4
2026-06-08,SKU0048,7.1,0.0,9.0,3.4
2026-06-15,SKU0048,4.1,0.0,9.0,3.4
2026-06-22,SKU0048,0.1,8.2,9.0,3.4
2026-06-29,SKU0048,5.2,0.0,9.0,3.4
2026-07-06,SKU0048,1.2,8.2,9.0,3.4
2026-07-13,SKU0048,8.4,0.0,9.0,3.4
2024-07-29,SKU0049,226.1,0.0,14.0,176.2
2024-08-05,SKU0049,172.1,271.1,14.0,176.2
2024-08-12,SKU0049,122.1,271.1,14.0,176.2
2024-08-19,SKU0049,340.2,0.0,14.0,176.2
2024-08-26,SKU0049,296.2,0.0,14.0,176.2
2024-09-02,SKU0049,250.2,0.0,14.0,176.2
2024-09-09,SKU0049,194.2,0.0,14.0,176.2
2024-09-16,SKU0049,174.2,271.1,14.0,176.2
2024-09-23,SKU0049,113.2,271.1,14.0,176.2
2024-09-30,SKU0049,306.2,0.0,14.0,176.2
2024-10-07,SKU0049,230.2,0.0,14.0,176.2
2024-10-14,SKU0049,140.2,271.1,14.0,176.2
2024-10-21,SKU0049,36.2,271.1,14.0,176.2
2024-10-28,SKU0049,187.3,0.0,14.0,176.2
2024-11-04,SKU0049,83.3,271.1,14.0,176.2
2024-11-11,SKU0049,16.3,271.1,14.0,176.2
2024-11-18,SKU0049,201.4,0.0,14.0,176.2
2024-11-25,SKU0049,96.4,271.1,14.0,176.2
2024-12-02,SKU0049,28.4,271.1,14.0,176.2
2024-12-09,SKU0049,229.5,0.0,14.0,176.2
2024-12-16,SKU0049,129.5,271.1,14.0,176.2
2024-12-23,SKU0049,13.5,271.1,14.0,176.2
2024-12-30,SKU0049,194.5,0.0,14.0,176.2
2025-01-06,SKU0049,146.5,271.1,14.0,176.2
2025-01-13,SKU0049,107.5,271.1,14.0,176.2
2025-01-20,SKU0049,326.6,0.0,14.0,176.2
2025-01-27,SKU0049,277.6,0.0,14.0,176.2
2025-02-03,SKU0049,254.6,0.0,14.0,176.2
2025-02-10,SKU0049,222.6,0.0,14.0,176.2
2025-02-17,SKU0049,178.6,0.0,14.0,176.2
2025-02-24,SKU0049,136.6,271.1,14.0,176.2
2025-03-03,SKU0049,82.6,271.1,14.0,176.2
2025-03-10,SKU0049,298.7,0.0,14.0,176.2
2025-03-17,SKU0049,254.7,0.0,14.0,176.2
2025-03-24,SKU0049,186.7,0.0,14.0,176.2
2025-03-31,SKU0049,126.7,271.1,14.0,176.2
2025-04-07,SKU0049,66.7,271.1,14.0,176.2
2025-04-14,SKU0049,282.8,0.0,14.0,176.2
2025-04-21,SKU0049,204.8,0.0,14.0,176.2
2025-04-28,SKU0049,152.8,271.1,14.0,176.2
2025-05-05,SKU0049,90.8,271.1,14.0,176.2
2025-05-12,SKU0049,309.8,0.0,14.0,176.2
2025-05-19,SKU0049,244.8,0.0,14.0,176.2
2025-05-26,SKU0049,190.8,0.0,14.0,176.2
2025-06-02,SKU0049,128.8,271.1,14.0,176.2
2025-06-09,SKU0049,56.8,271.1,14.0,176.2
2025-06-16,SKU0049,249.9,0.0,14.0,176.2
2025-06-23,SKU0049,149.9,271.1,14.0,176.2
2025-06-30,SKU0049,88.9,271.1,14.0,176.2
2025-07-07,SKU0049,302.0,0.0,14.0,176.2
2025-07-14,SKU0049,233.0,0.0,14.0,176.2
2025-07-21,SKU0049,179.0,0.0,14.0,176.2
2025-07-28,SKU0049,133.0,271.1,14.0,176.2
2025-08-04,SKU0049,88.0,271.1,14.0,176.2
2025-08-11,SKU0049,306.1,0.0,14.0,176.2
2025-08-18,SKU0049,266.1,0.0,14.0,176.2
2025-08-25,SKU0049,221.1,0.0,14.0,176.2
2025-09-01,SKU0049,169.1,271.1,14.0,176.2
2025-09-08,SKU0049,106.1,271.1,14.0,176.2
2025-09-15,SKU0049,332.2,0.0,14.0,176.2
2025-09-22,SKU0049,263.2,0.0,14.0,176.2
2025-09-29,SKU0049,209.2,0.0,14.0,176.2
2025-10-06,SKU0049,133.2,271.1,14.0,176.2
2025-10-13,SKU0049,23.2,271.1,14.0,176.2
2025-10-20,SKU0049,177.2,0.0,14.0,176.2
2025-10-27,SKU0049,16.2,271.1,14.0,176.2
2025-11-03,SKU0049,0.0,271.1,14.0,176.2
2025-11-10,SKU0049,190.1,0.0,14.0,176.2
2025-11-17,SKU0049,107.1,271.1,14.0,176.2
2025-11-24,SKU0049,0.0,271.1,14.0,176.2
2025-12-01,SKU0049,193.1,0.0,14.0,176.2
2025-12-08,SKU0049,112.1,271.1,14.0,176.2
2025-12-15,SKU0049,0.0,271.1,14.0,176.2
2025-12-22,SKU0049,137.1,271.1,14.0,176.2
2025-12-29,SKU0049,21.1,271.1,14.0,176.2
2026-01-05,SKU0049,237.2,0.0,14.0,176.2
2026-01-12,SKU0049,182.2,0.0,14.0,176.2
2026-01-19,SKU0049,133.2,271.1,14.0,176.2
2026-01-26,SKU0049,84.2,271.1,14.0,176.2
2026-02-02,SKU0049,298.2,0.0,14.0,176.2
2026-02-09,SKU0049,242.2,0.0,14.0,176.2
2026-02-16,SKU0049,195.2,0.0,14.0,176.2
2026-02-23,SKU0049,151.2,271.1,14.0,176.2
2026-03-02,SKU0049,85.2,271.1,14.0,176.2
2026-03-09,SKU0049,293.3,0.0,14.0,176.2
2026-03-16,SKU0049,242.3,0.0,14.0,176.2
2026-03-23,SKU0049,180.3,0.0,14.0,176.2
2026-03-30,SKU0049,109.3,271.1,14.0,176.2
2026-04-06,SKU0049,47.3,271.1,14.0,176.2
2026-04-13,SKU0049,249.4,0.0,14.0,176.2
2026-04-20,SKU0049,187.4,0.0,14.0,176.2
2026-04-27,SKU0049,119.4,271.1,14.0,176.2
2026-05-04,SKU0049,52.4,271.1,14.0,176.2
2026-05-11,SKU0049,264.5,0.0,14.0,176.2
2026-05-18,SKU0049,197.5,0.0,14.0,176.2
2026-05-25,SKU0049,145.5,271.1,14.0,176.2
2026-06-01,SKU0049,65.5,271.1,14.0,176.2
2026-06-08,SKU0049,276.5,0.0,14.0,176.2
2026-06-15,SKU0049,177.5,0.0,14.0,176.2
2026-06-22,SKU0049,71.5,271.1,14.0,176.2
2026-06-29,SKU0049,0.0,271.1,14.0,176.2
2026-07-06,SKU0049,196.1,0.0,14.0,176.2
2026-07-13,SKU0049,129.1,271.1,14.0,176.2
2024-07-29,SKU0050,33.9,46.9,34.0,74.0
2024-08-05,SKU0050,23.9,46.9,34.0,74.0
2024-08-12,SKU0050,13.9,46.9,34.0,74.0
2024-08-19,SKU0050,5.9,46.9,34.0,74.0
2024-08-26,SKU0050,0.0,46.9,34.0,74.0
2024-09-02,SKU0050,37.9,46.9,34.0,74.0
2024-09-09,SKU0050,26.9,46.9,34.0,74.0
2024-09-16,SKU0050,7.9,46.9,34.0,74.0
2024-09-23,SKU0050,0.9,46.9,34.0,74.0
2024-09-30,SKU0050,0.0,46.9,34.0,74.0
2024-10-07,SKU0050,40.9,46.9,34.0,74.0
2024-10-14,SKU0050,20.9,46.9,34.0,74.0
2024-10-21,SKU0050,0.0,46.9,34.0,74.0
2024-10-28,SKU0050,0.0,46.9,34.0,74.0
2024-11-04,SKU0050,0.0,46.9,34.0,74.0
2024-11-11,SKU0050,28.9,46.9,34.0,74.0
2024-11-18,SKU0050,7.9,46.9,34.0,74.0
2024-11-25,SKU0050,0.0,46.9,34.0,74.0
2024-12-02,SKU0050,0.0,46.9,34.0,74.0
2024-12-09,SKU0050,0.0,46.9,34.0,74.0
2024-12-16,SKU0050,27.9,46.9,34.0,74.0
2024-12-23,SKU0050,5.9,46.9,34.0,74.0
2024-12-30,SKU0050,0.0,46.9,34.0,74.0
2025-01-06,SKU0050,0.0,46.9,34.0,74.0
2025-01-13,SKU0050,0.0,46.9,34.0,74.0
2025-01-20,SKU0050,39.9,46.9,34.0,74.0
2025-01-27,SKU0050,33.9,46.9,34.0,74.0
2025-02-03,SKU0050,25.9,46.9,34.0,74.0
2025-02-10,SKU0050,19.9,46.9,34.0,74.0
2025-02-17,SKU0050,10.9,46.9,34.0,74.0
2025-02-24,SKU0050,47.8,46.9,34.0,74.0
2025-03-03,SKU0050,38.8,46.9,34.0,74.0
2025-03-10,SKU0050,28.8,46.9,34.0,74.0
2025-03-17,SKU0050,16.8,46.9,34.0,74.0
2025-03-24,SKU0050,7.8,46.9,34.0,74.0
2025-03-31,SKU0050,41.7,46.9,34.0,74.0
2025-04-07,SKU0050,30.7,46.9,34.0,74.0
2025-04-14,SKU0050,21.7,46.9,34.0,74.0
2025-04-21,SKU0050,13.7,46.9,34.0,74.0
2025-04-28,SKU0050,8.7,46.9,34.0,74.0
2025-05-05,SKU0050,48.5,46.9,34.0,74.0
2025-05-12,SKU0050,37.5,46.9,34.0,74.0
2025-05-19,SKU0050,25.5,46.9,34.0,74.0
2025-05-26,SKU0050,10.5,46.9,34.0,74.0
2025-06-02,SKU0050,1.5,46.9,34.0,74.0
2025-06-09,SKU0050,37.4,46.9,34.0,74.0
2025-06-16,SKU0050,25.4,46.9,34.0,74.0
2025-06-23,SKU0050,12.4,46.9,34.0,74.0
2025-06-30,SKU0050,8.4,46.9,34.0,74.0
2025-07-07,SKU0050,3.4,46.9,34.0,74.0
2025-07-14,SKU0050,43.3,46.9,34.0,74.0
2025-07-21,SKU0050,33.3,46.9,34.0,74.0
2025-07-28,SKU0050,23.3,46.9,34.0,74.0
2025-08-04,SKU0050,14.3,46.9,34.0,74.0
2025-08-11,SKU0050,9.3,46.9,34.0,74.0
2025-08-18,SKU0050,48.2,46.9,34.0,74.0
2025-08-25,SKU0050,38.2,46.9,34.0,74.0
2025-09-01,SKU0050,26.2,46.9,34.0,74.0
2025-09-08,SKU0050,20.2,46.9,34.0,74.0
2025-09-15,SKU0050,6.2,46.9,34.0,74.0
2025-09-22,SKU0050,37.1,46.9,34.0,74.0
2025-09-29,SKU0050,19.1,46.9,34.0,74.0
2025-10-06,SKU0050,1.1,46.9,34.0,74.0
2025-10-13,SKU0050,0.0,46.9,34.0,74.0
2025-10-20,SKU0050,0.0,46.9,34.0,74.0
2025-10-27,SKU0050,29.9,46.9,34.0,74.0
2025-11-03,SKU0050,18.9,46.9,34.0,74.0
2025-11-10,SKU0050,0.9,46.9,34.0,74.0
2025-11-17,SKU0050,0.0,46.9,34.0,74.0
2025-11-24,SKU0050,0.0,46.9,34.0,74.0
2025-12-01,SKU0050,31.9,46.9,34.0,74.0
2025-12-08,SKU0050,18.9,46.9,34.0,74.0
2025-12-15,SKU0050,4.9,46.9,34.0,74.0
2025-12-22,SKU0050,0.0,46.9,34.0,74.0
2025-12-29,SKU0050,0.0,46.9,34.0,74.0
2026-01-05,SKU0050,38.9,46.9,34.0,74.0
2026-01-12,SKU0050,26.9,46.9,34.0,74.0
2026-01-19,SKU0050,17.9,46.9,34.0,74.0
2026-01-26,SKU0050,9.9,46.9,34.0,74.0
2026-02-02,SKU0050,3.9,46.9,34.0,74.0
2026-02-09,SKU0050,39.8,46.9,34.0,74.0
2026-02-16,SKU0050,30.8,46.9,34.0,74.0
2026-02-23,SKU0050,27.8,46.9,34.0,74.0
2026-03-02,SKU0050,18.8,46.9,34.0,74.0
2026-03-09,SKU0050,13.8,46.9,34.0,74.0
2026-03-16,SKU0050,46.7,46.9,34.0,74.0
2026-03-23,SKU0050,35.7,46.9,34.0,74.0
2026-03-30,SKU0050,30.7,46.9,34.0,74.0
2026-04-06,SKU0050,17.7,46.9,34.0,74.0
2026-04-13,SKU0050,2.7,46.9,34.0,74.0
2026-04-20,SKU0050,38.5,46.9,34.0,74.0
2026-04-27,SKU0050,30.5,46.9,34.0,74.0
2026-05-04,SKU0050,25.5,46.9,34.0,74.0
2026-05-11,SKU0050,14.5,46.9,34.0,74.0
2026-05-18,SKU0050,5.5,46.9,34.0,74.0
2026-05-25,SKU0050,41.4,46.9,34.0,74.0
2026-06-01,SKU0050,26.4,46.9,34.0,74.0
2026-06-08,SKU0050,16.4,46.9,34.0,74.0
2026-06-15,SKU0050,0.0,46.9,34.0,74.0
2026-06-22,SKU0050,0.0,46.9,34.0,74.0
2026-06-29,SKU0050,34.9,46.9,34.0,74.0
2026-07-06,SKU0050,25.9,46.9,34.0,74.0
2026-07-13,SKU0050,23.9,46.9,34.0,74.0
2024-08-05,SKU0051,101.4,129.4,41.0,246.4
2024-08-12,SKU0051,81.4,129.4,41.0,246.4
2024-08-19,SKU0051,47.4,129.4,41.0,246.4
2024-08-26,SKU0051,23.4,129.4,41.0,246.4
2024-09-02,SKU0051,4.4,129.4,41.0,246.4
2024-09-09,SKU0051,0.0,129.4,41.0,246.4
2024-09-16,SKU0051,90.4,129.4,41.0,246.4
2024-09-23,SKU0051,60.4,129.4,41.0,246.4
2024-09-30,SKU0051,27.4,129.4,41.0,246.4
2024-10-07,SKU0051,0.0,129.4,41.0,246.4
2024-10-14,SKU0051,0.0,129.4,41.0,246.4
2024-10-21,SKU0051,0.0,129.4,41.0,246.4
2024-10-28,SKU0051,66.4,129.4,41.0,246.4
2024-11-04,SKU0051,24.4,129.4,41.0,246.4
2024-11-11,SKU0051,0.0,129.4,41.0,246.4
2024-11-18,SKU0051,0.0,129.4,41.0,246.4
2024-11-25,SKU0051,0.0,129.4,41.0,246.4
2024-12-02,SKU0051,0.0,129.4,41.0,246.4
2024-12-09,SKU0051,94.4,129.4,41.0,246.4
2024-12-16,SKU0051,40.4,129.4,41.0,246.4
2024-12-23,SKU0051,0.0,129.4,41.0,246.4
2024-12-30,SKU0051,0.0,129.4,41.0,246.4
2025-01-06,SKU0051,0.0,129.4,41.0,246.4
2025-01-13,SKU0051,0.0,129.4,41.0,246.4
2025-01-20,SKU0051,107.4,129.4,41.0,246.4
2025-01-27,SKU0051,83.4,129.4,41.0,246.4
2025-02-03,SKU0051,56.4,129.4,41.0,246.4
2025-02-10,SKU0051,36.4,129.4,41.0,246.4
2025-02-17,SKU0051,13.4,129.4,41.0,246.4
2025-02-24,SKU0051,0.0,129.4,41.0,246.4
2025-03-03,SKU0051,106.4,129.4,41.0,246.4
2025-03-10,SKU0051,79.4,129.4,41.0,246.4
2025-03-17,SKU0051,60.4,129.4,41.0,246.4
2025-03-24,SKU0051,31.4,129.4,41.0,246.4
2025-03-31,SKU0051,7.4,129.4,41.0,246.4
2025-04-07,SKU0051,0.0,129.4,41.0,246.4
2025-04-14,SKU0051,101.4,129.4,41.0,246.4
2025-04-21,SKU0051,70.4,129.4,41.0,246.4
2025-04-28,SKU0051,51.4,129.4,41.0,246.4
2025-05-05,SKU0051,32.4,129.4,41.0,246.4
2025-05-12,SKU0051,7.4,129.4,41.0,246.4
2025-05-19,SKU0051,0.0,129.4,41.0,246.4
2025-05-26,SKU0051,96.4,129.4,41.0,246.4
2025-06-02,SKU0051,72.4,129.4,41.0,246.4
2025-06-09,SKU0051,45.4,129.4,41.0,246.4
2025-06-16,SKU0051,4.4,129.4,41.0,246.4
2025-06-23,SKU0051,0.0,129.4,41.0,246.4
2025-06-30,SKU0051,0.0,129.4,41.0,246.4
2025-07-07,SKU0051,103.4,129.4,41.0,246.4
2025-07-14,SKU0051,70.4,129.4,41.0,246.4
2025-07-21,SKU0051,51.4,129.4,41.0,246.4
2025-07-28,SKU0051,21.4,129.4,41.0,246.4
2025-08-04,SKU0051,0.0,129.4,41.0,246.4
2025-08-11,SKU0051,0.0,129.4,41.0,246.4
2025-08-18,SKU0051,105.4,129.4,41.0,246.4
2025-08-25,SKU0051,73.4,129.4,41.0,246.4
2025-09-01,SKU0051,41.4,129.4,41.0,246.4
2025-09-08,SKU0051,23.4,129.4,41.0,246.4
2025-09-15,SKU0051,0.0,129.4,41.0,246.4
2025-09-22,SKU0051,0.0,129.4,41.0,246.4
2025-09-29,SKU0051,94.4,129.4,41.0,246.4
2025-10-06,SKU0051,55.4,129.4,41.0,246.4
2025-10-13,SKU0051,1.4,129.4,41.0,246.4
2025-10-20,SKU0051,0.0,129.4,41.0,246.4
2025-10-27,SKU0051,0.0,129.4,41.0,246.4
2025-11-03,SKU0051,0.0,129.4,41.0,246.4
2025-11-10,SKU0051,85.4,129.4,41.0,246.4
2025-11-17,SKU0051,55.4,129.4,41.0,246.4
2025-11-24,SKU0051,5.4,129.4,41.0,246.4
2025-12-01,SKU0051,0.0,129.4,41.0,246.4
2025-12-08,SKU0051,0.0,129.4,41.0,246.4
2025-12-15,SKU0051,0.0,129.4,41.0,246.4
2025-12-22,SKU0051,58.4,129.4,41.0,246.4
2025-12-29,SKU0051,13.4,129.4,41.0,246.4
2026-01-05,SKU0051,0.0,129.4,41.0,246.4
2026-01-12,SKU0051,0.0,129.4,41.0,246.4
2026-01-19,SKU0051,0.0,129.4,41.0,246.4
2026-01-26,SKU0051,0.0,129.4,41.0,246.4
2026-02-02,SKU0051,111.4,129.4,41.0,246.4
2026-02-09,SKU0051,97.4,129.4,41.0,246.4
2026-02-16,SKU0051,77.4,129.4,41.0,246.4
2026-02-23,SKU0051,58.4,129.4,41.0,246.4
2026-03-02,SKU0051,27.4,129.4,41.0,246.4
2026-03-09,SKU0051,0.4,129.4,41.0,246.4
2026-03-16,SKU0051,102.9,129.4,41.0,246.4
2026-03-23,SKU0051,68.9,129.4,41.0,246.4
2026-03-30,SKU0051,34.9,129.4,41.0,246.4
2026-04-06,SKU0051,1.9,129.4,41.0,246.4
2026-04-13,SKU0051,0.0,129.4,41.0,246.4
2026-04-20,SKU0051,0.0,129.4,41.0,246.4
2026-04-27,SKU0051,107.4,129.4,41.0,246.4
2026-05-04,SKU0051,83.4,129.4,41.0,246.4
2026-05-11,SKU0051,51.4,129.4,41.0,246.4
2026-05-18,SKU0051,33.4,129.4,41.0,246.4
2026-05-25,SKU0051,10.4,129.4,41.0,246.4
2026-06-01,SKU0051,0.0,129.4,41.0,246.4
2026-06-08,SKU0051,97.4,129.4,41.0,246.4
2026-06-15,SKU0051,59.4,129.4,41.0,246.4
2026-06-22,SKU0051,24.4,129.4,41.0,246.4
2026-06-29,SKU0051,0.0,129.4,41.0,246.4
2026-07-06,SKU0051,0.0,129.4,41.0,246.4
2026-07-13,SKU0051,0.0,129.4,41.0,246.4
2024-08-05,SKU0052,131.4,173.4,39.0,314.0
2024-08-12,SKU0052,87.4,173.4,39.0,314.0
2024-08-19,SKU0052,51.4,173.4,39.0,314.0
2024-08-26,SKU0052,11.4,173.4,39.0,314.0
2024-09-02,SKU0052,0.0,173.4,39.0,314.0
2024-09-09,SKU0052,0.0,173.4,39.0,314.0
2024-09-16,SKU0052,135.4,173.4,39.0,314.0
2024-09-23,SKU0052,93.4,173.4,39.0,314.0
2024-09-30,SKU0052,32.4,173.4,39.0,314.0
2024-10-07,SKU0052,0.0,173.4,39.0,314.0
2024-10-14,SKU0052,0.0,173.4,39.0,314.0
2024-10-21,SKU0052,0.0,173.4,39.0,314.0
2024-10-28,SKU0052,104.4,173.4,39.0,314.0
2024-11-04,SKU0052,19.4,173.4,39.0,314.0
2024-11-11,SKU0052,0.0,173.4,39.0,314.0
2024-11-18,SKU0052,0.0,173.4,39.0,314.0
2024-11-25,SKU0052,0.0,173.4,39.0,314.0
2024-12-02,SKU0052,0.0,173.4,39.0,314.0
2024-12-09,SKU0052,132.4,173.4,39.0,314.0
2024-12-16,SKU0052,72.4,173.4,39.0,314.0
2024-12-23,SKU0052,19.4,173.4,39.0,314.0
2024-12-30,SKU0052,0.0,173.4,39.0,314.0
2025-01-06,SKU0052,0.0,173.4,39.0,314.0
2025-01-13,SKU0052,0.0,173.4,39.0,314.0
2025-01-20,SKU0052,143.4,173.4,39.0,314.0
2025-01-27,SKU0052,116.4,173.4,39.0,314.0
2025-02-03,SKU0052,91.4,173.4,39.0,314.0
2025-02-10,SKU0052,48.4,173.4,39.0,314.0
2025-02-17,SKU0052,21.4,173.4,39.0,314.0
2025-02-24,SKU0052,0.0,173.4,39.0,314.0
2025-03-03,SKU0052,139.4,173.4,39.0,314.0
2025-03-10,SKU0052,101.4,173.4,39.0,314.0
2025-03-17,SKU0052,59.4,173.4,39.0,314.0
2025-03-24,SKU0052,22.4,173.4,39.0,314.0
2025-03-31,SKU0052,0.0,173.4,39.0,314.0
2025-04-07,SKU0052,0.0,173.4,39.0,314.0
2025-04-14,SKU0052,137.4,173.4,39.0,314.0
2025-04-21,SKU0052,103.4,173.4,39.0,314.0
2025-04-28,SKU0052,72.4,173.4,39.0,314.0
2025-05-05,SKU0052,30.4,173.4,39.0,314.0
2025-05-12,SKU0052,0.0,173.4,39.0,314.0
2025-05-19,SKU0052,0.0,173.4,39.0,314.0
2025-05-26,SKU0052,149.4,173.4,39.0,314.0
2025-06-02,SKU0052,106.4,173.4,39.0,314.0
2025-06-09,SKU0052,69.4,173.4,39.0,314.0
2025-06-16,SKU0052,5.4,173.4,39.0,314.0
2025-06-23,SKU0052,0.0,173.4,39.0,314.0
2025-06-30,SKU0052,0.0,173.4,39.0,314.0
2025-07-07,SKU0052,132.4,173.4,39.0,314.0
2025-07-14,SKU0052,83.4,173.4,39.0,314.0
2025-07-21,SKU0052,36.4,173.4,39.0,314.0
2025-07-28,SKU0052,0.4,173.4,39.0,314.0
2025-08-04,SKU0052,0.0,173.4,39.0,314.0
2025-08-11,SKU0052,0.0,173.4,39.0,314.0
2025-08-18,SKU0052,140.4,173.4,39.0,314.0
2025-08-25,SKU0052,108.4,173.4,39.0,314.0
2025-09-01,SKU0052,78.4,173.4,39.0,314.0
2025-09-08,SKU0052,27.4,173.4,39.0,314.0
2025-09-15,SKU0052,0.0,173.4,39.0,314.0
2025-09-22,SKU0052,0.0,173.4,39.0,314.0
2025-09-29,SKU0052,132.4,173.4,39.0,314.0
2025-10-06,SKU0052,86.4,173.4,39.0,314.0
2025-10-13,SKU0052,8.4,173.4,39.0,314.0
2025-10-20,SKU0052,0.0,173.4,39.0,314.0
2025-10-27,SKU0052,0.0,173.4,39.0,314.0
2025-11-03,SKU0052,0.0,173.4,39.0,314.0
2025-11-10,SKU0052,122.4,173.4,39.0,314.0
2025-11-17,SKU0052,58.4,173.4,39.0,314.0
2025-11-24,SKU0052,0.0,173.4,39.0,314.0
2025-12-01,SKU0052,0.0,173.4,39.0,314.0
2025-12-08,SKU0052,0.0,173.4,39.0,314.0
2025-12-15,SKU0052,0.0,173.4,39.0,314.0
2025-12-22,SKU0052,89.4,173.4,39.0,314.0
2025-12-29,SKU0052,27.4,173.4,39.0,314.0
2026-01-05,SKU0052,0.0,173.4,39.0,314.0
2026-01-12,SKU0052,0.0,173.4,39.0,314.0
2026-01-19,SKU0052,0.0,173.4,39.0,314.0
2026-01-26,SKU0052,0.0,173.4,39.0,314.0
2026-02-02,SKU0052,137.4,173.4,39.0,314.0
2026-02-09,SKU0052,102.4,173.4,39.0,314.0
2026-02-16,SKU0052,73.4,173.4,39.0,314.0
2026-02-23,SKU0052,39.4,173.4,39.0,314.0
2026-03-02,SKU0052,13.4,173.4,39.0,314.0
2026-03-09,SKU0052,0.0,173.4,39.0,314.0
2026-03-16,SKU0052,143.4,173.4,39.0,314.0
2026-03-23,SKU0052,108.4,173.4,39.0,314.0
2026-03-30,SKU0052,78.4,173.4,39.0,314.0
2026-04-06,SKU0052,33.4,173.4,39.0,314.0
2026-04-13,SKU0052,0.0,173.4,39.0,314.0
2026-04-20,SKU0052,0.0,173.4,39.0,314.0
2026-04-27,SKU0052,137.4,173.4,39.0,314.0
2026-05-04,SKU0052,107.4,173.4,39.0,314.0
2026-05-11,SKU0052,75.4,173.4,39.0,314.0
2026-05-18,SKU0052,44.4,173.4,39.0,314.0
2026-05-25,SKU0052,2.4,173.4,39.0,314.0
2026-06-01,SKU0052,0.0,173.4,39.0,314.0
2026-06-08,SKU0052,144.4,173.4,39.0,314.0
2026-06-15,SKU0052,94.4,173.4,39.0,314.0
2026-06-22,SKU0052,38.4,173.4,39.0,314.0
2026-06-29,SKU0052,1.4,173.4,39.0,314.0
2026-07-06,SKU0052,0.0,173.4,39.0,314.0
2026-07-13,SKU0052,0.0,173.4,39.0,314.0
2024-08-05,SKU0053,15.7,16.7,24.0,18.6
2024-08-12,SKU0053,13.7,16.7,24.0,18.6
2024-08-19,SKU0053,9.7,16.7,24.0,18.6
2024-08-26,SKU0053,22.4,0.0,24.0,18.6
2024-09-02,SKU0053,20.4,0.0,24.0,18.6
2024-09-09,SKU0053,15.4,16.7,24.0,18.6
2024-09-16,SKU0053,14.4,16.7,24.0,18.6
2024-09-23,SKU0053,11.4,16.7,24.0,18.6
2024-09-30,SKU0053,22.1,0.0,24.0,18.6
2024-10-07,SKU0053,9.1,16.7,24.0,18.6
2024-10-14,SKU0053,0.0,16.7,24.0,18.6
2024-10-21,SKU0053,0.0,16.7,24.0,18.6
2024-10-28,SKU0053,14.7,16.7,24.0,18.6
2024-11-04,SKU0053,11.7,16.7,24.0,18.6
2024-11-11,SKU0053,5.7,16.7,24.0,18.6
2024-11-18,SKU0053,19.4,0.0,24.0,18.6
2024-11-25,SKU0053,7.4,16.7,24.0,18.6
2024-12-02,SKU0053,2.4,16.7,24.0,18.6
2024-12-09,SKU0053,0.0,16.7,24.0,18.6
2024-12-16,SKU0053,12.7,16.7,24.0,18.6
2024-12-23,SKU0053,10.7,16.7,24.0,18.6
2024-12-30,SKU0053,3.7,16.7,24.0,18.6
2025-01-06,SKU0053,17.4,16.7,24.0,18.6
2025-01-13,SKU0053,12.4,16.7,24.0,18.6
2025-01-20,SKU0053,8.4,16.7,24.0,18.6
2025-01-27,SKU0053,21.1,0.0,24.0,18.6
2025-02-03,SKU0053,16.1,16.7,24.0,18.6
2025-02-10,SKU0053,15.1,16.7,24.0,18.6
2025-02-17,SKU0053,14.1,16.7,24.0,18.6
2025-02-24,SKU0053,28.8,0.0,24.0,18.6
2025-03-03,SKU0053,25.8,0.0,24.0,18.6
2025-03-10,SKU0053,23.8,0.0,24.0,18.6
2025-03-17,SKU0053,22.8,0.0,24.0,18.6
2025-03-24,SKU0053,16.8,16.7,24.0,18.6
2025-03-31,SKU0053,10.8,16.7,24.0,18.6
2025-04-07,SKU0053,8.8,16.7,24.0,18.6
2025-04-14,SKU0053,21.5,0.0,24.0,18.6
2025-04-21,SKU0053,17.5,16.7,24.0,18.6
2025-04-28,SKU0053,13.5,16.7,24.0,18.6
2025-05-05,SKU0053,11.5,16.7,24.0,18.6
2025-05-12,SKU0053,25.2,0.0,24.0,18.6
2025-05-19,SKU0053,21.2,0.0,24.0,18.6
2025-05-26,SKU0053,17.2,16.7,24.0,18.6
2025-06-02,SKU0053,12.2,16.7,24.0,18.6
2025-06-09,SKU0053,10.2,16.7,24.0,18.6
2025-06-16,SKU0053,20.9,0.0,24.0,18.6
2025-06-23,SKU0053,17.9,16.7,24.0,18.6
2025-06-30,SKU0053,15.9,16.7,24.0,18.6
2025-07-07,SKU0053,10.9,16.7,24.0,18.6
2025-07-14,SKU0053,25.6,0.0,24.0,18.6
2025-07-21,SKU0053,25.6,0.0,24.0,18.6
2025-07-28,SKU0053,21.6,0.0,24.0,18.6
2025-08-04,SKU0053,18.6,16.7,24.0,18.6
2025-08-11,SKU0053,12.6,16.7,24.0,18.6
2025-08-18,SKU0053,10.6,16.7,24.0,18.6
2025-08-25,SKU0053,25.3,0.0,24.0,18.6
2025-09-01,SKU0053,24.3,0.0,24.0,18.6
2025-09-08,SKU0053,17.3,16.7,24.0,18.6
2025-09-15,SKU0053,16.3,16.7,24.0,18.6
2025-09-22,SKU0053,13.3,16.7,24.0,18.6
2025-09-29,SKU0053,24.0,0.0,24.0,18.6
2025-10-06,SKU0053,12.0,16.7,24.0,18.6
2025-10-13,SKU0053,11.0,16.7,24.0,18.6
2025-10-20,SKU0053,2.0,16.7,24.0,18.6
2025-10-27,SKU0053,10.7,16.7,24.0,18.6
2025-11-03,SKU0053,2.7,16.7,24.0,18.6
2025-11-10,SKU0053,0.0,16.7,24.0,18.6
2025-11-17,SKU0053,11.7,16.7,24.0,18.6
2025-11-24,SKU0053,7.7,16.7,24.0,18.6
2025-12-01,SKU0053,4.7,16.7,24.0,18.6
2025-12-08,SKU0053,16.4,16.7,24.0,18.6
2025-12-15,SKU0053,12.4,16.7,24.0,18.6
2025-12-22,SKU0053,5.4,16.7,24.0,18.6
2025-12-29,SKU0053,15.1,16.7,24.0,18.6
2026-01-05,SKU0053,9.1,16.7,24.0,18.6
2026-01-12,SKU0053,8.1,16.7,24.0,18.6
2026-01-19,SKU0053,20.8,0.0,24.0,18.6
2026-01-26,SKU0053,17.8,16.7,24.0,18.6
2026-02-02,SKU0053,9.8,16.7,24.0,18.6
2026-02-09,SKU0053,5.8,16.7,24.0,18.6
2026-02-16,SKU0053,17.5,16.7,24.0,18.6
2026-02-23,SKU0053,12.5,16.7,24.0,18.6
2026-03-02,SKU0053,7.5,16.7,24.0,18.6
2026-03-09,SKU0053,20.2,0.0,24.0,18.6
2026-03-16,SKU0053,19.2,0.0,24.0,18.6
2026-03-23,SKU0053,18.2,16.7,24.0,18.6
2026-03-30,SKU0053,15.2,16.7,24.0,18.6
2026-04-06,SKU0053,11.2,16.7,24.0,18.6
2026-04-13,SKU0053,22.9,0.0,24.0,18.6
2026-04-20,SKU0053,21.9,0.0,24.0,18.6
2026-04-27,SKU0053,13.9,16.7,24.0,18.6
2026-05-04,SKU0053,11.9,16.7,24.0,18.6
2026-05-11,SKU0053,11.9,16.7,24.0,18.6
2026-05-18,SKU0053,27.6,0.0,24.0,18.6
2026-05-25,SKU0053,22.6,0.0,24.0,18.6
2026-06-01,SKU0053,20.6,0.0,24.0,18.6
2026-06-08,SKU0053,15.6,16.7,24.0,18.6
2026-06-15,SKU0053,9.6,16.7,24.0,18.6
2026-06-22,SKU0053,4.6,16.7,24.0,18.6
2026-06-29,SKU0053,15.3,16.7,24.0,18.6
2026-07-06,SKU0053,14.3,16.7,24.0,18.6
2026-07-13,SKU0053,8.3,16.7,24.0,18.6
2024-07-29,SKU0054,37.6,45.6,20.0,42.3
2024-08-05,SKU0054,23.6,45.6,20.0,42.3
2024-08-12,SKU0054,16.6,45.6,20.0,42.3
2024-08-19,SKU0054,54.2,0.0,20.0,42.3
2024-08-26,SKU0054,41.2,45.6,20.0,42.3
2024-09-02,SKU0054,36.2,45.6,20.0,42.3
2024-09-09,SKU0054,28.2,45.6,20.0,42.3
2024-09-16,SKU0054,65.7,0.0,20.0,42.3
2024-09-23,SKU0054,55.7,0.0,20.0,42.3
2024-09-30,SKU0054,49.7,0.0,20.0,42.3
2024-10-07,SKU0054,38.7,45.6,20.0,42.3
2024-10-14,SKU0054,22.7,45.6,20.0,42.3
2024-10-21,SKU0054,6.7,45.6,20.0,42.3
2024-10-28,SKU0054,39.3,45.6,20.0,42.3
2024-11-04,SKU0054,26.3,45.6,20.0,42.3
2024-11-11,SKU0054,14.3,45.6,20.0,42.3
2024-11-18,SKU0054,53.9,0.0,20.0,42.3
2024-11-25,SKU0054,36.9,45.6,20.0,42.3
2024-12-02,SKU0054,28.9,45.6,20.0,42.3
2024-12-09,SKU0054,12.9,45.6,20.0,42.3
2024-12-16,SKU0054,38.5,45.6,20.0,42.3
2024-12-23,SKU0054,9.5,45.6,20.0,42.3
2024-12-30,SKU0054,0.0,45.6,20.0,42.3
2025-01-06,SKU0054,40.6,45.6,20.0,42.3
2025-01-13,SKU0054,29.6,45.6,20.0,42.3
2025-01-20,SKU0054,21.6,45.6,20.0,42.3
2025-01-27,SKU0054,54.2,0.0,20.0,42.3
2025-02-03,SKU0054,47.2,0.0,20.0,42.3
2025-02-10,SKU0054,39.2,45.6,20.0,42.3
2025-02-17,SKU0054,33.2,45.6,20.0,42.3
2025-02-24,SKU0054,21.2,45.6,20.0,42.3
2025-03-03,SKU0054,56.7,0.0,20.0,42.3
2025-03-10,SKU0054,46.7,0.0,20.0,42.3
2025-03-17,SKU0054,31.7,45.6,20.0,42.3
2025-03-24,SKU0054,24.7,45.6,20.0,42.3
2025-03-31,SKU0054,16.7,45.6,20.0,42.3
2025-04-07,SKU0054,55.3,0.0,20.0,42.3
2025-04-14,SKU0054,49.3,0.0,20.0,42.3
2025-04-21,SKU0054,39.3,45.6,20.0,42.3
2025-04-28,SKU0054,24.3,45.6,20.0,42.3
2025-05-05,SKU0054,12.3,45.6,20.0,42.3
2025-05-12,SKU0054,42.9,0.0,20.0,42.3
2025-05-19,SKU0054,32.9,45.6,20.0,42.3
2025-05-26,SKU0054,26.9,45.6,20.0,42.3
2025-06-02,SKU0054,17.9,45.6,20.0,42.3
2025-06-09,SKU0054,53.5,0.0,20.0,42.3
2025-06-16,SKU0054,40.5,45.6,20.0,42.3
2025-06-23,SKU0054,21.5,45.6,20.0,42.3
2025-06-30,SKU0054,11.5,45.6,20.0,42.3
2025-07-07,SKU0054,45.0,0.0,20.0,42.3
2025-07-14,SKU0054,42.0,45.6,20.0,42.3
2025-07-21,SKU0054,28.0,45.6,20.0,42.3
2025-07-28,SKU0054,17.0,45.6,20.0,42.3
2025-08-04,SKU0054,57.6,0.0,20.0,42.3
2025-08-11,SKU0054,49.6,0.0,20.0,42.3
2025-08-18,SKU0054,37.6,45.6,20.0,42.3
2025-08-25,SKU0054,27.6,45.6,20.0,42.3
2025-09-01,SKU0054,16.6,45.6,20.0,42.3
2025-09-08,SKU0054,53.2,0.0,20.0,42.3
2025-09-15,SKU0054,43.2,0.0,20.0,42.3
2025-09-22,SKU0054,33.2,45.6,20.0,42.3
2025-09-29,SKU0054,29.2,45.6,20.0,42.3
2025-10-06,SKU0054,15.2,45.6,20.0,42.3
2025-10-13,SKU0054,43.8,0.0,20.0,42.3
2025-10-20,SKU0054,21.8,45.6,20.0,42.3
2025-10-27,SKU0054,2.8,45.6,20.0,42.3
2025-11-03,SKU0054,0.0,45.6,20.0,42.3
2025-11-10,SKU0054,32.6,45.6,20.0,42.3
2025-11-17,SKU0054,15.6,45.6,20.0,42.3
2025-11-24,SKU0054,1.6,45.6,20.0,42.3
2025-12-01,SKU0054,39.2,45.6,20.0,42.3
2025-12-08,SKU0054,22.2,45.6,20.0,42.3
2025-12-15,SKU0054,10.2,45.6,20.0,42.3
2025-12-22,SKU0054,23.7,45.6,20.0,42.3
2025-12-29,SKU0054,4.7,45.6,20.0,42.3
2026-01-05,SKU0054,0.0,45.6,20.0,42.3
2026-01-12,SKU0054,36.6,45.6,20.0,42.3
2026-01-19,SKU0054,24.6,45.6,20.0,42.3
2026-01-26,SKU0054,17.6,45.6,20.0,42.3
2026-02-02,SKU0054,56.2,0.0,20.0,42.3
2026-02-09,SKU0054,44.2,0.0,20.0,42.3
2026-02-16,SKU0054,28.2,45.6,20.0,42.3
2026-02-23,SKU0054,23.2,45.6,20.0,42.3
2026-03-02,SKU0054,13.2,45.6,20.0,42.3
2026-03-09,SKU0054,47.7,0.0,20.0,42.3
2026-03-16,SKU0054,40.7,45.6,20.0,42.3
2026-03-23,SKU0054,30.7,45.6,20.0,42.3
2026-03-30,SKU0054,20.7,45.6,20.0,42.3
2026-04-06,SKU0054,58.3,0.0,20.0,42.3
2026-04-13,SKU0054,51.3,0.0,20.0,42.3
2026-04-20,SKU0054,39.3,45.6,20.0,42.3
2026-04-27,SKU0054,27.3,45.6,20.0,42.3
2026-05-04,SKU0054,16.3,45.6,20.0,42.3
2026-05-11,SKU0054,50.9,0.0,20.0,42.3
2026-05-18,SKU0054,36.9,45.6,20.0,42.3
2026-05-25,SKU0054,26.9,45.6,20.0,42.3
2026-06-01,SKU0054,19.9,45.6,20.0,42.3
2026-06-08,SKU0054,55.5,0.0,20.0,42.3
2026-06-15,SKU0054,39.5,45.6,20.0,42.3
2026-06-22,SKU0054,20.5,45.6,20.0,42.3
2026-06-29,SKU0054,8.5,45.6,20.0,42.3
2026-07-06,SKU0054,37.0,45.6,20.0,42.3
2026-07-13,SKU0054,23.0,45.6,20.0,42.3
2024-08-05,SKU0055,657.2,0.0,18.0,650.3
2024-08-12,SKU0055,528.2,778.2,18.0,650.3
2024-08-19,SKU0055,373.2,778.2,18.0,650.3
2024-08-26,SKU0055,233.2,778.2,18.0,650.3
2024-09-02,SKU0055,848.4,0.0,18.0,650.3
2024-09-09,SKU0055,695.4,0.0,18.0,650.3
2024-09-16,SKU0055,553.4,778.2,18.0,650.3
2024-09-23,SKU0055,412.4,778.2,18.0,650.3
2024-09-30,SKU0055,221.4,778.2,18.0,650.3
2024-10-07,SKU0055,807.6,0.0,18.0,650.3
2024-10-14,SKU0055,498.6,778.2,18.0,650.3
2024-10-21,SKU0055,162.6,778.2,18.0,650.3
2024-10-28,SKU0055,0.0,778.2,18.0,650.3
2024-11-04,SKU0055,528.2,778.2,18.0,650.3
2024-11-11,SKU0055,317.2,778.2,18.0,650.3
2024-11-18,SKU0055,98.2,778.2,18.0,650.3
2024-11-25,SKU0055,566.4,778.2,18.0,650.3
2024-12-02,SKU0055,350.4,778.2,18.0,650.3
2024-12-09,SKU0055,136.4,778.2,18.0,650.3
2024-12-16,SKU0055,655.6,0.0,18.0,650.3
2024-12-23,SKU0055,338.6,778.2,18.0,650.3
2024-12-30,SKU0055,117.6,778.2,18.0,650.3
2025-01-06,SKU0055,0.0,778.2,18.0,650.3
2025-01-13,SKU0055,651.2,0.0,18.0,650.3
2025-01-20,SKU0055,511.2,778.2,18.0,650.3
2025-01-27,SKU0055,386.2,778.2,18.0,650.3
2025-02-03,SKU0055,275.2,778.2,18.0,650.3
2025-02-10,SKU0055,919.4,0.0,18.0,650.3
2025-02-17,SKU0055,768.4,0.0,18.0,650.3
2025-02-24,SKU0055,631.4,778.2,18.0,650.3
2025-03-03,SKU0055,461.4,778.2,18.0,650.3
2025-03-10,SKU0055,303.4,778.2,18.0,650.3
2025-03-17,SKU0055,944.6,0.0,18.0,650.3
2025-03-24,SKU0055,789.6,0.0,18.0,650.3
2025-03-31,SKU0055,624.6,778.2,18.0,650.3
2025-04-07,SKU0055,480.6,778.2,18.0,650.3
2025-04-14,SKU0055,321.6,778.2,18.0,650.3
2025-04-21,SKU0055,919.8,0.0,18.0,650.3
2025-04-28,SKU0055,759.8,0.0,18.0,650.3
2025-05-05,SKU0055,606.8,778.2,18.0,650.3
2025-05-12,SKU0055,432.8,778.2,18.0,650.3
2025-05-19,SKU0055,255.8,778.2,18.0,650.3
2025-05-26,SKU0055,861.0,0.0,18.0,650.3
2025-06-02,SKU0055,666.0,0.0,18.0,650.3
2025-06-09,SKU0055,492.0,778.2,18.0,650.3
2025-06-16,SKU0055,216.0,778.2,18.0,650.3
2025-06-23,SKU0055,0.0,778.2,18.0,650.3
2025-06-30,SKU0055,599.2,778.2,18.0,650.3
2025-07-07,SKU0055,447.2,778.2,18.0,650.3
2025-07-14,SKU0055,293.2,778.2,18.0,650.3
2025-07-21,SKU0055,893.4,0.0,18.0,650.3
2025-07-28,SKU0055,739.4,0.0,18.0,650.3
2025-08-04,SKU0055,584.4,778.2,18.0,650.3
2025-08-11,SKU0055,405.4,778.2,18.0,650.3
2025-08-18,SKU0055,242.4,778.2,18.0,650.3
2025-08-25,SKU0055,859.6,0.0,18.0,650.3
2025-09-01,SKU0055,658.6,0.0,18.0,650.3
2025-09-08,SKU0055,469.6,778.2,18.0,650.3
2025-09-15,SKU0055,317.6,778.2,18.0,650.3
2025-09-22,SKU0055,161.6,778.2,18.0,650.3
2025-09-29,SKU0055,716.8,0.0,18.0,650.3
2025-10-06,SKU0055,491.8,778.2,18.0,650.3
2025-10-13,SKU0055,197.8,778.2,18.0,650.3
2025-10-20,SKU0055,0.0,778.2,18.0,650.3
2025-10-27,SKU0055,389.2,778.2,18.0,650.3
2025-11-03,SKU0055,120.2,778.2,18.0,650.3
2025-11-10,SKU0055,0.0,778.2,18.0,650.3
2025-11-17,SKU0055,553.2,778.2,18.0,650.3
2025-11-24,SKU0055,168.2,778.2,18.0,650.3
2025-12-01,SKU0055,0.0,778.2,18.0,650.3
2025-12-08,SKU0055,515.2,778.2,18.0,650.3
2025-12-15,SKU0055,196.2,778.2,18.0,650.3
2025-12-22,SKU0055,0.0,778.2,18.0,650.3
2025-12-29,SKU0055,517.2,778.2,18.0,650.3
2026-01-05,SKU0055,343.2,778.2,18.0,650.3
2026-01-12,SKU0055,214.2,778.2,18.0,650.3
2026-01-19,SKU0055,813.4,0.0,18.0,650.3
2026-01-26,SKU0055,685.4,0.0,18.0,650.3
2026-02-02,SKU0055,539.4,778.2,18.0,650.3
2026-02-09,SKU0055,397.4,778.2,18.0,650.3
2026-02-16,SKU0055,255.4,778.2,18.0,650.3
2026-02-23,SKU0055,910.6,0.0,18.0,650.3
2026-03-02,SKU0055,719.6,0.0,18.0,650.3
2026-03-09,SKU0055,552.6,778.2,18.0,650.3
2026-03-16,SKU0055,357.6,778.2,18.0,650.3
2026-03-23,SKU0055,205.6,778.2,18.0,650.3
2026-03-30,SKU0055,805.8,0.0,18.0,650.3
2026-04-06,SKU0055,610.8,778.2,18.0,650.3
2026-04-13,SKU0055,452.8,778.2,18.0,650.3
2026-04-20,SKU0055,267.8,778.2,18.0,650.3
2026-04-27,SKU0055,893.0,0.0,18.0,650.3
2026-05-04,SKU0055,748.0,0.0,18.0,650.3
2026-05-11,SKU0055,562.0,778.2,18.0,650.3
2026-05-18,SKU0055,400.0,778.2,18.0,650.3
2026-05-25,SKU0055,222.0,778.2,18.0,650.3
2026-06-01,SKU0055,840.2,0.0,18.0,650.3
2026-06-08,SKU0055,666.2,0.0,18.0,650.3
2026-06-15,SKU0055,370.2,778.2,18.0,650.3
2026-06-22,SKU0055,114.2,778.2,18.0,650.3
2026-06-29,SKU0055,0.0,778.2,18.0,650.3
2026-07-06,SKU0055,627.2,778.2,18.0,650.3
2026-07-13,SKU0055,434.2,778.2,18.0,650.3
2024-08-12,SKU0056,163.7,0.0,15.0,134.9
2024-08-19,SKU0056,127.7,193.7,15.0,134.9
2024-08-26,SKU0056,82.7,193.7,15.0,134.9
2024-09-02,SKU0056,253.5,0.0,15.0,134.9
2024-09-09,SKU0056,220.5,0.0,15.0,134.9
2024-09-16,SKU0056,182.5,0.0,15.0,134.9
2024-09-23,SKU0056,147.5,0.0,15.0,134.9
2024-09-30,SKU0056,86.5,193.7,15.0,134.9
2024-10-07,SKU0056,42.5,193.7,15.0,134.9
2024-10-14,SKU0056,132.2,193.7,15.0,134.9
2024-10-21,SKU0056,58.2,193.7,15.0,134.9
2024-10-28,SKU0056,164.9,0.0,15.0,134.9
2024-11-04,SKU0056,109.9,193.7,15.0,134.9
2024-11-11,SKU0056,39.9,193.7,15.0,134.9
2024-11-18,SKU0056,168.6,0.0,15.0,134.9
2024-11-25,SKU0056,68.6,193.7,15.0,134.9
2024-12-02,SKU0056,21.6,193.7,15.0,134.9
2024-12-09,SKU0056,156.4,0.0,15.0,134.9
2024-12-16,SKU0056,88.4,193.7,15.0,134.9
2024-12-23,SKU0056,4.4,193.7,15.0,134.9
2024-12-30,SKU0056,136.1,0.0,15.0,134.9
2025-01-06,SKU0056,100.1,193.7,15.0,134.9
2025-01-13,SKU0056,67.1,193.7,15.0,134.9
2025-01-20,SKU0056,233.8,0.0,15.0,134.9
2025-01-27,SKU0056,201.8,0.0,15.0,134.9
2025-02-03,SKU0056,163.8,0.0,15.0,134.9
2025-02-10,SKU0056,129.8,193.7,15.0,134.9
2025-02-17,SKU0056,98.8,193.7,15.0,134.9
2025-02-24,SKU0056,257.5,0.0,15.0,134.9
2025-03-03,SKU0056,204.5,0.0,15.0,134.9
2025-03-10,SKU0056,160.5,0.0,15.0,134.9
2025-03-17,SKU0056,119.5,193.7,15.0,134.9
2025-03-24,SKU0056,83.5,193.7,15.0,134.9
2025-03-31,SKU0056,230.3,0.0,15.0,134.9
2025-04-07,SKU0056,194.3,0.0,15.0,134.9
2025-04-14,SKU0056,153.3,0.0,15.0,134.9
2025-04-21,SKU0056,114.3,193.7,15.0,134.9
2025-04-28,SKU0056,82.3,193.7,15.0,134.9
2025-05-05,SKU0056,224.0,0.0,15.0,134.9
2025-05-12,SKU0056,180.0,0.0,15.0,134.9
2025-05-19,SKU0056,136.0,0.0,15.0,134.9
2025-05-26,SKU0056,91.0,193.7,15.0,134.9
2025-06-02,SKU0056,45.0,193.7,15.0,134.9
2025-06-09,SKU0056,194.7,0.0,15.0,134.9
2025-06-16,SKU0056,139.7,0.0,15.0,134.9
2025-06-23,SKU0056,78.7,193.7,15.0,134.9
2025-06-30,SKU0056,23.7,193.7,15.0,134.9
2025-07-07,SKU0056,190.4,0.0,15.0,134.9
2025-07-14,SKU0056,148.4,0.0,15.0,134.9
2025-07-21,SKU0056,99.4,193.7,15.0,134.9
2025-07-28,SKU0056,61.4,193.7,15.0,134.9
2025-08-04,SKU0056,225.2,0.0,15.0,134.9
2025-08-11,SKU0056,196.2,0.0,15.0,134.9
2025-08-18,SKU0056,159.2,0.0,15.0,134.9
2025-08-25,SKU0056,126.2,193.7,15.0,134.9
2025-09-01,SKU0056,88.2,193.7,15.0,134.9
2025-09-08,SKU0056,247.9,0.0,15.0,134.9
2025-09-15,SKU0056,207.9,0.0,15.0,134.9
2025-09-22,SKU0056,161.9,0.0,15.0,134.9
2025-09-29,SKU0056,114.9,193.7,15.0,134.9
2025-10-06,SKU0056,47.9,193.7,15.0,134.9
2025-10-13,SKU0056,155.6,0.0,15.0,134.9
2025-10-20,SKU0056,51.6,193.7,15.0,134.9
2025-10-27,SKU0056,0.0,193.7,15.0,134.9
2025-11-03,SKU0056,146.7,0.0,15.0,134.9
2025-11-10,SKU0056,90.7,193.7,15.0,134.9
2025-11-17,SKU0056,37.7,193.7,15.0,134.9
2025-11-24,SKU0056,148.5,0.0,15.0,134.9
2025-12-01,SKU0056,96.5,193.7,15.0,134.9
2025-12-08,SKU0056,45.5,193.7,15.0,134.9
2025-12-15,SKU0056,170.2,0.0,15.0,134.9
2025-12-22,SKU0056,73.2,193.7,15.0,134.9
2025-12-29,SKU0056,21.2,193.7,15.0,134.9
2026-01-05,SKU0056,170.9,0.0,15.0,134.9
2026-01-12,SKU0056,140.9,0.0,15.0,134.9
2026-01-19,SKU0056,93.9,193.7,15.0,134.9
2026-01-26,SKU0056,54.9,193.7,15.0,134.9
2026-02-02,SKU0056,211.6,0.0,15.0,134.9
2026-02-09,SKU0056,169.6,0.0,15.0,134.9
2026-02-16,SKU0056,129.6,193.7,15.0,134.9
2026-02-23,SKU0056,84.6,193.7,15.0,134.9
2026-03-02,SKU0056,237.4,0.0,15.0,134.9
2026-03-09,SKU0056,198.4,0.0,15.0,134.9
2026-03-16,SKU0056,159.4,0.0,15.0,134.9
2026-03-23,SKU0056,122.4,193.7,15.0,134.9
2026-03-30,SKU0056,95.4,193.7,15.0,134.9
2026-04-06,SKU0056,246.1,0.0,15.0,134.9
2026-04-13,SKU0056,195.1,0.0,15.0,134.9
2026-04-20,SKU0056,143.1,0.0,15.0,134.9
2026-04-27,SKU0056,106.1,193.7,15.0,134.9
2026-05-04,SKU0056,60.1,193.7,15.0,134.9
2026-05-11,SKU0056,203.8,0.0,15.0,134.9
2026-05-18,SKU0056,160.8,0.0,15.0,134.9
2026-05-25,SKU0056,120.8,193.7,15.0,134.9
2026-06-01,SKU0056,88.8,193.7,15.0,134.9
2026-06-08,SKU0056,227.5,0.0,15.0,134.9
2026-06-15,SKU0056,163.5,0.0,15.0,134.9
2026-06-22,SKU0056,98.5,193.7,15.0,134.9
2026-06-29,SKU0056,46.5,193.7,15.0,134.9
2026-07-06,SKU0056,197.3,0.0,15.0,134.9
2026-07-13,SKU0056,163.3,0.0,15.0,134.9
2024-08-05,SKU0057,205.0,0.0,10.0,118.4
2024-08-12,SKU0057,173.0,0.0,10.0,118.4
2024-08-19,SKU0057,131.0,0.0,10.0,118.4
2024-08-26,SKU0057,78.0,255.0,10.0,118.4
2024-09-02,SKU0057,280.0,0.0,10.0,118.4
2024-09-09,SKU0057,224.0,0.0,10.0,118.4
2024-09-16,SKU0057,165.0,0.0,10.0,118.4
2024-09-23,SKU0057,104.0,255.0,10.0,118.4
2024-09-30,SKU0057,297.0,0.0,10.0,118.4
2024-10-07,SKU0057,219.0,0.0,10.0,118.4
2024-10-14,SKU0057,123.0,0.0,10.0,118.4
2024-10-21,SKU0057,4.0,255.0,10.0,118.4
2024-10-28,SKU0057,150.0,0.0,10.0,118.4
2024-11-04,SKU0057,55.0,255.0,10.0,118.4
2024-11-11,SKU0057,241.0,0.0,10.0,118.4
2024-11-18,SKU0057,171.0,0.0,10.0,118.4
2024-11-25,SKU0057,71.0,255.0,10.0,118.4
2024-12-02,SKU0057,253.9,0.0,10.0,118.4
2024-12-09,SKU0057,180.9,0.0,10.0,118.4
2024-12-16,SKU0057,74.9,255.0,10.0,118.4
2024-12-23,SKU0057,203.9,0.0,10.0,118.4
2024-12-30,SKU0057,124.9,0.0,10.0,118.4
2025-01-06,SKU0057,84.9,255.0,10.0,118.4
2025-01-13,SKU0057,298.9,0.0,10.0,118.4
2025-01-20,SKU0057,244.9,0.0,10.0,118.4
2025-01-27,SKU0057,205.9,0.0,10.0,118.4
2025-02-03,SKU0057,170.9,0.0,10.0,118.4
2025-02-10,SKU0057,132.9,0.0,10.0,118.4
2025-02-17,SKU0057,87.9,255.0,10.0,118.4
2025-02-24,SKU0057,299.9,0.0,10.0,118.4
2025-03-03,SKU0057,245.9,0.0,10.0,118.4
2025-03-10,SKU0057,203.9,0.0,10.0,118.4
2025-03-17,SKU0057,154.9,0.0,10.0,118.4
2025-03-24,SKU0057,103.9,255.0,10.0,118.4
2025-03-31,SKU0057,301.9,0.0,10.0,118.4
2025-04-07,SKU0057,233.9,0.0,10.0,118.4
2025-04-14,SKU0057,184.9,0.0,10.0,118.4
2025-04-21,SKU0057,132.9,0.0,10.0,118.4
2025-04-28,SKU0057,83.9,255.0,10.0,118.4
2025-05-05,SKU0057,294.9,0.0,10.0,118.4
2025-05-12,SKU0057,234.9,0.0,10.0,118.4
2025-05-19,SKU0057,179.9,0.0,10.0,118.4
2025-05-26,SKU0057,135.9,0.0,10.0,118.4
2025-06-02,SKU0057,78.9,255.0,10.0,118.4
2025-06-09,SKU0057,275.9,0.0,10.0,118.4
2025-06-16,SKU0057,188.9,0.0,10.0,118.4
2025-06-23,SKU0057,125.9,0.0,10.0,118.4
2025-06-30,SKU0057,63.9,255.0,10.0,118.4
2025-07-07,SKU0057,262.9,0.0,10.0,118.4
2025-07-14,SKU0057,213.9,0.0,10.0,118.4
2025-07-21,SKU0057,152.9,0.0,10.0,118.4
2025-07-28,SKU0057,84.9,255.0,10.0,118.4
2025-08-04,SKU0057,287.9,0.0,10.0,118.4
2025-08-11,SKU0057,237.9,0.0,10.0,118.4
2025-08-18,SKU0057,185.9,0.0,10.0,118.4
2025-08-25,SKU0057,143.9,0.0,10.0,118.4
2025-09-01,SKU0057,89.9,255.0,10.0,118.4
2025-09-08,SKU0057,292.9,0.0,10.0,118.4
2025-09-15,SKU0057,241.9,0.0,10.0,118.4
2025-09-22,SKU0057,185.9,0.0,10.0,118.4
2025-09-29,SKU0057,128.9,0.0,10.0,118.4
2025-10-06,SKU0057,52.9,255.0,10.0,118.4
2025-10-13,SKU0057,191.8,0.0,10.0,118.4
2025-10-20,SKU0057,69.8,255.0,10.0,118.4
2025-10-27,SKU0057,210.8,0.0,10.0,118.4
2025-11-03,SKU0057,112.8,255.0,10.0,118.4
2025-11-10,SKU0057,292.8,0.0,10.0,118.4
2025-11-17,SKU0057,217.8,0.0,10.0,118.4
2025-11-24,SKU0057,107.8,255.0,10.0,118.4
2025-12-01,SKU0057,277.8,0.0,10.0,118.4
2025-12-08,SKU0057,208.8,0.0,10.0,118.4
2025-12-15,SKU0057,120.8,0.0,10.0,118.4
2025-12-22,SKU0057,5.8,255.0,10.0,118.4
2025-12-29,SKU0057,176.8,0.0,10.0,118.4
2026-01-05,SKU0057,137.8,0.0,10.0,118.4
2026-01-12,SKU0057,93.8,255.0,10.0,118.4
2026-01-19,SKU0057,283.8,0.0,10.0,118.4
2026-01-26,SKU0057,232.8,0.0,10.0,118.4
2026-02-02,SKU0057,184.8,0.0,10.0,118.4
2026-02-09,SKU0057,134.8,0.0,10.0,118.4
2026-02-16,SKU0057,71.8,255.0,10.0,118.4
2026-02-23,SKU0057,282.8,0.0,10.0,118.4
2026-03-02,SKU0057,214.8,0.0,10.0,118.4
2026-03-09,SKU0057,150.8,0.0,10.0,118.4
2026-03-16,SKU0057,93.8,255.0,10.0,118.4
2026-03-23,SKU0057,299.8,0.0,10.0,118.4
2026-03-30,SKU0057,251.8,0.0,10.0,118.4
2026-04-06,SKU0057,187.8,0.0,10.0,118.4
2026-04-13,SKU0057,127.8,0.0,10.0,118.4
2026-04-20,SKU0057,75.8,255.0,10.0,118.4
2026-04-27,SKU0057,274.8,0.0,10.0,118.4
2026-05-04,SKU0057,211.8,0.0,10.0,118.4
2026-05-11,SKU0057,162.8,0.0,10.0,118.4
2026-05-18,SKU0057,112.8,255.0,10.0,118.4
2026-05-25,SKU0057,314.8,0.0,10.0,118.4
2026-06-01,SKU0057,256.8,0.0,10.0,118.4
2026-06-08,SKU0057,196.8,0.0,10.0,118.4
2026-06-15,SKU0057,115.8,255.0,10.0,118.4
2026-06-22,SKU0057,287.7,0.0,10.0,118.4
2026-06-29,SKU0057,213.7,0.0,10.0,118.4
2026-07-06,SKU0057,154.7,0.0,10.0,118.4
2026-07-13,SKU0057,106.7,255.0,10.0,118.4
2026-05-25,SKU0058,150.0,0.0,13.0,112.9
2026-06-01,SKU0058,116.0,0.0,13.0,112.9
2026-06-08,SKU0058,62.0,187.0,13.0,112.9
2026-06-15,SKU0058,2.0,187.0,13.0,112.9
2026-06-22,SKU0058,140.0,0.0,13.0,112.9
2026-06-29,SKU0058,84.0,187.0,13.0,112.9
2026-07-06,SKU0058,46.0,187.0,13.0,112.9
2026-07-13,SKU0058,187.0,0.0,13.0,112.9
2024-07-22,SKU0059,195.7,251.7,45.0,525.9
2024-07-29,SKU0059,144.7,251.7,45.0,525.9
2024-08-05,SKU0059,93.7,251.7,45.0,525.9
2024-08-12,SKU0059,31.7,251.7,45.0,525.9
2024-08-19,SKU0059,0.0,251.7,45.0,525.9
2024-08-26,SKU0059,0.0,251.7,45.0,525.9
2024-09-02,SKU0059,200.7,251.7,45.0,525.9
2024-09-09,SKU0059,153.7,251.7,45.0,525.9
2024-09-16,SKU0059,106.7,251.7,45.0,525.9
2024-09-23,SKU0059,59.7,251.7,45.0,525.9
2024-09-30,SKU0059,0.0,251.7,45.0,525.9
2024-10-07,SKU0059,0.0,251.7,45.0,525.9
2024-10-14,SKU0059,136.7,251.7,45.0,525.9
2024-10-21,SKU0059,13.7,251.7,45.0,525.9
2024-10-28,SKU0059,0.0,251.7,45.0,525.9
2024-11-04,SKU0059,0.0,251.7,45.0,525.9
2024-11-11,SKU0059,0.0,251.7,45.0,525.9
2024-11-18,SKU0059,0.0,251.7,45.0,525.9
2024-11-25,SKU0059,138.7,251.7,45.0,525.9
2024-12-02,SKU0059,59.7,251.7,45.0,525.9
2024-12-09,SKU0059,0.0,251.7,45.0,525.9
2024-12-16,SKU0059,0.0,251.7,45.0,525.9
2024-12-23,SKU0059,0.0,251.7,45.0,525.9
2024-12-30,SKU0059,0.0,251.7,45.0,525.9
2025-01-06,SKU0059,209.7,251.7,45.0,525.9
2025-01-13,SKU0059,160.7,251.7,45.0,525.9
2025-01-20,SKU0059,111.7,251.7,45.0,525.9
2025-01-27,SKU0059,55.7,251.7,45.0,525.9
2025-02-03,SKU0059,15.7,251.7,45.0,525.9
2025-02-10,SKU0059,0.0,251.7,45.0,525.9
2025-02-17,SKU0059,196.7,251.7,45.0,525.9
2025-02-24,SKU0059,152.7,251.7,45.0,525.9
2025-03-03,SKU0059,99.7,251.7,45.0,525.9
2025-03-10,SKU0059,59.7,251.7,45.0,525.9
2025-03-17,SKU0059,5.7,251.7,45.0,525.9
2025-03-24,SKU0059,0.0,251.7,45.0,525.9
2025-03-31,SKU0059,201.7,251.7,45.0,525.9
2025-04-07,SKU0059,148.7,251.7,45.0,525.9
2025-04-14,SKU0059,96.7,251.7,45.0,525.9
2025-04-21,SKU0059,42.7,251.7,45.0,525.9
2025-04-28,SKU0059,0.0,251.7,45.0,525.9
2025-05-05,SKU0059,0.0,251.7,45.0,525.9
2025-05-12,SKU0059,198.7,251.7,45.0,525.9
2025-05-19,SKU0059,143.7,251.7,45.0,525.9
2025-05-26,SKU0059,79.7,251.7,45.0,525.9
2025-06-02,SKU0059,23.7,251.7,45.0,525.9
2025-06-09,SKU0059,0.0,251.7,45.0,525.9
2025-06-16,SKU0059,0.0,251.7,45.0,525.9
2025-06-23,SKU0059,168.7,251.7,45.0,525.9
2025-06-30,SKU0059,106.7,251.7,45.0,525.9
2025-07-07,SKU0059,59.7,251.7,45.0,525.9
2025-07-14,SKU0059,16.7,251.7,45.0,525.9
2025-07-21,SKU0059,0.0,251.7,45.0,525.9
2025-07-28,SKU0059,0.0,251.7,45.0,525.9
2025-08-04,SKU0059,195.7,251.7,45.0,525.9
2025-08-11,SKU0059,139.7,251.7,45.0,525.9
2025-08-18,SKU0059,91.7,251.7,45.0,525.9
2025-08-25,SKU0059,32.7,251.7,45.0,525.9
2025-09-01,SKU0059,0.0,251.7,45.0,525.9
2025-09-08,SKU0059,0.0,251.7,45.0,525.9
2025-09-15,SKU0059,191.7,251.7,45.0,525.9
2025-09-22,SKU0059,134.7,251.7,45.0,525.9
2025-09-29,SKU0059,62.7,251.7,45.0,525.9
2025-10-06,SKU0059,0.0,251.7,45.0,525.9
2025-10-13,SKU0059,0.0,251.7,45.0,525.9
2025-10-20,SKU0059,0.0,251.7,45.0,525.9
2025-10-27,SKU0059,133.7,251.7,45.0,525.9
2025-11-03,SKU0059,80.7,251.7,45.0,525.9
2025-11-10,SKU0059,11.7,251.7,45.0,525.9
2025-11-17,SKU0059,0.0,251.7,45.0,525.9
2025-11-24,SKU0059,0.0,251.7,45.0,525.9
2025-12-01,SKU0059,0.0,251.7,45.0,525.9
2025-12-08,SKU0059,180.7,251.7,45.0,525.9
2025-12-15,SKU0059,100.7,251.7,45.0,525.9
2025-12-22,SKU0059,0.0,251.7,45.0,525.9
2025-12-29,SKU0059,0.0,251.7,45.0,525.9
2026-01-05,SKU0059,0.0,251.7,45.0,525.9
2026-01-12,SKU0059,0.0,251.7,45.0,525.9
2026-01-19,SKU0059,216.7,251.7,45.0,525.9
2026-01-26,SKU0059,182.7,251.7,45.0,525.9
2026-02-02,SKU0059,140.7,251.7,45.0,525.9
2026-02-09,SKU0059,85.7,251.7,45.0,525.9
2026-02-16,SKU0059,32.7,251.7,45.0,525.9
2026-02-23,SKU0059,0.7,251.7,45.0,525.9
2026-03-02,SKU0059,197.5,251.7,45.0,525.9
2026-03-09,SKU0059,142.5,251.7,45.0,525.9
2026-03-16,SKU0059,90.5,251.7,45.0,525.9
2026-03-23,SKU0059,40.5,251.7,45.0,525.9
2026-03-30,SKU0059,0.0,251.7,45.0,525.9
2026-04-06,SKU0059,0.0,251.7,45.0,525.9
2026-04-13,SKU0059,198.7,251.7,45.0,525.9
2026-04-20,SKU0059,144.7,251.7,45.0,525.9
2026-04-27,SKU0059,91.7,251.7,45.0,525.9
2026-05-04,SKU0059,37.7,251.7,45.0,525.9
2026-05-11,SKU0059,0.0,251.7,45.0,525.9
2026-05-18,SKU0059,0.0,251.7,45.0,525.9
2026-05-25,SKU0059,193.7,251.7,45.0,525.9
2026-06-01,SKU0059,140.7,251.7,45.0,525.9
2026-06-08,SKU0059,88.7,251.7,45.0,525.9
2026-06-15,SKU0059,10.7,251.7,45.0,525.9
2026-06-22,SKU0059,0.0,251.7,45.0,525.9
2026-06-29,SKU0059,0.0,251.7,45.0,525.9
2026-07-06,SKU0059,203.7,251.7,45.0,525.9
2026-07-13,SKU0059,162.7,251.7,45.0,525.9
2024-07-29,SKU0060,105.4,138.4,23.0,147.8
2024-08-05,SKU0060,73.4,138.4,23.0,147.8
2024-08-12,SKU0060,48.4,138.4,23.0,147.8
2024-08-19,SKU0060,149.8,0.0,23.0,147.8
2024-08-26,SKU0060,125.8,138.4,23.0,147.8
2024-09-02,SKU0060,84.8,138.4,23.0,147.8
2024-09-09,SKU0060,52.8,138.4,23.0,147.8
2024-09-16,SKU0060,161.2,0.0,23.0,147.8
2024-09-23,SKU0060,137.2,138.4,23.0,147.8
2024-09-30,SKU0060,91.2,138.4,23.0,147.8
2024-10-07,SKU0060,58.2,138.4,23.0,147.8
2024-10-14,SKU0060,136.5,138.4,23.0,147.8
2024-10-21,SKU0060,96.5,138.4,23.0,147.8
2024-10-28,SKU0060,26.5,138.4,23.0,147.8
2024-11-04,SKU0060,116.9,138.4,23.0,147.8
2024-11-11,SKU0060,80.9,138.4,23.0,147.8
2024-11-18,SKU0060,53.9,138.4,23.0,147.8
2024-11-25,SKU0060,135.3,138.4,23.0,147.8
2024-12-02,SKU0060,86.3,138.4,23.0,147.8
2024-12-09,SKU0060,57.3,138.4,23.0,147.8
2024-12-16,SKU0060,148.7,0.0,23.0,147.8
2024-12-23,SKU0060,86.7,138.4,23.0,147.8
2024-12-30,SKU0060,39.7,138.4,23.0,147.8
2025-01-06,SKU0060,17.7,138.4,23.0,147.8
2025-01-13,SKU0060,128.1,138.4,23.0,147.8
2025-01-20,SKU0060,109.1,138.4,23.0,147.8
2025-01-27,SKU0060,86.1,138.4,23.0,147.8
2025-02-03,SKU0060,199.5,0.0,23.0,147.8
2025-02-10,SKU0060,182.5,0.0,23.0,147.8
2025-02-17,SKU0060,154.5,0.0,23.0,147.8
2025-02-24,SKU0060,131.5,138.4,23.0,147.8
2025-03-03,SKU0060,95.5,138.4,23.0,147.8
2025-03-10,SKU0060,60.5,138.4,23.0,147.8
2025-03-17,SKU0060,172.8,0.0,23.0,147.8
2025-03-24,SKU0060,145.8,138.4,23.0,147.8
2025-03-31,SKU0060,120.8,138.4,23.0,147.8
2025-04-07,SKU0060,92.8,138.4,23.0,147.8
2025-04-14,SKU0060,207.2,0.0,23.0,147.8
2025-04-21,SKU0060,176.2,0.0,23.0,147.8
2025-04-28,SKU0060,155.2,0.0,23.0,147.8
2025-05-05,SKU0060,121.2,138.4,23.0,147.8
2025-05-12,SKU0060,91.2,138.4,23.0,147.8
2025-05-19,SKU0060,64.2,138.4,23.0,147.8
2025-05-26,SKU0060,168.6,0.0,23.0,147.8
2025-06-02,SKU0060,140.6,138.4,23.0,147.8
2025-06-09,SKU0060,118.6,138.4,23.0,147.8
2025-06-16,SKU0060,64.6,138.4,23.0,147.8
2025-06-23,SKU0060,145.0,138.4,23.0,147.8
2025-06-30,SKU0060,115.0,138.4,23.0,147.8
2025-07-07,SKU0060,89.0,138.4,23.0,147.8
2025-07-14,SKU0060,199.4,0.0,23.0,147.8
2025-07-21,SKU0060,174.4,0.0,23.0,147.8
2025-07-28,SKU0060,149.4,0.0,23.0,147.8
2025-08-04,SKU0060,123.4,138.4,23.0,147.8
2025-08-11,SKU0060,88.4,138.4,23.0,147.8
2025-08-18,SKU0060,60.4,138.4,23.0,147.8
2025-08-25,SKU0060,165.8,0.0,23.0,147.8
2025-09-01,SKU0060,138.8,138.4,23.0,147.8
2025-09-08,SKU0060,103.8,138.4,23.0,147.8
2025-09-15,SKU0060,77.8,138.4,23.0,147.8
2025-09-22,SKU0060,180.2,0.0,23.0,147.8
2025-09-29,SKU0060,145.2,138.4,23.0,147.8
2025-10-06,SKU0060,106.2,138.4,23.0,147.8
2025-10-13,SKU0060,49.2,138.4,23.0,147.8
2025-10-20,SKU0060,124.5,138.4,23.0,147.8
2025-10-27,SKU0060,54.5,138.4,23.0,147.8
2025-11-03,SKU0060,10.5,138.4,23.0,147.8
2025-11-10,SKU0060,106.9,138.4,23.0,147.8
2025-11-17,SKU0060,69.9,138.4,23.0,147.8
2025-11-24,SKU0060,4.9,138.4,23.0,147.8
2025-12-01,SKU0060,85.3,138.4,23.0,147.8
2025-12-08,SKU0060,44.3,138.4,23.0,147.8
2025-12-15,SKU0060,0.3,138.4,23.0,147.8
2025-12-22,SKU0060,71.7,138.4,23.0,147.8
2025-12-29,SKU0060,18.7,138.4,23.0,147.8
2026-01-05,SKU0060,0.0,138.4,23.0,147.8
2026-01-12,SKU0060,113.4,138.4,23.0,147.8
2026-01-19,SKU0060,96.4,138.4,23.0,147.8
2026-01-26,SKU0060,73.4,138.4,23.0,147.8
2026-02-02,SKU0060,180.8,0.0,23.0,147.8
2026-02-09,SKU0060,158.8,0.0,23.0,147.8
2026-02-16,SKU0060,132.8,138.4,23.0,147.8
2026-02-23,SKU0060,111.8,138.4,23.0,147.8
2026-03-02,SKU0060,81.8,138.4,23.0,147.8
2026-03-09,SKU0060,199.2,0.0,23.0,147.8
2026-03-16,SKU0060,162.2,0.0,23.0,147.8
2026-03-23,SKU0060,126.2,138.4,23.0,147.8
2026-03-30,SKU0060,104.2,138.4,23.0,147.8
2026-04-06,SKU0060,75.2,138.4,23.0,147.8
2026-04-13,SKU0060,184.5,0.0,23.0,147.8
2026-04-20,SKU0060,165.5,0.0,23.0,147.8
2026-04-27,SKU0060,128.5,138.4,23.0,147.8
2026-05-04,SKU0060,94.5,138.4,23.0,147.8
2026-05-11,SKU0060,71.5,138.4,23.0,147.8
2026-05-18,SKU0060,181.9,0.0,23.0,147.8
2026-05-25,SKU0060,151.9,0.0,23.0,147.8
2026-06-01,SKU0060,123.9,138.4,23.0,147.8
2026-06-08,SKU0060,92.9,138.4,23.0,147.8
2026-06-15,SKU0060,37.9,138.4,23.0,147.8
2026-06-22,SKU0060,128.3,138.4,23.0,147.8
2026-06-29,SKU0060,91.3,138.4,23.0,147.8
2026-07-06,SKU0060,61.3,138.4,23.0,147.8
2026-07-13,SKU0060,167.7,0.0,23.0,147.8
2024-08-05,SKU0061,612.6,0.0,16.0,562.8
2024-08-12,SKU0061,464.6,757.6,16.0,562.8
2024-08-19,SKU0061,312.6,757.6,16.0,562.8
2024-08-26,SKU0061,923.2,0.0,16.0,562.8
2024-09-02,SKU0061,802.2,0.0,16.0,562.8
2024-09-09,SKU0061,640.2,0.0,16.0,562.8
2024-09-16,SKU0061,497.2,757.6,16.0,562.8
2024-09-23,SKU0061,326.2,757.6,16.0,562.8
2024-09-30,SKU0061,874.8,0.0,16.0,562.8
2024-10-07,SKU0061,705.8,0.0,16.0,562.8
2024-10-14,SKU0061,412.8,757.6,16.0,562.8
2024-10-21,SKU0061,111.8,757.6,16.0,562.8
2024-10-28,SKU0061,555.4,757.6,16.0,562.8
2024-11-04,SKU0061,317.4,757.6,16.0,562.8
2024-11-11,SKU0061,857.0,0.0,16.0,562.8
2024-11-18,SKU0061,654.0,0.0,16.0,562.8
2024-11-25,SKU0061,336.0,757.6,16.0,562.8
2024-12-02,SKU0061,171.0,757.6,16.0,562.8
2024-12-09,SKU0061,741.6,0.0,16.0,562.8
2024-12-16,SKU0061,472.6,757.6,16.0,562.8
2024-12-23,SKU0061,114.6,757.6,16.0,562.8
2024-12-30,SKU0061,623.1,0.0,16.0,562.8
2025-01-06,SKU0061,461.1,757.6,16.0,562.8
2025-01-13,SKU0061,358.1,757.6,16.0,562.8
2025-01-20,SKU0061,974.7,0.0,16.0,562.8
2025-01-27,SKU0061,861.7,0.0,16.0,562.8
2025-02-03,SKU0061,752.7,0.0,16.0,562.8
2025-02-10,SKU0061,627.7,0.0,16.0,562.8
2025-02-17,SKU0061,468.7,757.6,16.0,562.8
2025-02-24,SKU0061,371.7,757.6,16.0,562.8
2025-03-03,SKU0061,983.3,0.0,16.0,562.8
2025-03-10,SKU0061,867.3,0.0,16.0,562.8
2025-03-17,SKU0061,715.3,0.0,16.0,562.8
2025-03-24,SKU0061,570.3,0.0,16.0,562.8
2025-03-31,SKU0061,425.3,757.6,16.0,562.8
2025-04-07,SKU0061,253.3,757.6,16.0,562.8
2025-04-14,SKU0061,858.9,0.0,16.0,562.8
2025-04-21,SKU0061,729.9,0.0,16.0,562.8
2025-04-28,SKU0061,579.9,0.0,16.0,562.8
2025-05-05,SKU0061,414.9,757.6,16.0,562.8
2025-05-12,SKU0061,251.9,757.6,16.0,562.8
2025-05-19,SKU0061,851.5,0.0,16.0,562.8
2025-05-26,SKU0061,703.5,0.0,16.0,562.8
2025-06-02,SKU0061,557.5,757.6,16.0,562.8
2025-06-09,SKU0061,393.5,757.6,16.0,562.8
2025-06-16,SKU0061,897.1,0.0,16.0,562.8
2025-06-23,SKU0061,642.1,0.0,16.0,562.8
2025-06-30,SKU0061,465.1,757.6,16.0,562.8
2025-07-07,SKU0061,330.1,757.6,16.0,562.8
2025-07-14,SKU0061,930.7,0.0,16.0,562.8
2025-07-21,SKU0061,772.7,0.0,16.0,562.8
2025-07-28,SKU0061,595.7,0.0,16.0,562.8
2025-08-04,SKU0061,423.7,757.6,16.0,562.8
2025-08-11,SKU0061,254.7,757.6,16.0,562.8
2025-08-18,SKU0061,827.3,0.0,16.0,562.8
2025-08-25,SKU0061,667.3,0.0,16.0,562.8
2025-09-01,SKU0061,498.3,757.6,16.0,562.8
2025-09-08,SKU0061,339.3,757.6,16.0,562.8
2025-09-15,SKU0061,947.9,0.0,16.0,562.8
2025-09-22,SKU0061,774.9,0.0,16.0,562.8
2025-09-29,SKU0061,554.9,757.6,16.0,562.8
2025-10-06,SKU0061,409.9,757.6,16.0,562.8
2025-10-13,SKU0061,806.5,0.0,16.0,562.8
2025-10-20,SKU0061,445.5,757.6,16.0,562.8
2025-10-27,SKU0061,79.5,757.6,16.0,562.8
2025-11-03,SKU0061,575.1,0.0,16.0,562.8
2025-11-10,SKU0061,351.1,757.6,16.0,562.8
2025-11-17,SKU0061,127.1,757.6,16.0,562.8
2025-11-24,SKU0061,492.7,757.6,16.0,562.8
2025-12-01,SKU0061,266.7,757.6,16.0,562.8
2025-12-08,SKU0061,805.3,0.0,16.0,562.8
2025-12-15,SKU0061,541.3,757.6,16.0,562.8
2025-12-22,SKU0061,150.3,757.6,16.0,562.8
2025-12-29,SKU0061,652.8,0.0,16.0,562.8
2026-01-05,SKU0061,473.8,757.6,16.0,562.8
2026-01-12,SKU0061,321.8,757.6,16.0,562.8
2026-01-19,SKU0061,930.4,0.0,16.0,562.8
2026-01-26,SKU0061,795.4,0.0,16.0,562.8
2026-02-02,SKU0061,637.4,0.0,16.0,562.8
2026-02-09,SKU0061,511.4,757.6,16.0,562.8
2026-02-16,SKU0061,355.4,757.6,16.0,562.8
2026-02-23,SKU0061,981.0,0.0,16.0,562.8
2026-03-02,SKU0061,807.0,0.0,16.0,562.8
2026-03-09,SKU0061,632.0,0.0,16.0,562.8
2026-03-16,SKU0061,443.0,757.6,16.0,562.8
2026-03-23,SKU0061,251.0,757.6,16.0,562.8
2026-03-30,SKU0061,819.6,0.0,16.0,562.8
2026-04-06,SKU0061,647.6,0.0,16.0,562.8
2026-04-13,SKU0061,468.6,757.6,16.0,562.8
2026-04-20,SKU0061,293.6,757.6,16.0,562.8
2026-04-27,SKU0061,861.2,0.0,16.0,562.8
2026-05-04,SKU0061,661.2,0.0,16.0,562.8
2026-05-11,SKU0061,555.2,757.6,16.0,562.8
2026-05-18,SKU0061,384.2,757.6,16.0,562.8
2026-05-25,SKU0061,1008.8,0.0,16.0,562.8
2026-06-01,SKU0061,815.8,0.0,16.0,562.8
2026-06-08,SKU0061,632.8,0.0,16.0,562.8
2026-06-15,SKU0061,384.8,757.6,16.0,562.8
2026-06-22,SKU0061,98.8,757.6,16.0,562.8
2026-06-29,SKU0061,641.4,0.0,16.0,562.8
2026-07-06,SKU0061,430.4,757.6,16.0,562.8
2026-07-13,SKU0061,242.4,757.6,16.0,562.8
2026-02-09,SKU0062,12.2,0.0,15.0,8.5
2026-02-16,SKU0062,11.2,0.0,15.0,8.5
2026-02-23,SKU0062,9.2,0.0,15.0,8.5
2026-03-02,SKU0062,4.2,12.2,15.0,8.5
2026-03-09,SKU0062,3.2,12.2,15.0,8.5
2026-03-16,SKU0062,13.3,0.0,15.0,8.5
2026-03-23,SKU0062,11.3,0.0,15.0,8.5
2026-03-30,SKU0062,8.3,12.2,15.0,8.5
2026-04-06,SKU0062,5.3,12.2,15.0,8.5
2026-04-13,SKU0062,17.5,0.0,15.0,8.5
2026-04-20,SKU0062,15.5,0.0,15.0,8.5
2026-04-27,SKU0062,15.5,0.0,15.0,8.5
2026-05-04,SKU0062,10.5,0.0,15.0,8.5
2026-05-11,SKU0062,9.5,0.0,15.0,8.5
2026-05-18,SKU0062,3.5,12.2,15.0,8.5
2026-05-25,SKU0062,0.5,12.2,15.0,8.5
2026-06-01,SKU0062,6.7,12.2,15.0,8.5
2026-06-08,SKU0062,0.0,12.2,15.0,8.5
2026-06-15,SKU0062,7.2,12.2,15.0,8.5
2026-06-22,SKU0062,2.2,12.2,15.0,8.5
2026-06-29,SKU0062,13.3,0.0,15.0,8.5
2026-07-06,SKU0062,9.3,0.0,15.0,8.5
2026-07-13,SKU0062,1.3,12.2,15.0,8.5
2024-08-05,SKU0063,436.3,558.3,20.0,518.4
2024-08-12,SKU0063,336.3,558.3,20.0,518.4
2024-08-19,SKU0063,227.3,558.3,20.0,518.4
2024-08-26,SKU0063,663.7,0.0,20.0,518.4
2024-09-02,SKU0063,531.7,0.0,20.0,518.4
2024-09-09,SKU0063,431.7,558.3,20.0,518.4
2024-09-16,SKU0063,337.7,558.3,20.0,518.4
2024-09-23,SKU0063,227.7,558.3,20.0,518.4
2024-09-30,SKU0063,643.0,0.0,20.0,518.4
2024-10-07,SKU0063,503.0,558.3,20.0,518.4
2024-10-14,SKU0063,282.0,558.3,20.0,518.4
2024-10-21,SKU0063,37.0,558.3,20.0,518.4
2024-10-28,SKU0063,337.3,558.3,20.0,518.4
2024-11-04,SKU0063,172.3,558.3,20.0,518.4
2024-11-11,SKU0063,0.0,558.3,20.0,518.4
2024-11-18,SKU0063,408.3,558.3,20.0,518.4
2024-11-25,SKU0063,188.3,558.3,20.0,518.4
2024-12-02,SKU0063,28.3,558.3,20.0,518.4
2024-12-09,SKU0063,454.7,558.3,20.0,518.4
2024-12-16,SKU0063,237.7,558.3,20.0,518.4
2024-12-23,SKU0063,0.0,558.3,20.0,518.4
2024-12-30,SKU0063,389.3,558.3,20.0,518.4
2025-01-06,SKU0063,295.3,558.3,20.0,518.4
2025-01-13,SKU0063,206.3,558.3,20.0,518.4
2025-01-20,SKU0063,687.7,0.0,20.0,518.4
2025-01-27,SKU0063,579.7,0.0,20.0,518.4
2025-02-03,SKU0063,484.7,558.3,20.0,518.4
2025-02-10,SKU0063,392.7,558.3,20.0,518.4
2025-02-17,SKU0063,300.7,558.3,20.0,518.4
2025-02-24,SKU0063,750.0,0.0,20.0,518.4
2025-03-03,SKU0063,640.0,0.0,20.0,518.4
2025-03-10,SKU0063,543.0,0.0,20.0,518.4
2025-03-17,SKU0063,443.0,558.3,20.0,518.4
2025-03-24,SKU0063,332.0,558.3,20.0,518.4
2025-03-31,SKU0063,195.0,558.3,20.0,518.4
2025-04-07,SKU0063,629.3,0.0,20.0,518.4
2025-04-14,SKU0063,508.3,558.3,20.0,518.4
2025-04-21,SKU0063,385.3,558.3,20.0,518.4
2025-04-28,SKU0063,269.3,558.3,20.0,518.4
2025-05-05,SKU0063,716.7,0.0,20.0,518.4
2025-05-12,SKU0063,593.7,0.0,20.0,518.4
2025-05-19,SKU0063,455.7,558.3,20.0,518.4
2025-05-26,SKU0063,343.7,558.3,20.0,518.4
2025-06-02,SKU0063,214.7,558.3,20.0,518.4
2025-06-09,SKU0063,644.0,0.0,20.0,518.4
2025-06-16,SKU0063,447.0,558.3,20.0,518.4
2025-06-23,SKU0063,289.0,558.3,20.0,518.4
2025-06-30,SKU0063,162.0,558.3,20.0,518.4
2025-07-07,SKU0063,616.3,0.0,20.0,518.4
2025-07-14,SKU0063,505.3,558.3,20.0,518.4
2025-07-21,SKU0063,388.3,558.3,20.0,518.4
2025-07-28,SKU0063,257.3,558.3,20.0,518.4
2025-08-04,SKU0063,710.6,0.0,20.0,518.4
2025-08-11,SKU0063,610.6,0.0,20.0,518.4
2025-08-18,SKU0063,495.6,558.3,20.0,518.4
2025-08-25,SKU0063,396.6,558.3,20.0,518.4
2025-09-01,SKU0063,273.6,558.3,20.0,518.4
2025-09-08,SKU0063,716.0,0.0,20.0,518.4
2025-09-15,SKU0063,612.0,0.0,20.0,518.4
2025-09-22,SKU0063,499.0,558.3,20.0,518.4
2025-09-29,SKU0063,358.0,558.3,20.0,518.4
2025-10-06,SKU0063,193.0,558.3,20.0,518.4
2025-10-13,SKU0063,502.3,558.3,20.0,518.4
2025-10-20,SKU0063,253.3,558.3,20.0,518.4
2025-10-27,SKU0063,0.0,558.3,20.0,518.4
2025-11-03,SKU0063,336.3,558.3,20.0,518.4
2025-11-10,SKU0063,177.3,558.3,20.0,518.4
2025-11-17,SKU0063,14.3,558.3,20.0,518.4
2025-11-24,SKU0063,329.7,558.3,20.0,518.4
2025-12-01,SKU0063,151.7,558.3,20.0,518.4
2025-12-08,SKU0063,19.7,558.3,20.0,518.4
2025-12-15,SKU0063,393.0,558.3,20.0,518.4
2025-12-22,SKU0063,142.0,558.3,20.0,518.4
2025-12-29,SKU0063,0.0,558.3,20.0,518.4
2026-01-05,SKU0063,439.3,558.3,20.0,518.4
2026-01-12,SKU0063,329.3,558.3,20.0,518.4
2026-01-19,SKU0063,211.3,558.3,20.0,518.4
2026-01-26,SKU0063,668.7,0.0,20.0,518.4
2026-02-02,SKU0063,574.7,0.0,20.0,518.4
2026-02-09,SKU0063,472.7,558.3,20.0,518.4
2026-02-16,SKU0063,375.7,558.3,20.0,518.4
2026-02-23,SKU0063,261.7,558.3,20.0,518.4
2026-03-02,SKU0063,690.0,0.0,20.0,518.4
2026-03-09,SKU0063,542.0,0.0,20.0,518.4
2026-03-16,SKU0063,434.0,558.3,20.0,518.4
2026-03-23,SKU0063,313.0,558.3,20.0,518.4
2026-03-30,SKU0063,153.0,558.3,20.0,518.4
2026-04-06,SKU0063,592.3,0.0,20.0,518.4
2026-04-13,SKU0063,466.3,558.3,20.0,518.4
2026-04-20,SKU0063,343.3,558.3,20.0,518.4
2026-04-27,SKU0063,221.3,558.3,20.0,518.4
2026-05-04,SKU0063,651.7,0.0,20.0,518.4
2026-05-11,SKU0063,525.7,0.0,20.0,518.4
2026-05-18,SKU0063,412.7,558.3,20.0,518.4
2026-05-25,SKU0063,282.7,558.3,20.0,518.4
2026-06-01,SKU0063,171.7,558.3,20.0,518.4
2026-06-08,SKU0063,603.0,0.0,20.0,518.4
2026-06-15,SKU0063,393.0,558.3,20.0,518.4
2026-06-22,SKU0063,164.0,558.3,20.0,518.4
2026-06-29,SKU0063,38.0,558.3,20.0,518.4
2026-07-06,SKU0063,456.3,558.3,20.0,518.4
2026-07-13,SKU0063,316.3,558.3,20.0,518.4
2024-07-29,SKU0064,63.6,86.6,25.0,100.5
2024-08-05,SKU0064,38.6,86.6,25.0,100.5
2024-08-12,SKU0064,23.6,86.6,25.0,100.5
2024-08-19,SKU0064,12.6,86.6,25.0,100.5
2024-08-26,SKU0064,72.1,86.6,25.0,100.5
2024-09-02,SKU0064,56.1,86.6,25.0,100.5
2024-09-09,SKU0064,45.1,86.6,25.0,100.5
2024-09-16,SKU0064,28.1,86.6,25.0,100.5
2024-09-23,SKU0064,93.7,86.6,25.0,100.5
2024-09-30,SKU0064,80.7,86.6,25.0,100.5
2024-10-07,SKU0064,62.7,86.6,25.0,100.5
2024-10-14,SKU0064,26.7,86.6,25.0,100.5
2024-10-21,SKU0064,78.3,86.6,25.0,100.5
2024-10-28,SKU0064,36.3,86.6,25.0,100.5
2024-11-04,SKU0064,13.3,86.6,25.0,100.5
2024-11-11,SKU0064,0.0,86.6,25.0,100.5
2024-11-18,SKU0064,63.6,86.6,25.0,100.5
2024-11-25,SKU0064,33.6,86.6,25.0,100.5
2024-12-02,SKU0064,6.6,86.6,25.0,100.5
2024-12-09,SKU0064,0.0,86.6,25.0,100.5
2024-12-16,SKU0064,56.6,86.6,25.0,100.5
2024-12-23,SKU0064,26.6,86.6,25.0,100.5
2024-12-30,SKU0064,0.0,86.6,25.0,100.5
2025-01-06,SKU0064,0.0,86.6,25.0,100.5
2025-01-13,SKU0064,73.6,86.6,25.0,100.5
2025-01-20,SKU0064,59.6,86.6,25.0,100.5
2025-01-27,SKU0064,40.6,86.6,25.0,100.5
2025-02-03,SKU0064,22.6,86.6,25.0,100.5
2025-02-10,SKU0064,89.1,86.6,25.0,100.5
2025-02-17,SKU0064,80.1,86.6,25.0,100.5
2025-02-24,SKU0064,59.1,86.6,25.0,100.5
2025-03-03,SKU0064,39.1,86.6,25.0,100.5
2025-03-10,SKU0064,109.7,0.0,25.0,100.5
2025-03-17,SKU0064,90.7,86.6,25.0,100.5
2025-03-24,SKU0064,59.7,86.6,25.0,100.5
2025-03-31,SKU0064,44.7,86.6,25.0,100.5
2025-04-07,SKU0064,32.7,86.6,25.0,100.5
2025-04-14,SKU0064,99.3,86.6,25.0,100.5
2025-04-21,SKU0064,81.3,86.6,25.0,100.5
2025-04-28,SKU0064,70.3,86.6,25.0,100.5
2025-05-05,SKU0064,46.3,86.6,25.0,100.5
2025-05-12,SKU0064,118.8,0.0,25.0,100.5
2025-05-19,SKU0064,102.8,0.0,25.0,100.5
2025-05-26,SKU0064,80.8,86.6,25.0,100.5
2025-06-02,SKU0064,61.8,86.6,25.0,100.5
2025-06-09,SKU0064,45.8,86.6,25.0,100.5
2025-06-16,SKU0064,18.8,86.6,25.0,100.5
2025-06-23,SKU0064,57.4,86.6,25.0,100.5
2025-06-30,SKU0064,41.4,86.6,25.0,100.5
2025-07-07,SKU0064,23.4,86.6,25.0,100.5
2025-07-14,SKU0064,6.4,86.6,25.0,100.5
2025-07-21,SKU0064,76.9,86.6,25.0,100.5
2025-07-28,SKU0064,51.9,86.6,25.0,100.5
2025-08-04,SKU0064,42.9,86.6,25.0,100.5
2025-08-11,SKU0064,20.9,86.6,25.0,100.5
2025-08-18,SKU0064,88.5,86.6,25.0,100.5
2025-08-25,SKU0064,70.5,86.6,25.0,100.5
2025-09-01,SKU0064,51.5,86.6,25.0,100.5
2025-09-08,SKU0064,33.5,86.6,25.0,100.5
2025-09-15,SKU0064,102.1,0.0,25.0,100.5
2025-09-22,SKU0064,80.1,86.6,25.0,100.5
2025-09-29,SKU0064,56.1,86.6,25.0,100.5
2025-10-06,SKU0064,31.1,86.6,25.0,100.5
2025-10-13,SKU0064,0.0,86.6,25.0,100.5
2025-10-20,SKU0064,44.6,86.6,25.0,100.5
2025-10-27,SKU0064,5.6,86.6,25.0,100.5
2025-11-03,SKU0064,0.0,86.6,25.0,100.5
2025-11-10,SKU0064,0.0,86.6,25.0,100.5
2025-11-17,SKU0064,71.6,86.6,25.0,100.5
2025-11-24,SKU0064,29.6,86.6,25.0,100.5
2025-12-01,SKU0064,10.6,86.6,25.0,100.5
2025-12-08,SKU0064,0.0,86.6,25.0,100.5
2025-12-15,SKU0064,55.6,86.6,25.0,100.5
2025-12-22,SKU0064,22.6,86.6,25.0,100.5
2025-12-29,SKU0064,0.0,86.6,25.0,100.5
2026-01-05,SKU0064,0.0,86.6,25.0,100.5
2026-01-12,SKU0064,70.6,86.6,25.0,100.5
2026-01-19,SKU0064,53.6,86.6,25.0,100.5
2026-01-26,SKU0064,34.6,86.6,25.0,100.5
2026-02-02,SKU0064,17.6,86.6,25.0,100.5
2026-02-09,SKU0064,84.1,86.6,25.0,100.5
2026-02-16,SKU0064,68.1,86.6,25.0,100.5
2026-02-23,SKU0064,44.1,86.6,25.0,100.5
2026-03-02,SKU0064,24.1,86.6,25.0,100.5
2026-03-09,SKU0064,95.7,86.6,25.0,100.5
2026-03-16,SKU0064,73.7,86.6,25.0,100.5
2026-03-23,SKU0064,57.7,86.6,25.0,100.5
2026-03-30,SKU0064,44.7,86.6,25.0,100.5
2026-04-06,SKU0064,119.3,0.0,25.0,100.5
2026-04-13,SKU0064,98.3,86.6,25.0,100.5
2026-04-20,SKU0064,80.3,86.6,25.0,100.5
2026-04-27,SKU0064,52.3,86.6,25.0,100.5
2026-05-04,SKU0064,31.3,86.6,25.0,100.5
2026-05-11,SKU0064,94.8,86.6,25.0,100.5
2026-05-18,SKU0064,77.8,86.6,25.0,100.5
2026-05-25,SKU0064,57.8,86.6,25.0,100.5
2026-06-01,SKU0064,37.8,86.6,25.0,100.5
2026-06-08,SKU0064,106.4,0.0,25.0,100.5
2026-06-15,SKU0064,72.4,86.6,25.0,100.5
2026-06-22,SKU0064,53.4,86.6,25.0,100.5
2026-06-29,SKU0064,33.4,86.6,25.0,100.5
2026-07-06,SKU0064,16.4,86.6,25.0,100.5
2026-07-13,SKU0064,81.9,86.6,25.0,100.5
2024-08-05,SKU0065,134.1,0.0,16.0,123.4
2024-08-12,SKU0065,88.1,166.1,16.0,123.4
2024-08-19,SKU0065,51.1,166.1,16.0,123.4
2024-08-26,SKU0065,190.1,0.0,16.0,123.4
2024-09-02,SKU0065,150.1,0.0,16.0,123.4
2024-09-09,SKU0065,129.1,0.0,16.0,123.4
2024-09-16,SKU0065,97.1,166.1,16.0,123.4
2024-09-23,SKU0065,64.1,166.1,16.0,123.4
2024-09-30,SKU0065,200.2,0.0,16.0,123.4
2024-10-07,SKU0065,147.2,0.0,16.0,123.4
2024-10-14,SKU0065,75.2,166.1,16.0,123.4
2024-10-21,SKU0065,25.2,166.1,16.0,123.4
2024-10-28,SKU0065,128.2,0.0,16.0,123.4
2024-11-04,SKU0065,72.2,166.1,16.0,123.4
2024-11-11,SKU0065,27.2,166.1,16.0,123.4
2024-11-18,SKU0065,149.3,0.0,16.0,123.4
2024-11-25,SKU0065,87.3,166.1,16.0,123.4
2024-12-02,SKU0065,42.3,166.1,16.0,123.4
2024-12-09,SKU0065,171.3,0.0,16.0,123.4
2024-12-16,SKU0065,102.3,166.1,16.0,123.4
2024-12-23,SKU0065,37.3,166.1,16.0,123.4
2024-12-30,SKU0065,128.4,0.0,16.0,123.4
2025-01-06,SKU0065,95.4,166.1,16.0,123.4
2025-01-13,SKU0065,62.4,166.1,16.0,123.4
2025-01-20,SKU0065,199.5,0.0,16.0,123.4
2025-01-27,SKU0065,174.5,0.0,16.0,123.4
2025-02-03,SKU0065,148.5,0.0,16.0,123.4
2025-02-10,SKU0065,112.5,166.1,16.0,123.4
2025-02-17,SKU0065,85.5,166.1,16.0,123.4
2025-02-24,SKU0065,228.5,0.0,16.0,123.4
2025-03-03,SKU0065,188.5,0.0,16.0,123.4
2025-03-10,SKU0065,142.5,0.0,16.0,123.4
2025-03-17,SKU0065,116.5,166.1,16.0,123.4
2025-03-24,SKU0065,88.5,166.1,16.0,123.4
2025-03-31,SKU0065,222.6,0.0,16.0,123.4
2025-04-07,SKU0065,181.6,0.0,16.0,123.4
2025-04-14,SKU0065,143.6,0.0,16.0,123.4
2025-04-21,SKU0065,107.6,166.1,16.0,123.4
2025-04-28,SKU0065,75.6,166.1,16.0,123.4
2025-05-05,SKU0065,211.6,0.0,16.0,123.4
2025-05-12,SKU0065,184.6,0.0,16.0,123.4
2025-05-19,SKU0065,141.6,0.0,16.0,123.4
2025-05-26,SKU0065,103.6,166.1,16.0,123.4
2025-06-02,SKU0065,69.6,166.1,16.0,123.4
2025-06-09,SKU0065,202.7,0.0,16.0,123.4
2025-06-16,SKU0065,147.7,0.0,16.0,123.4
2025-06-23,SKU0065,82.7,166.1,16.0,123.4
2025-06-30,SKU0065,46.7,166.1,16.0,123.4
2025-07-07,SKU0065,178.8,0.0,16.0,123.4
2025-07-14,SKU0065,137.8,0.0,16.0,123.4
2025-07-21,SKU0065,96.8,166.1,16.0,123.4
2025-07-28,SKU0065,65.8,166.1,16.0,123.4
2025-08-04,SKU0065,205.8,0.0,16.0,123.4
2025-08-11,SKU0065,172.8,0.0,16.0,123.4
2025-08-18,SKU0065,139.8,0.0,16.0,123.4
2025-08-25,SKU0065,93.8,166.1,16.0,123.4
2025-09-01,SKU0065,65.8,166.1,16.0,123.4
2025-09-08,SKU0065,195.9,0.0,16.0,123.4
2025-09-15,SKU0065,157.9,0.0,16.0,123.4
2025-09-22,SKU0065,128.9,0.0,16.0,123.4
2025-09-29,SKU0065,93.9,166.1,16.0,123.4
2025-10-06,SKU0065,45.9,166.1,16.0,123.4
2025-10-13,SKU0065,131.9,0.0,16.0,123.4
2025-10-20,SKU0065,46.9,166.1,16.0,123.4
2025-10-27,SKU0065,-0.0,166.1,16.0,123.4
2025-11-03,SKU0065,114.1,166.1,16.0,123.4
2025-11-10,SKU0065,77.1,166.1,16.0,123.4
2025-11-17,SKU0065,192.1,0.0,16.0,123.4
2025-11-24,SKU0065,138.1,0.0,16.0,123.4
2025-12-01,SKU0065,91.1,166.1,16.0,123.4
2025-12-08,SKU0065,23.1,166.1,16.0,123.4
2025-12-15,SKU0065,132.2,0.0,16.0,123.4
2025-12-22,SKU0065,41.2,166.1,16.0,123.4
2025-12-29,SKU0065,0.0,166.1,16.0,123.4
2026-01-05,SKU0065,132.1,0.0,16.0,123.4
2026-01-12,SKU0065,104.1,166.1,16.0,123.4
2026-01-19,SKU0065,59.1,166.1,16.0,123.4
2026-01-26,SKU0065,193.1,0.0,16.0,123.4
2026-02-02,SKU0065,161.1,0.0,16.0,123.4
2026-02-09,SKU0065,113.1,166.1,16.0,123.4
2026-02-16,SKU0065,77.1,166.1,16.0,123.4
2026-02-23,SKU0065,217.2,0.0,16.0,123.4
2026-03-02,SKU0065,179.2,0.0,16.0,123.4
2026-03-09,SKU0065,146.2,0.0,16.0,123.4
2026-03-16,SKU0065,113.2,166.1,16.0,123.4
2026-03-23,SKU0065,82.2,166.1,16.0,123.4
2026-03-30,SKU0065,212.2,0.0,16.0,123.4
2026-04-06,SKU0065,169.2,0.0,16.0,123.4
2026-04-13,SKU0065,129.2,0.0,16.0,123.4
2026-04-20,SKU0065,105.2,166.1,16.0,123.4
2026-04-27,SKU0065,76.2,166.1,16.0,123.4
2026-05-04,SKU0065,202.3,0.0,16.0,123.4
2026-05-11,SKU0065,164.3,0.0,16.0,123.4
2026-05-18,SKU0065,126.3,0.0,16.0,123.4
2026-05-25,SKU0065,91.3,166.1,16.0,123.4
2026-06-01,SKU0065,53.3,166.1,16.0,123.4
2026-06-08,SKU0065,179.3,0.0,16.0,123.4
2026-06-15,SKU0065,120.3,166.1,16.0,123.4
2026-06-22,SKU0065,53.3,166.1,16.0,123.4
2026-06-29,SKU0065,167.4,0.0,16.0,123.4
2026-07-06,SKU0065,124.4,0.0,16.0,123.4
2026-07-13,SKU0065,82.4,166.1,16.0,123.4
2024-07-22,SKU0066,55.4,0.0,15.0,40.7
2024-07-29,SKU0066,37.4,58.4,15.0,40.7
2024-08-05,SKU0066,23.4,58.4,15.0,40.7
2024-08-12,SKU0066,79.9,0.0,15.0,40.7
2024-08-19,SKU0066,66.9,0.0,15.0,40.7
2024-08-26,SKU0066,52.9,0.0,15.0,40.7
2024-09-02,SKU0066,41.9,0.0,15.0,40.7
2024-09-09,SKU0066,29.9,58.4,15.0,40.7
2024-09-16,SKU0066,19.9,58.4,15.0,40.7
2024-09-23,SKU0066,65.3,0.0,15.0,40.7
2024-09-30,SKU0066,47.3,0.0,15.0,40.7
2024-10-07,SKU0066,30.3,58.4,15.0,40.7
2024-10-14,SKU0066,9.3,58.4,15.0,40.7
2024-10-21,SKU0066,31.8,58.4,15.0,40.7
2024-10-28,SKU0066,7.8,58.4,15.0,40.7
2024-11-04,SKU0066,49.2,0.0,15.0,40.7
2024-11-11,SKU0066,35.2,58.4,15.0,40.7
2024-11-18,SKU0066,16.2,58.4,15.0,40.7
2024-11-25,SKU0066,55.6,0.0,15.0,40.7
2024-12-02,SKU0066,36.6,58.4,15.0,40.7
2024-12-09,SKU0066,19.6,58.4,15.0,40.7
2024-12-16,SKU0066,59.1,0.0,15.0,40.7
2024-12-23,SKU0066,37.1,58.4,15.0,40.7
2024-12-30,SKU0066,18.1,58.4,15.0,40.7
2025-01-06,SKU0066,60.5,0.0,15.0,40.7
2025-01-13,SKU0066,51.5,0.0,15.0,40.7
2025-01-20,SKU0066,37.5,58.4,15.0,40.7
2025-01-27,SKU0066,29.5,58.4,15.0,40.7
2025-02-03,SKU0066,77.9,0.0,15.0,40.7
2025-02-10,SKU0066,62.9,0.0,15.0,40.7
2025-02-17,SKU0066,51.9,0.0,15.0,40.7
2025-02-24,SKU0066,45.9,0.0,15.0,40.7
2025-03-03,SKU0066,31.9,58.4,15.0,40.7
2025-03-10,SKU0066,19.9,58.4,15.0,40.7
2025-03-17,SKU0066,68.4,0.0,15.0,40.7
2025-03-24,SKU0066,56.4,0.0,15.0,40.7
2025-03-31,SKU0066,41.4,0.0,15.0,40.7
2025-04-07,SKU0066,33.4,58.4,15.0,40.7
2025-04-14,SKU0066,22.4,58.4,15.0,40.7
2025-04-21,SKU0066,72.8,0.0,15.0,40.7
2025-04-28,SKU0066,56.8,0.0,15.0,40.7
2025-05-05,SKU0066,44.8,0.0,15.0,40.7
2025-05-12,SKU0066,34.8,58.4,15.0,40.7
2025-05-19,SKU0066,22.8,58.4,15.0,40.7
2025-05-26,SKU0066,67.3,0.0,15.0,40.7
2025-06-02,SKU0066,56.3,0.0,15.0,40.7
2025-06-09,SKU0066,36.3,58.4,15.0,40.7
2025-06-16,SKU0066,20.3,58.4,15.0,40.7
2025-06-23,SKU0066,56.7,0.0,15.0,40.7
2025-06-30,SKU0066,41.7,0.0,15.0,40.7
2025-07-07,SKU0066,28.7,58.4,15.0,40.7
2025-07-14,SKU0066,13.7,58.4,15.0,40.7
2025-07-21,SKU0066,66.1,0.0,15.0,40.7
2025-07-28,SKU0066,55.1,0.0,15.0,40.7
2025-08-04,SKU0066,46.1,0.0,15.0,40.7
2025-08-11,SKU0066,38.1,58.4,15.0,40.7
2025-08-18,SKU0066,26.1,58.4,15.0,40.7
2025-08-25,SKU0066,72.6,0.0,15.0,40.7
2025-09-01,SKU0066,59.6,0.0,15.0,40.7
2025-09-08,SKU0066,51.6,0.0,15.0,40.7
2025-09-15,SKU0066,35.6,58.4,15.0,40.7
2025-09-22,SKU0066,25.6,58.4,15.0,40.7
2025-09-29,SKU0066,64.0,0.0,15.0,40.7
2025-10-06,SKU0066,46.0,0.0,15.0,40.7
2025-10-13,SKU0066,13.0,58.4,15.0,40.7
2025-10-20,SKU0066,0.0,58.4,15.0,40.7
2025-10-27,SKU0066,34.4,58.4,15.0,40.7
2025-11-03,SKU0066,14.4,58.4,15.0,40.7
2025-11-10,SKU0066,52.9,0.0,15.0,40.7
2025-11-17,SKU0066,35.9,58.4,15.0,40.7
2025-11-24,SKU0066,9.9,58.4,15.0,40.7
2025-12-01,SKU0066,49.3,0.0,15.0,40.7
2025-12-08,SKU0066,29.3,58.4,15.0,40.7
2025-12-15,SKU0066,10.3,58.4,15.0,40.7
2025-12-22,SKU0066,38.8,58.4,15.0,40.7
2025-12-29,SKU0066,21.8,58.4,15.0,40.7
2026-01-05,SKU0066,71.2,0.0,15.0,40.7
2026-01-12,SKU0066,60.2,0.0,15.0,40.7
2026-01-19,SKU0066,54.2,0.0,15.0,40.7
2026-01-26,SKU0066,32.2,58.4,15.0,40.7
2026-02-02,SKU0066,26.2,58.4,15.0,40.7
2026-02-09,SKU0066,75.6,0.0,15.0,40.7
2026-02-16,SKU0066,59.6,0.0,15.0,40.7
2026-02-23,SKU0066,51.6,0.0,15.0,40.7
2026-03-02,SKU0066,36.6,58.4,15.0,40.7
2026-03-09,SKU0066,24.6,58.4,15.0,40.7
2026-03-16,SKU0066,71.1,0.0,15.0,40.7
2026-03-23,SKU0066,62.1,0.0,15.0,40.7
2026-03-30,SKU0066,48.1,0.0,15.0,40.7
2026-04-06,SKU0066,35.1,58.4,15.0,40.7
2026-04-13,SKU0066,23.1,58.4,15.0,40.7
2026-04-20,SKU0066,63.5,0.0,15.0,40.7
2026-04-27,SKU0066,47.5,0.0,15.0,40.7
2026-05-04,SKU0066,34.5,58.4,15.0,40.7
2026-05-11,SKU0066,26.5,58.4,15.0,40.7
2026-05-18,SKU0066,79.9,0.0,15.0,40.7
2026-05-25,SKU0066,71.9,0.0,15.0,40.7
2026-06-01,SKU0066,56.9,0.0,15.0,40.7
2026-06-08,SKU0066,44.9,0.0,15.0,40.7
2026-06-15,SKU0066,20.9,58.4,15.0,40.7
2026-06-22,SKU0066,0.0,58.4,15.0,40.7
2026-06-29,SKU0066,36.4,58.4,15.0,40.7
2026-07-06,SKU0066,27.4,58.4,15.0,40.7
2026-07-13,SKU0066,73.9,0.0,15.0,40.7
2026-03-30,SKU0067,10.2,12.2,20.0,11.4
2026-04-06,SKU0067,9.2,12.2,20.0,11.4
2026-04-13,SKU0067,8.2,12.2,20.0,11.4
2026-04-20,SKU0067,19.5,0.0,20.0,11.4
2026-04-27,SKU0067,16.5,0.0,20.0,11.4
2026-05-04,SKU0067,11.5,0.0,20.0,11.4
2026-05-11,SKU0067,10.5,12.2,20.0,11.4
2026-05-18,SKU0067,8.5,12.2,20.0,11.4
2026-05-25,SKU0067,7.5,12.2,20.0,11.4
2026-06-01,SKU0067,14.7,0.0,20.0,11.4
2026-06-08,SKU0067,10.7,12.2,20.0,11.4
2026-06-15,SKU0067,7.7,12.2,20.0,11.4
2026-06-22,SKU0067,3.7,12.2,20.0,11.4
2026-06-29,SKU0067,10.9,12.2,20.0,11.4
2026-07-06,SKU0067,3.9,12.2,20.0,11.4
2026-07-13,SKU0067,0.0,12.2,20.0,11.4
2026-05-11,SKU0068,5.1,0.0,7.0,1.7
2026-05-18,SKU0068,5.1,0.0,7.0,1.7
2026-05-25,SKU0068,4.1,0.0,7.0,1.7
2026-06-01,SKU0068,4.1,0.0,7.0,1.7
2026-06-08,SKU0068,1.1,5.1,7.0,1.7
2026-06-15,SKU0068,6.2,0.0,7.0,1.7
2026-06-22,SKU0068,2.2,0.0,7.0,1.7
2026-06-29,SKU0068,2.2,0.0,7.0,1.7
2026-07-06,SKU0068,0.2,5.1,7.0,1.7
2026-07-13,SKU0068,1.3,5.1,7.0,1.7
2024-07-22,SKU0069,107.3,145.3,40.0,269.9
2024-07-29,SKU0069,79.3,145.3,40.0,269.9
2024-08-05,SKU0069,57.3,145.3,40.0,269.9
2024-08-12,SKU0069,18.3,145.3,40.0,269.9
2024-08-19,SKU0069,0.0,145.3,40.0,269.9
2024-08-26,SKU0069,0.0,145.3,40.0,269.9
2024-09-02,SKU0069,117.3,145.3,40.0,269.9
2024-09-09,SKU0069,94.3,145.3,40.0,269.9
2024-09-16,SKU0069,69.3,145.3,40.0,269.9
2024-09-23,SKU0069,42.3,145.3,40.0,269.9
2024-09-30,SKU0069,1.3,145.3,40.0,269.9
2024-10-07,SKU0069,0.0,145.3,40.0,269.9
2024-10-14,SKU0069,92.3,145.3,40.0,269.9
2024-10-21,SKU0069,21.3,145.3,40.0,269.9
2024-10-28,SKU0069,0.0,145.3,40.0,269.9
2024-11-04,SKU0069,0.0,145.3,40.0,269.9
2024-11-11,SKU0069,0.0,145.3,40.0,269.9
2024-11-18,SKU0069,0.0,145.3,40.0,269.9
2024-11-25,SKU0069,83.3,145.3,40.0,269.9
2024-12-02,SKU0069,45.3,145.3,40.0,269.9
2024-12-09,SKU0069,11.3,145.3,40.0,269.9
2024-12-16,SKU0069,0.0,145.3,40.0,269.9
2024-12-23,SKU0069,0.0,145.3,40.0,269.9
2024-12-30,SKU0069,0.0,145.3,40.0,269.9
2025-01-06,SKU0069,114.3,145.3,40.0,269.9
2025-01-13,SKU0069,92.3,145.3,40.0,269.9
2025-01-20,SKU0069,63.3,145.3,40.0,269.9
2025-01-27,SKU0069,29.3,145.3,40.0,269.9
2025-02-03,SKU0069,11.3,145.3,40.0,269.9
2025-02-10,SKU0069,0.0,145.3,40.0,269.9
2025-02-17,SKU0069,115.3,145.3,40.0,269.9
2025-02-24,SKU0069,85.3,145.3,40.0,269.9
2025-03-03,SKU0069,50.3,145.3,40.0,269.9
2025-03-10,SKU0069,11.3,145.3,40.0,269.9
2025-03-17,SKU0069,0.0,145.3,40.0,269.9
2025-03-24,SKU0069,0.0,145.3,40.0,269.9
2025-03-31,SKU0069,110.3,145.3,40.0,269.9
2025-04-07,SKU0069,76.3,145.3,40.0,269.9
2025-04-14,SKU0069,45.3,145.3,40.0,269.9
2025-04-21,SKU0069,11.3,145.3,40.0,269.9
2025-04-28,SKU0069,0.0,145.3,40.0,269.9
2025-05-05,SKU0069,0.0,145.3,40.0,269.9
2025-05-12,SKU0069,111.3,145.3,40.0,269.9
2025-05-19,SKU0069,60.3,145.3,40.0,269.9
2025-05-26,SKU0069,33.3,145.3,40.0,269.9
2025-06-02,SKU0069,7.3,145.3,40.0,269.9
2025-06-09,SKU0069,0.0,145.3,40.0,269.9
2025-06-16,SKU0069,0.0,145.3,40.0,269.9
2025-06-23,SKU0069,108.3,145.3,40.0,269.9
2025-06-30,SKU0069,69.3,145.3,40.0,269.9
2025-07-07,SKU0069,30.3,145.3,40.0,269.9
2025-07-14,SKU0069,3.3,145.3,40.0,269.9
2025-07-21,SKU0069,0.0,145.3,40.0,269.9
2025-07-28,SKU0069,0.0,145.3,40.0,269.9
2025-08-04,SKU0069,115.3,145.3,40.0,269.9
2025-08-11,SKU0069,83.3,145.3,40.0,269.9
2025-08-18,SKU0069,61.3,145.3,40.0,269.9
2025-08-25,SKU0069,22.3,145.3,40.0,269.9
2025-09-01,SKU0069,0.0,145.3,40.0,269.9
2025-09-08,SKU0069,0.0,145.3,40.0,269.9
2025-09-15,SKU0069,112.3,145.3,40.0,269.9
2025-09-22,SKU0069,79.3,145.3,40.0,269.9
2025-09-29,SKU0069,53.3,145.3,40.0,269.9
2025-10-06,SKU0069,6.3,145.3,40.0,269.9
2025-10-13,SKU0069,0.0,145.3,40.0,269.9
2025-10-20,SKU0069,0.0,145.3,40.0,269.9
2025-10-27,SKU0069,76.3,145.3,40.0,269.9
2025-11-03,SKU0069,22.3,145.3,40.0,269.9
2025-11-10,SKU0069,0.0,145.3,40.0,269.9
2025-11-17,SKU0069,0.0,145.3,40.0,269.9
2025-11-24,SKU0069,0.0,145.3,40.0,269.9
2025-12-01,SKU0069,0.0,145.3,40.0,269.9
2025-12-08,SKU0069,114.3,145.3,40.0,269.9
2025-12-15,SKU0069,64.3,145.3,40.0,269.9
2025-12-22,SKU0069,0.0,145.3,40.0,269.9
2025-12-29,SKU0069,0.0,145.3,40.0,269.9
2026-01-05,SKU0069,0.0,145.3,40.0,269.9
2026-01-12,SKU0069,0.0,145.3,40.0,269.9
2026-01-19,SKU0069,116.3,145.3,40.0,269.9
2026-01-26,SKU0069,88.3,145.3,40.0,269.9
2026-02-02,SKU0069,52.3,145.3,40.0,269.9
2026-02-09,SKU0069,34.3,145.3,40.0,269.9
2026-02-16,SKU0069,13.3,145.3,40.0,269.9
2026-02-23,SKU0069,0.0,145.3,40.0,269.9
2026-03-02,SKU0069,124.3,145.3,40.0,269.9
2026-03-09,SKU0069,87.3,145.3,40.0,269.9
2026-03-16,SKU0069,58.3,145.3,40.0,269.9
2026-03-23,SKU0069,21.3,145.3,40.0,269.9
2026-03-30,SKU0069,0.0,145.3,40.0,269.9
2026-04-06,SKU0069,0.0,145.3,40.0,269.9
2026-04-13,SKU0069,113.3,145.3,40.0,269.9
2026-04-20,SKU0069,84.3,145.3,40.0,269.9
2026-04-27,SKU0069,52.3,145.3,40.0,269.9
2026-05-04,SKU0069,21.3,145.3,40.0,269.9
2026-05-11,SKU0069,0.0,145.3,40.0,269.9
2026-05-18,SKU0069,0.0,145.3,40.0,269.9
2026-05-25,SKU0069,111.3,145.3,40.0,269.9
2026-06-01,SKU0069,89.3,145.3,40.0,269.9
2026-06-08,SKU0069,72.3,145.3,40.0,269.9
2026-06-15,SKU0069,36.3,145.3,40.0,269.9
2026-06-22,SKU0069,0.0,145.3,40.0,269.9
2026-06-29,SKU0069,0.0,145.3,40.0,269.9
2026-07-06,SKU0069,121.3,145.3,40.0,269.9
2026-07-13,SKU0069,96.3,145.3,40.0,269.9
2024-08-05,SKU0070,4.8,0.0,11.0,2.9
2024-08-12,SKU0070,3.8,0.0,11.0,2.9
2024-08-19,SKU0070,2.8,5.8,11.0,2.9
2024-08-26,SKU0070,1.8,5.8,11.0,2.9
2024-09-02,SKU0070,7.5,0.0,11.0,2.9
2024-09-09,SKU0070,5.5,0.0,11.0,2.9
2024-09-16,SKU0070,4.5,0.0,11.0,2.9
2024-09-23,SKU0070,2.5,5.8,11.0,2.9
2024-09-30,SKU0070,2.5,5.8,11.0,2.9
2024-10-07,SKU0070,7.3,0.0,11.0,2.9
2024-10-14,SKU0070,8.3,0.0,11.0,2.9
2024-10-21,SKU0070,7.3,0.0,11.0,2.9
2024-10-28,SKU0070,5.3,0.0,11.0,2.9
2024-11-04,SKU0070,2.3,5.8,11.0,2.9
2024-11-11,SKU0070,1.3,5.8,11.0,2.9
2024-11-18,SKU0070,4.1,0.0,11.0,2.9
2024-11-25,SKU0070,1.1,5.8,11.0,2.9
2024-12-02,SKU0070,0.0,5.8,11.0,2.9
2024-12-09,SKU0070,2.8,5.8,11.0,2.9
2024-12-16,SKU0070,1.8,5.8,11.0,2.9
2024-12-23,SKU0070,5.5,0.0,11.0,2.9
2024-12-30,SKU0070,4.5,0.0,11.0,2.9
2025-01-06,SKU0070,1.5,5.8,11.0,2.9
2025-01-13,SKU0070,0.5,5.8,11.0,2.9
2025-01-20,SKU0070,4.3,0.0,11.0,2.9
2025-01-27,SKU0070,4.3,0.0,11.0,2.9
2025-02-03,SKU0070,4.3,0.0,11.0,2.9
2025-02-10,SKU0070,1.3,5.8,11.0,2.9
2025-02-17,SKU0070,0.0,5.8,11.0,2.9
2025-02-24,SKU0070,4.8,0.0,11.0,2.9
2025-03-03,SKU0070,3.8,0.0,11.0,2.9
2025-03-10,SKU0070,2.8,5.8,11.0,2.9
2025-03-17,SKU0070,1.8,5.8,11.0,2.9
2025-03-24,SKU0070,5.5,0.0,11.0,2.9
2025-03-31,SKU0070,4.5,0.0,11.0,2.9
2025-04-07,SKU0070,3.5,0.0,11.0,2.9
2025-04-14,SKU0070,3.5,0.0,11.0,2.9
2025-04-21,SKU0070,1.5,5.8,11.0,2.9
2025-04-28,SKU0070,0.5,5.8,11.0,2.9
2025-05-05,SKU0070,6.3,0.0,11.0,2.9
2025-05-12,SKU0070,4.3,0.0,11.0,2.9
2025-05-19,SKU0070,1.3,5.8,11.0,2.9
2025-05-26,SKU0070,0.3,5.8,11.0,2.9
2025-06-02,SKU0070,6.1,0.0,11.0,2.9
2025-06-09,SKU0070,5.1,0.0,11.0,2.9
2025-06-16,SKU0070,2.1,5.8,11.0,2.9
2025-06-23,SKU0070,1.1,5.8,11.0,2.9
2025-06-30,SKU0070,3.8,0.0,11.0,2.9
2025-07-07,SKU0070,0.8,5.8,11.0,2.9
2025-07-14,SKU0070,0.8,5.8,11.0,2.9
2025-07-21,SKU0070,3.6,0.0,11.0,2.9
2025-07-28,SKU0070,3.6,0.0,11.0,2.9
2025-08-04,SKU0070,3.6,0.0,11.0,2.9
2025-08-11,SKU0070,2.6,5.8,11.0,2.9
2025-08-18,SKU0070,0.6,5.8,11.0,2.9
2025-08-25,SKU0070,5.4,0.0,11.0,2.9
2025-09-01,SKU0070,4.4,0.0,11.0,2.9
2025-09-08,SKU0070,4.4,0.0,11.0,2.9
2025-09-15,SKU0070,2.4,5.8,11.0,2.9
2025-09-22,SKU0070,1.4,5.8,11.0,2.9
2025-09-29,SKU0070,5.1,0.0,11.0,2.9
2025-10-06,SKU0070,4.1,0.0,11.0,2.9
2025-10-13,SKU0070,0.1,5.8,11.0,2.9
2025-10-20,SKU0070,0.0,5.8,11.0,2.9
2025-10-27,SKU0070,1.8,5.8,11.0,2.9
2025-11-03,SKU0070,0.0,5.8,11.0,2.9
2025-11-10,SKU0070,4.8,0.0,11.0,2.9
2025-11-17,SKU0070,2.8,5.8,11.0,2.9
2025-11-24,SKU0070,0.0,5.8,11.0,2.9
2025-12-01,SKU0070,4.8,0.0,11.0,2.9
2025-12-08,SKU0070,1.8,5.8,11.0,2.9
2025-12-15,SKU0070,1.8,5.8,11.0,2.9
2025-12-22,SKU0070,2.5,5.8,11.0,2.9
2025-12-29,SKU0070,0.5,5.8,11.0,2.9
2026-01-05,SKU0070,6.3,0.0,11.0,2.9
2026-01-12,SKU0070,6.3,0.0,11.0,2.9
2026-01-19,SKU0070,6.3,0.0,11.0,2.9
2026-01-26,SKU0070,5.3,0.0,11.0,2.9
2026-02-02,SKU0070,4.3,0.0,11.0,2.9
2026-02-09,SKU0070,4.3,0.0,11.0,2.9
2026-02-16,SKU0070,3.3,0.0,11.0,2.9
2026-02-23,SKU0070,2.3,5.8,11.0,2.9
2026-03-02,SKU0070,1.3,5.8,11.0,2.9
2026-03-09,SKU0070,6.1,0.0,11.0,2.9
2026-03-16,SKU0070,4.1,0.0,11.0,2.9
2026-03-23,SKU0070,3.1,0.0,11.0,2.9
2026-03-30,SKU0070,2.1,5.8,11.0,2.9
2026-04-06,SKU0070,0.1,5.8,11.0,2.9
2026-04-13,SKU0070,2.8,5.8,11.0,2.9
2026-04-20,SKU0070,2.8,5.8,11.0,2.9
2026-04-27,SKU0070,7.6,0.0,11.0,2.9
2026-05-04,SKU0070,6.6,0.0,11.0,2.9
2026-05-11,SKU0070,4.6,0.0,11.0,2.9
2026-05-18,SKU0070,1.6,5.8,11.0,2.9
2026-05-25,SKU0070,0.0,5.8,11.0,2.9
2026-06-01,SKU0070,5.8,0.0,11.0,2.9
2026-06-08,SKU0070,4.8,0.0,11.0,2.9
2026-06-15,SKU0070,2.8,5.8,11.0,2.9
2026-06-22,SKU0070,2.8,5.8,11.0,2.9
2026-06-29,SKU0070,5.5,0.0,11.0,2.9
2026-07-06,SKU0070,4.5,0.0,11.0,2.9
2026-07-13,SKU0070,4.5,0.0,11.0,2.9
2024-08-05,SKU0071,7.3,9.3,26.0,11.2
2024-08-12,SKU0071,4.3,9.3,26.0,11.2
2024-08-19,SKU0071,0.3,9.3,26.0,11.2
2024-08-26,SKU0071,0.3,9.3,26.0,11.2
2024-09-02,SKU0071,6.6,9.3,26.0,11.2
2024-09-09,SKU0071,3.6,9.3,26.0,11.2
2024-09-16,SKU0071,0.6,9.3,26.0,11.2
2024-09-23,SKU0071,0.0,9.3,26.0,11.2
2024-09-30,SKU0071,8.3,9.3,26.0,11.2
2024-10-07,SKU0071,5.3,9.3,26.0,11.2
2024-10-14,SKU0071,2.3,9.3,26.0,11.2
2024-10-21,SKU0071,0.0,9.3,26.0,11.2
2024-10-28,SKU0071,5.3,9.3,26.0,11.2
2024-11-04,SKU0071,2.3,9.3,26.0,11.2
2024-11-11,SKU0071,0.3,9.3,26.0,11.2
2024-11-18,SKU0071,0.0,9.3,26.0,11.2
2024-11-25,SKU0071,7.3,9.3,26.0,11.2
2024-12-02,SKU0071,3.3,9.3,26.0,11.2
2024-12-09,SKU0071,0.0,9.3,26.0,11.2
2024-12-16,SKU0071,0.0,9.3,26.0,11.2
2024-12-23,SKU0071,1.3,9.3,26.0,11.2
2024-12-30,SKU0071,0.3,9.3,26.0,11.2
2025-01-06,SKU0071,0.0,9.3,26.0,11.2
2025-01-13,SKU0071,0.0,9.3,26.0,11.2
2025-01-20,SKU0071,8.3,9.3,26.0,11.2
2025-01-27,SKU0071,5.3,9.3,26.0,11.2
2025-02-03,SKU0071,3.3,9.3,26.0,11.2
2025-02-10,SKU0071,2.3,9.3,26.0,11.2
2025-02-17,SKU0071,11.6,0.0,26.0,11.2
2025-02-24,SKU0071,9.6,9.3,26.0,11.2
2025-03-03,SKU0071,3.6,9.3,26.0,11.2
2025-03-10,SKU0071,0.6,9.3,26.0,11.2
2025-03-17,SKU0071,0.0,9.3,26.0,11.2
2025-03-24,SKU0071,8.3,9.3,26.0,11.2
2025-03-31,SKU0071,6.3,9.3,26.0,11.2
2025-04-07,SKU0071,4.3,9.3,26.0,11.2
2025-04-14,SKU0071,4.3,9.3,26.0,11.2
2025-04-21,SKU0071,12.6,0.0,26.0,11.2
2025-04-28,SKU0071,9.6,9.3,26.0,11.2
2025-05-05,SKU0071,7.6,9.3,26.0,11.2
2025-05-12,SKU0071,3.6,9.3,26.0,11.2
2025-05-19,SKU0071,2.6,9.3,26.0,11.2
2025-05-26,SKU0071,9.8,9.3,26.0,11.2
2025-06-02,SKU0071,9.8,9.3,26.0,11.2
2025-06-09,SKU0071,7.8,9.3,26.0,11.2
2025-06-16,SKU0071,3.8,9.3,26.0,11.2
2025-06-23,SKU0071,9.1,9.3,26.0,11.2
2025-06-30,SKU0071,7.1,9.3,26.0,11.2
2025-07-07,SKU0071,6.1,9.3,26.0,11.2
2025-07-14,SKU0071,1.1,9.3,26.0,11.2
2025-07-21,SKU0071,6.4,9.3,26.0,11.2
2025-07-28,SKU0071,4.4,9.3,26.0,11.2
2025-08-04,SKU0071,2.4,9.3,26.0,11.2
2025-08-11,SKU0071,0.4,9.3,26.0,11.2
2025-08-18,SKU0071,9.7,9.3,26.0,11.2
2025-08-25,SKU0071,8.7,9.3,26.0,11.2
2025-09-01,SKU0071,7.7,9.3,26.0,11.2
2025-09-08,SKU0071,5.7,9.3,26.0,11.2
2025-09-15,SKU0071,13.0,0.0,26.0,11.2
2025-09-22,SKU0071,13.0,0.0,26.0,11.2
2025-09-29,SKU0071,11.0,9.3,26.0,11.2
2025-10-06,SKU0071,5.0,9.3,26.0,11.2
2025-10-13,SKU0071,1.0,9.3,26.0,11.2
2025-10-20,SKU0071,0.0,9.3,26.0,11.2
2025-10-27,SKU0071,1.3,9.3,26.0,11.2
2025-11-03,SKU0071,0.0,9.3,26.0,11.2
2025-11-10,SKU0071,0.0,9.3,26.0,11.2
2025-11-17,SKU0071,0.0,9.3,26.0,11.2
2025-11-24,SKU0071,1.3,9.3,26.0,11.2
2025-12-01,SKU0071,0.0,9.3,26.0,11.2
2025-12-08,SKU0071,0.0,9.3,26.0,11.2
2025-12-15,SKU0071,0.0,9.3,26.0,11.2
2025-12-22,SKU0071,8.3,9.3,26.0,11.2
2025-12-29,SKU0071,4.3,9.3,26.0,11.2
2026-01-05,SKU0071,3.3,9.3,26.0,11.2
2026-01-12,SKU0071,2.3,9.3,26.0,11.2
2026-01-19,SKU0071,10.6,9.3,26.0,11.2
2026-01-26,SKU0071,6.6,9.3,26.0,11.2
2026-02-02,SKU0071,4.6,9.3,26.0,11.2
2026-02-09,SKU0071,2.6,9.3,26.0,11.2
2026-02-16,SKU0071,11.8,0.0,26.0,11.2
2026-02-23,SKU0071,9.8,9.3,26.0,11.2
2026-03-02,SKU0071,9.8,9.3,26.0,11.2
2026-03-09,SKU0071,7.8,9.3,26.0,11.2
2026-03-16,SKU0071,7.8,9.3,26.0,11.2
2026-03-23,SKU0071,17.1,0.0,26.0,11.2
2026-03-30,SKU0071,13.1,0.0,26.0,11.2
2026-04-06,SKU0071,13.1,0.0,26.0,11.2
2026-04-13,SKU0071,11.1,9.3,26.0,11.2
2026-04-20,SKU0071,10.1,9.3,26.0,11.2
2026-04-27,SKU0071,10.1,9.3,26.0,11.2
2026-05-04,SKU0071,9.1,9.3,26.0,11.2
2026-05-11,SKU0071,18.4,0.0,26.0,11.2
2026-05-18,SKU0071,17.4,0.0,26.0,11.2
2026-05-25,SKU0071,13.4,0.0,26.0,11.2
2026-06-01,SKU0071,12.4,0.0,26.0,11.2
2026-06-08,SKU0071,11.4,0.0,26.0,11.2
2026-06-15,SKU0071,11.4,0.0,26.0,11.2
2026-06-22,SKU0071,4.4,9.3,26.0,11.2
2026-06-29,SKU0071,3.4,9.3,26.0,11.2
2026-07-06,SKU0071,1.4,9.3,26.0,11.2
2026-07-13,SKU0071,0.0,9.3,26.0,11.2
2024-07-29,SKU0072,108.0,0.0,12.0,74.1
2024-08-05,SKU0072,81.0,0.0,12.0,74.1
2024-08-12,SKU0072,47.0,133.0,12.0,74.1
2024-08-19,SKU0072,25.0,133.0,12.0,74.1
2024-08-26,SKU0072,127.0,0.0,12.0,74.1
2024-09-02,SKU0072,100.0,0.0,12.0,74.1
2024-09-09,SKU0072,63.0,133.0,12.0,74.1
2024-09-16,SKU0072,36.0,133.0,12.0,74.1
2024-09-23,SKU0072,143.0,0.0,12.0,74.1
2024-09-30,SKU0072,110.0,0.0,12.0,74.1
2024-10-07,SKU0072,65.0,133.0,12.0,74.1
2024-10-14,SKU0072,19.0,133.0,12.0,74.1
2024-10-21,SKU0072,89.0,0.0,12.0,74.1
2024-10-28,SKU0072,31.0,133.0,12.0,74.1
2024-11-04,SKU0072,0.0,133.0,12.0,74.1
2024-11-11,SKU0072,95.0,0.0,12.0,74.1
2024-11-18,SKU0072,63.0,133.0,12.0,74.1
2024-11-25,SKU0072,7.0,133.0,12.0,74.1
2024-12-02,SKU0072,97.0,0.0,12.0,74.1
2024-12-09,SKU0072,69.0,133.0,12.0,74.1
2024-12-16,SKU0072,7.0,133.0,12.0,74.1
2024-12-23,SKU0072,84.0,0.0,12.0,74.1
2024-12-30,SKU0072,39.0,133.0,12.0,74.1
2025-01-06,SKU0072,15.0,133.0,12.0,74.1
2025-01-13,SKU0072,127.0,0.0,12.0,74.1
2025-01-20,SKU0072,98.0,0.0,12.0,74.1
2025-01-27,SKU0072,73.0,133.0,12.0,74.1
2025-02-03,SKU0072,54.0,133.0,12.0,74.1
2025-02-10,SKU0072,162.0,0.0,12.0,74.1
2025-02-17,SKU0072,133.0,0.0,12.0,74.1
2025-02-24,SKU0072,114.0,0.0,12.0,74.1
2025-03-03,SKU0072,82.0,0.0,12.0,74.1
2025-03-10,SKU0072,50.0,133.0,12.0,74.1
2025-03-17,SKU0072,15.0,133.0,12.0,74.1
2025-03-24,SKU0072,109.0,0.0,12.0,74.1
2025-03-31,SKU0072,80.0,0.0,12.0,74.1
2025-04-07,SKU0072,47.0,133.0,12.0,74.1
2025-04-14,SKU0072,7.0,133.0,12.0,74.1
2025-04-21,SKU0072,103.0,0.0,12.0,74.1
2025-04-28,SKU0072,79.0,0.0,12.0,74.1
2025-05-05,SKU0072,53.0,133.0,12.0,74.1
2025-05-12,SKU0072,32.0,133.0,12.0,74.1
2025-05-19,SKU0072,141.0,0.0,12.0,74.1
2025-05-26,SKU0072,118.0,0.0,12.0,74.1
2025-06-02,SKU0072,94.0,0.0,12.0,74.1
2025-06-09,SKU0072,64.0,133.0,12.0,74.1
2025-06-16,SKU0072,23.0,133.0,12.0,74.1
2025-06-23,SKU0072,94.0,0.0,12.0,74.1
2025-06-30,SKU0072,69.0,133.0,12.0,74.1
2025-07-07,SKU0072,44.0,133.0,12.0,74.1
2025-07-14,SKU0072,151.0,0.0,12.0,74.1
2025-07-21,SKU0072,122.0,0.0,12.0,74.1
2025-07-28,SKU0072,93.0,0.0,12.0,74.1
2025-08-04,SKU0072,68.0,133.0,12.0,74.1
2025-08-11,SKU0072,39.0,133.0,12.0,74.1
2025-08-18,SKU0072,148.0,0.0,12.0,74.1
2025-08-25,SKU0072,117.0,0.0,12.0,74.1
2025-09-01,SKU0072,95.0,0.0,12.0,74.1
2025-09-08,SKU0072,70.0,133.0,12.0,74.1
2025-09-15,SKU0072,38.0,133.0,12.0,74.1
2025-09-22,SKU0072,141.0,0.0,12.0,74.1
2025-09-29,SKU0072,110.0,0.0,12.0,74.1
2025-10-06,SKU0072,68.0,133.0,12.0,74.1
2025-10-13,SKU0072,11.0,133.0,12.0,74.1
2025-10-20,SKU0072,97.0,0.0,12.0,74.1
2025-10-27,SKU0072,41.0,133.0,12.0,74.1
2025-11-03,SKU0072,0.0,133.0,12.0,74.1
2025-11-10,SKU0072,94.0,0.0,12.0,74.1
2025-11-17,SKU0072,60.0,133.0,12.0,74.1
2025-11-24,SKU0072,1.0,133.0,12.0,74.1
2025-12-01,SKU0072,87.0,0.0,12.0,74.1
2025-12-08,SKU0072,54.0,133.0,12.0,74.1
2025-12-15,SKU0072,13.0,133.0,12.0,74.1
2025-12-22,SKU0072,81.0,0.0,12.0,74.1
2025-12-29,SKU0072,45.0,133.0,12.0,74.1
2026-01-05,SKU0072,22.0,133.0,12.0,74.1
2026-01-12,SKU0072,126.0,0.0,12.0,74.1
2026-01-19,SKU0072,107.0,0.0,12.0,74.1
2026-01-26,SKU0072,87.0,0.0,12.0,74.1
2026-02-02,SKU0072,56.0,133.0,12.0,74.1
2026-02-09,SKU0072,19.0,133.0,12.0,74.1
2026-02-16,SKU0072,129.0,0.0,12.0,74.1
2026-02-23,SKU0072,103.0,0.0,12.0,74.1
2026-03-02,SKU0072,72.0,133.0,12.0,74.1
2026-03-09,SKU0072,40.0,133.0,12.0,74.1
2026-03-16,SKU0072,146.0,0.0,12.0,74.1
2026-03-23,SKU0072,112.0,0.0,12.0,74.1
2026-03-30,SKU0072,86.0,0.0,12.0,74.1
2026-04-06,SKU0072,59.0,133.0,12.0,74.1
2026-04-13,SKU0072,33.0,133.0,12.0,74.1
2026-04-20,SKU0072,140.0,0.0,12.0,74.1
2026-04-27,SKU0072,103.0,0.0,12.0,74.1
2026-05-04,SKU0072,84.0,0.0,12.0,74.1
2026-05-11,SKU0072,65.0,133.0,12.0,74.1
2026-05-18,SKU0072,38.0,133.0,12.0,74.1
2026-05-25,SKU0072,149.0,0.0,12.0,74.1
2026-06-01,SKU0072,122.0,0.0,12.0,74.1
2026-06-08,SKU0072,93.0,0.0,12.0,74.1
2026-06-15,SKU0072,50.0,133.0,12.0,74.1
2026-06-22,SKU0072,0.0,133.0,12.0,74.1
2026-06-29,SKU0072,91.0,0.0,12.0,74.1
2026-07-06,SKU0072,68.0,133.0,12.0,74.1
2026-07-13,SKU0072,43.0,133.0,12.0,74.1
2024-07-29,SKU0073,26.5,32.5,18.0,27.2
2024-08-05,SKU0073,19.5,32.5,18.0,27.2
2024-08-12,SKU0073,12.5,32.5,18.0,27.2
2024-08-19,SKU0073,34.1,0.0,18.0,27.2
2024-08-26,SKU0073,25.1,32.5,18.0,27.2
2024-09-02,SKU0073,20.1,32.5,18.0,27.2
2024-09-09,SKU0073,13.1,32.5,18.0,27.2
2024-09-16,SKU0073,40.6,0.0,18.0,27.2
2024-09-23,SKU0073,37.6,0.0,18.0,27.2
2024-09-30,SKU0073,28.6,0.0,18.0,27.2
2024-10-07,SKU0073,15.6,32.5,18.0,27.2
2024-10-14,SKU0073,3.6,32.5,18.0,27.2
2024-10-21,SKU0073,0.0,32.5,18.0,27.2
2024-10-28,SKU0073,12.5,32.5,18.0,27.2
2024-11-04,SKU0073,6.5,32.5,18.0,27.2
2024-11-11,SKU0073,0.0,32.5,18.0,27.2
2024-11-18,SKU0073,23.5,32.5,18.0,27.2
2024-11-25,SKU0073,19.5,32.5,18.0,27.2
2024-12-02,SKU0073,12.5,32.5,18.0,27.2
2024-12-09,SKU0073,34.1,0.0,18.0,27.2
2024-12-16,SKU0073,15.1,32.5,18.0,27.2
2024-12-23,SKU0073,3.1,32.5,18.0,27.2
2024-12-30,SKU0073,0.0,32.5,18.0,27.2
2025-01-06,SKU0073,28.5,0.0,18.0,27.2
2025-01-13,SKU0073,25.5,32.5,18.0,27.2
2025-01-20,SKU0073,18.5,32.5,18.0,27.2
2025-01-27,SKU0073,11.5,32.5,18.0,27.2
2025-02-03,SKU0073,42.1,0.0,18.0,27.2
2025-02-10,SKU0073,37.1,0.0,18.0,27.2
2025-02-17,SKU0073,37.1,0.0,18.0,27.2
2025-02-24,SKU0073,31.1,0.0,18.0,27.2
2025-03-03,SKU0073,25.1,32.5,18.0,27.2
2025-03-10,SKU0073,22.1,32.5,18.0,27.2
2025-03-17,SKU0073,16.1,32.5,18.0,27.2
2025-03-24,SKU0073,42.6,0.0,18.0,27.2
2025-03-31,SKU0073,37.6,0.0,18.0,27.2
2025-04-07,SKU0073,33.6,0.0,18.0,27.2
2025-04-14,SKU0073,27.6,0.0,18.0,27.2
2025-04-21,SKU0073,17.6,32.5,18.0,27.2
2025-04-28,SKU0073,9.6,32.5,18.0,27.2
2025-05-05,SKU0073,0.0,32.5,18.0,27.2
2025-05-12,SKU0073,24.5,32.5,18.0,27.2
2025-05-19,SKU0073,18.5,32.5,18.0,27.2
2025-05-26,SKU0073,13.5,32.5,18.0,27.2
2025-06-02,SKU0073,41.1,0.0,18.0,27.2
2025-06-09,SKU0073,26.1,32.5,18.0,27.2
2025-06-16,SKU0073,7.1,32.5,18.0,27.2
2025-06-23,SKU0073,0.1,32.5,18.0,27.2
2025-06-30,SKU0073,22.6,32.5,18.0,27.2
2025-07-07,SKU0073,17.6,32.5,18.0,27.2
2025-07-14,SKU0073,9.6,32.5,18.0,27.2
2025-07-21,SKU0073,34.2,0.0,18.0,27.2
2025-07-28,SKU0073,24.2,32.5,18.0,27.2
2025-08-04,SKU0073,18.2,32.5,18.0,27.2
2025-08-11,SKU0073,12.2,32.5,18.0,27.2
2025-08-18,SKU0073,40.7,0.0,18.0,27.2
2025-08-25,SKU0073,35.7,0.0,18.0,27.2
2025-09-01,SKU0073,26.7,32.5,18.0,27.2
2025-09-08,SKU0073,10.7,32.5,18.0,27.2
2025-09-15,SKU0073,6.7,32.5,18.0,27.2
2025-09-22,SKU0073,29.2,0.0,18.0,27.2
2025-09-29,SKU0073,24.2,32.5,18.0,27.2
2025-10-06,SKU0073,13.2,32.5,18.0,27.2
2025-10-13,SKU0073,0.0,32.5,18.0,27.2
2025-10-20,SKU0073,17.5,32.5,18.0,27.2
2025-10-27,SKU0073,0.5,32.5,18.0,27.2
2025-11-03,SKU0073,0.0,32.5,18.0,27.2
2025-11-10,SKU0073,24.5,32.5,18.0,27.2
2025-11-17,SKU0073,13.5,32.5,18.0,27.2
2025-11-24,SKU0073,0.0,32.5,18.0,27.2
2025-12-01,SKU0073,24.5,32.5,18.0,27.2
2025-12-08,SKU0073,18.5,32.5,18.0,27.2
2025-12-15,SKU0073,8.5,32.5,18.0,27.2
2025-12-22,SKU0073,30.1,0.0,18.0,27.2
2025-12-29,SKU0073,17.1,32.5,18.0,27.2
2026-01-05,SKU0073,8.1,32.5,18.0,27.2
2026-01-12,SKU0073,2.1,32.5,18.0,27.2
2026-01-19,SKU0073,26.6,32.5,18.0,27.2
2026-01-26,SKU0073,19.6,32.5,18.0,27.2
2026-02-02,SKU0073,18.6,32.5,18.0,27.2
2026-02-09,SKU0073,50.2,0.0,18.0,27.2
2026-02-16,SKU0073,47.2,0.0,18.0,27.2
2026-02-23,SKU0073,39.2,0.0,18.0,27.2
2026-03-02,SKU0073,32.2,0.0,18.0,27.2
2026-03-09,SKU0073,23.2,32.5,18.0,27.2
2026-03-16,SKU0073,15.2,32.5,18.0,27.2
2026-03-23,SKU0073,10.2,32.5,18.0,27.2
2026-03-30,SKU0073,36.7,0.0,18.0,27.2
2026-04-06,SKU0073,28.7,0.0,18.0,27.2
2026-04-13,SKU0073,19.7,32.5,18.0,27.2
2026-04-20,SKU0073,16.7,32.5,18.0,27.2
2026-04-27,SKU0073,10.7,32.5,18.0,27.2
2026-05-04,SKU0073,33.2,0.0,18.0,27.2
2026-05-11,SKU0073,24.2,32.5,18.0,27.2
2026-05-18,SKU0073,17.2,32.5,18.0,27.2
2026-05-25,SKU0073,9.2,32.5,18.0,27.2
2026-06-01,SKU0073,34.8,0.0,18.0,27.2
2026-06-08,SKU0073,25.8,32.5,18.0,27.2
2026-06-15,SKU0073,15.8,32.5,18.0,27.2
2026-06-22,SKU0073,3.8,32.5,18.0,27.2
2026-06-29,SKU0073,26.3,32.5,18.0,27.2
2026-07-06,SKU0073,16.3,32.5,18.0,27.2
2026-07-13,SKU0073,8.3,32.5,18.0,27.2
2024-07-29,SKU0074,47.3,61.3,27.0,76.9
2024-08-05,SKU0074,30.3,61.3,27.0,76.9
2024-08-12,SKU0074,20.3,61.3,27.0,76.9
2024-08-19,SKU0074,11.3,61.3,27.0,76.9
2024-08-26,SKU0074,61.7,61.3,27.0,76.9
2024-09-02,SKU0074,45.7,61.3,27.0,76.9
2024-09-09,SKU0074,30.7,61.3,27.0,76.9
2024-09-16,SKU0074,10.7,61.3,27.0,76.9
2024-09-23,SKU0074,66.0,61.3,27.0,76.9
2024-09-30,SKU0074,58.0,61.3,27.0,76.9
2024-10-07,SKU0074,44.0,61.3,27.0,76.9
2024-10-14,SKU0074,19.0,61.3,27.0,76.9
2024-10-21,SKU0074,50.4,61.3,27.0,76.9
2024-10-28,SKU0074,30.4,61.3,27.0,76.9
2024-11-04,SKU0074,15.4,61.3,27.0,76.9
2024-11-11,SKU0074,0.0,61.3,27.0,76.9
2024-11-18,SKU0074,36.3,61.3,27.0,76.9
2024-11-25,SKU0074,9.3,61.3,27.0,76.9
2024-12-02,SKU0074,1.3,61.3,27.0,76.9
2024-12-09,SKU0074,0.0,61.3,27.0,76.9
2024-12-16,SKU0074,40.3,61.3,27.0,76.9
2024-12-23,SKU0074,1.3,61.3,27.0,76.9
2024-12-30,SKU0074,0.0,61.3,27.0,76.9
2025-01-06,SKU0074,0.0,61.3,27.0,76.9
2025-01-13,SKU0074,48.3,61.3,27.0,76.9
2025-01-20,SKU0074,40.3,61.3,27.0,76.9
2025-01-27,SKU0074,28.3,61.3,27.0,76.9
2025-02-03,SKU0074,19.3,61.3,27.0,76.9
2025-02-10,SKU0074,73.7,61.3,27.0,76.9
2025-02-17,SKU0074,64.7,61.3,27.0,76.9
2025-02-24,SKU0074,47.7,61.3,27.0,76.9
2025-03-03,SKU0074,40.7,61.3,27.0,76.9
2025-03-10,SKU0074,86.0,0.0,27.0,76.9
2025-03-17,SKU0074,75.0,61.3,27.0,76.9
2025-03-24,SKU0074,61.0,61.3,27.0,76.9
2025-03-31,SKU0074,46.0,61.3,27.0,76.9
2025-04-07,SKU0074,35.0,61.3,27.0,76.9
2025-04-14,SKU0074,87.4,0.0,27.0,76.9
2025-04-21,SKU0074,76.4,61.3,27.0,76.9
2025-04-28,SKU0074,59.4,61.3,27.0,76.9
2025-05-05,SKU0074,46.4,61.3,27.0,76.9
2025-05-12,SKU0074,35.4,61.3,27.0,76.9
2025-05-19,SKU0074,87.7,0.0,27.0,76.9
2025-05-26,SKU0074,76.7,61.3,27.0,76.9
2025-06-02,SKU0074,67.7,61.3,27.0,76.9
2025-06-09,SKU0074,44.7,61.3,27.0,76.9
2025-06-16,SKU0074,27.7,61.3,27.0,76.9
2025-06-23,SKU0074,79.1,0.0,27.0,76.9
2025-06-30,SKU0074,69.1,61.3,27.0,76.9
2025-07-07,SKU0074,56.1,61.3,27.0,76.9
2025-07-14,SKU0074,44.1,61.3,27.0,76.9
2025-07-21,SKU0074,27.1,61.3,27.0,76.9
2025-07-28,SKU0074,81.4,0.0,27.0,76.9
2025-08-04,SKU0074,70.4,61.3,27.0,76.9
2025-08-11,SKU0074,56.4,61.3,27.0,76.9
2025-08-18,SKU0074,44.4,61.3,27.0,76.9
2025-08-25,SKU0074,28.4,61.3,27.0,76.9
2025-09-01,SKU0074,66.8,61.3,27.0,76.9
2025-09-08,SKU0074,58.8,61.3,27.0,76.9
2025-09-15,SKU0074,41.8,61.3,27.0,76.9
2025-09-22,SKU0074,25.8,61.3,27.0,76.9
2025-09-29,SKU0074,73.1,61.3,27.0,76.9
2025-10-06,SKU0074,53.1,61.3,27.0,76.9
2025-10-13,SKU0074,20.1,61.3,27.0,76.9
2025-10-20,SKU0074,0.0,61.3,27.0,76.9
2025-10-27,SKU0074,26.3,61.3,27.0,76.9
2025-11-03,SKU0074,11.3,61.3,27.0,76.9
2025-11-10,SKU0074,0.0,61.3,27.0,76.9
2025-11-17,SKU0074,0.0,61.3,27.0,76.9
2025-11-24,SKU0074,33.3,61.3,27.0,76.9
2025-12-01,SKU0074,8.3,61.3,27.0,76.9
2025-12-08,SKU0074,0.0,61.3,27.0,76.9
2025-12-15,SKU0074,0.0,61.3,27.0,76.9
2025-12-22,SKU0074,40.3,61.3,27.0,76.9
2025-12-29,SKU0074,17.3,61.3,27.0,76.9
2026-01-05,SKU0074,2.3,61.3,27.0,76.9
2026-01-12,SKU0074,0.0,61.3,27.0,76.9
2026-01-19,SKU0074,52.3,61.3,27.0,76.9
2026-01-26,SKU0074,43.3,61.3,27.0,76.9
2026-02-02,SKU0074,36.3,61.3,27.0,76.9
2026-02-09,SKU0074,28.3,61.3,27.0,76.9
2026-02-16,SKU0074,78.7,0.0,27.0,76.9
2026-02-23,SKU0074,70.7,61.3,27.0,76.9
2026-03-02,SKU0074,59.7,61.3,27.0,76.9
2026-03-09,SKU0074,42.7,61.3,27.0,76.9
2026-03-16,SKU0074,28.7,61.3,27.0,76.9
2026-03-23,SKU0074,75.0,61.3,27.0,76.9
2026-03-30,SKU0074,60.0,61.3,27.0,76.9
2026-04-06,SKU0074,52.0,61.3,27.0,76.9
2026-04-13,SKU0074,37.0,61.3,27.0,76.9
2026-04-20,SKU0074,91.4,0.0,27.0,76.9
2026-04-27,SKU0074,75.4,61.3,27.0,76.9
2026-05-04,SKU0074,58.4,61.3,27.0,76.9
2026-05-11,SKU0074,46.4,61.3,27.0,76.9
2026-05-18,SKU0074,30.4,61.3,27.0,76.9
2026-05-25,SKU0074,77.7,0.0,27.0,76.9
2026-06-01,SKU0074,63.7,61.3,27.0,76.9
2026-06-08,SKU0074,48.7,61.3,27.0,76.9
2026-06-15,SKU0074,24.7,61.3,27.0,76.9
2026-06-22,SKU0074,0.0,61.3,27.0,76.9
2026-06-29,SKU0074,39.3,61.3,27.0,76.9
2026-07-06,SKU0074,24.3,61.3,27.0,76.9
2026-07-13,SKU0074,9.3,61.3,27.0,76.9
2024-08-05,SKU0075,165.7,201.7,27.0,252.9
2024-08-12,SKU0075,120.7,201.7,27.0,252.9
2024-08-19,SKU0075,84.7,201.7,27.0,252.9
2024-08-26,SKU0075,36.7,201.7,27.0,252.9
2024-09-02,SKU0075,201.5,201.7,27.0,252.9
2024-09-09,SKU0075,151.5,201.7,27.0,252.9
2024-09-16,SKU0075,110.5,201.7,27.0,252.9
2024-09-23,SKU0075,65.5,201.7,27.0,252.9
2024-09-30,SKU0075,216.2,201.7,27.0,252.9
2024-10-07,SKU0075,164.2,201.7,27.0,252.9
2024-10-14,SKU0075,56.2,201.7,27.0,252.9
2024-10-21,SKU0075,0.0,201.7,27.0,252.9
2024-10-28,SKU0075,125.7,201.7,27.0,252.9
2024-11-04,SKU0075,49.7,201.7,27.0,252.9
2024-11-11,SKU0075,0.0,201.7,27.0,252.9
2024-11-18,SKU0075,0.0,201.7,27.0,252.9
2024-11-25,SKU0075,100.7,201.7,27.0,252.9
2024-12-02,SKU0075,37.7,201.7,27.0,252.9
2024-12-09,SKU0075,0.0,201.7,27.0,252.9
2024-12-16,SKU0075,0.0,201.7,27.0,252.9
2024-12-23,SKU0075,105.7,201.7,27.0,252.9
2024-12-30,SKU0075,38.7,201.7,27.0,252.9
2025-01-06,SKU0075,0.0,201.7,27.0,252.9
2025-01-13,SKU0075,0.0,201.7,27.0,252.9
2025-01-20,SKU0075,176.7,201.7,27.0,252.9
2025-01-27,SKU0075,137.7,201.7,27.0,252.9
2025-02-03,SKU0075,108.7,201.7,27.0,252.9
2025-02-10,SKU0075,77.7,201.7,27.0,252.9
2025-02-17,SKU0075,240.5,201.7,27.0,252.9
2025-02-24,SKU0075,207.5,201.7,27.0,252.9
2025-03-03,SKU0075,170.5,201.7,27.0,252.9
2025-03-10,SKU0075,132.5,201.7,27.0,252.9
2025-03-17,SKU0075,300.2,0.0,27.0,252.9
2025-03-24,SKU0075,264.2,0.0,27.0,252.9
2025-03-31,SKU0075,225.2,201.7,27.0,252.9
2025-04-07,SKU0075,190.2,201.7,27.0,252.9
2025-04-14,SKU0075,148.2,201.7,27.0,252.9
2025-04-21,SKU0075,97.2,201.7,27.0,252.9
2025-04-28,SKU0075,270.0,0.0,27.0,252.9
2025-05-05,SKU0075,222.0,201.7,27.0,252.9
2025-05-12,SKU0075,173.0,201.7,27.0,252.9
2025-05-19,SKU0075,137.0,201.7,27.0,252.9
2025-05-26,SKU0075,106.0,201.7,27.0,252.9
2025-06-02,SKU0075,279.7,0.0,27.0,252.9
2025-06-09,SKU0075,234.7,201.7,27.0,252.9
2025-06-16,SKU0075,158.7,201.7,27.0,252.9
2025-06-23,SKU0075,85.7,201.7,27.0,252.9
2025-06-30,SKU0075,48.7,201.7,27.0,252.9
2025-07-07,SKU0075,206.5,201.7,27.0,252.9
2025-07-14,SKU0075,179.5,201.7,27.0,252.9
2025-07-21,SKU0075,140.5,201.7,27.0,252.9
2025-07-28,SKU0075,95.5,201.7,27.0,252.9
2025-08-04,SKU0075,245.2,201.7,27.0,252.9
2025-08-11,SKU0075,200.2,201.7,27.0,252.9
2025-08-18,SKU0075,149.2,201.7,27.0,252.9
2025-08-25,SKU0075,110.2,201.7,27.0,252.9
2025-09-01,SKU0075,282.0,0.0,27.0,252.9
2025-09-08,SKU0075,242.0,201.7,27.0,252.9
2025-09-15,SKU0075,208.0,201.7,27.0,252.9
2025-09-22,SKU0075,156.0,201.7,27.0,252.9
2025-09-29,SKU0075,110.0,201.7,27.0,252.9
2025-10-06,SKU0075,253.7,0.0,27.0,252.9
2025-10-13,SKU0075,145.7,201.7,27.0,252.9
2025-10-20,SKU0075,48.7,201.7,27.0,252.9
2025-10-27,SKU0075,0.0,201.7,27.0,252.9
2025-11-03,SKU0075,0.0,201.7,27.0,252.9
2025-11-10,SKU0075,145.7,201.7,27.0,252.9
2025-11-17,SKU0075,75.7,201.7,27.0,252.9
2025-11-24,SKU0075,0.0,201.7,27.0,252.9
2025-12-01,SKU0075,0.0,201.7,27.0,252.9
2025-12-08,SKU0075,139.7,201.7,27.0,252.9
2025-12-15,SKU0075,81.7,201.7,27.0,252.9
2025-12-22,SKU0075,0.0,201.7,27.0,252.9
2025-12-29,SKU0075,0.0,201.7,27.0,252.9
2026-01-05,SKU0075,155.7,201.7,27.0,252.9
2026-01-12,SKU0075,131.7,201.7,27.0,252.9
2026-01-19,SKU0075,90.7,201.7,27.0,252.9
2026-01-26,SKU0075,48.7,201.7,27.0,252.9
2026-02-02,SKU0075,211.5,201.7,27.0,252.9
2026-02-09,SKU0075,172.5,201.7,27.0,252.9
2026-02-16,SKU0075,137.5,201.7,27.0,252.9
2026-02-23,SKU0075,109.5,201.7,27.0,252.9
2026-03-02,SKU0075,268.2,0.0,27.0,252.9
2026-03-09,SKU0075,229.2,201.7,27.0,252.9
2026-03-16,SKU0075,185.2,201.7,27.0,252.9
2026-03-23,SKU0075,147.2,201.7,27.0,252.9
2026-03-30,SKU0075,106.2,201.7,27.0,252.9
2026-04-06,SKU0075,261.0,0.0,27.0,252.9
2026-04-13,SKU0075,219.0,201.7,27.0,252.9
2026-04-20,SKU0075,171.0,201.7,27.0,252.9
2026-04-27,SKU0075,132.0,201.7,27.0,252.9
2026-05-04,SKU0075,76.0,201.7,27.0,252.9
2026-05-11,SKU0075,229.7,201.7,27.0,252.9
2026-05-18,SKU0075,192.7,201.7,27.0,252.9
2026-05-25,SKU0075,145.7,201.7,27.0,252.9
2026-06-01,SKU0075,105.7,201.7,27.0,252.9
2026-06-08,SKU0075,265.5,0.0,27.0,252.9
2026-06-15,SKU0075,200.5,201.7,27.0,252.9
2026-06-22,SKU0075,131.5,201.7,27.0,252.9
2026-06-29,SKU0075,86.5,201.7,27.0,252.9
2026-07-06,SKU0075,28.5,201.7,27.0,252.9
2026-07-13,SKU0075,188.2,201.7,27.0,252.9
2024-07-22,SKU0076,481.4,0.0,10.0,284.3
2024-07-29,SKU0076,376.4,0.0,10.0,284.3
2024-08-05,SKU0076,251.4,612.4,10.0,284.3
2024-08-12,SKU0076,750.8,0.0,10.0,284.3
2024-08-19,SKU0076,629.8,0.0,10.0,284.3
2024-08-26,SKU0076,506.8,0.0,10.0,284.3
2024-09-02,SKU0076,351.8,0.0,10.0,284.3
2024-09-09,SKU0076,233.8,612.4,10.0,284.3
2024-09-16,SKU0076,690.1,0.0,10.0,284.3
2024-09-23,SKU0076,571.1,0.0,10.0,284.3
2024-09-30,SKU0076,393.1,0.0,10.0,284.3
2024-10-07,SKU0076,224.1,612.4,10.0,284.3
2024-10-14,SKU0076,536.5,0.0,10.0,284.3
2024-10-21,SKU0076,277.5,612.4,10.0,284.3
2024-10-28,SKU0076,637.9,0.0,10.0,284.3
2024-11-04,SKU0076,424.9,0.0,10.0,284.3
2024-11-11,SKU0076,252.9,612.4,10.0,284.3
2024-11-18,SKU0076,697.3,0.0,10.0,284.3
2024-11-25,SKU0076,415.3,0.0,10.0,284.3
2024-12-02,SKU0076,233.3,612.4,10.0,284.3
2024-12-09,SKU0076,673.7,0.0,10.0,284.3
2024-12-16,SKU0076,451.7,0.0,10.0,284.3
2024-12-23,SKU0076,160.7,612.4,10.0,284.3
2024-12-30,SKU0076,568.0,0.0,10.0,284.3
2025-01-06,SKU0076,443.0,0.0,10.0,284.3
2025-01-13,SKU0076,332.0,0.0,10.0,284.3
2025-01-20,SKU0076,250.0,612.4,10.0,284.3
2025-01-27,SKU0076,766.4,0.0,10.0,284.3
2025-02-03,SKU0076,640.4,0.0,10.0,284.3
2025-02-10,SKU0076,521.4,0.0,10.0,284.3
2025-02-17,SKU0076,405.4,0.0,10.0,284.3
2025-02-24,SKU0076,287.4,0.0,10.0,284.3
2025-03-03,SKU0076,152.4,612.4,10.0,284.3
2025-03-10,SKU0076,640.8,0.0,10.0,284.3
2025-03-17,SKU0076,485.8,0.0,10.0,284.3
2025-03-24,SKU0076,342.8,0.0,10.0,284.3
2025-03-31,SKU0076,217.8,612.4,10.0,284.3
2025-04-07,SKU0076,709.2,0.0,10.0,284.3
2025-04-14,SKU0076,612.2,0.0,10.0,284.3
2025-04-21,SKU0076,474.2,0.0,10.0,284.3
2025-04-28,SKU0076,345.2,0.0,10.0,284.3
2025-05-05,SKU0076,219.2,612.4,10.0,284.3
2025-05-12,SKU0076,712.6,0.0,10.0,284.3
2025-05-19,SKU0076,570.6,0.0,10.0,284.3
2025-05-26,SKU0076,418.6,0.0,10.0,284.3
2025-06-02,SKU0076,291.6,0.0,10.0,284.3
2025-06-09,SKU0076,138.6,612.4,10.0,284.3
2025-06-16,SKU0076,522.0,0.0,10.0,284.3
2025-06-23,SKU0076,305.0,0.0,10.0,284.3
2025-06-30,SKU0076,159.0,612.4,10.0,284.3
2025-07-07,SKU0076,639.3,0.0,10.0,284.3
2025-07-14,SKU0076,526.3,0.0,10.0,284.3
2025-07-21,SKU0076,375.3,0.0,10.0,284.3
2025-07-28,SKU0076,251.3,612.4,10.0,284.3
2025-08-04,SKU0076,742.7,0.0,10.0,284.3
2025-08-11,SKU0076,617.7,0.0,10.0,284.3
2025-08-18,SKU0076,496.7,0.0,10.0,284.3
2025-08-25,SKU0076,355.7,0.0,10.0,284.3
2025-09-01,SKU0076,224.7,612.4,10.0,284.3
2025-09-08,SKU0076,708.1,0.0,10.0,284.3
2025-09-15,SKU0076,565.1,0.0,10.0,284.3
2025-09-22,SKU0076,446.1,0.0,10.0,284.3
2025-09-29,SKU0076,296.1,0.0,10.0,284.3
2025-10-06,SKU0076,94.1,612.4,10.0,284.3
2025-10-13,SKU0076,422.5,0.0,10.0,284.3
2025-10-20,SKU0076,166.5,612.4,10.0,284.3
2025-10-27,SKU0076,506.9,0.0,10.0,284.3
2025-11-03,SKU0076,294.9,0.0,10.0,284.3
2025-11-10,SKU0076,106.9,612.4,10.0,284.3
2025-11-17,SKU0076,563.2,0.0,10.0,284.3
2025-11-24,SKU0076,305.2,0.0,10.0,284.3
2025-12-01,SKU0076,123.2,612.4,10.0,284.3
2025-12-08,SKU0076,564.6,0.0,10.0,284.3
2025-12-15,SKU0076,315.6,0.0,10.0,284.3
2025-12-22,SKU0076,35.6,612.4,10.0,284.3
2025-12-29,SKU0076,426.0,0.0,10.0,284.3
2026-01-05,SKU0076,324.0,0.0,10.0,284.3
2026-01-12,SKU0076,227.0,612.4,10.0,284.3
2026-01-19,SKU0076,706.4,0.0,10.0,284.3
2026-01-26,SKU0076,590.4,0.0,10.0,284.3
2026-02-02,SKU0076,480.4,0.0,10.0,284.3
2026-02-09,SKU0076,372.4,0.0,10.0,284.3
2026-02-16,SKU0076,262.4,612.4,10.0,284.3
2026-02-23,SKU0076,779.8,0.0,10.0,284.3
2026-03-02,SKU0076,646.8,0.0,10.0,284.3
2026-03-09,SKU0076,525.8,0.0,10.0,284.3
2026-03-16,SKU0076,379.8,0.0,10.0,284.3
2026-03-23,SKU0076,254.8,612.4,10.0,284.3
2026-03-30,SKU0076,724.1,0.0,10.0,284.3
2026-04-06,SKU0076,607.1,0.0,10.0,284.3
2026-04-13,SKU0076,495.1,0.0,10.0,284.3
2026-04-20,SKU0076,367.1,0.0,10.0,284.3
2026-04-27,SKU0076,235.1,612.4,10.0,284.3
2026-05-04,SKU0076,704.5,0.0,10.0,284.3
2026-05-11,SKU0076,570.5,0.0,10.0,284.3
2026-05-18,SKU0076,458.5,0.0,10.0,284.3
2026-05-25,SKU0076,337.5,0.0,10.0,284.3
2026-06-01,SKU0076,251.5,612.4,10.0,284.3
2026-06-08,SKU0076,738.9,0.0,10.0,284.3
2026-06-15,SKU0076,494.9,0.0,10.0,284.3
2026-06-22,SKU0076,287.9,0.0,10.0,284.3
2026-06-29,SKU0076,134.9,612.4,10.0,284.3
2026-07-06,SKU0076,618.3,0.0,10.0,284.3
2026-07-13,SKU0076,495.3,0.0,10.0,284.3
2024-08-05,SKU0077,2241.7,0.0,9.0,1152.8
2024-08-12,SKU0077,1721.7,0.0,9.0,1152.8
2024-08-19,SKU0077,1198.7,0.0,9.0,1152.8
2024-08-26,SKU0077,748.7,2758.7,9.0,1152.8
2024-09-02,SKU0077,2947.4,0.0,9.0,1152.8
2024-09-09,SKU0077,2408.4,0.0,9.0,1152.8
2024-09-16,SKU0077,1835.4,0.0,9.0,1152.8
2024-09-23,SKU0077,1319.4,0.0,9.0,1152.8
2024-09-30,SKU0077,579.4,2758.7,9.0,1152.8
2024-10-07,SKU0077,2558.2,0.0,9.0,1152.8
2024-10-14,SKU0077,1370.2,0.0,9.0,1152.8
2024-10-21,SKU0077,111.2,2758.7,9.0,1152.8
2024-10-28,SKU0077,1543.9,0.0,9.0,1152.8
2024-11-04,SKU0077,708.9,2758.7,9.0,1152.8
2024-11-11,SKU0077,2706.6,0.0,9.0,1152.8
2024-11-18,SKU0077,1933.6,0.0,9.0,1152.8
2024-11-25,SKU0077,743.6,2758.7,9.0,1152.8
2024-12-02,SKU0077,2720.3,0.0,9.0,1152.8
2024-12-09,SKU0077,1961.3,0.0,9.0,1152.8
2024-12-16,SKU0077,913.3,2758.7,9.0,1152.8
2024-12-23,SKU0077,2326.0,0.0,9.0,1152.8
2024-12-30,SKU0077,1380.0,0.0,9.0,1152.8
2025-01-06,SKU0077,811.0,2758.7,9.0,1152.8
2025-01-13,SKU0077,3059.7,0.0,9.0,1152.8
2025-01-20,SKU0077,2573.7,0.0,9.0,1152.8
2025-01-27,SKU0077,2106.7,0.0,9.0,1152.8
2025-02-03,SKU0077,1639.7,0.0,9.0,1152.8
2025-02-10,SKU0077,1121.7,2758.7,9.0,1152.8
2025-02-17,SKU0077,3403.5,0.0,9.0,1152.8
2025-02-24,SKU0077,2891.5,0.0,9.0,1152.8
2025-03-03,SKU0077,2334.5,0.0,9.0,1152.8
2025-03-10,SKU0077,1752.5,0.0,9.0,1152.8
2025-03-17,SKU0077,1165.5,0.0,9.0,1152.8
2025-03-24,SKU0077,574.5,2758.7,9.0,1152.8
2025-03-31,SKU0077,2737.2,0.0,9.0,1152.8
2025-04-07,SKU0077,2163.2,0.0,9.0,1152.8
2025-04-14,SKU0077,1601.2,0.0,9.0,1152.8
2025-04-21,SKU0077,1034.2,2758.7,9.0,1152.8
2025-04-28,SKU0077,3184.9,0.0,9.0,1152.8
2025-05-05,SKU0077,2565.9,0.0,9.0,1152.8
2025-05-12,SKU0077,1978.9,0.0,9.0,1152.8
2025-05-19,SKU0077,1380.9,0.0,9.0,1152.8
2025-05-26,SKU0077,831.9,2758.7,9.0,1152.8
2025-06-02,SKU0077,2991.6,0.0,9.0,1152.8
2025-06-09,SKU0077,2426.6,0.0,9.0,1152.8
2025-06-16,SKU0077,1524.6,0.0,9.0,1152.8
2025-06-23,SKU0077,576.6,2758.7,9.0,1152.8
2025-06-30,SKU0077,2685.3,0.0,9.0,1152.8
2025-07-07,SKU0077,2097.3,0.0,9.0,1152.8
2025-07-14,SKU0077,1519.3,0.0,9.0,1152.8
2025-07-21,SKU0077,1144.3,2758.7,9.0,1152.8
2025-07-28,SKU0077,3399.1,0.0,9.0,1152.8
2025-08-04,SKU0077,2901.1,0.0,9.0,1152.8
2025-08-11,SKU0077,2285.1,0.0,9.0,1152.8
2025-08-18,SKU0077,1702.1,0.0,9.0,1152.8
2025-08-25,SKU0077,1203.1,0.0,9.0,1152.8
2025-09-01,SKU0077,602.1,2758.7,9.0,1152.8
2025-09-08,SKU0077,2798.8,0.0,9.0,1152.8
2025-09-15,SKU0077,2211.8,0.0,9.0,1152.8
2025-09-22,SKU0077,1689.8,0.0,9.0,1152.8
2025-09-29,SKU0077,918.8,2758.7,9.0,1152.8
2025-10-06,SKU0077,2952.5,0.0,9.0,1152.8
2025-10-13,SKU0077,1701.5,0.0,9.0,1152.8
2025-10-20,SKU0077,662.5,2758.7,9.0,1152.8
2025-10-27,SKU0077,2119.2,0.0,9.0,1152.8
2025-11-03,SKU0077,1091.2,2758.7,9.0,1152.8
2025-11-10,SKU0077,3070.9,0.0,9.0,1152.8
2025-11-17,SKU0077,2181.9,0.0,9.0,1152.8
2025-11-24,SKU0077,922.9,2758.7,9.0,1152.8
2025-12-01,SKU0077,2868.7,0.0,9.0,1152.8
2025-12-08,SKU0077,2034.7,0.0,9.0,1152.8
2025-12-15,SKU0077,1042.7,2758.7,9.0,1152.8
2025-12-22,SKU0077,2288.4,0.0,9.0,1152.8
2025-12-29,SKU0077,1324.4,0.0,9.0,1152.8
2026-01-05,SKU0077,677.4,2758.7,9.0,1152.8
2026-01-12,SKU0077,2886.1,0.0,9.0,1152.8
2026-01-19,SKU0077,2393.1,0.0,9.0,1152.8
2026-01-26,SKU0077,1845.1,0.0,9.0,1152.8
2026-02-02,SKU0077,1333.1,0.0,9.0,1152.8
2026-02-09,SKU0077,821.1,2758.7,9.0,1152.8
2026-02-16,SKU0077,3033.8,0.0,9.0,1152.8
2026-02-23,SKU0077,2538.8,0.0,9.0,1152.8
2026-03-02,SKU0077,1971.8,0.0,9.0,1152.8
2026-03-09,SKU0077,1359.8,0.0,9.0,1152.8
2026-03-16,SKU0077,692.8,2758.7,9.0,1152.8
2026-03-23,SKU0077,2875.5,0.0,9.0,1152.8
2026-03-30,SKU0077,2256.5,0.0,9.0,1152.8
2026-04-06,SKU0077,1679.5,0.0,9.0,1152.8
2026-04-13,SKU0077,1147.5,2758.7,9.0,1152.8
2026-04-20,SKU0077,3332.2,0.0,9.0,1152.8
2026-04-27,SKU0077,2717.2,0.0,9.0,1152.8
2026-05-04,SKU0077,2153.2,0.0,9.0,1152.8
2026-05-11,SKU0077,1572.2,0.0,9.0,1152.8
2026-05-18,SKU0077,934.2,2758.7,9.0,1152.8
2026-05-25,SKU0077,3094.0,0.0,9.0,1152.8
2026-06-01,SKU0077,2507.0,0.0,9.0,1152.8
2026-06-08,SKU0077,1915.0,0.0,9.0,1152.8
2026-06-15,SKU0077,968.0,2758.7,9.0,1152.8
2026-06-22,SKU0077,2770.7,0.0,9.0,1152.8
2026-06-29,SKU0077,2194.7,0.0,9.0,1152.8
2026-07-06,SKU0077,1571.7,0.0,9.0,1152.8
2026-07-13,SKU0077,965.7,2758.7,9.0,1152.8
2024-07-29,SKU0078,4.0,0.0,11.0,2.0
2024-08-05,SKU0078,3.0,0.0,11.0,2.0
2024-08-12,SKU0078,2.0,0.0,11.0,2.0
2024-08-19,SKU0078,2.0,0.0,11.0,2.0
2024-08-26,SKU0078,1.0,4.0,11.0,2.0
2024-09-02,SKU0078,1.0,4.0,11.0,2.0
2024-09-09,SKU0078,5.0,0.0,11.0,2.0
2024-09-16,SKU0078,5.0,0.0,11.0,2.0
2024-09-23,SKU0078,4.0,0.0,11.0,2.0
2024-09-30,SKU0078,4.0,0.0,11.0,2.0
2024-10-07,SKU0078,5.0,0.0,11.0,2.0
2024-10-14,SKU0078,3.0,0.0,11.0,2.0
2024-10-21,SKU0078,3.0,0.0,11.0,2.0
2024-10-28,SKU0078,0.0,4.0,11.0,2.0
2024-11-04,SKU0078,0.0,4.0,11.0,2.0
2024-11-11,SKU0078,4.0,0.0,11.0,2.0
2024-11-18,SKU0078,1.0,4.0,11.0,2.0
2024-11-25,SKU0078,1.0,4.0,11.0,2.0
2024-12-02,SKU0078,4.0,0.0,11.0,2.0
2024-12-09,SKU0078,4.0,0.0,11.0,2.0
2024-12-16,SKU0078,4.0,0.0,11.0,2.0
2024-12-23,SKU0078,4.0,0.0,11.0,2.0
2024-12-30,SKU0078,1.0,4.0,11.0,2.0
2025-01-06,SKU0078,1.0,4.0,11.0,2.0
2025-01-13,SKU0078,3.0,0.0,11.0,2.0
2025-01-20,SKU0078,3.0,0.0,11.0,2.0
2025-01-27,SKU0078,3.0,0.0,11.0,2.0
2025-02-03,SKU0078,3.0,0.0,11.0,2.0
2025-02-10,SKU0078,2.0,0.0,11.0,2.0
2025-02-17,SKU0078,2.0,0.0,11.0,2.0
2025-02-24,SKU0078,2.0,0.0,11.0,2.0
2025-03-03,SKU0078,0.0,4.0,11.0,2.0
2025-03-10,SKU0078,0.0,4.0,11.0,2.0
2025-03-17,SKU0078,2.0,0.0,11.0,2.0
2025-03-24,SKU0078,2.0,0.0,11.0,2.0
2025-03-31,SKU0078,1.0,4.0,11.0,2.0
2025-04-07,SKU0078,1.0,4.0,11.0,2.0
2025-04-14,SKU0078,5.0,0.0,11.0,2.0
2025-04-21,SKU0078,4.0,0.0,11.0,2.0
2025-04-28,SKU0078,4.0,0.0,11.0,2.0
2025-05-05,SKU0078,3.0,0.0,11.0,2.0
2025-05-12,SKU0078,3.0,0.0,11.0,2.0
2025-05-19,SKU0078,3.0,0.0,11.0,2.0
2025-05-26,SKU0078,2.0,0.0,11.0,2.0
2025-06-02,SKU0078,1.0,4.0,11.0,2.0
2025-06-09,SKU0078,1.0,4.0,11.0,2.0
2025-06-16,SKU0078,0.0,4.0,11.0,2.0
2025-06-23,SKU0078,0.0,4.0,11.0,2.0
2025-06-30,SKU0078,2.0,0.0,11.0,2.0
2025-07-07,SKU0078,2.0,0.0,11.0,2.0
2025-07-14,SKU0078,0.0,4.0,11.0,2.0
2025-07-21,SKU0078,0.0,4.0,11.0,2.0
2025-07-28,SKU0078,3.0,0.0,11.0,2.0
2025-08-04,SKU0078,2.0,0.0,11.0,2.0
2025-08-11,SKU0078,2.0,0.0,11.0,2.0
2025-08-18,SKU0078,1.0,4.0,11.0,2.0
2025-08-25,SKU0078,0.0,4.0,11.0,2.0
2025-09-01,SKU0078,3.0,0.0,11.0,2.0
2025-09-08,SKU0078,1.0,4.0,11.0,2.0
2025-09-15,SKU0078,0.0,4.0,11.0,2.0
2025-09-22,SKU0078,4.0,0.0,11.0,2.0
2025-09-29,SKU0078,3.0,0.0,11.0,2.0
2025-10-06,SKU0078,1.0,4.0,11.0,2.0
2025-10-13,SKU0078,0.0,4.0,11.0,2.0
2025-10-20,SKU0078,1.0,4.0,11.0,2.0
2025-10-27,SKU0078,0.0,4.0,11.0,2.0
2025-11-03,SKU0078,4.0,0.0,11.0,2.0
2025-11-10,SKU0078,0.0,4.0,11.0,2.0
2025-11-17,SKU0078,0.0,4.0,11.0,2.0
2025-11-24,SKU0078,3.0,0.0,11.0,2.0
2025-12-01,SKU0078,1.0,4.0,11.0,2.0
2025-12-08,SKU0078,1.0,4.0,11.0,2.0
2025-12-15,SKU0078,4.0,0.0,11.0,2.0
2025-12-22,SKU0078,4.0,0.0,11.0,2.0
2025-12-29,SKU0078,4.0,0.0,11.0,2.0
2026-01-05,SKU0078,4.0,0.0,11.0,2.0
2026-01-12,SKU0078,4.0,0.0,11.0,2.0
2026-01-19,SKU0078,4.0,0.0,11.0,2.0
2026-01-26,SKU0078,4.0,0.0,11.0,2.0
2026-02-02,SKU0078,4.0,0.0,11.0,2.0
2026-02-09,SKU0078,3.0,0.0,11.0,2.0
2026-02-16,SKU0078,2.0,0.0,11.0,2.0
2026-02-23,SKU0078,1.0,4.0,11.0,2.0
2026-03-02,SKU0078,1.0,4.0,11.0,2.0
2026-03-09,SKU0078,3.0,0.0,11.0,2.0
2026-03-16,SKU0078,1.0,4.0,11.0,2.0
2026-03-23,SKU0078,0.0,4.0,11.0,2.0
2026-03-30,SKU0078,4.0,0.0,11.0,2.0
2026-04-06,SKU0078,2.0,0.0,11.0,2.0
2026-04-13,SKU0078,2.0,0.0,11.0,2.0
2026-04-20,SKU0078,0.0,4.0,11.0,2.0
2026-04-27,SKU0078,0.0,4.0,11.0,2.0
2026-05-04,SKU0078,4.0,0.0,11.0,2.0
2026-05-11,SKU0078,3.0,0.0,11.0,2.0
2026-05-18,SKU0078,1.0,4.0,11.0,2.0
2026-05-25,SKU0078,0.0,4.0,11.0,2.0
2026-06-01,SKU0078,4.0,0.0,11.0,2.0
2026-06-08,SKU0078,4.0,0.0,11.0,2.0
2026-06-15,SKU0078,3.0,0.0,11.0,2.0
2026-06-22,SKU0078,2.0,0.0,11.0,2.0
2026-06-29,SKU0078,2.0,0.0,11.0,2.0
2026-07-06,SKU0078,0.0,4.0,11.0,2.0
2026-07-13,SKU0078,0.0,4.0,11.0,2.0
2024-07-29,SKU0079,601.9,748.9,18.0,625.9
2024-08-05,SKU0079,478.9,748.9,18.0,625.9
2024-08-12,SKU0079,331.9,748.9,18.0,625.9
2024-08-19,SKU0079,929.8,0.0,18.0,625.9
2024-08-26,SKU0079,793.8,0.0,18.0,625.9
2024-09-02,SKU0079,666.8,0.0,18.0,625.9
2024-09-09,SKU0079,525.8,748.9,18.0,625.9
2024-09-16,SKU0079,390.8,748.9,18.0,625.9
2024-09-23,SKU0079,254.8,748.9,18.0,625.9
2024-09-30,SKU0079,832.7,0.0,18.0,625.9
2024-10-07,SKU0079,620.7,748.9,18.0,625.9
2024-10-14,SKU0079,299.7,748.9,18.0,625.9
2024-10-21,SKU0079,11.7,748.9,18.0,625.9
2024-10-28,SKU0079,425.5,748.9,18.0,625.9
2024-11-04,SKU0079,222.5,748.9,18.0,625.9
2024-11-11,SKU0079,12.5,748.9,18.0,625.9
2024-11-18,SKU0079,553.4,748.9,18.0,625.9
2024-11-25,SKU0079,234.4,748.9,18.0,625.9
2024-12-02,SKU0079,26.4,748.9,18.0,625.9
2024-12-09,SKU0079,577.3,748.9,18.0,625.9
2024-12-16,SKU0079,297.3,748.9,18.0,625.9
2024-12-23,SKU0079,0.0,748.9,18.0,625.9
2024-12-30,SKU0079,499.9,748.9,18.0,625.9
2025-01-06,SKU0079,362.9,748.9,18.0,625.9
2025-01-13,SKU0079,243.9,748.9,18.0,625.9
2025-01-20,SKU0079,858.8,0.0,18.0,625.9
2025-01-27,SKU0079,735.8,0.0,18.0,625.9
2025-02-03,SKU0079,612.8,748.9,18.0,625.9
2025-02-10,SKU0079,477.8,748.9,18.0,625.9
2025-02-17,SKU0079,363.8,748.9,18.0,625.9
2025-02-24,SKU0079,968.7,0.0,18.0,625.9
2025-03-03,SKU0079,808.7,0.0,18.0,625.9
2025-03-10,SKU0079,676.7,0.0,18.0,625.9
2025-03-17,SKU0079,518.7,748.9,18.0,625.9
2025-03-24,SKU0079,361.7,748.9,18.0,625.9
2025-03-31,SKU0079,206.7,748.9,18.0,625.9
2025-04-07,SKU0079,816.5,0.0,18.0,625.9
2025-04-14,SKU0079,656.5,0.0,18.0,625.9
2025-04-21,SKU0079,506.5,748.9,18.0,625.9
2025-04-28,SKU0079,361.5,748.9,18.0,625.9
2025-05-05,SKU0079,229.5,748.9,18.0,625.9
2025-05-12,SKU0079,804.4,0.0,18.0,625.9
2025-05-19,SKU0079,632.4,0.0,18.0,625.9
2025-05-26,SKU0079,472.4,748.9,18.0,625.9
2025-06-02,SKU0079,310.4,748.9,18.0,625.9
2025-06-09,SKU0079,142.4,748.9,18.0,625.9
2025-06-16,SKU0079,659.3,0.0,18.0,625.9
2025-06-23,SKU0079,401.3,748.9,18.0,625.9
2025-06-30,SKU0079,236.3,748.9,18.0,625.9
2025-07-07,SKU0079,69.3,748.9,18.0,625.9
2025-07-14,SKU0079,644.2,0.0,18.0,625.9
2025-07-21,SKU0079,491.2,748.9,18.0,625.9
2025-07-28,SKU0079,327.2,748.9,18.0,625.9
2025-08-04,SKU0079,181.2,748.9,18.0,625.9
2025-08-11,SKU0079,769.1,0.0,18.0,625.9
2025-08-18,SKU0079,620.1,748.9,18.0,625.9
2025-08-25,SKU0079,448.1,748.9,18.0,625.9
2025-09-01,SKU0079,262.1,748.9,18.0,625.9
2025-09-08,SKU0079,864.0,0.0,18.0,625.9
2025-09-15,SKU0079,693.0,0.0,18.0,625.9
2025-09-22,SKU0079,524.0,748.9,18.0,625.9
2025-09-29,SKU0079,318.0,748.9,18.0,625.9
2025-10-06,SKU0079,135.0,748.9,18.0,625.9
2025-10-13,SKU0079,526.8,748.9,18.0,625.9
2025-10-20,SKU0079,227.8,748.9,18.0,625.9
2025-10-27,SKU0079,0.0,748.9,18.0,625.9
2025-11-03,SKU0079,462.9,748.9,18.0,625.9
2025-11-10,SKU0079,241.9,748.9,18.0,625.9
2025-11-17,SKU0079,12.9,748.9,18.0,625.9
2025-11-24,SKU0079,427.8,748.9,18.0,625.9
2025-12-01,SKU0079,217.8,748.9,18.0,625.9
2025-12-08,SKU0079,0.0,748.9,18.0,625.9
2025-12-15,SKU0079,462.9,748.9,18.0,625.9
2025-12-22,SKU0079,84.9,748.9,18.0,625.9
2025-12-29,SKU0079,0.0,748.9,18.0,625.9
2026-01-05,SKU0079,572.9,748.9,18.0,625.9
2026-01-12,SKU0079,413.9,748.9,18.0,625.9
2026-01-19,SKU0079,259.9,748.9,18.0,625.9
2026-01-26,SKU0079,875.8,0.0,18.0,625.9
2026-02-02,SKU0079,744.8,0.0,18.0,625.9
2026-02-09,SKU0079,601.8,748.9,18.0,625.9
2026-02-16,SKU0079,443.8,748.9,18.0,625.9
2026-02-23,SKU0079,273.8,748.9,18.0,625.9
2026-03-02,SKU0079,857.7,0.0,18.0,625.9
2026-03-09,SKU0079,685.7,0.0,18.0,625.9
2026-03-16,SKU0079,523.7,748.9,18.0,625.9
2026-03-23,SKU0079,361.7,748.9,18.0,625.9
2026-03-30,SKU0079,214.7,748.9,18.0,625.9
2026-04-06,SKU0079,805.5,0.0,18.0,625.9
2026-04-13,SKU0079,628.5,0.0,18.0,625.9
2026-04-20,SKU0079,459.5,748.9,18.0,625.9
2026-04-27,SKU0079,279.5,748.9,18.0,625.9
2026-05-04,SKU0079,97.5,748.9,18.0,625.9
2026-05-11,SKU0079,670.4,0.0,18.0,625.9
2026-05-18,SKU0079,483.4,748.9,18.0,625.9
2026-05-25,SKU0079,314.4,748.9,18.0,625.9
2026-06-01,SKU0079,172.4,748.9,18.0,625.9
2026-06-08,SKU0079,742.3,0.0,18.0,625.9
2026-06-15,SKU0079,498.3,748.9,18.0,625.9
2026-06-22,SKU0079,204.3,748.9,18.0,625.9
2026-06-29,SKU0079,7.3,748.9,18.0,625.9
2026-07-06,SKU0079,585.2,748.9,18.0,625.9
2026-07-13,SKU0079,424.2,748.9,18.0,625.9
2024-07-22,SKU0080,156.8,207.8,24.0,231.6
2024-07-29,SKU0080,105.8,207.8,24.0,231.6
2024-08-05,SKU0080,71.8,207.8,24.0,231.6
2024-08-12,SKU0080,232.6,0.0,24.0,231.6
2024-08-19,SKU0080,195.6,207.8,24.0,231.6
2024-08-26,SKU0080,161.6,207.8,24.0,231.6
2024-09-02,SKU0080,122.6,207.8,24.0,231.6
2024-09-09,SKU0080,294.4,0.0,24.0,231.6
2024-09-16,SKU0080,252.4,0.0,24.0,231.6
2024-09-23,SKU0080,213.4,207.8,24.0,231.6
2024-09-30,SKU0080,154.4,207.8,24.0,231.6
2024-10-07,SKU0080,92.4,207.8,24.0,231.6
2024-10-14,SKU0080,209.2,207.8,24.0,231.6
2024-10-21,SKU0080,108.2,207.8,24.0,231.6
2024-10-28,SKU0080,20.2,207.8,24.0,231.6
2024-11-04,SKU0080,165.0,207.8,24.0,231.6
2024-11-11,SKU0080,102.0,207.8,24.0,231.6
2024-11-18,SKU0080,46.0,207.8,24.0,231.6
2024-11-25,SKU0080,153.9,207.8,24.0,231.6
2024-12-02,SKU0080,100.9,207.8,24.0,231.6
2024-12-09,SKU0080,40.9,207.8,24.0,231.6
2024-12-16,SKU0080,174.7,207.8,24.0,231.6
2024-12-23,SKU0080,73.7,207.8,24.0,231.6
2024-12-30,SKU0080,11.7,207.8,24.0,231.6
2025-01-06,SKU0080,176.5,207.8,24.0,231.6
2025-01-13,SKU0080,153.5,207.8,24.0,231.6
2025-01-20,SKU0080,126.5,207.8,24.0,231.6
2025-01-27,SKU0080,304.3,0.0,24.0,231.6
2025-02-03,SKU0080,265.3,0.0,24.0,231.6
2025-02-10,SKU0080,236.3,0.0,24.0,231.6
2025-02-17,SKU0080,191.3,207.8,24.0,231.6
2025-02-24,SKU0080,150.3,207.8,24.0,231.6
2025-03-03,SKU0080,95.3,207.8,24.0,231.6
2025-03-10,SKU0080,270.1,0.0,24.0,231.6
2025-03-17,SKU0080,229.1,207.8,24.0,231.6
2025-03-24,SKU0080,188.1,207.8,24.0,231.6
2025-03-31,SKU0080,145.1,207.8,24.0,231.6
2025-04-07,SKU0080,302.9,0.0,24.0,231.6
2025-04-14,SKU0080,264.9,0.0,24.0,231.6
2025-04-21,SKU0080,225.9,207.8,24.0,231.6
2025-04-28,SKU0080,182.9,207.8,24.0,231.6
2025-05-05,SKU0080,127.9,207.8,24.0,231.6
2025-05-12,SKU0080,301.7,0.0,24.0,231.6
2025-05-19,SKU0080,249.7,0.0,24.0,231.6
2025-05-26,SKU0080,217.7,207.8,24.0,231.6
2025-06-02,SKU0080,166.7,207.8,24.0,231.6
2025-06-09,SKU0080,111.7,207.8,24.0,231.6
2025-06-16,SKU0080,234.5,0.0,24.0,231.6
2025-06-23,SKU0080,172.5,207.8,24.0,231.6
2025-06-30,SKU0080,107.5,207.8,24.0,231.6
2025-07-07,SKU0080,63.5,207.8,24.0,231.6
2025-07-14,SKU0080,229.3,207.8,24.0,231.6
2025-07-21,SKU0080,187.3,207.8,24.0,231.6
2025-07-28,SKU0080,132.3,207.8,24.0,231.6
2025-08-04,SKU0080,304.1,0.0,24.0,231.6
2025-08-11,SKU0080,269.1,0.0,24.0,231.6
2025-08-18,SKU0080,227.1,207.8,24.0,231.6
2025-08-25,SKU0080,189.1,207.8,24.0,231.6
2025-09-01,SKU0080,144.1,207.8,24.0,231.6
2025-09-08,SKU0080,309.0,0.0,24.0,231.6
2025-09-15,SKU0080,251.0,0.0,24.0,231.6
2025-09-22,SKU0080,197.0,207.8,24.0,231.6
2025-09-29,SKU0080,158.0,207.8,24.0,231.6
2025-10-06,SKU0080,97.0,207.8,24.0,231.6
2025-10-13,SKU0080,214.8,207.8,24.0,231.6
2025-10-20,SKU0080,123.8,207.8,24.0,231.6
2025-10-27,SKU0080,26.8,207.8,24.0,231.6
2025-11-03,SKU0080,164.6,207.8,24.0,231.6
2025-11-10,SKU0080,113.6,207.8,24.0,231.6
2025-11-17,SKU0080,51.6,207.8,24.0,231.6
2025-11-24,SKU0080,172.4,207.8,24.0,231.6
2025-12-01,SKU0080,110.4,207.8,24.0,231.6
2025-12-08,SKU0080,55.4,207.8,24.0,231.6
2025-12-15,SKU0080,184.2,207.8,24.0,231.6
2025-12-22,SKU0080,79.2,207.8,24.0,231.6
2025-12-29,SKU0080,13.2,207.8,24.0,231.6
2026-01-05,SKU0080,175.0,207.8,24.0,231.6
2026-01-12,SKU0080,135.0,207.8,24.0,231.6
2026-01-19,SKU0080,93.0,207.8,24.0,231.6
2026-01-26,SKU0080,255.8,0.0,24.0,231.6
2026-02-02,SKU0080,212.8,207.8,24.0,231.6
2026-02-09,SKU0080,173.8,207.8,24.0,231.6
2026-02-16,SKU0080,130.8,207.8,24.0,231.6
2026-02-23,SKU0080,299.6,0.0,24.0,231.6
2026-03-02,SKU0080,259.6,0.0,24.0,231.6
2026-03-09,SKU0080,213.6,207.8,24.0,231.6
2026-03-16,SKU0080,175.6,207.8,24.0,231.6
2026-03-23,SKU0080,135.6,207.8,24.0,231.6
2026-03-30,SKU0080,304.4,0.0,24.0,231.6
2026-04-06,SKU0080,263.4,0.0,24.0,231.6
2026-04-13,SKU0080,222.4,207.8,24.0,231.6
2026-04-20,SKU0080,183.4,207.8,24.0,231.6
2026-04-27,SKU0080,147.4,207.8,24.0,231.6
2026-05-04,SKU0080,311.2,0.0,24.0,231.6
2026-05-11,SKU0080,265.2,0.0,24.0,231.6
2026-05-18,SKU0080,206.2,207.8,24.0,231.6
2026-05-25,SKU0080,166.2,207.8,24.0,231.6
2026-06-01,SKU0080,109.2,207.8,24.0,231.6
2026-06-08,SKU0080,271.0,0.0,24.0,231.6
2026-06-15,SKU0080,187.0,207.8,24.0,231.6
2026-06-22,SKU0080,114.0,207.8,24.0,231.6
2026-06-29,SKU0080,67.0,207.8,24.0,231.6
2026-07-06,SKU0080,230.9,207.8,24.0,231.6
2026-07-13,SKU0080,175.9,207.8,24.0,231.6
2024-07-29,SKU0081,122.2,154.2,19.0,136.1
2024-08-05,SKU0081,90.2,154.2,19.0,136.1
2024-08-12,SKU0081,63.2,154.2,19.0,136.1
2024-08-19,SKU0081,181.5,0.0,19.0,136.1
2024-08-26,SKU0081,151.5,0.0,19.0,136.1
2024-09-02,SKU0081,115.5,154.2,19.0,136.1
2024-09-09,SKU0081,86.5,154.2,19.0,136.1
2024-09-16,SKU0081,63.5,154.2,19.0,136.1
2024-09-23,SKU0081,188.7,0.0,19.0,136.1
2024-09-30,SKU0081,145.7,0.0,19.0,136.1
2024-10-07,SKU0081,97.7,154.2,19.0,136.1
2024-10-14,SKU0081,38.7,154.2,19.0,136.1
2024-10-21,SKU0081,0.0,154.2,19.0,136.1
2024-10-28,SKU0081,80.2,154.2,19.0,136.1
2024-11-04,SKU0081,40.2,154.2,19.0,136.1
2024-11-11,SKU0081,0.0,154.2,19.0,136.1
2024-11-18,SKU0081,108.2,154.2,19.0,136.1
2024-11-25,SKU0081,43.2,154.2,19.0,136.1
2024-12-02,SKU0081,5.2,154.2,19.0,136.1
2024-12-09,SKU0081,119.5,154.2,19.0,136.1
2024-12-16,SKU0081,69.5,154.2,19.0,136.1
2024-12-23,SKU0081,5.5,154.2,19.0,136.1
2024-12-30,SKU0081,109.7,154.2,19.0,136.1
2025-01-06,SKU0081,83.7,154.2,19.0,136.1
2025-01-13,SKU0081,43.7,154.2,19.0,136.1
2025-01-20,SKU0081,180.9,0.0,19.0,136.1
2025-01-27,SKU0081,154.9,0.0,19.0,136.1
2025-02-03,SKU0081,131.9,154.2,19.0,136.1
2025-02-10,SKU0081,102.9,154.2,19.0,136.1
2025-02-17,SKU0081,78.9,154.2,19.0,136.1
2025-02-24,SKU0081,207.2,0.0,19.0,136.1
2025-03-03,SKU0081,182.2,0.0,19.0,136.1
2025-03-10,SKU0081,159.2,0.0,19.0,136.1
2025-03-17,SKU0081,120.2,154.2,19.0,136.1
2025-03-24,SKU0081,84.2,154.2,19.0,136.1
2025-03-31,SKU0081,55.2,154.2,19.0,136.1
2025-04-07,SKU0081,178.4,0.0,19.0,136.1
2025-04-14,SKU0081,148.4,0.0,19.0,136.1
2025-04-21,SKU0081,109.4,154.2,19.0,136.1
2025-04-28,SKU0081,77.4,154.2,19.0,136.1
2025-05-05,SKU0081,50.4,154.2,19.0,136.1
2025-05-12,SKU0081,183.6,0.0,19.0,136.1
2025-05-19,SKU0081,148.6,0.0,19.0,136.1
2025-05-26,SKU0081,122.6,154.2,19.0,136.1
2025-06-02,SKU0081,94.6,154.2,19.0,136.1
2025-06-09,SKU0081,60.6,154.2,19.0,136.1
2025-06-16,SKU0081,164.8,0.0,19.0,136.1
2025-06-23,SKU0081,114.8,154.2,19.0,136.1
2025-06-30,SKU0081,76.8,154.2,19.0,136.1
2025-07-07,SKU0081,47.8,154.2,19.0,136.1
2025-07-14,SKU0081,167.1,0.0,19.0,136.1
2025-07-21,SKU0081,140.1,0.0,19.0,136.1
2025-07-28,SKU0081,98.1,154.2,19.0,136.1
2025-08-04,SKU0081,65.1,154.2,19.0,136.1
2025-08-11,SKU0081,25.1,154.2,19.0,136.1
2025-08-18,SKU0081,154.3,0.0,19.0,136.1
2025-08-25,SKU0081,117.3,154.2,19.0,136.1
2025-09-01,SKU0081,76.3,154.2,19.0,136.1
2025-09-08,SKU0081,31.3,154.2,19.0,136.1
2025-09-15,SKU0081,157.5,0.0,19.0,136.1
2025-09-22,SKU0081,121.5,154.2,19.0,136.1
2025-09-29,SKU0081,75.5,154.2,19.0,136.1
2025-10-06,SKU0081,37.5,154.2,19.0,136.1
2025-10-13,SKU0081,118.8,154.2,19.0,136.1
2025-10-20,SKU0081,46.8,154.2,19.0,136.1
2025-10-27,SKU0081,0.0,154.2,19.0,136.1
2025-11-03,SKU0081,104.2,154.2,19.0,136.1
2025-11-10,SKU0081,50.2,154.2,19.0,136.1
2025-11-17,SKU0081,8.2,154.2,19.0,136.1
2025-11-24,SKU0081,120.5,154.2,19.0,136.1
2025-12-01,SKU0081,61.5,154.2,19.0,136.1
2025-12-08,SKU0081,25.5,154.2,19.0,136.1
2025-12-15,SKU0081,127.7,154.2,19.0,136.1
2025-12-22,SKU0081,60.7,154.2,19.0,136.1
2025-12-29,SKU0081,0.0,154.2,19.0,136.1
2026-01-05,SKU0081,118.2,154.2,19.0,136.1
2026-01-12,SKU0081,82.2,154.2,19.0,136.1
2026-01-19,SKU0081,52.2,154.2,19.0,136.1
2026-01-26,SKU0081,185.5,0.0,19.0,136.1
2026-02-02,SKU0081,150.5,0.0,19.0,136.1
2026-02-09,SKU0081,121.5,154.2,19.0,136.1
2026-02-16,SKU0081,87.5,154.2,19.0,136.1
2026-02-23,SKU0081,48.5,154.2,19.0,136.1
2026-03-02,SKU0081,170.7,0.0,19.0,136.1
2026-03-09,SKU0081,140.7,0.0,19.0,136.1
2026-03-16,SKU0081,105.7,154.2,19.0,136.1
2026-03-23,SKU0081,67.7,154.2,19.0,136.1
2026-03-30,SKU0081,33.7,154.2,19.0,136.1
2026-04-06,SKU0081,159.9,0.0,19.0,136.1
2026-04-13,SKU0081,129.9,154.2,19.0,136.1
2026-04-20,SKU0081,87.9,154.2,19.0,136.1
2026-04-27,SKU0081,59.9,154.2,19.0,136.1
2026-05-04,SKU0081,175.2,0.0,19.0,136.1
2026-05-11,SKU0081,141.2,0.0,19.0,136.1
2026-05-18,SKU0081,109.2,154.2,19.0,136.1
2026-05-25,SKU0081,71.2,154.2,19.0,136.1
2026-06-01,SKU0081,41.2,154.2,19.0,136.1
2026-06-08,SKU0081,156.4,0.0,19.0,136.1
2026-06-15,SKU0081,96.4,154.2,19.0,136.1
2026-06-22,SKU0081,36.4,154.2,19.0,136.1
2026-06-29,SKU0081,0.0,154.2,19.0,136.1
2026-07-06,SKU0081,113.2,154.2,19.0,136.1
2026-07-13,SKU0081,73.2,154.2,19.0,136.1
2024-07-29,SKU0082,201.9,0.0,7.0,84.8
2024-08-05,SKU0082,144.9,0.0,7.0,84.8
2024-08-12,SKU0082,112.9,0.0,7.0,84.8
2024-08-19,SKU0082,58.9,260.9,7.0,84.8
2024-08-26,SKU0082,256.8,0.0,7.0,84.8
2024-09-02,SKU0082,206.8,0.0,7.0,84.8
2024-09-09,SKU0082,154.8,0.0,7.0,84.8
2024-09-16,SKU0082,90.8,0.0,7.0,84.8
2024-09-23,SKU0082,34.8,260.9,7.0,84.8
2024-09-30,SKU0082,222.8,0.0,7.0,84.8
2024-10-07,SKU0082,150.8,0.0,7.0,84.8
2024-10-14,SKU0082,44.8,260.9,7.0,84.8
2024-10-21,SKU0082,204.7,0.0,7.0,84.8
2024-10-28,SKU0082,95.7,0.0,7.0,84.8
2024-11-04,SKU0082,17.7,260.9,7.0,84.8
2024-11-11,SKU0082,193.6,0.0,7.0,84.8
2024-11-18,SKU0082,92.6,0.0,7.0,84.8
2024-11-25,SKU0082,0.0,260.9,7.0,84.8
2024-12-02,SKU0082,209.9,0.0,7.0,84.8
2024-12-09,SKU0082,145.9,0.0,7.0,84.8
2024-12-16,SKU0082,68.9,260.9,7.0,84.8
2024-12-23,SKU0082,218.8,0.0,7.0,84.8
2024-12-30,SKU0082,129.8,0.0,7.0,84.8
2025-01-06,SKU0082,73.8,260.9,7.0,84.8
2025-01-13,SKU0082,289.8,0.0,7.0,84.8
2025-01-20,SKU0082,255.8,0.0,7.0,84.8
2025-01-27,SKU0082,206.8,0.0,7.0,84.8
2025-02-03,SKU0082,162.8,0.0,7.0,84.8
2025-02-10,SKU0082,121.8,0.0,7.0,84.8
2025-02-17,SKU0082,81.8,260.9,7.0,84.8
2025-02-24,SKU0082,294.7,0.0,7.0,84.8
2025-03-03,SKU0082,246.7,0.0,7.0,84.8
2025-03-10,SKU0082,185.7,0.0,7.0,84.8
2025-03-17,SKU0082,123.7,0.0,7.0,84.8
2025-03-24,SKU0082,79.7,260.9,7.0,84.8
2025-03-31,SKU0082,279.6,0.0,7.0,84.8
2025-04-07,SKU0082,218.6,0.0,7.0,84.8
2025-04-14,SKU0082,155.6,0.0,7.0,84.8
2025-04-21,SKU0082,99.6,0.0,7.0,84.8
2025-04-28,SKU0082,64.6,260.9,7.0,84.8
2025-05-05,SKU0082,256.5,0.0,7.0,84.8
2025-05-12,SKU0082,206.5,0.0,7.0,84.8
2025-05-19,SKU0082,151.5,0.0,7.0,84.8
2025-05-26,SKU0082,98.5,0.0,7.0,84.8
2025-06-02,SKU0082,46.5,260.9,7.0,84.8
2025-06-09,SKU0082,251.5,0.0,7.0,84.8
2025-06-16,SKU0082,179.5,0.0,7.0,84.8
2025-06-23,SKU0082,84.5,260.9,7.0,84.8
2025-06-30,SKU0082,285.4,0.0,7.0,84.8
2025-07-07,SKU0082,235.4,0.0,7.0,84.8
2025-07-14,SKU0082,188.4,0.0,7.0,84.8
2025-07-21,SKU0082,139.4,0.0,7.0,84.8
2025-07-28,SKU0082,81.4,260.9,7.0,84.8
2025-08-04,SKU0082,298.3,0.0,7.0,84.8
2025-08-11,SKU0082,237.3,0.0,7.0,84.8
2025-08-18,SKU0082,171.3,0.0,7.0,84.8
2025-08-25,SKU0082,113.3,0.0,7.0,84.8
2025-09-01,SKU0082,60.3,260.9,7.0,84.8
2025-09-08,SKU0082,277.2,0.0,7.0,84.8
2025-09-15,SKU0082,211.2,0.0,7.0,84.8
2025-09-22,SKU0082,156.2,0.0,7.0,84.8
2025-09-29,SKU0082,95.2,0.0,7.0,84.8
2025-10-06,SKU0082,16.2,260.9,7.0,84.8
2025-10-13,SKU0082,148.2,0.0,7.0,84.8
2025-10-20,SKU0082,30.2,260.9,7.0,84.8
2025-10-27,SKU0082,179.1,0.0,7.0,84.8
2025-11-03,SKU0082,90.1,0.0,7.0,84.8
2025-11-10,SKU0082,16.1,260.9,7.0,84.8
2025-11-17,SKU0082,202.0,0.0,7.0,84.8
2025-11-24,SKU0082,64.0,260.9,7.0,84.8
2025-12-01,SKU0082,267.9,0.0,7.0,84.8
2025-12-08,SKU0082,176.9,0.0,7.0,84.8
2025-12-15,SKU0082,73.9,260.9,7.0,84.8
2025-12-22,SKU0082,203.8,0.0,7.0,84.8
2025-12-29,SKU0082,110.8,0.0,7.0,84.8
2026-01-05,SKU0082,43.8,260.9,7.0,84.8
2026-01-12,SKU0082,266.8,0.0,7.0,84.8
2026-01-19,SKU0082,213.8,0.0,7.0,84.8
2026-01-26,SKU0082,166.8,0.0,7.0,84.8
2026-02-02,SKU0082,109.8,0.0,7.0,84.8
2026-02-09,SKU0082,72.8,260.9,7.0,84.8
2026-02-16,SKU0082,291.7,0.0,7.0,84.8
2026-02-23,SKU0082,244.7,0.0,7.0,84.8
2026-03-02,SKU0082,182.7,0.0,7.0,84.8
2026-03-09,SKU0082,129.7,0.0,7.0,84.8
2026-03-16,SKU0082,73.7,260.9,7.0,84.8
2026-03-23,SKU0082,277.6,0.0,7.0,84.8
2026-03-30,SKU0082,221.6,0.0,7.0,84.8
2026-04-06,SKU0082,146.6,0.0,7.0,84.8
2026-04-13,SKU0082,82.6,260.9,7.0,84.8
2026-04-20,SKU0082,288.5,0.0,7.0,84.8
2026-04-27,SKU0082,241.5,0.0,7.0,84.8
2026-05-04,SKU0082,179.5,0.0,7.0,84.8
2026-05-11,SKU0082,119.5,0.0,7.0,84.8
2026-05-18,SKU0082,62.5,260.9,7.0,84.8
2026-05-25,SKU0082,279.5,0.0,7.0,84.8
2026-06-01,SKU0082,219.5,0.0,7.0,84.8
2026-06-08,SKU0082,163.5,0.0,7.0,84.8
2026-06-15,SKU0082,76.5,260.9,7.0,84.8
2026-06-22,SKU0082,239.4,0.0,7.0,84.8
2026-06-29,SKU0082,176.4,0.0,7.0,84.8
2026-07-06,SKU0082,112.4,0.0,7.0,84.8
2026-07-13,SKU0082,58.4,260.9,7.0,84.8
2024-07-29,SKU0083,149.9,0.0,14.0,115.0
2024-08-05,SKU0083,116.9,0.0,14.0,115.0
2024-08-12,SKU0083,82.9,176.9,14.0,115.0
2024-08-19,SKU0083,51.9,176.9,14.0,115.0
2024-08-26,SKU0083,187.8,0.0,14.0,115.0
2024-09-02,SKU0083,155.8,0.0,14.0,115.0
2024-09-09,SKU0083,119.8,0.0,14.0,115.0
2024-09-16,SKU0083,84.8,176.9,14.0,115.0
2024-09-23,SKU0083,46.8,176.9,14.0,115.0
2024-09-30,SKU0083,181.8,0.0,14.0,115.0
2024-10-07,SKU0083,134.8,0.0,14.0,115.0
2024-10-14,SKU0083,56.8,176.9,14.0,115.0
2024-10-21,SKU0083,0.0,176.9,14.0,115.0
2024-10-28,SKU0083,96.9,176.9,14.0,115.0
2024-11-04,SKU0083,33.9,176.9,14.0,115.0
2024-11-11,SKU0083,154.8,0.0,14.0,115.0
2024-11-18,SKU0083,104.8,176.9,14.0,115.0
2024-11-25,SKU0083,28.8,176.9,14.0,115.0
2024-12-02,SKU0083,139.8,0.0,14.0,115.0
2024-12-09,SKU0083,90.8,176.9,14.0,115.0
2024-12-16,SKU0083,24.8,176.9,14.0,115.0
2024-12-23,SKU0083,131.7,0.0,14.0,115.0
2024-12-30,SKU0083,90.7,176.9,14.0,115.0
2025-01-06,SKU0083,56.7,176.9,14.0,115.0
2025-01-13,SKU0083,196.6,0.0,14.0,115.0
2025-01-20,SKU0083,168.6,0.0,14.0,115.0
2025-01-27,SKU0083,134.6,0.0,14.0,115.0
2025-02-03,SKU0083,98.6,176.9,14.0,115.0
2025-02-10,SKU0083,68.6,176.9,14.0,115.0
2025-02-17,SKU0083,207.5,0.0,14.0,115.0
2025-02-24,SKU0083,185.5,0.0,14.0,115.0
2025-03-03,SKU0083,155.5,0.0,14.0,115.0
2025-03-10,SKU0083,115.5,0.0,14.0,115.0
2025-03-17,SKU0083,77.5,176.9,14.0,115.0
2025-03-24,SKU0083,47.5,176.9,14.0,115.0
2025-03-31,SKU0083,180.5,0.0,14.0,115.0
2025-04-07,SKU0083,147.5,0.0,14.0,115.0
2025-04-14,SKU0083,111.5,176.9,14.0,115.0
2025-04-21,SKU0083,79.5,176.9,14.0,115.0
2025-04-28,SKU0083,214.4,0.0,14.0,115.0
2025-05-05,SKU0083,177.4,0.0,14.0,115.0
2025-05-12,SKU0083,143.4,0.0,14.0,115.0
2025-05-19,SKU0083,94.4,176.9,14.0,115.0
2025-05-26,SKU0083,63.4,176.9,14.0,115.0
2025-06-02,SKU0083,198.3,0.0,14.0,115.0
2025-06-09,SKU0083,167.3,0.0,14.0,115.0
2025-06-16,SKU0083,100.3,176.9,14.0,115.0
2025-06-23,SKU0083,46.3,176.9,14.0,115.0
2025-06-30,SKU0083,184.2,0.0,14.0,115.0
2025-07-07,SKU0083,152.2,0.0,14.0,115.0
2025-07-14,SKU0083,108.2,176.9,14.0,115.0
2025-07-21,SKU0083,68.2,176.9,14.0,115.0
2025-07-28,SKU0083,213.2,0.0,14.0,115.0
2025-08-04,SKU0083,188.2,0.0,14.0,115.0
2025-08-11,SKU0083,150.2,0.0,14.0,115.0
2025-08-18,SKU0083,105.2,176.9,14.0,115.0
2025-08-25,SKU0083,72.2,176.9,14.0,115.0
2025-09-01,SKU0083,199.1,0.0,14.0,115.0
2025-09-08,SKU0083,166.1,0.0,14.0,115.0
2025-09-15,SKU0083,133.1,0.0,14.0,115.0
2025-09-22,SKU0083,99.1,176.9,14.0,115.0
2025-09-29,SKU0083,49.1,176.9,14.0,115.0
2025-10-06,SKU0083,192.0,0.0,14.0,115.0
2025-10-13,SKU0083,118.0,0.0,14.0,115.0
2025-10-20,SKU0083,31.0,176.9,14.0,115.0
2025-10-27,SKU0083,0.0,176.9,14.0,115.0
2025-11-03,SKU0083,114.9,176.9,14.0,115.0
2025-11-10,SKU0083,66.9,176.9,14.0,115.0
2025-11-17,SKU0083,196.8,0.0,14.0,115.0
2025-11-24,SKU0083,113.8,176.9,14.0,115.0
2025-12-01,SKU0083,60.8,176.9,14.0,115.0
2025-12-08,SKU0083,182.8,0.0,14.0,115.0
2025-12-15,SKU0083,123.8,0.0,14.0,115.0
2025-12-22,SKU0083,41.8,176.9,14.0,115.0
2025-12-29,SKU0083,0.0,176.9,14.0,115.0
2026-01-05,SKU0083,140.9,0.0,14.0,115.0
2026-01-12,SKU0083,103.9,176.9,14.0,115.0
2026-01-19,SKU0083,66.9,176.9,14.0,115.0
2026-01-26,SKU0083,212.8,0.0,14.0,115.0
2026-02-02,SKU0083,185.8,0.0,14.0,115.0
2026-02-09,SKU0083,166.8,0.0,14.0,115.0
2026-02-16,SKU0083,119.8,0.0,14.0,115.0
2026-02-23,SKU0083,89.8,176.9,14.0,115.0
2026-03-02,SKU0083,53.8,176.9,14.0,115.0
2026-03-09,SKU0083,201.8,0.0,14.0,115.0
2026-03-16,SKU0083,161.8,0.0,14.0,115.0
2026-03-23,SKU0083,127.8,0.0,14.0,115.0
2026-03-30,SKU0083,94.8,176.9,14.0,115.0
2026-04-06,SKU0083,58.8,176.9,14.0,115.0
2026-04-13,SKU0083,191.7,0.0,14.0,115.0
2026-04-20,SKU0083,136.7,0.0,14.0,115.0
2026-04-27,SKU0083,85.7,176.9,14.0,115.0
2026-05-04,SKU0083,56.7,176.9,14.0,115.0
2026-05-11,SKU0083,193.6,0.0,14.0,115.0
2026-05-18,SKU0083,164.6,0.0,14.0,115.0
2026-05-25,SKU0083,128.6,0.0,14.0,115.0
2026-06-01,SKU0083,73.6,176.9,14.0,115.0
2026-06-08,SKU0083,42.6,176.9,14.0,115.0
2026-06-15,SKU0083,169.5,0.0,14.0,115.0
2026-06-22,SKU0083,103.5,176.9,14.0,115.0
2026-06-29,SKU0083,64.5,176.9,14.0,115.0
2026-07-06,SKU0083,201.5,0.0,14.0,115.0
2026-07-13,SKU0083,159.5,0.0,14.0,115.0
2024-08-05,SKU0084,148.3,176.3,31.0,253.8
2024-08-12,SKU0084,106.3,176.3,31.0,253.8
2024-08-19,SKU0084,75.3,176.3,31.0,253.8
2024-08-26,SKU0084,39.3,176.3,31.0,253.8
2024-09-02,SKU0084,175.7,176.3,31.0,253.8
2024-09-09,SKU0084,138.7,176.3,31.0,253.8
2024-09-16,SKU0084,102.7,176.3,31.0,253.8
2024-09-23,SKU0084,71.7,176.3,31.0,253.8
2024-09-30,SKU0084,195.0,176.3,31.0,253.8
2024-10-07,SKU0084,137.0,176.3,31.0,253.8
2024-10-14,SKU0084,56.0,176.3,31.0,253.8
2024-10-21,SKU0084,0.0,176.3,31.0,253.8
2024-10-28,SKU0084,84.3,176.3,31.0,253.8
2024-11-04,SKU0084,32.3,176.3,31.0,253.8
2024-11-11,SKU0084,0.0,176.3,31.0,253.8
2024-11-18,SKU0084,0.0,176.3,31.0,253.8
2024-11-25,SKU0084,97.3,176.3,31.0,253.8
2024-12-02,SKU0084,35.3,176.3,31.0,253.8
2024-12-09,SKU0084,0.0,176.3,31.0,253.8
2024-12-16,SKU0084,0.0,176.3,31.0,253.8
2024-12-23,SKU0084,92.3,176.3,31.0,253.8
2024-12-30,SKU0084,33.3,176.3,31.0,253.8
2025-01-06,SKU0084,0.0,176.3,31.0,253.8
2025-01-13,SKU0084,0.0,176.3,31.0,253.8
2025-01-20,SKU0084,147.3,176.3,31.0,253.8
2025-01-27,SKU0084,107.3,176.3,31.0,253.8
2025-02-03,SKU0084,83.3,176.3,31.0,253.8
2025-02-10,SKU0084,54.3,176.3,31.0,253.8
2025-02-17,SKU0084,200.7,176.3,31.0,253.8
2025-02-24,SKU0084,167.7,176.3,31.0,253.8
2025-03-03,SKU0084,140.7,176.3,31.0,253.8
2025-03-10,SKU0084,99.7,176.3,31.0,253.8
2025-03-17,SKU0084,243.0,176.3,31.0,253.8
2025-03-24,SKU0084,202.0,176.3,31.0,253.8
2025-03-31,SKU0084,165.0,176.3,31.0,253.8
2025-04-07,SKU0084,112.0,176.3,31.0,253.8
2025-04-14,SKU0084,252.4,176.3,31.0,253.8
2025-04-21,SKU0084,191.4,176.3,31.0,253.8
2025-04-28,SKU0084,154.4,176.3,31.0,253.8
2025-05-05,SKU0084,120.4,176.3,31.0,253.8
2025-05-12,SKU0084,255.7,0.0,31.0,253.8
2025-05-19,SKU0084,221.7,176.3,31.0,253.8
2025-05-26,SKU0084,187.7,176.3,31.0,253.8
2025-06-02,SKU0084,153.7,176.3,31.0,253.8
2025-06-09,SKU0084,112.7,176.3,31.0,253.8
2025-06-16,SKU0084,231.1,176.3,31.0,253.8
2025-06-23,SKU0084,182.1,176.3,31.0,253.8
2025-06-30,SKU0084,148.1,176.3,31.0,253.8
2025-07-07,SKU0084,107.1,176.3,31.0,253.8
2025-07-14,SKU0084,239.4,176.3,31.0,253.8
2025-07-21,SKU0084,196.4,176.3,31.0,253.8
2025-07-28,SKU0084,158.4,176.3,31.0,253.8
2025-08-04,SKU0084,127.4,176.3,31.0,253.8
2025-08-11,SKU0084,273.8,0.0,31.0,253.8
2025-08-18,SKU0084,236.8,176.3,31.0,253.8
2025-08-25,SKU0084,190.8,176.3,31.0,253.8
2025-09-01,SKU0084,149.8,176.3,31.0,253.8
2025-09-08,SKU0084,111.8,176.3,31.0,253.8
2025-09-15,SKU0084,243.1,176.3,31.0,253.8
2025-09-22,SKU0084,201.1,176.3,31.0,253.8
2025-09-29,SKU0084,151.1,176.3,31.0,253.8
2025-10-06,SKU0084,101.1,176.3,31.0,253.8
2025-10-13,SKU0084,201.5,176.3,31.0,253.8
2025-10-20,SKU0084,131.5,176.3,31.0,253.8
2025-10-27,SKU0084,65.5,176.3,31.0,253.8
2025-11-03,SKU0084,3.5,176.3,31.0,253.8
2025-11-10,SKU0084,127.8,176.3,31.0,253.8
2025-11-17,SKU0084,64.8,176.3,31.0,253.8
2025-11-24,SKU0084,2.8,176.3,31.0,253.8
2025-12-01,SKU0084,0.0,176.3,31.0,253.8
2025-12-08,SKU0084,119.3,176.3,31.0,253.8
2025-12-15,SKU0084,56.3,176.3,31.0,253.8
2025-12-22,SKU0084,0.0,176.3,31.0,253.8
2025-12-29,SKU0084,0.0,176.3,31.0,253.8
2026-01-05,SKU0084,136.3,176.3,31.0,253.8
2026-01-12,SKU0084,116.3,176.3,31.0,253.8
2026-01-19,SKU0084,83.3,176.3,31.0,253.8
2026-01-26,SKU0084,63.3,176.3,31.0,253.8
2026-02-02,SKU0084,204.7,176.3,31.0,253.8
2026-02-09,SKU0084,173.7,176.3,31.0,253.8
2026-02-16,SKU0084,154.7,176.3,31.0,253.8
2026-02-23,SKU0084,129.7,176.3,31.0,253.8
2026-03-02,SKU0084,287.0,0.0,31.0,253.8
2026-03-09,SKU0084,239.0,176.3,31.0,253.8
2026-03-16,SKU0084,203.0,176.3,31.0,253.8
2026-03-23,SKU0084,170.0,176.3,31.0,253.8
2026-03-30,SKU0084,131.0,176.3,31.0,253.8
2026-04-06,SKU0084,274.4,0.0,31.0,253.8
2026-04-13,SKU0084,229.4,176.3,31.0,253.8
2026-04-20,SKU0084,191.4,176.3,31.0,253.8
2026-04-27,SKU0084,153.4,176.3,31.0,253.8
2026-05-04,SKU0084,108.4,176.3,31.0,253.8
2026-05-11,SKU0084,256.7,0.0,31.0,253.8
2026-05-18,SKU0084,219.7,176.3,31.0,253.8
2026-05-25,SKU0084,176.7,176.3,31.0,253.8
2026-06-01,SKU0084,139.7,176.3,31.0,253.8
2026-06-08,SKU0084,97.7,176.3,31.0,253.8
2026-06-15,SKU0084,210.1,176.3,31.0,253.8
2026-06-22,SKU0084,127.1,176.3,31.0,253.8
2026-06-29,SKU0084,99.1,176.3,31.0,253.8
2026-07-06,SKU0084,57.1,176.3,31.0,253.8
2026-07-13,SKU0084,197.4,176.3,31.0,253.8
2024-07-29,SKU0085,74.2,107.2,36.0,179.2
2024-08-05,SKU0085,58.2,107.2,36.0,179.2
2024-08-12,SKU0085,31.2,107.2,36.0,179.2
2024-08-19,SKU0085,2.2,107.2,36.0,179.2
2024-08-26,SKU0085,0.0,107.2,36.0,179.2
2024-09-02,SKU0085,93.2,107.2,36.0,179.2
2024-09-09,SKU0085,70.2,107.2,36.0,179.2
2024-09-16,SKU0085,46.2,107.2,36.0,179.2
2024-09-23,SKU0085,21.2,107.2,36.0,179.2
2024-09-30,SKU0085,0.0,107.2,36.0,179.2
2024-10-07,SKU0085,80.2,107.2,36.0,179.2
2024-10-14,SKU0085,31.2,107.2,36.0,179.2
2024-10-21,SKU0085,0.0,107.2,36.0,179.2
2024-10-28,SKU0085,0.0,107.2,36.0,179.2
2024-11-04,SKU0085,0.0,107.2,36.0,179.2
2024-11-11,SKU0085,72.2,107.2,36.0,179.2
2024-11-18,SKU0085,47.2,107.2,36.0,179.2
2024-11-25,SKU0085,0.0,107.2,36.0,179.2
2024-12-02,SKU0085,0.0,107.2,36.0,179.2
2024-12-09,SKU0085,0.0,107.2,36.0,179.2
2024-12-16,SKU0085,70.2,107.2,36.0,179.2
2024-12-23,SKU0085,18.2,107.2,36.0,179.2
2024-12-30,SKU0085,0.0,107.2,36.0,179.2
2025-01-06,SKU0085,0.0,107.2,36.0,179.2
2025-01-13,SKU0085,0.0,107.2,36.0,179.2
2025-01-20,SKU0085,83.2,107.2,36.0,179.2
2025-01-27,SKU0085,59.2,107.2,36.0,179.2
2025-02-03,SKU0085,41.2,107.2,36.0,179.2
2025-02-10,SKU0085,28.2,107.2,36.0,179.2
2025-02-17,SKU0085,14.2,107.2,36.0,179.2
2025-02-24,SKU0085,106.4,107.2,36.0,179.2
2025-03-03,SKU0085,82.4,107.2,36.0,179.2
2025-03-10,SKU0085,57.4,107.2,36.0,179.2
2025-03-17,SKU0085,37.4,107.2,36.0,179.2
2025-03-24,SKU0085,10.4,107.2,36.0,179.2
2025-03-31,SKU0085,82.6,107.2,36.0,179.2
2025-04-07,SKU0085,58.6,107.2,36.0,179.2
2025-04-14,SKU0085,38.6,107.2,36.0,179.2
2025-04-21,SKU0085,22.6,107.2,36.0,179.2
2025-04-28,SKU0085,0.0,107.2,36.0,179.2
2025-05-05,SKU0085,92.2,107.2,36.0,179.2
2025-05-12,SKU0085,76.2,107.2,36.0,179.2
2025-05-19,SKU0085,51.2,107.2,36.0,179.2
2025-05-26,SKU0085,27.2,107.2,36.0,179.2
2025-06-02,SKU0085,1.2,107.2,36.0,179.2
2025-06-09,SKU0085,84.4,107.2,36.0,179.2
2025-06-16,SKU0085,47.4,107.2,36.0,179.2
2025-06-23,SKU0085,5.4,107.2,36.0,179.2
2025-06-30,SKU0085,0.0,107.2,36.0,179.2
2025-07-07,SKU0085,0.0,107.2,36.0,179.2
2025-07-14,SKU0085,82.2,107.2,36.0,179.2
2025-07-21,SKU0085,62.2,107.2,36.0,179.2
2025-07-28,SKU0085,40.2,107.2,36.0,179.2
2025-08-04,SKU0085,19.2,107.2,36.0,179.2
2025-08-11,SKU0085,0.0,107.2,36.0,179.2
2025-08-18,SKU0085,87.2,107.2,36.0,179.2
2025-08-25,SKU0085,72.2,107.2,36.0,179.2
2025-09-01,SKU0085,43.2,107.2,36.0,179.2
2025-09-08,SKU0085,17.2,107.2,36.0,179.2
2025-09-15,SKU0085,0.0,107.2,36.0,179.2
2025-09-22,SKU0085,95.2,107.2,36.0,179.2
2025-09-29,SKU0085,71.2,107.2,36.0,179.2
2025-10-06,SKU0085,34.2,107.2,36.0,179.2
2025-10-13,SKU0085,7.2,107.2,36.0,179.2
2025-10-20,SKU0085,0.0,107.2,36.0,179.2
2025-10-27,SKU0085,62.2,107.2,36.0,179.2
2025-11-03,SKU0085,18.2,107.2,36.0,179.2
2025-11-10,SKU0085,0.0,107.2,36.0,179.2
2025-11-17,SKU0085,0.0,107.2,36.0,179.2
2025-11-24,SKU0085,0.0,107.2,36.0,179.2
2025-12-01,SKU0085,78.2,107.2,36.0,179.2
2025-12-08,SKU0085,56.2,107.2,36.0,179.2
2025-12-15,SKU0085,11.2,107.2,36.0,179.2
2025-12-22,SKU0085,0.0,107.2,36.0,179.2
2025-12-29,SKU0085,0.0,107.2,36.0,179.2
2026-01-05,SKU0085,79.2,107.2,36.0,179.2
2026-01-12,SKU0085,62.2,107.2,36.0,179.2
2026-01-19,SKU0085,38.2,107.2,36.0,179.2
2026-01-26,SKU0085,20.2,107.2,36.0,179.2
2026-02-02,SKU0085,0.0,107.2,36.0,179.2
2026-02-09,SKU0085,88.2,107.2,36.0,179.2
2026-02-16,SKU0085,69.2,107.2,36.0,179.2
2026-02-23,SKU0085,48.2,107.2,36.0,179.2
2026-03-02,SKU0085,29.2,107.2,36.0,179.2
2026-03-09,SKU0085,15.2,107.2,36.0,179.2
2026-03-16,SKU0085,104.4,107.2,36.0,179.2
2026-03-23,SKU0085,86.4,107.2,36.0,179.2
2026-03-30,SKU0085,63.4,107.2,36.0,179.2
2026-04-06,SKU0085,41.4,107.2,36.0,179.2
2026-04-13,SKU0085,17.4,107.2,36.0,179.2
2026-04-20,SKU0085,98.6,107.2,36.0,179.2
2026-04-27,SKU0085,74.6,107.2,36.0,179.2
2026-05-04,SKU0085,53.6,107.2,36.0,179.2
2026-05-11,SKU0085,32.6,107.2,36.0,179.2
2026-05-18,SKU0085,12.6,107.2,36.0,179.2
2026-05-25,SKU0085,98.8,107.2,36.0,179.2
2026-06-01,SKU0085,75.8,107.2,36.0,179.2
2026-06-08,SKU0085,55.8,107.2,36.0,179.2
2026-06-15,SKU0085,15.8,107.2,36.0,179.2
2026-06-22,SKU0085,0.0,107.2,36.0,179.2
2026-06-29,SKU0085,79.2,107.2,36.0,179.2
2026-07-06,SKU0085,46.2,107.2,36.0,179.2
2026-07-13,SKU0085,22.2,107.2,36.0,179.2
2024-07-29,SKU0086,29.8,40.8,25.0,47.4
2024-08-05,SKU0086,24.8,40.8,25.0,47.4
2024-08-12,SKU0086,17.8,40.8,25.0,47.4
2024-08-19,SKU0086,5.8,40.8,25.0,47.4
2024-08-26,SKU0086,42.6,40.8,25.0,47.4
2024-09-02,SKU0086,28.6,40.8,25.0,47.4
2024-09-09,SKU0086,18.6,40.8,25.0,47.4
2024-09-16,SKU0086,15.6,40.8,25.0,47.4
2024-09-23,SKU0086,53.4,0.0,25.0,47.4
2024-09-30,SKU0086,37.4,40.8,25.0,47.4
2024-10-07,SKU0086,20.4,40.8,25.0,47.4
2024-10-14,SKU0086,2.4,40.8,25.0,47.4
2024-10-21,SKU0086,0.0,40.8,25.0,47.4
2024-10-28,SKU0086,18.8,40.8,25.0,47.4
2024-11-04,SKU0086,7.8,40.8,25.0,47.4
2024-11-11,SKU0086,0.0,40.8,25.0,47.4
2024-11-18,SKU0086,0.0,40.8,25.0,47.4
2024-11-25,SKU0086,19.8,40.8,25.0,47.4
2024-12-02,SKU0086,3.8,40.8,25.0,47.4
2024-12-09,SKU0086,0.0,40.8,25.0,47.4
2024-12-16,SKU0086,0.0,40.8,25.0,47.4
2024-12-23,SKU0086,18.8,40.8,25.0,47.4
2024-12-30,SKU0086,3.8,40.8,25.0,47.4
2025-01-06,SKU0086,0.0,40.8,25.0,47.4
2025-01-13,SKU0086,0.0,40.8,25.0,47.4
2025-01-20,SKU0086,29.8,40.8,25.0,47.4
2025-01-27,SKU0086,20.8,40.8,25.0,47.4
2025-02-03,SKU0086,15.8,40.8,25.0,47.4
2025-02-10,SKU0086,9.8,40.8,25.0,47.4
2025-02-17,SKU0086,47.6,0.0,25.0,47.4
2025-02-24,SKU0086,39.6,40.8,25.0,47.4
2025-03-03,SKU0086,30.6,40.8,25.0,47.4
2025-03-10,SKU0086,25.6,40.8,25.0,47.4
2025-03-17,SKU0086,19.6,40.8,25.0,47.4
2025-03-24,SKU0086,52.4,0.0,25.0,47.4
2025-03-31,SKU0086,42.4,40.8,25.0,47.4
2025-04-07,SKU0086,32.4,40.8,25.0,47.4
2025-04-14,SKU0086,26.4,40.8,25.0,47.4
2025-04-21,SKU0086,17.4,40.8,25.0,47.4
2025-04-28,SKU0086,47.2,40.8,25.0,47.4
2025-05-05,SKU0086,39.2,40.8,25.0,47.4
2025-05-12,SKU0086,32.2,40.8,25.0,47.4
2025-05-19,SKU0086,27.2,40.8,25.0,47.4
2025-05-26,SKU0086,62.0,0.0,25.0,47.4
2025-06-02,SKU0086,56.0,0.0,25.0,47.4
2025-06-09,SKU0086,48.0,0.0,25.0,47.4
2025-06-16,SKU0086,32.0,40.8,25.0,47.4
2025-06-23,SKU0086,15.0,40.8,25.0,47.4
2025-06-30,SKU0086,6.0,40.8,25.0,47.4
2025-07-07,SKU0086,2.0,40.8,25.0,47.4
2025-07-14,SKU0086,33.8,40.8,25.0,47.4
2025-07-21,SKU0086,27.8,40.8,25.0,47.4
2025-07-28,SKU0086,22.8,40.8,25.0,47.4
2025-08-04,SKU0086,8.8,40.8,25.0,47.4
2025-08-11,SKU0086,44.7,40.8,25.0,47.4
2025-08-18,SKU0086,36.7,40.8,25.0,47.4
2025-08-25,SKU0086,32.7,40.8,25.0,47.4
2025-09-01,SKU0086,27.7,40.8,25.0,47.4
2025-09-08,SKU0086,64.5,0.0,25.0,47.4
2025-09-15,SKU0086,59.5,0.0,25.0,47.4
2025-09-22,SKU0086,56.5,0.0,25.0,47.4
2025-09-29,SKU0086,48.5,0.0,25.0,47.4
2025-10-06,SKU0086,37.5,40.8,25.0,47.4
2025-10-13,SKU0086,16.5,40.8,25.0,47.4
2025-10-20,SKU0086,0.0,40.8,25.0,47.4
2025-10-27,SKU0086,0.0,40.8,25.0,47.4
2025-11-03,SKU0086,27.8,40.8,25.0,47.4
2025-11-10,SKU0086,16.8,40.8,25.0,47.4
2025-11-17,SKU0086,8.8,40.8,25.0,47.4
2025-11-24,SKU0086,0.0,40.8,25.0,47.4
2025-12-01,SKU0086,31.8,40.8,25.0,47.4
2025-12-08,SKU0086,19.8,40.8,25.0,47.4
2025-12-15,SKU0086,1.8,40.8,25.0,47.4
2025-12-22,SKU0086,0.0,40.8,25.0,47.4
2025-12-29,SKU0086,23.8,40.8,25.0,47.4
2026-01-05,SKU0086,15.8,40.8,25.0,47.4
2026-01-12,SKU0086,13.8,40.8,25.0,47.4
2026-01-19,SKU0086,3.8,40.8,25.0,47.4
2026-01-26,SKU0086,36.6,40.8,25.0,47.4
2026-02-02,SKU0086,32.6,40.8,25.0,47.4
2026-02-09,SKU0086,25.6,40.8,25.0,47.4
2026-02-16,SKU0086,17.6,40.8,25.0,47.4
2026-02-23,SKU0086,53.4,0.0,25.0,47.4
2026-03-02,SKU0086,42.4,40.8,25.0,47.4
2026-03-09,SKU0086,32.4,40.8,25.0,47.4
2026-03-16,SKU0086,25.4,40.8,25.0,47.4
2026-03-23,SKU0086,17.4,40.8,25.0,47.4
2026-03-30,SKU0086,47.2,40.8,25.0,47.4
2026-04-06,SKU0086,39.2,40.8,25.0,47.4
2026-04-13,SKU0086,29.2,40.8,25.0,47.4
2026-04-20,SKU0086,21.2,40.8,25.0,47.4
2026-04-27,SKU0086,54.0,0.0,25.0,47.4
2026-05-04,SKU0086,43.0,40.8,25.0,47.4
2026-05-11,SKU0086,32.0,40.8,25.0,47.4
2026-05-18,SKU0086,23.0,40.8,25.0,47.4
2026-05-25,SKU0086,15.0,40.8,25.0,47.4
2026-06-01,SKU0086,47.8,0.0,25.0,47.4
2026-06-08,SKU0086,42.8,40.8,25.0,47.4
2026-06-15,SKU0086,26.8,40.8,25.0,47.4
2026-06-22,SKU0086,10.8,40.8,25.0,47.4
2026-06-29,SKU0086,0.0,40.8,25.0,47.4
2026-07-06,SKU0086,25.8,40.8,25.0,47.4
2026-07-13,SKU0086,19.8,40.8,25.0,47.4
2024-07-29,SKU0087,34.0,0.0,12.0,21.7
2024-08-05,SKU0087,29.0,0.0,12.0,21.7
2024-08-12,SKU0087,16.0,39.0,12.0,21.7
2024-08-19,SKU0087,11.0,39.0,12.0,21.7
2024-08-26,SKU0087,45.1,0.0,12.0,21.7
2024-09-02,SKU0087,39.1,0.0,12.0,21.7
2024-09-09,SKU0087,29.1,0.0,12.0,21.7
2024-09-16,SKU0087,20.1,39.0,12.0,21.7
2024-09-23,SKU0087,17.1,39.0,12.0,21.7
2024-09-30,SKU0087,44.1,0.0,12.0,21.7
2024-10-07,SKU0087,29.1,0.0,12.0,21.7
2024-10-14,SKU0087,19.1,39.0,12.0,21.7
2024-10-21,SKU0087,5.1,39.0,12.0,21.7
2024-10-28,SKU0087,34.1,0.0,12.0,21.7
2024-11-04,SKU0087,31.1,0.0,12.0,21.7
2024-11-11,SKU0087,20.1,39.0,12.0,21.7
2024-11-18,SKU0087,12.1,39.0,12.0,21.7
2024-11-25,SKU0087,39.1,0.0,12.0,21.7
2024-12-02,SKU0087,27.1,0.0,12.0,21.7
2024-12-09,SKU0087,23.1,0.0,12.0,21.7
2024-12-16,SKU0087,8.1,39.0,12.0,21.7
2024-12-23,SKU0087,0.0,39.0,12.0,21.7
2024-12-30,SKU0087,30.0,0.0,12.0,21.7
2025-01-06,SKU0087,22.0,0.0,12.0,21.7
2025-01-13,SKU0087,19.0,39.0,12.0,21.7
2025-01-20,SKU0087,13.0,39.0,12.0,21.7
2025-01-27,SKU0087,46.1,0.0,12.0,21.7
2025-02-03,SKU0087,42.1,0.0,12.0,21.7
2025-02-10,SKU0087,36.1,0.0,12.0,21.7
2025-02-17,SKU0087,31.1,0.0,12.0,21.7
2025-02-24,SKU0087,22.1,0.0,12.0,21.7
2025-03-03,SKU0087,17.1,39.0,12.0,21.7
2025-03-10,SKU0087,9.1,39.0,12.0,21.7
2025-03-17,SKU0087,42.1,0.0,12.0,21.7
2025-03-24,SKU0087,36.1,0.0,12.0,21.7
2025-03-31,SKU0087,26.1,0.0,12.0,21.7
2025-04-07,SKU0087,14.1,39.0,12.0,21.7
2025-04-14,SKU0087,8.1,39.0,12.0,21.7
2025-04-21,SKU0087,42.1,0.0,12.0,21.7
2025-04-28,SKU0087,36.1,0.0,12.0,21.7
2025-05-05,SKU0087,27.1,0.0,12.0,21.7
2025-05-12,SKU0087,17.1,39.0,12.0,21.7
2025-05-19,SKU0087,7.1,39.0,12.0,21.7
2025-05-26,SKU0087,39.1,0.0,12.0,21.7
2025-06-02,SKU0087,36.1,0.0,12.0,21.7
2025-06-09,SKU0087,25.1,0.0,12.0,21.7
2025-06-16,SKU0087,17.1,39.0,12.0,21.7
2025-06-23,SKU0087,5.1,39.0,12.0,21.7
2025-06-30,SKU0087,31.2,0.0,12.0,21.7
2025-07-07,SKU0087,15.2,39.0,12.0,21.7
2025-07-14,SKU0087,4.2,39.0,12.0,21.7
2025-07-21,SKU0087,31.2,0.0,12.0,21.7
2025-07-28,SKU0087,25.2,0.0,12.0,21.7
2025-08-04,SKU0087,14.2,39.0,12.0,21.7
2025-08-11,SKU0087,0.0,39.0,12.0,21.7
2025-08-18,SKU0087,33.0,0.0,12.0,21.7
2025-08-25,SKU0087,20.0,39.0,12.0,21.7
2025-09-01,SKU0087,8.0,39.0,12.0,21.7
2025-09-08,SKU0087,38.1,0.0,12.0,21.7
2025-09-15,SKU0087,34.1,0.0,12.0,21.7
2025-09-22,SKU0087,25.1,0.0,12.0,21.7
2025-09-29,SKU0087,15.1,39.0,12.0,21.7
2025-10-06,SKU0087,5.1,39.0,12.0,21.7
2025-10-13,SKU0087,26.1,0.0,12.0,21.7
2025-10-20,SKU0087,9.1,39.0,12.0,21.7
2025-10-27,SKU0087,0.0,39.0,12.0,21.7
2025-11-03,SKU0087,33.0,0.0,12.0,21.7
2025-11-10,SKU0087,23.0,0.0,12.0,21.7
2025-11-17,SKU0087,4.0,39.0,12.0,21.7
2025-11-24,SKU0087,0.0,39.0,12.0,21.7
2025-12-01,SKU0087,21.0,39.0,12.0,21.7
2025-12-08,SKU0087,6.0,39.0,12.0,21.7
2025-12-15,SKU0087,29.1,0.0,12.0,21.7
2025-12-22,SKU0087,18.1,39.0,12.0,21.7
2025-12-29,SKU0087,9.1,39.0,12.0,21.7
2026-01-05,SKU0087,40.1,0.0,12.0,21.7
2026-01-12,SKU0087,27.1,0.0,12.0,21.7
2026-01-19,SKU0087,20.1,39.0,12.0,21.7
2026-01-26,SKU0087,9.1,39.0,12.0,21.7
2026-02-02,SKU0087,39.1,0.0,12.0,21.7
2026-02-09,SKU0087,32.1,0.0,12.0,21.7
2026-02-16,SKU0087,22.1,0.0,12.0,21.7
2026-02-23,SKU0087,15.1,39.0,12.0,21.7
2026-03-02,SKU0087,5.1,39.0,12.0,21.7
2026-03-09,SKU0087,31.1,0.0,12.0,21.7
2026-03-16,SKU0087,21.1,39.0,12.0,21.7
2026-03-23,SKU0087,6.1,39.0,12.0,21.7
2026-03-30,SKU0087,31.2,0.0,12.0,21.7
2026-04-06,SKU0087,19.2,39.0,12.0,21.7
2026-04-13,SKU0087,14.2,39.0,12.0,21.7
2026-04-20,SKU0087,44.2,0.0,12.0,21.7
2026-04-27,SKU0087,34.2,0.0,12.0,21.7
2026-05-04,SKU0087,24.2,0.0,12.0,21.7
2026-05-11,SKU0087,17.2,39.0,12.0,21.7
2026-05-18,SKU0087,9.2,39.0,12.0,21.7
2026-05-25,SKU0087,32.2,0.0,12.0,21.7
2026-06-01,SKU0087,22.2,0.0,12.0,21.7
2026-06-08,SKU0087,15.2,39.0,12.0,21.7
2026-06-15,SKU0087,3.2,39.0,12.0,21.7
2026-06-22,SKU0087,26.3,0.0,12.0,21.7
2026-06-29,SKU0087,20.3,39.0,12.0,21.7
2026-07-06,SKU0087,10.3,39.0,12.0,21.7
2026-07-13,SKU0087,38.3,0.0,12.0,21.7
2026-03-02,SKU0088,216.4,0.0,7.0,92.8
2026-03-09,SKU0088,148.4,0.0,7.0,92.8
2026-03-16,SKU0088,82.4,285.4,7.0,92.8
2026-03-23,SKU0088,303.8,0.0,7.0,92.8
2026-03-30,SKU0088,244.8,0.0,7.0,92.8
2026-04-06,SKU0088,195.8,0.0,7.0,92.8
2026-04-13,SKU0088,121.8,0.0,7.0,92.8
2026-04-20,SKU0088,57.8,285.4,7.0,92.8
2026-04-27,SKU0088,278.2,0.0,7.0,92.8
2026-05-04,SKU0088,203.2,0.0,7.0,92.8
2026-05-11,SKU0088,132.2,0.0,7.0,92.8
2026-05-18,SKU0088,66.2,285.4,7.0,92.8
2026-05-25,SKU0088,286.6,0.0,7.0,92.8
2026-06-01,SKU0088,221.6,0.0,7.0,92.8
2026-06-08,SKU0088,152.6,0.0,7.0,92.8
2026-06-15,SKU0088,41.6,285.4,7.0,92.8
2026-06-22,SKU0088,224.0,0.0,7.0,92.8
2026-06-29,SKU0088,146.0,0.0,7.0,92.8
2026-07-06,SKU0088,71.0,285.4,7.0,92.8
2026-07-13,SKU0088,285.4,0.0,7.0,92.8
2024-08-05,SKU0089,94.5,119.5,28.0,155.3
2024-08-12,SKU0089,68.5,119.5,28.0,155.3
2024-08-19,SKU0089,38.5,119.5,28.0,155.3
2024-08-26,SKU0089,17.5,119.5,28.0,155.3
2024-09-02,SKU0089,115.9,119.5,28.0,155.3
2024-09-09,SKU0089,96.9,119.5,28.0,155.3
2024-09-16,SKU0089,71.9,119.5,28.0,155.3
2024-09-23,SKU0089,56.9,119.5,28.0,155.3
2024-09-30,SKU0089,157.4,0.0,28.0,155.3
2024-10-07,SKU0089,123.4,119.5,28.0,155.3
2024-10-14,SKU0089,58.4,119.5,28.0,155.3
2024-10-21,SKU0089,0.0,119.5,28.0,155.3
2024-10-28,SKU0089,0.0,119.5,28.0,155.3
2024-11-04,SKU0089,79.5,119.5,28.0,155.3
2024-11-11,SKU0089,53.5,119.5,28.0,155.3
2024-11-18,SKU0089,10.5,119.5,28.0,155.3
2024-11-25,SKU0089,0.0,119.5,28.0,155.3
2024-12-02,SKU0089,93.5,119.5,28.0,155.3
2024-12-09,SKU0089,69.5,119.5,28.0,155.3
2024-12-16,SKU0089,21.5,119.5,28.0,155.3
2024-12-23,SKU0089,0.0,119.5,28.0,155.3
2024-12-30,SKU0089,68.5,119.5,28.0,155.3
2025-01-06,SKU0089,39.5,119.5,28.0,155.3
2025-01-13,SKU0089,22.5,119.5,28.0,155.3
2025-01-20,SKU0089,0.0,119.5,28.0,155.3
2025-01-27,SKU0089,98.5,119.5,28.0,155.3
2025-02-03,SKU0089,72.5,119.5,28.0,155.3
2025-02-10,SKU0089,52.5,119.5,28.0,155.3
2025-02-17,SKU0089,31.5,119.5,28.0,155.3
2025-02-24,SKU0089,130.9,119.5,28.0,155.3
2025-03-03,SKU0089,100.9,119.5,28.0,155.3
2025-03-10,SKU0089,80.9,119.5,28.0,155.3
2025-03-17,SKU0089,56.9,119.5,28.0,155.3
2025-03-24,SKU0089,143.4,119.5,28.0,155.3
2025-03-31,SKU0089,124.4,119.5,28.0,155.3
2025-04-07,SKU0089,97.4,119.5,28.0,155.3
2025-04-14,SKU0089,71.4,119.5,28.0,155.3
2025-04-21,SKU0089,162.8,0.0,28.0,155.3
2025-04-28,SKU0089,139.8,119.5,28.0,155.3
2025-05-05,SKU0089,114.8,119.5,28.0,155.3
2025-05-12,SKU0089,80.8,119.5,28.0,155.3
2025-05-19,SKU0089,54.8,119.5,28.0,155.3
2025-05-26,SKU0089,160.3,0.0,28.0,155.3
2025-06-02,SKU0089,130.3,119.5,28.0,155.3
2025-06-09,SKU0089,97.3,119.5,28.0,155.3
2025-06-16,SKU0089,56.3,119.5,28.0,155.3
2025-06-23,SKU0089,1.3,119.5,28.0,155.3
2025-06-30,SKU0089,85.7,119.5,28.0,155.3
2025-07-07,SKU0089,63.7,119.5,28.0,155.3
2025-07-14,SKU0089,47.7,119.5,28.0,155.3
2025-07-21,SKU0089,22.7,119.5,28.0,155.3
2025-07-28,SKU0089,119.2,119.5,28.0,155.3
2025-08-04,SKU0089,95.2,119.5,28.0,155.3
2025-08-11,SKU0089,60.2,119.5,28.0,155.3
2025-08-18,SKU0089,35.2,119.5,28.0,155.3
2025-08-25,SKU0089,116.7,119.5,28.0,155.3
2025-09-01,SKU0089,102.7,119.5,28.0,155.3
2025-09-08,SKU0089,86.7,119.5,28.0,155.3
2025-09-15,SKU0089,67.7,119.5,28.0,155.3
2025-09-22,SKU0089,153.1,119.5,28.0,155.3
2025-09-29,SKU0089,124.1,119.5,28.0,155.3
2025-10-06,SKU0089,89.1,119.5,28.0,155.3
2025-10-13,SKU0089,36.1,119.5,28.0,155.3
2025-10-20,SKU0089,92.6,119.5,28.0,155.3
2025-10-27,SKU0089,45.6,119.5,28.0,155.3
2025-11-03,SKU0089,0.0,119.5,28.0,155.3
2025-11-10,SKU0089,0.0,119.5,28.0,155.3
2025-11-17,SKU0089,79.5,119.5,28.0,155.3
2025-11-24,SKU0089,21.5,119.5,28.0,155.3
2025-12-01,SKU0089,0.0,119.5,28.0,155.3
2025-12-08,SKU0089,0.0,119.5,28.0,155.3
2025-12-15,SKU0089,88.5,119.5,28.0,155.3
2025-12-22,SKU0089,34.5,119.5,28.0,155.3
2025-12-29,SKU0089,0.0,119.5,28.0,155.3
2026-01-05,SKU0089,0.0,119.5,28.0,155.3
2026-01-12,SKU0089,95.5,119.5,28.0,155.3
2026-01-19,SKU0089,73.5,119.5,28.0,155.3
2026-01-26,SKU0089,54.5,119.5,28.0,155.3
2026-02-02,SKU0089,35.5,119.5,28.0,155.3
2026-02-09,SKU0089,145.9,119.5,28.0,155.3
2026-02-16,SKU0089,124.9,119.5,28.0,155.3
2026-02-23,SKU0089,97.9,119.5,28.0,155.3
2026-03-02,SKU0089,76.9,119.5,28.0,155.3
2026-03-09,SKU0089,170.4,0.0,28.0,155.3
2026-03-16,SKU0089,148.4,119.5,28.0,155.3
2026-03-23,SKU0089,128.4,119.5,28.0,155.3
2026-03-30,SKU0089,103.4,119.5,28.0,155.3
2026-04-06,SKU0089,80.4,119.5,28.0,155.3
2026-04-13,SKU0089,178.8,0.0,28.0,155.3
2026-04-20,SKU0089,148.8,119.5,28.0,155.3
2026-04-27,SKU0089,126.8,119.5,28.0,155.3
2026-05-04,SKU0089,103.8,119.5,28.0,155.3
2026-05-11,SKU0089,75.8,119.5,28.0,155.3
2026-05-18,SKU0089,173.3,0.0,28.0,155.3
2026-05-25,SKU0089,153.3,119.5,28.0,155.3
2026-06-01,SKU0089,125.3,119.5,28.0,155.3
2026-06-08,SKU0089,108.3,119.5,28.0,155.3
2026-06-15,SKU0089,54.3,119.5,28.0,155.3
2026-06-22,SKU0089,131.7,119.5,28.0,155.3
2026-06-29,SKU0089,107.7,119.5,28.0,155.3
2026-07-06,SKU0089,85.7,119.5,28.0,155.3
2026-07-13,SKU0089,60.7,119.5,28.0,155.3
2026-03-16,SKU0090,61.4,0.0,7.0,24.8
2026-03-23,SKU0090,45.4,0.0,7.0,24.8
2026-03-30,SKU0090,25.4,0.0,7.0,24.8
2026-04-06,SKU0090,10.4,76.4,7.0,24.8
2026-04-13,SKU0090,65.8,0.0,7.0,24.8
2026-04-20,SKU0090,49.8,0.0,7.0,24.8
2026-04-27,SKU0090,29.8,0.0,7.0,24.8
2026-05-04,SKU0090,13.8,76.4,7.0,24.8
2026-05-11,SKU0090,71.3,0.0,7.0,24.8
2026-05-18,SKU0090,52.3,0.0,7.0,24.8
2026-05-25,SKU0090,41.3,0.0,7.0,24.8
2026-06-01,SKU0090,19.3,76.4,7.0,24.8
2026-06-08,SKU0090,82.7,0.0,7.0,24.8
2026-06-15,SKU0090,44.7,0.0,7.0,24.8
2026-06-22,SKU0090,3.7,76.4,7.0,24.8
2026-06-29,SKU0090,62.1,0.0,7.0,24.8
2026-07-06,SKU0090,44.1,0.0,7.0,24.8
2026-07-13,SKU0090,24.1,76.4,7.0,24.8
2024-07-29,SKU0091,142.1,163.1,34.0,257.4
2024-08-05,SKU0091,97.1,163.1,34.0,257.4
2024-08-12,SKU0091,68.1,163.1,34.0,257.4
2024-08-19,SKU0091,26.1,163.1,34.0,257.4
2024-08-26,SKU0091,0.0,163.1,34.0,257.4
2024-09-02,SKU0091,130.1,163.1,34.0,257.4
2024-09-09,SKU0091,100.1,163.1,34.0,257.4
2024-09-16,SKU0091,60.1,163.1,34.0,257.4
2024-09-23,SKU0091,24.1,163.1,34.0,257.4
2024-09-30,SKU0091,0.0,163.1,34.0,257.4
2024-10-07,SKU0091,111.1,163.1,34.0,257.4
2024-10-14,SKU0091,41.1,163.1,34.0,257.4
2024-10-21,SKU0091,0.0,163.1,34.0,257.4
2024-10-28,SKU0091,0.0,163.1,34.0,257.4
2024-11-04,SKU0091,0.0,163.1,34.0,257.4
2024-11-11,SKU0091,111.1,163.1,34.0,257.4
2024-11-18,SKU0091,65.1,163.1,34.0,257.4
2024-11-25,SKU0091,0.0,163.1,34.0,257.4
2024-12-02,SKU0091,0.0,163.1,34.0,257.4
2024-12-09,SKU0091,0.0,163.1,34.0,257.4
2024-12-16,SKU0091,103.1,163.1,34.0,257.4
2024-12-23,SKU0091,19.1,163.1,34.0,257.4
2024-12-30,SKU0091,0.0,163.1,34.0,257.4
2025-01-06,SKU0091,0.0,163.1,34.0,257.4
2025-01-13,SKU0091,0.0,163.1,34.0,257.4
2025-01-20,SKU0091,136.1,163.1,34.0,257.4
2025-01-27,SKU0091,101.1,163.1,34.0,257.4
2025-02-03,SKU0091,69.1,163.1,34.0,257.4
2025-02-10,SKU0091,37.1,163.1,34.0,257.4
2025-02-17,SKU0091,3.1,163.1,34.0,257.4
2025-02-24,SKU0091,131.2,163.1,34.0,257.4
2025-03-03,SKU0091,97.2,163.1,34.0,257.4
2025-03-10,SKU0091,77.2,163.1,34.0,257.4
2025-03-17,SKU0091,45.2,163.1,34.0,257.4
2025-03-24,SKU0091,25.2,163.1,34.0,257.4
2025-03-31,SKU0091,154.2,163.1,34.0,257.4
2025-04-07,SKU0091,119.2,163.1,34.0,257.4
2025-04-14,SKU0091,82.2,163.1,34.0,257.4
2025-04-21,SKU0091,54.2,163.1,34.0,257.4
2025-04-28,SKU0091,29.2,163.1,34.0,257.4
2025-05-05,SKU0091,157.3,163.1,34.0,257.4
2025-05-12,SKU0091,126.3,163.1,34.0,257.4
2025-05-19,SKU0091,98.3,163.1,34.0,257.4
2025-05-26,SKU0091,57.3,163.1,34.0,257.4
2025-06-02,SKU0091,27.3,163.1,34.0,257.4
2025-06-09,SKU0091,153.4,163.1,34.0,257.4
2025-06-16,SKU0091,103.4,163.1,34.0,257.4
2025-06-23,SKU0091,20.4,163.1,34.0,257.4
2025-06-30,SKU0091,0.0,163.1,34.0,257.4
2025-07-07,SKU0091,0.0,163.1,34.0,257.4
2025-07-14,SKU0091,127.1,163.1,34.0,257.4
2025-07-21,SKU0091,87.1,163.1,34.0,257.4
2025-07-28,SKU0091,53.1,163.1,34.0,257.4
2025-08-04,SKU0091,25.1,163.1,34.0,257.4
2025-08-11,SKU0091,0.0,163.1,34.0,257.4
2025-08-18,SKU0091,126.1,163.1,34.0,257.4
2025-08-25,SKU0091,86.1,163.1,34.0,257.4
2025-09-01,SKU0091,64.1,163.1,34.0,257.4
2025-09-08,SKU0091,32.1,163.1,34.0,257.4
2025-09-15,SKU0091,0.0,163.1,34.0,257.4
2025-09-22,SKU0091,133.1,163.1,34.0,257.4
2025-09-29,SKU0091,84.1,163.1,34.0,257.4
2025-10-06,SKU0091,33.1,163.1,34.0,257.4
2025-10-13,SKU0091,0.0,163.1,34.0,257.4
2025-10-20,SKU0091,0.0,163.1,34.0,257.4
2025-10-27,SKU0091,101.1,163.1,34.0,257.4
2025-11-03,SKU0091,45.1,163.1,34.0,257.4
2025-11-10,SKU0091,0.0,163.1,34.0,257.4
2025-11-17,SKU0091,0.0,163.1,34.0,257.4
2025-11-24,SKU0091,0.0,163.1,34.0,257.4
2025-12-01,SKU0091,118.1,163.1,34.0,257.4
2025-12-08,SKU0091,67.1,163.1,34.0,257.4
2025-12-15,SKU0091,8.1,163.1,34.0,257.4
2025-12-22,SKU0091,0.0,163.1,34.0,257.4
2025-12-29,SKU0091,0.0,163.1,34.0,257.4
2026-01-05,SKU0091,133.1,163.1,34.0,257.4
2026-01-12,SKU0091,107.1,163.1,34.0,257.4
2026-01-19,SKU0091,73.1,163.1,34.0,257.4
2026-01-26,SKU0091,46.1,163.1,34.0,257.4
2026-02-02,SKU0091,6.1,163.1,34.0,257.4
2026-02-09,SKU0091,150.2,163.1,34.0,257.4
2026-02-16,SKU0091,126.2,163.1,34.0,257.4
2026-02-23,SKU0091,101.2,163.1,34.0,257.4
2026-03-02,SKU0091,62.2,163.1,34.0,257.4
2026-03-09,SKU0091,31.2,163.1,34.0,257.4
2026-03-16,SKU0091,154.2,163.1,34.0,257.4
2026-03-23,SKU0091,137.2,163.1,34.0,257.4
2026-03-30,SKU0091,90.2,163.1,34.0,257.4
2026-04-06,SKU0091,49.2,163.1,34.0,257.4
2026-04-13,SKU0091,13.2,163.1,34.0,257.4
2026-04-20,SKU0091,139.3,163.1,34.0,257.4
2026-04-27,SKU0091,101.3,163.1,34.0,257.4
2026-05-04,SKU0091,70.3,163.1,34.0,257.4
2026-05-11,SKU0091,33.3,163.1,34.0,257.4
2026-05-18,SKU0091,1.3,163.1,34.0,257.4
2026-05-25,SKU0091,128.4,163.1,34.0,257.4
2026-06-01,SKU0091,97.4,163.1,34.0,257.4
2026-06-08,SKU0091,66.4,163.1,34.0,257.4
2026-06-15,SKU0091,21.4,163.1,34.0,257.4
2026-06-22,SKU0091,0.0,163.1,34.0,257.4
2026-06-29,SKU0091,121.1,163.1,34.0,257.4
2026-07-06,SKU0091,91.1,163.1,34.0,257.4
2026-07-13,SKU0091,51.1,163.1,34.0,257.4
2026-06-15,SKU0092,240.7,0.0,12.0,211.0
2026-06-22,SKU0092,119.7,378.7,12.0,211.0
2026-06-29,SKU0092,32.7,378.7,12.0,211.0
2026-07-06,SKU0092,313.3,0.0,12.0,211.0
2026-07-13,SKU0092,215.3,0.0,12.0,211.0
2024-07-22,SKU0093,155.7,0.0,7.0,63.9
2024-07-29,SKU0093,122.7,0.0,7.0,63.9
2024-08-05,SKU0093,87.7,0.0,7.0,63.9
2024-08-12,SKU0093,46.7,196.7,7.0,63.9
2024-08-19,SKU0093,190.4,0.0,7.0,63.9
2024-08-26,SKU0093,156.4,0.0,7.0,63.9
2024-09-02,SKU0093,116.4,0.0,7.0,63.9
2024-09-09,SKU0093,84.4,0.0,7.0,63.9
2024-09-16,SKU0093,46.4,196.7,7.0,63.9
2024-09-23,SKU0093,200.2,0.0,7.0,63.9
2024-09-30,SKU0093,160.2,0.0,7.0,63.9
2024-10-07,SKU0093,97.2,0.0,7.0,63.9
2024-10-14,SKU0093,7.2,196.7,7.0,63.9
2024-10-21,SKU0093,108.9,0.0,7.0,63.9
2024-10-28,SKU0093,26.9,196.7,7.0,63.9
2024-11-04,SKU0093,134.6,0.0,7.0,63.9
2024-11-11,SKU0093,84.6,0.0,7.0,63.9
2024-11-18,SKU0093,40.6,196.7,7.0,63.9
2024-11-25,SKU0093,130.3,0.0,7.0,63.9
2024-12-02,SKU0093,71.3,0.0,7.0,63.9
2024-12-09,SKU0093,35.3,196.7,7.0,63.9
2024-12-16,SKU0093,171.1,0.0,7.0,63.9
2024-12-23,SKU0093,77.1,0.0,7.0,63.9
2024-12-30,SKU0093,16.1,196.7,7.0,63.9
2025-01-06,SKU0093,175.8,0.0,7.0,63.9
2025-01-13,SKU0093,137.8,0.0,7.0,63.9
2025-01-20,SKU0093,96.8,0.0,7.0,63.9
2025-01-27,SKU0093,58.8,196.7,7.0,63.9
2025-02-03,SKU0093,208.5,0.0,7.0,63.9
2025-02-10,SKU0093,168.5,0.0,7.0,63.9
2025-02-17,SKU0093,130.5,0.0,7.0,63.9
2025-02-24,SKU0093,97.5,0.0,7.0,63.9
2025-03-03,SKU0093,52.5,196.7,7.0,63.9
2025-03-10,SKU0093,202.2,0.0,7.0,63.9
2025-03-17,SKU0093,151.2,0.0,7.0,63.9
2025-03-24,SKU0093,101.2,0.0,7.0,63.9
2025-03-31,SKU0093,64.2,0.0,7.0,63.9
2025-04-07,SKU0093,17.2,196.7,7.0,63.9
2025-04-14,SKU0093,183.0,0.0,7.0,63.9
2025-04-21,SKU0093,145.0,0.0,7.0,63.9
2025-04-28,SKU0093,108.0,0.0,7.0,63.9
2025-05-05,SKU0093,67.0,0.0,7.0,63.9
2025-05-12,SKU0093,24.0,196.7,7.0,63.9
2025-05-19,SKU0093,176.7,0.0,7.0,63.9
2025-05-26,SKU0093,136.7,0.0,7.0,63.9
2025-06-02,SKU0093,94.7,0.0,7.0,63.9
2025-06-09,SKU0093,37.7,196.7,7.0,63.9
2025-06-16,SKU0093,179.4,0.0,7.0,63.9
2025-06-23,SKU0093,112.4,0.0,7.0,63.9
2025-06-30,SKU0093,63.4,196.7,7.0,63.9
2025-07-07,SKU0093,218.1,0.0,7.0,63.9
2025-07-14,SKU0093,173.1,0.0,7.0,63.9
2025-07-21,SKU0093,147.1,0.0,7.0,63.9
2025-07-28,SKU0093,112.1,0.0,7.0,63.9
2025-08-04,SKU0093,76.1,0.0,7.0,63.9
2025-08-11,SKU0093,47.1,196.7,7.0,63.9
2025-08-18,SKU0093,204.9,0.0,7.0,63.9
2025-08-25,SKU0093,168.9,0.0,7.0,63.9
2025-09-01,SKU0093,124.9,0.0,7.0,63.9
2025-09-08,SKU0093,89.9,0.0,7.0,63.9
2025-09-15,SKU0093,55.9,196.7,7.0,63.9
2025-09-22,SKU0093,223.6,0.0,7.0,63.9
2025-09-29,SKU0093,167.6,0.0,7.0,63.9
2025-10-06,SKU0093,113.6,0.0,7.0,63.9
2025-10-13,SKU0093,36.6,196.7,7.0,63.9
2025-10-20,SKU0093,143.3,0.0,7.0,63.9
2025-10-27,SKU0093,60.3,196.7,7.0,63.9
2025-11-03,SKU0093,190.0,0.0,7.0,63.9
2025-11-10,SKU0093,128.0,0.0,7.0,63.9
2025-11-17,SKU0093,64.0,0.0,7.0,63.9
2025-11-24,SKU0093,0.0,196.7,7.0,63.9
2025-12-01,SKU0093,143.7,0.0,7.0,63.9
2025-12-08,SKU0093,99.7,0.0,7.0,63.9
2025-12-15,SKU0093,16.7,196.7,7.0,63.9
2025-12-22,SKU0093,137.4,0.0,7.0,63.9
2025-12-29,SKU0093,48.4,196.7,7.0,63.9
2026-01-05,SKU0093,197.2,0.0,7.0,63.9
2026-01-12,SKU0093,154.2,0.0,7.0,63.9
2026-01-19,SKU0093,106.2,0.0,7.0,63.9
2026-01-26,SKU0093,73.2,0.0,7.0,63.9
2026-02-02,SKU0093,36.2,196.7,7.0,63.9
2026-02-09,SKU0093,190.9,0.0,7.0,63.9
2026-02-16,SKU0093,156.9,0.0,7.0,63.9
2026-02-23,SKU0093,109.9,0.0,7.0,63.9
2026-03-02,SKU0093,70.9,0.0,7.0,63.9
2026-03-09,SKU0093,31.9,196.7,7.0,63.9
2026-03-16,SKU0093,176.6,0.0,7.0,63.9
2026-03-23,SKU0093,137.6,0.0,7.0,63.9
2026-03-30,SKU0093,94.6,0.0,7.0,63.9
2026-04-06,SKU0093,50.6,196.7,7.0,63.9
2026-04-13,SKU0093,204.3,0.0,7.0,63.9
2026-04-20,SKU0093,167.3,0.0,7.0,63.9
2026-04-27,SKU0093,134.3,0.0,7.0,63.9
2026-05-04,SKU0093,83.3,0.0,7.0,63.9
2026-05-11,SKU0093,33.3,196.7,7.0,63.9
2026-05-18,SKU0093,190.1,0.0,7.0,63.9
2026-05-25,SKU0093,160.1,0.0,7.0,63.9
2026-06-01,SKU0093,114.1,0.0,7.0,63.9
2026-06-08,SKU0093,57.1,196.7,7.0,63.9
2026-06-15,SKU0093,181.8,0.0,7.0,63.9
2026-06-22,SKU0093,107.8,0.0,7.0,63.9
2026-06-29,SKU0093,55.8,196.7,7.0,63.9
2026-07-06,SKU0093,213.5,0.0,7.0,63.9
2026-07-13,SKU0093,173.5,0.0,7.0,63.9
2024-07-29,SKU0094,69.8,0.0,12.0,48.3
2024-08-05,SKU0094,54.8,0.0,12.0,48.3
2024-08-12,SKU0094,32.8,86.8,12.0,48.3
2024-08-19,SKU0094,15.8,86.8,12.0,48.3
2024-08-26,SKU0094,84.5,0.0,12.0,48.3
2024-09-02,SKU0094,63.5,0.0,12.0,48.3
2024-09-09,SKU0094,57.5,0.0,12.0,48.3
2024-09-16,SKU0094,42.5,86.8,12.0,48.3
2024-09-23,SKU0094,19.5,86.8,12.0,48.3
2024-09-30,SKU0094,78.3,0.0,12.0,48.3
2024-10-07,SKU0094,54.3,0.0,12.0,48.3
2024-10-14,SKU0094,15.3,86.8,12.0,48.3
2024-10-21,SKU0094,0.0,86.8,12.0,48.3
2024-10-28,SKU0094,51.8,0.0,12.0,48.3
2024-11-04,SKU0094,28.8,86.8,12.0,48.3
2024-11-11,SKU0094,0.8,86.8,12.0,48.3
2024-11-18,SKU0094,70.5,0.0,12.0,48.3
2024-11-25,SKU0094,26.5,86.8,12.0,48.3
2024-12-02,SKU0094,0.0,86.8,12.0,48.3
2024-12-09,SKU0094,60.8,0.0,12.0,48.3
2024-12-16,SKU0094,24.8,86.8,12.0,48.3
2024-12-23,SKU0094,0.0,86.8,12.0,48.3
2024-12-30,SKU0094,56.8,0.0,12.0,48.3
2025-01-06,SKU0094,41.8,86.8,12.0,48.3
2025-01-13,SKU0094,27.8,86.8,12.0,48.3
2025-01-20,SKU0094,101.5,0.0,12.0,48.3
2025-01-27,SKU0094,86.5,0.0,12.0,48.3
2025-02-03,SKU0094,75.5,0.0,12.0,48.3
2025-02-10,SKU0094,57.5,0.0,12.0,48.3
2025-02-17,SKU0094,38.5,86.8,12.0,48.3
2025-02-24,SKU0094,21.5,86.8,12.0,48.3
2025-03-03,SKU0094,94.3,0.0,12.0,48.3
2025-03-10,SKU0094,82.3,0.0,12.0,48.3
2025-03-17,SKU0094,65.3,0.0,12.0,48.3
2025-03-24,SKU0094,57.3,0.0,12.0,48.3
2025-03-31,SKU0094,38.3,86.8,12.0,48.3
2025-04-07,SKU0094,13.3,86.8,12.0,48.3
2025-04-14,SKU0094,79.1,0.0,12.0,48.3
2025-04-21,SKU0094,61.1,0.0,12.0,48.3
2025-04-28,SKU0094,41.1,86.8,12.0,48.3
2025-05-05,SKU0094,28.1,86.8,12.0,48.3
2025-05-12,SKU0094,92.8,0.0,12.0,48.3
2025-05-19,SKU0094,66.8,0.0,12.0,48.3
2025-05-26,SKU0094,43.8,86.8,12.0,48.3
2025-06-02,SKU0094,26.8,86.8,12.0,48.3
2025-06-09,SKU0094,92.6,0.0,12.0,48.3
2025-06-16,SKU0094,86.6,0.0,12.0,48.3
2025-06-23,SKU0094,56.6,0.0,12.0,48.3
2025-06-30,SKU0094,42.6,86.8,12.0,48.3
2025-07-07,SKU0094,20.6,86.8,12.0,48.3
2025-07-14,SKU0094,83.4,0.0,12.0,48.3
2025-07-21,SKU0094,57.4,0.0,12.0,48.3
2025-07-28,SKU0094,32.4,86.8,12.0,48.3
2025-08-04,SKU0094,4.4,86.8,12.0,48.3
2025-08-11,SKU0094,75.2,0.0,12.0,48.3
2025-08-18,SKU0094,58.2,0.0,12.0,48.3
2025-08-25,SKU0094,40.2,86.8,12.0,48.3
2025-09-01,SKU0094,18.2,86.8,12.0,48.3
2025-09-08,SKU0094,86.9,0.0,12.0,48.3
2025-09-15,SKU0094,72.9,0.0,12.0,48.3
2025-09-22,SKU0094,50.9,0.0,12.0,48.3
2025-09-29,SKU0094,28.9,86.8,12.0,48.3
2025-10-06,SKU0094,6.9,86.8,12.0,48.3
2025-10-13,SKU0094,65.7,0.0,12.0,48.3
2025-10-20,SKU0094,33.7,86.8,12.0,48.3
2025-10-27,SKU0094,0.0,86.8,12.0,48.3
2025-11-03,SKU0094,64.8,0.0,12.0,48.3
2025-11-10,SKU0094,35.8,86.8,12.0,48.3
2025-11-17,SKU0094,14.8,86.8,12.0,48.3
2025-11-24,SKU0094,69.5,0.0,12.0,48.3
2025-12-01,SKU0094,42.5,86.8,12.0,48.3
2025-12-08,SKU0094,13.5,86.8,12.0,48.3
2025-12-15,SKU0094,63.3,0.0,12.0,48.3
2025-12-22,SKU0094,28.3,86.8,12.0,48.3
2025-12-29,SKU0094,0.0,86.8,12.0,48.3
2026-01-05,SKU0094,68.8,0.0,12.0,48.3
2026-01-12,SKU0094,47.8,86.8,12.0,48.3
2026-01-19,SKU0094,31.8,86.8,12.0,48.3
2026-01-26,SKU0094,104.5,0.0,12.0,48.3
2026-02-02,SKU0094,84.5,0.0,12.0,48.3
2026-02-09,SKU0094,69.5,0.0,12.0,48.3
2026-02-16,SKU0094,63.5,0.0,12.0,48.3
2026-02-23,SKU0094,43.5,86.8,12.0,48.3
2026-03-02,SKU0094,19.5,86.8,12.0,48.3
2026-03-09,SKU0094,80.3,0.0,12.0,48.3
2026-03-16,SKU0094,64.3,0.0,12.0,48.3
2026-03-23,SKU0094,53.3,0.0,12.0,48.3
2026-03-30,SKU0094,37.3,86.8,12.0,48.3
2026-04-06,SKU0094,23.3,86.8,12.0,48.3
2026-04-13,SKU0094,92.1,0.0,12.0,48.3
2026-04-20,SKU0094,73.1,0.0,12.0,48.3
2026-04-27,SKU0094,53.1,0.0,12.0,48.3
2026-05-04,SKU0094,32.1,86.8,12.0,48.3
2026-05-11,SKU0094,4.1,86.8,12.0,48.3
2026-05-18,SKU0094,66.8,0.0,12.0,48.3
2026-05-25,SKU0094,47.8,86.8,12.0,48.3
2026-06-01,SKU0094,25.8,86.8,12.0,48.3
2026-06-08,SKU0094,84.6,0.0,12.0,48.3
2026-06-15,SKU0094,60.6,0.0,12.0,48.3
2026-06-22,SKU0094,48.6,0.0,12.0,48.3
2026-06-29,SKU0094,29.6,86.8,12.0,48.3
2026-07-06,SKU0094,6.6,86.8,12.0,48.3
2026-07-13,SKU0094,69.4,0.0,12.0,48.3
2024-08-05,SKU0095,453.1,0.0,13.0,341.1
2024-08-12,SKU0095,346.1,0.0,13.0,341.1
2024-08-19,SKU0095,239.1,565.1,13.0,341.1
2024-08-26,SKU0095,119.1,565.1,13.0,341.1
2024-09-02,SKU0095,559.1,0.0,13.0,341.1
2024-09-09,SKU0095,459.1,0.0,13.0,341.1
2024-09-16,SKU0095,355.1,0.0,13.0,341.1
2024-09-23,SKU0095,244.1,565.1,13.0,341.1
2024-09-30,SKU0095,102.1,565.1,13.0,341.1
2024-10-07,SKU0095,528.2,0.0,13.0,341.1
2024-10-14,SKU0095,313.2,565.1,13.0,341.1
2024-10-21,SKU0095,60.2,565.1,13.0,341.1
2024-10-28,SKU0095,389.2,0.0,13.0,341.1
2024-11-04,SKU0095,192.2,565.1,13.0,341.1
2024-11-11,SKU0095,31.2,565.1,13.0,341.1
2024-11-18,SKU0095,439.3,0.0,13.0,341.1
2024-11-25,SKU0095,189.3,565.1,13.0,341.1
2024-12-02,SKU0095,36.3,565.1,13.0,341.1
2024-12-09,SKU0095,444.4,0.0,13.0,341.1
2024-12-16,SKU0095,264.4,565.1,13.0,341.1
2024-12-23,SKU0095,15.4,565.1,13.0,341.1
2024-12-30,SKU0095,415.4,0.0,13.0,341.1
2025-01-06,SKU0095,323.4,565.1,13.0,341.1
2025-01-13,SKU0095,203.4,565.1,13.0,341.1
2025-01-20,SKU0095,669.5,0.0,13.0,341.1
2025-01-27,SKU0095,592.5,0.0,13.0,341.1
2025-02-03,SKU0095,512.5,0.0,13.0,341.1
2025-02-10,SKU0095,432.5,0.0,13.0,341.1
2025-02-17,SKU0095,313.5,565.1,13.0,341.1
2025-02-24,SKU0095,217.5,565.1,13.0,341.1
2025-03-03,SKU0095,674.5,0.0,13.0,341.1
2025-03-10,SKU0095,550.5,0.0,13.0,341.1
2025-03-17,SKU0095,439.5,0.0,13.0,341.1
2025-03-24,SKU0095,313.5,565.1,13.0,341.1
2025-03-31,SKU0095,201.5,565.1,13.0,341.1
2025-04-07,SKU0095,671.6,0.0,13.0,341.1
2025-04-14,SKU0095,569.6,0.0,13.0,341.1
2025-04-21,SKU0095,443.6,0.0,13.0,341.1
2025-04-28,SKU0095,327.6,565.1,13.0,341.1
2025-05-05,SKU0095,197.6,565.1,13.0,341.1
2025-05-12,SKU0095,637.6,0.0,13.0,341.1
2025-05-19,SKU0095,531.6,0.0,13.0,341.1
2025-05-26,SKU0095,421.6,0.0,13.0,341.1
2025-06-02,SKU0095,318.6,565.1,13.0,341.1
2025-06-09,SKU0095,189.6,565.1,13.0,341.1
2025-06-16,SKU0095,559.7,0.0,13.0,341.1
2025-06-23,SKU0095,381.7,0.0,13.0,341.1
2025-06-30,SKU0095,267.7,565.1,13.0,341.1
2025-07-07,SKU0095,148.7,565.1,13.0,341.1
2025-07-14,SKU0095,589.8,0.0,13.0,341.1
2025-07-21,SKU0095,473.8,0.0,13.0,341.1
2025-07-28,SKU0095,358.8,0.0,13.0,341.1
2025-08-04,SKU0095,249.8,565.1,13.0,341.1
2025-08-11,SKU0095,127.8,565.1,13.0,341.1
2025-08-18,SKU0095,549.8,0.0,13.0,341.1
2025-08-25,SKU0095,420.8,0.0,13.0,341.1
2025-09-01,SKU0095,296.8,565.1,13.0,341.1
2025-09-08,SKU0095,194.8,565.1,13.0,341.1
2025-09-15,SKU0095,632.9,0.0,13.0,341.1
2025-09-22,SKU0095,513.9,0.0,13.0,341.1
2025-09-29,SKU0095,369.9,0.0,13.0,341.1
2025-10-06,SKU0095,211.9,565.1,13.0,341.1
2025-10-13,SKU0095,0.0,565.1,13.0,341.1
2025-10-20,SKU0095,330.1,565.1,13.0,341.1
2025-10-27,SKU0095,2.1,565.1,13.0,341.1
2025-11-03,SKU0095,352.1,0.0,13.0,341.1
2025-11-10,SKU0095,156.1,565.1,13.0,341.1
2025-11-17,SKU0095,0.0,565.1,13.0,341.1
2025-11-24,SKU0095,295.1,565.1,13.0,341.1
2025-12-01,SKU0095,164.1,565.1,13.0,341.1
2025-12-08,SKU0095,527.1,0.0,13.0,341.1
2025-12-15,SKU0095,358.1,0.0,13.0,341.1
2025-12-22,SKU0095,81.1,565.1,13.0,341.1
2025-12-29,SKU0095,0.0,565.1,13.0,341.1
2026-01-05,SKU0095,438.1,0.0,13.0,341.1
2026-01-12,SKU0095,335.1,565.1,13.0,341.1
2026-01-19,SKU0095,247.1,565.1,13.0,341.1
2026-01-26,SKU0095,710.1,0.0,13.0,341.1
2026-02-02,SKU0095,595.1,0.0,13.0,341.1
2026-02-09,SKU0095,502.1,0.0,13.0,341.1
2026-02-16,SKU0095,385.1,0.0,13.0,341.1
2026-02-23,SKU0095,302.1,565.1,13.0,341.1
2026-03-02,SKU0095,167.1,565.1,13.0,341.1
2026-03-09,SKU0095,621.2,0.0,13.0,341.1
2026-03-16,SKU0095,521.2,0.0,13.0,341.1
2026-03-23,SKU0095,399.2,0.0,13.0,341.1
2026-03-30,SKU0095,286.2,565.1,13.0,341.1
2026-04-06,SKU0095,158.2,565.1,13.0,341.1
2026-04-13,SKU0095,603.2,0.0,13.0,341.1
2026-04-20,SKU0095,479.2,0.0,13.0,341.1
2026-04-27,SKU0095,353.2,0.0,13.0,341.1
2026-05-04,SKU0095,221.2,565.1,13.0,341.1
2026-05-11,SKU0095,95.2,565.1,13.0,341.1
2026-05-18,SKU0095,518.3,0.0,13.0,341.1
2026-05-25,SKU0095,397.3,0.0,13.0,341.1
2026-06-01,SKU0095,289.3,565.1,13.0,341.1
2026-06-08,SKU0095,158.3,565.1,13.0,341.1
2026-06-15,SKU0095,516.4,0.0,13.0,341.1
2026-06-22,SKU0095,296.4,565.1,13.0,341.1
2026-06-29,SKU0095,148.4,565.1,13.0,341.1
2026-07-06,SKU0095,588.4,0.0,13.0,341.1
2026-07-13,SKU0095,468.4,0.0,13.0,341.1
2024-08-05,SKU0096,9.5,11.5,20.0,10.6
2024-08-12,SKU0096,6.5,11.5,20.0,10.6
2024-08-19,SKU0096,5.5,11.5,20.0,10.6
2024-08-26,SKU0096,11.9,0.0,20.0,10.6
2024-09-02,SKU0096,9.9,11.5,20.0,10.6
2024-09-09,SKU0096,4.9,11.5,20.0,10.6
2024-09-16,SKU0096,2.9,11.5,20.0,10.6
2024-09-23,SKU0096,14.4,0.0,20.0,10.6
2024-09-30,SKU0096,11.4,0.0,20.0,10.6
2024-10-07,SKU0096,11.4,0.0,20.0,10.6
2024-10-14,SKU0096,9.4,11.5,20.0,10.6
2024-10-21,SKU0096,5.4,11.5,20.0,10.6
2024-10-28,SKU0096,0.0,11.5,20.0,10.6
2024-11-04,SKU0096,5.5,11.5,20.0,10.6
2024-11-11,SKU0096,2.5,11.5,20.0,10.6
2024-11-18,SKU0096,0.0,11.5,20.0,10.6
2024-11-25,SKU0096,5.5,11.5,20.0,10.6
2024-12-02,SKU0096,5.5,11.5,20.0,10.6
2024-12-09,SKU0096,5.5,11.5,20.0,10.6
2024-12-16,SKU0096,15.9,0.0,20.0,10.6
2024-12-23,SKU0096,12.9,0.0,20.0,10.6
2024-12-30,SKU0096,6.9,11.5,20.0,10.6
2025-01-06,SKU0096,6.9,11.5,20.0,10.6
2025-01-13,SKU0096,3.9,11.5,20.0,10.6
2025-01-20,SKU0096,14.4,0.0,20.0,10.6
2025-01-27,SKU0096,8.4,11.5,20.0,10.6
2025-02-03,SKU0096,7.4,11.5,20.0,10.6
2025-02-10,SKU0096,4.4,11.5,20.0,10.6
2025-02-17,SKU0096,13.8,0.0,20.0,10.6
2025-02-24,SKU0096,12.8,0.0,20.0,10.6
2025-03-03,SKU0096,9.8,11.5,20.0,10.6
2025-03-10,SKU0096,4.8,11.5,20.0,10.6
2025-03-17,SKU0096,3.8,11.5,20.0,10.6
2025-03-24,SKU0096,13.3,0.0,20.0,10.6
2025-03-31,SKU0096,12.3,0.0,20.0,10.6
2025-04-07,SKU0096,8.3,11.5,20.0,10.6
2025-04-14,SKU0096,7.3,11.5,20.0,10.6
2025-04-21,SKU0096,4.3,11.5,20.0,10.6
2025-04-28,SKU0096,11.7,0.0,20.0,10.6
2025-05-05,SKU0096,10.7,0.0,20.0,10.6
2025-05-12,SKU0096,9.7,11.5,20.0,10.6
2025-05-19,SKU0096,3.7,11.5,20.0,10.6
2025-05-26,SKU0096,3.7,11.5,20.0,10.6
2025-06-02,SKU0096,13.2,0.0,20.0,10.6
2025-06-09,SKU0096,10.2,11.5,20.0,10.6
2025-06-16,SKU0096,5.2,11.5,20.0,10.6
2025-06-23,SKU0096,0.2,11.5,20.0,10.6
2025-06-30,SKU0096,11.7,0.0,20.0,10.6
2025-07-07,SKU0096,9.7,11.5,20.0,10.6
2025-07-14,SKU0096,5.7,11.5,20.0,10.6
2025-07-21,SKU0096,3.7,11.5,20.0,10.6
2025-07-28,SKU0096,12.1,0.0,20.0,10.6
2025-08-04,SKU0096,11.1,0.0,20.0,10.6
2025-08-11,SKU0096,7.1,11.5,20.0,10.6
2025-08-18,SKU0096,5.1,11.5,20.0,10.6
2025-08-25,SKU0096,3.1,11.5,20.0,10.6
2025-09-01,SKU0096,10.6,11.5,20.0,10.6
2025-09-08,SKU0096,7.6,11.5,20.0,10.6
2025-09-15,SKU0096,6.6,11.5,20.0,10.6
2025-09-22,SKU0096,12.0,0.0,20.0,10.6
2025-09-29,SKU0096,10.0,11.5,20.0,10.6
2025-10-06,SKU0096,7.0,11.5,20.0,10.6
2025-10-13,SKU0096,1.0,11.5,20.0,10.6
2025-10-20,SKU0096,9.5,11.5,20.0,10.6
2025-10-27,SKU0096,7.5,11.5,20.0,10.6
2025-11-03,SKU0096,5.5,11.5,20.0,10.6
2025-11-10,SKU0096,14.9,0.0,20.0,10.6
2025-11-17,SKU0096,9.9,11.5,20.0,10.6
2025-11-24,SKU0096,0.0,11.5,20.0,10.6
2025-12-01,SKU0096,0.0,11.5,20.0,10.6
2025-12-08,SKU0096,8.5,11.5,20.0,10.6
2025-12-15,SKU0096,3.5,11.5,20.0,10.6
2025-12-22,SKU0096,0.0,11.5,20.0,10.6
2025-12-29,SKU0096,7.5,11.5,20.0,10.6
2026-01-05,SKU0096,4.5,11.5,20.0,10.6
2026-01-12,SKU0096,1.5,11.5,20.0,10.6
2026-01-19,SKU0096,9.9,11.5,20.0,10.6
2026-01-26,SKU0096,8.9,11.5,20.0,10.6
2026-02-02,SKU0096,6.9,11.5,20.0,10.6
2026-02-09,SKU0096,18.4,0.0,20.0,10.6
2026-02-16,SKU0096,14.4,0.0,20.0,10.6
2026-02-23,SKU0096,13.4,0.0,20.0,10.6
2026-03-02,SKU0096,9.4,11.5,20.0,10.6
2026-03-09,SKU0096,7.4,11.5,20.0,10.6
2026-03-16,SKU0096,3.4,11.5,20.0,10.6
2026-03-23,SKU0096,10.8,0.0,20.0,10.6
2026-03-30,SKU0096,9.8,11.5,20.0,10.6
2026-04-06,SKU0096,8.8,11.5,20.0,10.6
2026-04-13,SKU0096,7.8,11.5,20.0,10.6
2026-04-20,SKU0096,18.3,0.0,20.0,10.6
2026-04-27,SKU0096,16.3,0.0,20.0,10.6
2026-05-04,SKU0096,9.3,11.5,20.0,10.6
2026-05-11,SKU0096,7.3,11.5,20.0,10.6
2026-05-18,SKU0096,6.3,11.5,20.0,10.6
2026-05-25,SKU0096,14.7,0.0,20.0,10.6
2026-06-01,SKU0096,13.7,0.0,20.0,10.6
2026-06-08,SKU0096,10.7,0.0,20.0,10.6
2026-06-15,SKU0096,3.7,11.5,20.0,10.6
2026-06-22,SKU0096,0.0,11.5,20.0,10.6
2026-06-29,SKU0096,0.0,11.5,20.0,10.6
2026-07-06,SKU0096,5.5,11.5,20.0,10.6
2026-07-13,SKU0096,2.5,11.5,20.0,10.6
2024-08-05,SKU0097,207.2,0.0,9.0,115.0
2024-08-12,SKU0097,136.2,0.0,9.0,115.0
2024-08-19,SKU0097,79.2,275.2,9.0,115.0
2024-08-26,SKU0097,300.4,0.0,9.0,115.0
2024-09-02,SKU0097,246.4,0.0,9.0,115.0
2024-09-09,SKU0097,200.4,0.0,9.0,115.0
2024-09-16,SKU0097,140.4,0.0,9.0,115.0
2024-09-23,SKU0097,88.4,275.2,9.0,115.0
2024-09-30,SKU0097,314.6,0.0,9.0,115.0
2024-10-07,SKU0097,234.6,0.0,9.0,115.0
2024-10-14,SKU0097,120.6,0.0,9.0,115.0
2024-10-21,SKU0097,0.0,275.2,9.0,115.0
2024-10-28,SKU0097,163.2,0.0,9.0,115.0
2024-11-04,SKU0097,57.2,275.2,9.0,115.0
2024-11-11,SKU0097,244.4,0.0,9.0,115.0
2024-11-18,SKU0097,175.4,0.0,9.0,115.0
2024-11-25,SKU0097,69.4,275.2,9.0,115.0
2024-12-02,SKU0097,272.6,0.0,9.0,115.0
2024-12-09,SKU0097,195.6,0.0,9.0,115.0
2024-12-16,SKU0097,134.6,0.0,9.0,115.0
2024-12-23,SKU0097,2.6,275.2,9.0,115.0
2024-12-30,SKU0097,179.7,0.0,9.0,115.0
2025-01-06,SKU0097,124.7,0.0,9.0,115.0
2025-01-13,SKU0097,70.7,275.2,9.0,115.0
2025-01-20,SKU0097,315.9,0.0,9.0,115.0
2025-01-27,SKU0097,281.9,0.0,9.0,115.0
2025-02-03,SKU0097,229.9,0.0,9.0,115.0
2025-02-10,SKU0097,172.9,0.0,9.0,115.0
2025-02-17,SKU0097,123.9,0.0,9.0,115.0
2025-02-24,SKU0097,68.9,275.2,9.0,115.0
2025-03-03,SKU0097,302.1,0.0,9.0,115.0
2025-03-10,SKU0097,248.1,0.0,9.0,115.0
2025-03-17,SKU0097,194.1,0.0,9.0,115.0
2025-03-24,SKU0097,154.1,0.0,9.0,115.0
2025-03-31,SKU0097,89.1,275.2,9.0,115.0
2025-04-07,SKU0097,308.3,0.0,9.0,115.0
2025-04-14,SKU0097,272.3,0.0,9.0,115.0
2025-04-21,SKU0097,214.3,0.0,9.0,115.0
2025-04-28,SKU0097,154.3,0.0,9.0,115.0
2025-05-05,SKU0097,88.3,275.2,9.0,115.0
2025-05-12,SKU0097,298.5,0.0,9.0,115.0
2025-05-19,SKU0097,238.5,0.0,9.0,115.0
2025-05-26,SKU0097,185.5,0.0,9.0,115.0
2025-06-02,SKU0097,133.5,0.0,9.0,115.0
2025-06-09,SKU0097,89.5,275.2,9.0,115.0
2025-06-16,SKU0097,261.7,0.0,9.0,115.0
2025-06-23,SKU0097,173.7,0.0,9.0,115.0
2025-06-30,SKU0097,98.7,275.2,9.0,115.0
2025-07-07,SKU0097,318.8,0.0,9.0,115.0
2025-07-14,SKU0097,258.8,0.0,9.0,115.0
2025-07-21,SKU0097,197.8,0.0,9.0,115.0
2025-07-28,SKU0097,136.8,0.0,9.0,115.0
2025-08-04,SKU0097,88.8,275.2,9.0,115.0
2025-08-11,SKU0097,302.0,0.0,9.0,115.0
2025-08-18,SKU0097,226.0,0.0,9.0,115.0
2025-08-25,SKU0097,159.0,0.0,9.0,115.0
2025-09-01,SKU0097,104.0,275.2,9.0,115.0
2025-09-08,SKU0097,315.2,0.0,9.0,115.0
2025-09-15,SKU0097,269.2,0.0,9.0,115.0
2025-09-22,SKU0097,215.2,0.0,9.0,115.0
2025-09-29,SKU0097,136.2,0.0,9.0,115.0
2025-10-06,SKU0097,44.2,275.2,9.0,115.0
2025-10-13,SKU0097,204.4,0.0,9.0,115.0
2025-10-20,SKU0097,61.4,275.2,9.0,115.0
2025-10-27,SKU0097,199.6,0.0,9.0,115.0
2025-11-03,SKU0097,95.6,275.2,9.0,115.0
2025-11-10,SKU0097,298.8,0.0,9.0,115.0
2025-11-17,SKU0097,224.8,0.0,9.0,115.0
2025-11-24,SKU0097,104.8,275.2,9.0,115.0
2025-12-01,SKU0097,305.0,0.0,9.0,115.0
2025-12-08,SKU0097,239.0,0.0,9.0,115.0
2025-12-15,SKU0097,134.0,0.0,9.0,115.0
2025-12-22,SKU0097,24.0,275.2,9.0,115.0
2025-12-29,SKU0097,210.1,0.0,9.0,115.0
2026-01-05,SKU0097,164.1,0.0,9.0,115.0
2026-01-12,SKU0097,113.1,275.2,9.0,115.0
2026-01-19,SKU0097,342.3,0.0,9.0,115.0
2026-01-26,SKU0097,274.3,0.0,9.0,115.0
2026-02-02,SKU0097,220.3,0.0,9.0,115.0
2026-02-09,SKU0097,161.3,0.0,9.0,115.0
2026-02-16,SKU0097,117.3,0.0,9.0,115.0
2026-02-23,SKU0097,77.3,275.2,9.0,115.0
2026-03-02,SKU0097,290.5,0.0,9.0,115.0
2026-03-09,SKU0097,241.5,0.0,9.0,115.0
2026-03-16,SKU0097,176.5,0.0,9.0,115.0
2026-03-23,SKU0097,110.5,275.2,9.0,115.0
2026-03-30,SKU0097,317.7,0.0,9.0,115.0
2026-04-06,SKU0097,248.7,0.0,9.0,115.0
2026-04-13,SKU0097,180.7,0.0,9.0,115.0
2026-04-20,SKU0097,127.7,0.0,9.0,115.0
2026-04-27,SKU0097,52.7,275.2,9.0,115.0
2026-05-04,SKU0097,281.9,0.0,9.0,115.0
2026-05-11,SKU0097,216.9,0.0,9.0,115.0
2026-05-18,SKU0097,161.9,0.0,9.0,115.0
2026-05-25,SKU0097,102.9,275.2,9.0,115.0
2026-06-01,SKU0097,312.1,0.0,9.0,115.0
2026-06-08,SKU0097,249.1,0.0,9.0,115.0
2026-06-15,SKU0097,145.1,0.0,9.0,115.0
2026-06-22,SKU0097,42.1,275.2,9.0,115.0
2026-06-29,SKU0097,251.2,0.0,9.0,115.0
2026-07-06,SKU0097,199.2,0.0,9.0,115.0
2026-07-13,SKU0097,143.2,0.0,9.0,115.0
2024-07-29,SKU0098,338.1,421.1,37.0,723.4
2024-08-05,SKU0098,264.1,421.1,37.0,723.4
2024-08-12,SKU0098,180.1,421.1,37.0,723.4
2024-08-19,SKU0098,88.1,421.1,37.0,723.4
2024-08-26,SKU0098,12.1,421.1,37.0,723.4
2024-09-02,SKU0098,349.3,421.1,37.0,723.4
2024-09-09,SKU0098,276.3,421.1,37.0,723.4
2024-09-16,SKU0098,187.3,421.1,37.0,723.4
2024-09-23,SKU0098,110.3,421.1,37.0,723.4
2024-09-30,SKU0098,0.0,421.1,37.0,723.4
2024-10-07,SKU0098,293.1,421.1,37.0,723.4
2024-10-14,SKU0098,97.1,421.1,37.0,723.4
2024-10-21,SKU0098,0.0,421.1,37.0,723.4
2024-10-28,SKU0098,0.0,421.1,37.0,723.4
2024-11-04,SKU0098,0.0,421.1,37.0,723.4
2024-11-11,SKU0098,287.1,421.1,37.0,723.4
2024-11-18,SKU0098,146.1,421.1,37.0,723.4
2024-11-25,SKU0098,0.0,421.1,37.0,723.4
2024-12-02,SKU0098,0.0,421.1,37.0,723.4
2024-12-09,SKU0098,0.0,421.1,37.0,723.4
2024-12-16,SKU0098,243.1,421.1,37.0,723.4
2024-12-23,SKU0098,47.1,421.1,37.0,723.4
2024-12-30,SKU0098,0.0,421.1,37.0,723.4
2025-01-06,SKU0098,0.0,421.1,37.0,723.4
2025-01-13,SKU0098,0.0,421.1,37.0,723.4
2025-01-20,SKU0098,350.1,421.1,37.0,723.4
2025-01-27,SKU0098,266.1,421.1,37.0,723.4
2025-02-03,SKU0098,216.1,421.1,37.0,723.4
2025-02-10,SKU0098,124.1,421.1,37.0,723.4
2025-02-17,SKU0098,61.1,421.1,37.0,723.4
2025-02-24,SKU0098,399.3,421.1,37.0,723.4
2025-03-03,SKU0098,320.3,421.1,37.0,723.4
2025-03-10,SKU0098,228.3,421.1,37.0,723.4
2025-03-17,SKU0098,143.3,421.1,37.0,723.4
2025-03-24,SKU0098,43.3,421.1,37.0,723.4
2025-03-31,SKU0098,377.4,421.1,37.0,723.4
2025-04-07,SKU0098,289.4,421.1,37.0,723.4
2025-04-14,SKU0098,209.4,421.1,37.0,723.4
2025-04-21,SKU0098,124.4,421.1,37.0,723.4
2025-04-28,SKU0098,45.4,421.1,37.0,723.4
2025-05-05,SKU0098,378.5,421.1,37.0,723.4
2025-05-12,SKU0098,302.5,421.1,37.0,723.4
2025-05-19,SKU0098,222.5,421.1,37.0,723.4
2025-05-26,SKU0098,136.5,421.1,37.0,723.4
2025-06-02,SKU0098,49.5,421.1,37.0,723.4
2025-06-09,SKU0098,377.6,421.1,37.0,723.4
2025-06-16,SKU0098,248.6,421.1,37.0,723.4
2025-06-23,SKU0098,129.6,421.1,37.0,723.4
2025-06-30,SKU0098,40.6,421.1,37.0,723.4
2025-07-07,SKU0098,0.0,421.1,37.0,723.4
2025-07-14,SKU0098,335.1,421.1,37.0,723.4
2025-07-21,SKU0098,249.1,421.1,37.0,723.4
2025-07-28,SKU0098,154.1,421.1,37.0,723.4
2025-08-04,SKU0098,70.1,421.1,37.0,723.4
2025-08-11,SKU0098,0.0,421.1,37.0,723.4
2025-08-18,SKU0098,332.1,421.1,37.0,723.4
2025-08-25,SKU0098,249.1,421.1,37.0,723.4
2025-09-01,SKU0098,156.1,421.1,37.0,723.4
2025-09-08,SKU0098,74.1,421.1,37.0,723.4
2025-09-15,SKU0098,0.0,421.1,37.0,723.4
2025-09-22,SKU0098,346.1,421.1,37.0,723.4
2025-09-29,SKU0098,248.1,421.1,37.0,723.4
2025-10-06,SKU0098,125.1,421.1,37.0,723.4
2025-10-13,SKU0098,0.0,421.1,37.0,723.4
2025-10-20,SKU0098,0.0,421.1,37.0,723.4
2025-10-27,SKU0098,215.1,421.1,37.0,723.4
2025-11-03,SKU0098,85.1,421.1,37.0,723.4
2025-11-10,SKU0098,0.0,421.1,37.0,723.4
2025-11-17,SKU0098,0.0,421.1,37.0,723.4
2025-11-24,SKU0098,0.0,421.1,37.0,723.4
2025-12-01,SKU0098,321.1,421.1,37.0,723.4
2025-12-08,SKU0098,200.1,421.1,37.0,723.4
2025-12-15,SKU0098,47.1,421.1,37.0,723.4
2025-12-22,SKU0098,0.0,421.1,37.0,723.4
2025-12-29,SKU0098,0.0,421.1,37.0,723.4
2026-01-05,SKU0098,341.1,421.1,37.0,723.4
2026-01-12,SKU0098,273.1,421.1,37.0,723.4
2026-01-19,SKU0098,200.1,421.1,37.0,723.4
2026-01-26,SKU0098,133.1,421.1,37.0,723.4
2026-02-02,SKU0098,34.1,421.1,37.0,723.4
2026-02-09,SKU0098,371.3,421.1,37.0,723.4
2026-02-16,SKU0098,297.3,421.1,37.0,723.4
2026-02-23,SKU0098,207.3,421.1,37.0,723.4
2026-03-02,SKU0098,130.3,421.1,37.0,723.4
2026-03-09,SKU0098,43.3,421.1,37.0,723.4
2026-03-16,SKU0098,363.4,421.1,37.0,723.4
2026-03-23,SKU0098,296.4,421.1,37.0,723.4
2026-03-30,SKU0098,209.4,421.1,37.0,723.4
2026-04-06,SKU0098,108.4,421.1,37.0,723.4
2026-04-13,SKU0098,3.4,421.1,37.0,723.4
2026-04-20,SKU0098,326.5,421.1,37.0,723.4
2026-04-27,SKU0098,238.5,421.1,37.0,723.4
2026-05-04,SKU0098,142.5,421.1,37.0,723.4
2026-05-11,SKU0098,36.5,421.1,37.0,723.4
2026-05-18,SKU0098,0.0,421.1,37.0,723.4
2026-05-25,SKU0098,345.1,421.1,37.0,723.4
2026-06-01,SKU0098,268.1,421.1,37.0,723.4
2026-06-08,SKU0098,185.1,421.1,37.0,723.4
2026-06-15,SKU0098,26.1,421.1,37.0,723.4
2026-06-22,SKU0098,0.0,421.1,37.0,723.4
2026-06-29,SKU0098,329.1,421.1,37.0,723.4
2026-07-06,SKU0098,217.1,421.1,37.0,723.4
2026-07-13,SKU0098,130.1,421.1,37.0,723.4
2024-07-22,SKU0099,434.3,555.3,28.0,721.9
2024-07-29,SKU0099,318.3,555.3,28.0,721.9
2024-08-05,SKU0099,192.3,555.3,28.0,721.9
2024-08-12,SKU0099,106.3,555.3,28.0,721.9
2024-08-19,SKU0099,550.6,555.3,28.0,721.9
2024-08-26,SKU0099,437.6,555.3,28.0,721.9
2024-09-02,SKU0099,319.6,555.3,28.0,721.9
2024-09-09,SKU0099,203.6,555.3,28.0,721.9
2024-09-16,SKU0099,622.8,555.3,28.0,721.9
2024-09-23,SKU0099,493.8,555.3,28.0,721.9
2024-09-30,SKU0099,321.8,555.3,28.0,721.9
2024-10-07,SKU0099,143.8,555.3,28.0,721.9
2024-10-14,SKU0099,451.1,555.3,28.0,721.9
2024-10-21,SKU0099,186.1,555.3,28.0,721.9
2024-10-28,SKU0099,0.0,555.3,28.0,721.9
2024-11-04,SKU0099,0.0,555.3,28.0,721.9
2024-11-11,SKU0099,364.3,555.3,28.0,721.9
2024-11-18,SKU0099,198.3,555.3,28.0,721.9
2024-11-25,SKU0099,0.0,555.3,28.0,721.9
2024-12-02,SKU0099,0.0,555.3,28.0,721.9
2024-12-09,SKU0099,367.3,555.3,28.0,721.9
2024-12-16,SKU0099,154.3,555.3,28.0,721.9
2024-12-23,SKU0099,0.0,555.3,28.0,721.9
2024-12-30,SKU0099,0.0,555.3,28.0,721.9
2025-01-06,SKU0099,438.3,555.3,28.0,721.9
2025-01-13,SKU0099,327.3,555.3,28.0,721.9
2025-01-20,SKU0099,244.3,555.3,28.0,721.9
2025-01-27,SKU0099,150.3,555.3,28.0,721.9
2025-02-03,SKU0099,608.6,555.3,28.0,721.9
2025-02-10,SKU0099,513.6,555.3,28.0,721.9
2025-02-17,SKU0099,425.6,555.3,28.0,721.9
2025-02-24,SKU0099,323.6,555.3,28.0,721.9
2025-03-03,SKU0099,757.8,0.0,28.0,721.9
2025-03-10,SKU0099,639.8,555.3,28.0,721.9
2025-03-17,SKU0099,517.8,555.3,28.0,721.9
2025-03-24,SKU0099,427.8,555.3,28.0,721.9
2025-03-31,SKU0099,310.8,555.3,28.0,721.9
2025-04-07,SKU0099,734.1,0.0,28.0,721.9
2025-04-14,SKU0099,631.1,555.3,28.0,721.9
2025-04-21,SKU0099,543.1,555.3,28.0,721.9
2025-04-28,SKU0099,430.1,555.3,28.0,721.9
2025-05-05,SKU0099,323.1,555.3,28.0,721.9
2025-05-12,SKU0099,762.4,0.0,28.0,721.9
2025-05-19,SKU0099,661.4,555.3,28.0,721.9
2025-05-26,SKU0099,559.4,555.3,28.0,721.9
2025-06-02,SKU0099,439.4,555.3,28.0,721.9
2025-06-09,SKU0099,311.4,555.3,28.0,721.9
2025-06-16,SKU0099,691.7,555.3,28.0,721.9
2025-06-23,SKU0099,493.7,555.3,28.0,721.9
2025-06-30,SKU0099,377.7,555.3,28.0,721.9
2025-07-07,SKU0099,269.7,555.3,28.0,721.9
2025-07-14,SKU0099,700.9,555.3,28.0,721.9
2025-07-21,SKU0099,590.9,555.3,28.0,721.9
2025-07-28,SKU0099,466.9,555.3,28.0,721.9
2025-08-04,SKU0099,373.9,555.3,28.0,721.9
2025-08-11,SKU0099,819.2,0.0,28.0,721.9
2025-08-18,SKU0099,711.2,555.3,28.0,721.9
2025-08-25,SKU0099,609.2,555.3,28.0,721.9
2025-09-01,SKU0099,493.2,555.3,28.0,721.9
2025-09-08,SKU0099,369.2,555.3,28.0,721.9
2025-09-15,SKU0099,807.5,0.0,28.0,721.9
2025-09-22,SKU0099,684.5,555.3,28.0,721.9
2025-09-29,SKU0099,581.5,555.3,28.0,721.9
2025-10-06,SKU0099,437.5,555.3,28.0,721.9
2025-10-13,SKU0099,201.5,555.3,28.0,721.9
2025-10-20,SKU0099,473.8,555.3,28.0,721.9
2025-10-27,SKU0099,223.8,555.3,28.0,721.9
2025-11-03,SKU0099,7.8,555.3,28.0,721.9
2025-11-10,SKU0099,0.0,555.3,28.0,721.9
2025-11-17,SKU0099,387.3,555.3,28.0,721.9
2025-11-24,SKU0099,120.3,555.3,28.0,721.9
2025-12-01,SKU0099,0.0,555.3,28.0,721.9
2025-12-08,SKU0099,0.0,555.3,28.0,721.9
2025-12-15,SKU0099,337.3,555.3,28.0,721.9
2025-12-22,SKU0099,71.3,555.3,28.0,721.9
2025-12-29,SKU0099,0.0,555.3,28.0,721.9
2026-01-05,SKU0099,0.0,555.3,28.0,721.9
2026-01-12,SKU0099,463.3,555.3,28.0,721.9
2026-01-19,SKU0099,360.3,555.3,28.0,721.9
2026-01-26,SKU0099,261.3,555.3,28.0,721.9
2026-02-02,SKU0099,155.3,555.3,28.0,721.9
2026-02-09,SKU0099,616.6,555.3,28.0,721.9
2026-02-16,SKU0099,536.6,555.3,28.0,721.9
2026-02-23,SKU0099,450.6,555.3,28.0,721.9
2026-03-02,SKU0099,309.6,555.3,28.0,721.9
2026-03-09,SKU0099,730.8,0.0,28.0,721.9
2026-03-16,SKU0099,614.8,555.3,28.0,721.9
2026-03-23,SKU0099,503.8,555.3,28.0,721.9
2026-03-30,SKU0099,400.8,555.3,28.0,721.9
2026-04-06,SKU0099,283.8,555.3,28.0,721.9
2026-04-13,SKU0099,712.1,555.3,28.0,721.9
2026-04-20,SKU0099,606.1,555.3,28.0,721.9
2026-04-27,SKU0099,483.1,555.3,28.0,721.9
2026-05-04,SKU0099,352.1,555.3,28.0,721.9
2026-05-11,SKU0099,791.4,0.0,28.0,721.9
2026-05-18,SKU0099,699.4,555.3,28.0,721.9
2026-05-25,SKU0099,591.4,555.3,28.0,721.9
2026-06-01,SKU0099,472.4,555.3,28.0,721.9
2026-06-08,SKU0099,357.4,555.3,28.0,721.9
2026-06-15,SKU0099,732.7,0.0,28.0,721.9
2026-06-22,SKU0099,536.7,555.3,28.0,721.9
2026-06-29,SKU0099,412.7,555.3,28.0,721.9
2026-07-06,SKU0099,288.7,555.3,28.0,721.9
2026-07-13,SKU0099,159.7,555.3,28.0,721.9
2026-04-13,SKU0100,322.7,0.0,11.0,215.9
2026-04-20,SKU0100,199.7,422.7,11.0,215.9
2026-04-27,SKU0100,114.7,422.7,11.0,215.9
2026-05-04,SKU0100,444.3,0.0,11.0,215.9
2026-05-11,SKU0100,337.3,0.0,11.0,215.9
2026-05-18,SKU0100,224.3,0.0,11.0,215.9
2026-05-25,SKU0100,134.3,422.7,11.0,215.9
2026-06-01,SKU0100,40.3,422.7,11.0,215.9
2026-06-08,SKU0100,367.0,0.0,11.0,215.9
2026-06-15,SKU0100,221.0,0.0,11.0,215.9
2026-06-22,SKU0100,37.0,422.7,11.0,215.9
2026-06-29,SKU0100,0.0,422.7,11.0,215.9
2026-07-06,SKU0100,311.7,0.0,11.0,215.9
2026-07-13,SKU0100,206.7,422.7,11.0,215.9
2024-07-29,SKU0101,224.8,0.0,11.0,147.0
2024-08-05,SKU0101,170.8,0.0,11.0,147.0
2024-08-12,SKU0101,96.8,287.8,11.0,147.0
2024-08-19,SKU0101,26.8,287.8,11.0,147.0
2024-08-26,SKU0101,247.6,0.0,11.0,147.0
2024-09-02,SKU0101,177.6,0.0,11.0,147.0
2024-09-09,SKU0101,119.6,287.8,11.0,147.0
2024-09-16,SKU0101,66.6,287.8,11.0,147.0
2024-09-23,SKU0101,297.4,0.0,11.0,147.0
2024-09-30,SKU0101,226.4,0.0,11.0,147.0
2024-10-07,SKU0101,134.4,287.8,11.0,147.0
2024-10-14,SKU0101,0.0,287.8,11.0,147.0
2024-10-21,SKU0101,150.8,0.0,11.0,147.0
2024-10-28,SKU0101,18.8,287.8,11.0,147.0
2024-11-04,SKU0101,0.0,287.8,11.0,147.0
2024-11-11,SKU0101,192.8,0.0,11.0,147.0
2024-11-18,SKU0101,107.8,287.8,11.0,147.0
2024-11-25,SKU0101,0.0,287.8,11.0,147.0
2024-12-02,SKU0101,201.8,0.0,11.0,147.0
2024-12-09,SKU0101,115.8,287.8,11.0,147.0
2024-12-16,SKU0101,0.0,287.8,11.0,147.0
2024-12-23,SKU0101,157.8,0.0,11.0,147.0
2024-12-30,SKU0101,84.8,287.8,11.0,147.0
2025-01-06,SKU0101,22.8,287.8,11.0,147.0
2025-01-13,SKU0101,252.6,0.0,11.0,147.0
2025-01-20,SKU0101,206.6,0.0,11.0,147.0
2025-01-27,SKU0101,162.6,0.0,11.0,147.0
2025-02-03,SKU0101,127.6,287.8,11.0,147.0
2025-02-10,SKU0101,91.6,287.8,11.0,147.0
2025-02-17,SKU0101,336.4,0.0,11.0,147.0
2025-02-24,SKU0101,284.4,0.0,11.0,147.0
2025-03-03,SKU0101,226.4,0.0,11.0,147.0
2025-03-10,SKU0101,166.4,0.0,11.0,147.0
2025-03-17,SKU0101,104.4,287.8,11.0,147.0
2025-03-24,SKU0101,45.4,287.8,11.0,147.0
2025-03-31,SKU0101,272.2,0.0,11.0,147.0
2025-04-07,SKU0101,219.2,0.0,11.0,147.0
2025-04-14,SKU0101,167.2,0.0,11.0,147.0
2025-04-21,SKU0101,119.2,287.8,11.0,147.0
2025-04-28,SKU0101,59.2,287.8,11.0,147.0
2025-05-05,SKU0101,286.0,0.0,11.0,147.0
2025-05-12,SKU0101,230.0,0.0,11.0,147.0
2025-05-19,SKU0101,152.0,0.0,11.0,147.0
2025-05-26,SKU0101,66.0,287.8,11.0,147.0
2025-06-02,SKU0101,12.0,287.8,11.0,147.0
2025-06-09,SKU0101,234.8,0.0,11.0,147.0
2025-06-16,SKU0101,142.8,287.8,11.0,147.0
2025-06-23,SKU0101,25.8,287.8,11.0,147.0
2025-06-30,SKU0101,248.7,0.0,11.0,147.0
2025-07-07,SKU0101,189.7,0.0,11.0,147.0
2025-07-14,SKU0101,130.7,287.8,11.0,147.0
2025-07-21,SKU0101,69.7,287.8,11.0,147.0
2025-07-28,SKU0101,298.5,0.0,11.0,147.0
2025-08-04,SKU0101,238.5,0.0,11.0,147.0
2025-08-11,SKU0101,189.5,0.0,11.0,147.0
2025-08-18,SKU0101,116.5,287.8,11.0,147.0
2025-08-25,SKU0101,56.5,287.8,11.0,147.0
2025-09-01,SKU0101,277.3,0.0,11.0,147.0
2025-09-08,SKU0101,207.3,0.0,11.0,147.0
2025-09-15,SKU0101,137.3,287.8,11.0,147.0
2025-09-22,SKU0101,79.3,287.8,11.0,147.0
2025-09-29,SKU0101,300.1,0.0,11.0,147.0
2025-10-06,SKU0101,206.1,0.0,11.0,147.0
2025-10-13,SKU0101,91.1,287.8,11.0,147.0
2025-10-20,SKU0101,0.0,287.8,11.0,147.0
2025-10-27,SKU0101,143.8,287.8,11.0,147.0
2025-11-03,SKU0101,51.8,287.8,11.0,147.0
2025-11-10,SKU0101,248.6,0.0,11.0,147.0
2025-11-17,SKU0101,166.6,0.0,11.0,147.0
2025-11-24,SKU0101,58.6,287.8,11.0,147.0
2025-12-01,SKU0101,0.0,287.8,11.0,147.0
2025-12-08,SKU0101,203.8,0.0,11.0,147.0
2025-12-15,SKU0101,96.8,287.8,11.0,147.0
2025-12-22,SKU0101,0.0,287.8,11.0,147.0
2025-12-29,SKU0101,186.8,0.0,11.0,147.0
2026-01-05,SKU0101,133.8,287.8,11.0,147.0
2026-01-12,SKU0101,95.8,287.8,11.0,147.0
2026-01-19,SKU0101,318.6,0.0,11.0,147.0
2026-01-26,SKU0101,267.6,0.0,11.0,147.0
2026-02-02,SKU0101,218.6,0.0,11.0,147.0
2026-02-09,SKU0101,173.6,0.0,11.0,147.0
2026-02-16,SKU0101,134.6,287.8,11.0,147.0
2026-02-23,SKU0101,69.6,287.8,11.0,147.0
2026-03-02,SKU0101,279.4,0.0,11.0,147.0
2026-03-09,SKU0101,212.4,0.0,11.0,147.0
2026-03-16,SKU0101,155.4,0.0,11.0,147.0
2026-03-23,SKU0101,91.4,287.8,11.0,147.0
2026-03-30,SKU0101,25.4,287.8,11.0,147.0
2026-04-06,SKU0101,257.2,0.0,11.0,147.0
2026-04-13,SKU0101,205.2,0.0,11.0,147.0
2026-04-20,SKU0101,152.2,0.0,11.0,147.0
2026-04-27,SKU0101,92.2,287.8,11.0,147.0
2026-05-04,SKU0101,17.2,287.8,11.0,147.0
2026-05-11,SKU0101,237.0,0.0,11.0,147.0
2026-05-18,SKU0101,188.0,0.0,11.0,147.0
2026-05-25,SKU0101,119.0,287.8,11.0,147.0
2026-06-01,SKU0101,58.0,287.8,11.0,147.0
2026-06-08,SKU0101,292.8,0.0,11.0,147.0
2026-06-15,SKU0101,188.8,0.0,11.0,147.0
2026-06-22,SKU0101,107.8,287.8,11.0,147.0
2026-06-29,SKU0101,44.8,287.8,11.0,147.0
2026-07-06,SKU0101,293.7,0.0,11.0,147.0
2026-07-13,SKU0101,238.7,0.0,11.0,147.0
2026-06-08,SKU0102,243.6,0.0,13.0,186.2
2026-06-15,SKU0102,143.6,308.6,13.0,186.2
2026-06-22,SKU0102,26.6,308.6,13.0,186.2
2026-06-29,SKU0102,257.1,0.0,13.0,186.2
2026-07-06,SKU0102,196.1,0.0,13.0,186.2
2026-07-13,SKU0102,134.1,308.6,13.0,186.2
2024-08-05,SKU0103,7.3,11.3,40.0,21.0
2024-08-12,SKU0103,3.3,11.3,40.0,21.0
2024-08-19,SKU0103,1.3,11.3,40.0,21.0
2024-08-26,SKU0103,0.0,11.3,40.0,21.0
2024-09-02,SKU0103,0.0,11.3,40.0,21.0
2024-09-09,SKU0103,0.0,11.3,40.0,21.0
2024-09-16,SKU0103,8.3,11.3,40.0,21.0
2024-09-23,SKU0103,5.3,11.3,40.0,21.0
2024-09-30,SKU0103,3.3,11.3,40.0,21.0
2024-10-07,SKU0103,0.0,11.3,40.0,21.0
2024-10-14,SKU0103,0.0,11.3,40.0,21.0
2024-10-21,SKU0103,0.0,11.3,40.0,21.0
2024-10-28,SKU0103,6.3,11.3,40.0,21.0
2024-11-04,SKU0103,2.3,11.3,40.0,21.0
2024-11-11,SKU0103,0.0,11.3,40.0,21.0
2024-11-18,SKU0103,0.0,11.3,40.0,21.0
2024-11-25,SKU0103,0.0,11.3,40.0,21.0
2024-12-02,SKU0103,0.0,11.3,40.0,21.0
2024-12-09,SKU0103,6.3,11.3,40.0,21.0
2024-12-16,SKU0103,4.3,11.3,40.0,21.0
2024-12-23,SKU0103,0.0,11.3,40.0,21.0
2024-12-30,SKU0103,0.0,11.3,40.0,21.0
2025-01-06,SKU0103,0.0,11.3,40.0,21.0
2025-01-13,SKU0103,0.0,11.3,40.0,21.0
2025-01-20,SKU0103,11.3,11.3,40.0,21.0
2025-01-27,SKU0103,10.3,11.3,40.0,21.0
2025-02-03,SKU0103,10.3,11.3,40.0,21.0
2025-02-10,SKU0103,9.3,11.3,40.0,21.0
2025-02-17,SKU0103,9.3,11.3,40.0,21.0
2025-02-24,SKU0103,7.3,11.3,40.0,21.0
2025-03-03,SKU0103,15.6,11.3,40.0,21.0
2025-03-10,SKU0103,12.6,11.3,40.0,21.0
2025-03-17,SKU0103,7.6,11.3,40.0,21.0
2025-03-24,SKU0103,7.6,11.3,40.0,21.0
2025-03-31,SKU0103,3.6,11.3,40.0,21.0
2025-04-07,SKU0103,0.0,11.3,40.0,21.0
2025-04-14,SKU0103,7.3,11.3,40.0,21.0
2025-04-21,SKU0103,5.3,11.3,40.0,21.0
2025-04-28,SKU0103,0.0,11.3,40.0,21.0
2025-05-05,SKU0103,0.0,11.3,40.0,21.0
2025-05-12,SKU0103,0.0,11.3,40.0,21.0
2025-05-19,SKU0103,0.0,11.3,40.0,21.0
2025-05-26,SKU0103,10.3,11.3,40.0,21.0
2025-06-02,SKU0103,9.3,11.3,40.0,21.0
2025-06-09,SKU0103,7.3,11.3,40.0,21.0
2025-06-16,SKU0103,4.3,11.3,40.0,21.0
2025-06-23,SKU0103,0.0,11.3,40.0,21.0
2025-06-30,SKU0103,0.0,11.3,40.0,21.0
2025-07-07,SKU0103,9.3,11.3,40.0,21.0
2025-07-14,SKU0103,6.3,11.3,40.0,21.0
2025-07-21,SKU0103,4.3,11.3,40.0,21.0
2025-07-28,SKU0103,2.3,11.3,40.0,21.0
2025-08-04,SKU0103,0.3,11.3,40.0,21.0
2025-08-11,SKU0103,0.0,11.3,40.0,21.0
2025-08-18,SKU0103,11.3,11.3,40.0,21.0
2025-08-25,SKU0103,10.3,11.3,40.0,21.0
2025-09-01,SKU0103,9.3,11.3,40.0,21.0
2025-09-08,SKU0103,6.3,11.3,40.0,21.0
2025-09-15,SKU0103,5.3,11.3,40.0,21.0
2025-09-22,SKU0103,3.3,11.3,40.0,21.0
2025-09-29,SKU0103,12.6,11.3,40.0,21.0
2025-10-06,SKU0103,9.6,11.3,40.0,21.0
2025-10-13,SKU0103,6.6,11.3,40.0,21.0
2025-10-20,SKU0103,1.6,11.3,40.0,21.0
2025-10-27,SKU0103,0.0,11.3,40.0,21.0
2025-11-03,SKU0103,0.0,11.3,40.0,21.0
2025-11-10,SKU0103,7.3,11.3,40.0,21.0
2025-11-17,SKU0103,2.3,11.3,40.0,21.0
2025-11-24,SKU0103,0.0,11.3,40.0,21.0
2025-12-01,SKU0103,0.0,11.3,40.0,21.0
2025-12-08,SKU0103,0.0,11.3,40.0,21.0
2025-12-15,SKU0103,0.0,11.3,40.0,21.0
2025-12-22,SKU0103,7.3,11.3,40.0,21.0
2025-12-29,SKU0103,1.3,11.3,40.0,21.0
2026-01-05,SKU0103,0.0,11.3,40.0,21.0
2026-01-12,SKU0103,0.0,11.3,40.0,21.0
2026-01-19,SKU0103,0.0,11.3,40.0,21.0
2026-01-26,SKU0103,0.0,11.3,40.0,21.0
2026-02-02,SKU0103,9.3,11.3,40.0,21.0
2026-02-09,SKU0103,4.3,11.3,40.0,21.0
2026-02-16,SKU0103,3.3,11.3,40.0,21.0
2026-02-23,SKU0103,2.3,11.3,40.0,21.0
2026-03-02,SKU0103,0.3,11.3,40.0,21.0
2026-03-09,SKU0103,0.0,11.3,40.0,21.0
2026-03-16,SKU0103,8.3,11.3,40.0,21.0
2026-03-23,SKU0103,5.3,11.3,40.0,21.0
2026-03-30,SKU0103,4.3,11.3,40.0,21.0
2026-04-06,SKU0103,2.3,11.3,40.0,21.0
2026-04-13,SKU0103,1.3,11.3,40.0,21.0
2026-04-20,SKU0103,1.3,11.3,40.0,21.0
2026-04-27,SKU0103,11.6,11.3,40.0,21.0
2026-05-04,SKU0103,8.6,11.3,40.0,21.0
2026-05-11,SKU0103,8.6,11.3,40.0,21.0
2026-05-18,SKU0103,4.6,11.3,40.0,21.0
2026-05-25,SKU0103,3.6,11.3,40.0,21.0
2026-06-01,SKU0103,1.6,11.3,40.0,21.0
2026-06-08,SKU0103,11.9,11.3,40.0,21.0
2026-06-15,SKU0103,9.9,11.3,40.0,21.0
2026-06-22,SKU0103,5.9,11.3,40.0,21.0
2026-06-29,SKU0103,2.9,11.3,40.0,21.0
2026-07-06,SKU0103,1.9,11.3,40.0,21.0
2026-07-13,SKU0103,0.0,11.3,40.0,21.0
2024-08-12,SKU0104,39.6,52.6,18.0,43.9
2024-08-19,SKU0104,30.6,52.6,18.0,43.9
2024-08-26,SKU0104,18.6,52.6,18.0,43.9
2024-09-02,SKU0104,54.2,0.0,18.0,43.9
2024-09-09,SKU0104,43.2,52.6,18.0,43.9
2024-09-16,SKU0104,39.2,52.6,18.0,43.9
2024-09-23,SKU0104,27.2,52.6,18.0,43.9
2024-09-30,SKU0104,61.8,0.0,18.0,43.9
2024-10-07,SKU0104,45.8,0.0,18.0,43.9
2024-10-14,SKU0104,16.8,52.6,18.0,43.9
2024-10-21,SKU0104,0.0,52.6,18.0,43.9
2024-10-28,SKU0104,0.0,52.6,18.0,43.9
2024-11-04,SKU0104,38.6,52.6,18.0,43.9
2024-11-11,SKU0104,28.6,52.6,18.0,43.9
2024-11-18,SKU0104,7.6,52.6,18.0,43.9
2024-11-25,SKU0104,30.2,52.6,18.0,43.9
2024-12-02,SKU0104,9.2,52.6,18.0,43.9
2024-12-09,SKU0104,0.0,52.6,18.0,43.9
2024-12-16,SKU0104,33.6,52.6,18.0,43.9
2024-12-23,SKU0104,9.6,52.6,18.0,43.9
2024-12-30,SKU0104,0.0,52.6,18.0,43.9
2025-01-06,SKU0104,41.6,52.6,18.0,43.9
2025-01-13,SKU0104,36.6,52.6,18.0,43.9
2025-01-20,SKU0104,26.6,52.6,18.0,43.9
2025-01-27,SKU0104,63.2,0.0,18.0,43.9
2025-02-03,SKU0104,54.2,0.0,18.0,43.9
2025-02-10,SKU0104,45.2,0.0,18.0,43.9
2025-02-17,SKU0104,37.2,52.6,18.0,43.9
2025-02-24,SKU0104,25.2,52.6,18.0,43.9
2025-03-03,SKU0104,18.2,52.6,18.0,43.9
2025-03-10,SKU0104,59.8,0.0,18.0,43.9
2025-03-17,SKU0104,46.8,0.0,18.0,43.9
2025-03-24,SKU0104,37.8,52.6,18.0,43.9
2025-03-31,SKU0104,24.8,52.6,18.0,43.9
2025-04-07,SKU0104,17.8,52.6,18.0,43.9
2025-04-14,SKU0104,57.4,0.0,18.0,43.9
2025-04-21,SKU0104,48.4,0.0,18.0,43.9
2025-04-28,SKU0104,38.4,52.6,18.0,43.9
2025-05-05,SKU0104,28.4,52.6,18.0,43.9
2025-05-12,SKU0104,22.4,52.6,18.0,43.9
2025-05-19,SKU0104,57.9,0.0,18.0,43.9
2025-05-26,SKU0104,45.9,0.0,18.0,43.9
2025-06-02,SKU0104,37.9,52.6,18.0,43.9
2025-06-09,SKU0104,26.9,52.6,18.0,43.9
2025-06-16,SKU0104,17.9,52.6,18.0,43.9
2025-06-23,SKU0104,54.5,0.0,18.0,43.9
2025-06-30,SKU0104,36.5,52.6,18.0,43.9
2025-07-07,SKU0104,22.5,52.6,18.0,43.9
2025-07-14,SKU0104,13.5,52.6,18.0,43.9
2025-07-21,SKU0104,62.1,0.0,18.0,43.9
2025-07-28,SKU0104,46.1,0.0,18.0,43.9
2025-08-04,SKU0104,38.1,52.6,18.0,43.9
2025-08-11,SKU0104,27.1,52.6,18.0,43.9
2025-08-18,SKU0104,22.1,52.6,18.0,43.9
2025-08-25,SKU0104,64.7,0.0,18.0,43.9
2025-09-01,SKU0104,47.7,0.0,18.0,43.9
2025-09-08,SKU0104,35.7,52.6,18.0,43.9
2025-09-15,SKU0104,18.7,52.6,18.0,43.9
2025-09-22,SKU0104,8.7,52.6,18.0,43.9
2025-09-29,SKU0104,42.3,52.6,18.0,43.9
2025-10-06,SKU0104,32.3,52.6,18.0,43.9
2025-10-13,SKU0104,11.3,52.6,18.0,43.9
2025-10-20,SKU0104,33.9,52.6,18.0,43.9
2025-10-27,SKU0104,14.9,52.6,18.0,43.9
2025-11-03,SKU0104,4.9,52.6,18.0,43.9
2025-11-10,SKU0104,47.5,0.0,18.0,43.9
2025-11-17,SKU0104,30.5,52.6,18.0,43.9
2025-11-24,SKU0104,3.5,52.6,18.0,43.9
2025-12-01,SKU0104,0.0,52.6,18.0,43.9
2025-12-08,SKU0104,35.6,52.6,18.0,43.9
2025-12-15,SKU0104,18.6,52.6,18.0,43.9
2025-12-22,SKU0104,0.0,52.6,18.0,43.9
2025-12-29,SKU0104,32.6,52.6,18.0,43.9
2026-01-05,SKU0104,23.6,52.6,18.0,43.9
2026-01-12,SKU0104,11.6,52.6,18.0,43.9
2026-01-19,SKU0104,58.2,0.0,18.0,43.9
2026-01-26,SKU0104,50.2,0.0,18.0,43.9
2026-02-02,SKU0104,41.2,52.6,18.0,43.9
2026-02-09,SKU0104,27.2,52.6,18.0,43.9
2026-02-16,SKU0104,14.2,52.6,18.0,43.9
2026-02-23,SKU0104,61.8,0.0,18.0,43.9
2026-03-02,SKU0104,51.8,0.0,18.0,43.9
2026-03-09,SKU0104,42.8,52.6,18.0,43.9
2026-03-16,SKU0104,33.8,52.6,18.0,43.9
2026-03-23,SKU0104,23.8,52.6,18.0,43.9
2026-03-30,SKU0104,65.4,0.0,18.0,43.9
2026-04-06,SKU0104,51.4,0.0,18.0,43.9
2026-04-13,SKU0104,43.4,52.6,18.0,43.9
2026-04-20,SKU0104,28.4,52.6,18.0,43.9
2026-04-27,SKU0104,16.4,52.6,18.0,43.9
2026-05-04,SKU0104,60.9,0.0,18.0,43.9
2026-05-11,SKU0104,50.9,0.0,18.0,43.9
2026-05-18,SKU0104,37.9,52.6,18.0,43.9
2026-05-25,SKU0104,26.9,52.6,18.0,43.9
2026-06-01,SKU0104,16.9,52.6,18.0,43.9
2026-06-08,SKU0104,62.5,0.0,18.0,43.9
2026-06-15,SKU0104,47.5,0.0,18.0,43.9
2026-06-22,SKU0104,23.5,52.6,18.0,43.9
2026-06-29,SKU0104,18.5,52.6,18.0,43.9
2026-07-06,SKU0104,5.5,52.6,18.0,43.9
2026-07-13,SKU0104,43.1,52.6,18.0,43.9
2024-07-29,SKU0105,259.7,321.7,19.0,283.8
2024-08-05,SKU0105,182.7,321.7,19.0,283.8
2024-08-12,SKU0105,115.7,321.7,19.0,283.8
2024-08-19,SKU0105,367.5,0.0,19.0,283.8
2024-08-26,SKU0105,299.5,0.0,19.0,283.8
2024-09-02,SKU0105,235.5,321.7,19.0,283.8
2024-09-09,SKU0105,169.5,321.7,19.0,283.8
2024-09-16,SKU0105,111.5,321.7,19.0,283.8
2024-09-23,SKU0105,365.2,0.0,19.0,283.8
2024-09-30,SKU0105,296.2,0.0,19.0,283.8
2024-10-07,SKU0105,207.2,321.7,19.0,283.8
2024-10-14,SKU0105,62.2,321.7,19.0,283.8
2024-10-21,SKU0105,0.0,321.7,19.0,283.8
2024-10-28,SKU0105,195.7,321.7,19.0,283.8
2024-11-04,SKU0105,82.7,321.7,19.0,283.8
2024-11-11,SKU0105,8.7,321.7,19.0,283.8
2024-11-18,SKU0105,224.5,321.7,19.0,283.8
2024-11-25,SKU0105,79.5,321.7,19.0,283.8
2024-12-02,SKU0105,0.0,321.7,19.0,283.8
2024-12-09,SKU0105,223.7,321.7,19.0,283.8
2024-12-16,SKU0105,89.7,321.7,19.0,283.8
2024-12-23,SKU0105,0.0,321.7,19.0,283.8
2024-12-30,SKU0105,225.7,321.7,19.0,283.8
2025-01-06,SKU0105,152.7,321.7,19.0,283.8
2025-01-13,SKU0105,72.7,321.7,19.0,283.8
2025-01-20,SKU0105,343.5,0.0,19.0,283.8
2025-01-27,SKU0105,277.5,321.7,19.0,283.8
2025-02-03,SKU0105,233.5,321.7,19.0,283.8
2025-02-10,SKU0105,175.5,321.7,19.0,283.8
2025-02-17,SKU0105,437.2,0.0,19.0,283.8
2025-02-24,SKU0105,365.2,0.0,19.0,283.8
2025-03-03,SKU0105,288.2,0.0,19.0,283.8
2025-03-10,SKU0105,217.2,321.7,19.0,283.8
2025-03-17,SKU0105,139.2,321.7,19.0,283.8
2025-03-24,SKU0105,69.2,321.7,19.0,283.8
2025-03-31,SKU0105,325.9,0.0,19.0,283.8
2025-04-07,SKU0105,257.9,321.7,19.0,283.8
2025-04-14,SKU0105,192.9,321.7,19.0,283.8
2025-04-21,SKU0105,120.9,321.7,19.0,283.8
2025-04-28,SKU0105,370.7,0.0,19.0,283.8
2025-05-05,SKU0105,312.7,0.0,19.0,283.8
2025-05-12,SKU0105,229.7,321.7,19.0,283.8
2025-05-19,SKU0105,153.7,321.7,19.0,283.8
2025-05-26,SKU0105,112.7,321.7,19.0,283.8
2025-06-02,SKU0105,367.4,0.0,19.0,283.8
2025-06-09,SKU0105,298.4,0.0,19.0,283.8
2025-06-16,SKU0105,197.4,321.7,19.0,283.8
2025-06-23,SKU0105,82.4,321.7,19.0,283.8
2025-06-30,SKU0105,7.4,321.7,19.0,283.8
2025-07-07,SKU0105,264.1,321.7,19.0,283.8
2025-07-14,SKU0105,200.1,321.7,19.0,283.8
2025-07-21,SKU0105,125.1,321.7,19.0,283.8
2025-07-28,SKU0105,368.8,0.0,19.0,283.8
2025-08-04,SKU0105,309.8,0.0,19.0,283.8
2025-08-11,SKU0105,239.8,321.7,19.0,283.8
2025-08-18,SKU0105,193.8,321.7,19.0,283.8
2025-08-25,SKU0105,129.8,321.7,19.0,283.8
2025-09-01,SKU0105,384.6,0.0,19.0,283.8
2025-09-08,SKU0105,327.6,0.0,19.0,283.8
2025-09-15,SKU0105,277.6,321.7,19.0,283.8
2025-09-22,SKU0105,204.6,321.7,19.0,283.8
2025-09-29,SKU0105,120.6,321.7,19.0,283.8
2025-10-06,SKU0105,359.3,0.0,19.0,283.8
2025-10-13,SKU0105,224.3,321.7,19.0,283.8
2025-10-20,SKU0105,83.3,321.7,19.0,283.8
2025-10-27,SKU0105,0.0,321.7,19.0,283.8
2025-11-03,SKU0105,194.7,321.7,19.0,283.8
2025-11-10,SKU0105,83.7,321.7,19.0,283.8
2025-11-17,SKU0105,1.7,321.7,19.0,283.8
2025-11-24,SKU0105,168.5,321.7,19.0,283.8
2025-12-01,SKU0105,83.5,321.7,19.0,283.8
2025-12-08,SKU0105,0.0,321.7,19.0,283.8
2025-12-15,SKU0105,214.7,321.7,19.0,283.8
2025-12-22,SKU0105,52.7,321.7,19.0,283.8
2025-12-29,SKU0105,0.0,321.7,19.0,283.8
2026-01-05,SKU0105,251.7,321.7,19.0,283.8
2026-01-12,SKU0105,199.7,321.7,19.0,283.8
2026-01-19,SKU0105,149.7,321.7,19.0,283.8
2026-01-26,SKU0105,397.5,0.0,19.0,283.8
2026-02-02,SKU0105,340.5,0.0,19.0,283.8
2026-02-09,SKU0105,293.5,0.0,19.0,283.8
2026-02-16,SKU0105,250.5,321.7,19.0,283.8
2026-02-23,SKU0105,183.5,321.7,19.0,283.8
2026-03-02,SKU0105,119.5,321.7,19.0,283.8
2026-03-09,SKU0105,387.2,0.0,19.0,283.8
2026-03-16,SKU0105,317.2,0.0,19.0,283.8
2026-03-23,SKU0105,252.2,321.7,19.0,283.8
2026-03-30,SKU0105,191.2,321.7,19.0,283.8
2026-04-06,SKU0105,122.2,321.7,19.0,283.8
2026-04-13,SKU0105,375.9,0.0,19.0,283.8
2026-04-20,SKU0105,312.9,0.0,19.0,283.8
2026-04-27,SKU0105,234.9,321.7,19.0,283.8
2026-05-04,SKU0105,175.9,321.7,19.0,283.8
2026-05-11,SKU0105,109.9,321.7,19.0,283.8
2026-05-18,SKU0105,359.7,0.0,19.0,283.8
2026-05-25,SKU0105,294.7,0.0,19.0,283.8
2026-06-01,SKU0105,215.7,321.7,19.0,283.8
2026-06-08,SKU0105,137.7,321.7,19.0,283.8
2026-06-15,SKU0105,28.7,321.7,19.0,283.8
2026-06-22,SKU0105,216.4,321.7,19.0,283.8
2026-06-29,SKU0105,132.4,321.7,19.0,283.8
2026-07-06,SKU0105,59.4,321.7,19.0,283.8
2026-07-13,SKU0105,315.1,0.0,19.0,283.8
2024-08-05,SKU0106,40.9,0.0,17.0,37.8
2024-08-12,SKU0106,28.9,47.9,17.0,37.8
2024-08-19,SKU0106,13.9,47.9,17.0,37.8
2024-08-26,SKU0106,56.8,0.0,17.0,37.8
2024-09-02,SKU0106,50.8,0.0,17.0,37.8
2024-09-09,SKU0106,41.8,0.0,17.0,37.8
2024-09-16,SKU0106,31.8,47.9,17.0,37.8
2024-09-23,SKU0106,21.8,47.9,17.0,37.8
2024-09-30,SKU0106,59.8,0.0,17.0,37.8
2024-10-07,SKU0106,44.8,0.0,17.0,37.8
2024-10-14,SKU0106,30.8,47.9,17.0,37.8
2024-10-21,SKU0106,4.8,47.9,17.0,37.8
2024-10-28,SKU0106,36.7,47.9,17.0,37.8
2024-11-04,SKU0106,21.7,47.9,17.0,37.8
2024-11-11,SKU0106,51.6,0.0,17.0,37.8
2024-11-18,SKU0106,41.6,0.0,17.0,37.8
2024-11-25,SKU0106,25.6,47.9,17.0,37.8
2024-12-02,SKU0106,13.6,47.9,17.0,37.8
2024-12-09,SKU0106,52.5,0.0,17.0,37.8
2024-12-16,SKU0106,34.5,47.9,17.0,37.8
2024-12-23,SKU0106,13.5,47.9,17.0,37.8
2024-12-30,SKU0106,40.5,0.0,17.0,37.8
2025-01-06,SKU0106,31.5,47.9,17.0,37.8
2025-01-13,SKU0106,22.5,47.9,17.0,37.8
2025-01-20,SKU0106,64.4,0.0,17.0,37.8
2025-01-27,SKU0106,59.4,0.0,17.0,37.8
2025-02-03,SKU0106,48.4,0.0,17.0,37.8
2025-02-10,SKU0106,43.4,0.0,17.0,37.8
2025-02-17,SKU0106,31.4,47.9,17.0,37.8
2025-02-24,SKU0106,20.4,47.9,17.0,37.8
2025-03-03,SKU0106,51.3,0.0,17.0,37.8
2025-03-10,SKU0106,44.3,0.0,17.0,37.8
2025-03-17,SKU0106,34.3,47.9,17.0,37.8
2025-03-24,SKU0106,29.3,47.9,17.0,37.8
2025-03-31,SKU0106,70.2,0.0,17.0,37.8
2025-04-07,SKU0106,68.2,0.0,17.0,37.8
2025-04-14,SKU0106,55.2,0.0,17.0,37.8
2025-04-21,SKU0106,40.2,0.0,17.0,37.8
2025-04-28,SKU0106,29.2,47.9,17.0,37.8
2025-05-05,SKU0106,22.2,47.9,17.0,37.8
2025-05-12,SKU0106,61.1,0.0,17.0,37.8
2025-05-19,SKU0106,51.1,0.0,17.0,37.8
2025-05-26,SKU0106,44.1,0.0,17.0,37.8
2025-06-02,SKU0106,37.1,47.9,17.0,37.8
2025-06-09,SKU0106,32.1,47.9,17.0,37.8
2025-06-16,SKU0106,61.1,0.0,17.0,37.8
2025-06-23,SKU0106,47.1,0.0,17.0,37.8
2025-06-30,SKU0106,37.1,47.9,17.0,37.8
2025-07-07,SKU0106,22.1,47.9,17.0,37.8
2025-07-14,SKU0106,63.0,0.0,17.0,37.8
2025-07-21,SKU0106,52.0,0.0,17.0,37.8
2025-07-28,SKU0106,41.0,0.0,17.0,37.8
2025-08-04,SKU0106,26.0,47.9,17.0,37.8
2025-08-11,SKU0106,22.0,47.9,17.0,37.8
2025-08-18,SKU0106,61.9,0.0,17.0,37.8
2025-08-25,SKU0106,49.9,0.0,17.0,37.8
2025-09-01,SKU0106,39.9,0.0,17.0,37.8
2025-09-08,SKU0106,21.9,47.9,17.0,37.8
2025-09-15,SKU0106,11.9,47.9,17.0,37.8
2025-09-22,SKU0106,55.8,0.0,17.0,37.8
2025-09-29,SKU0106,39.8,0.0,17.0,37.8
2025-10-06,SKU0106,28.8,47.9,17.0,37.8
2025-10-13,SKU0106,12.8,47.9,17.0,37.8
2025-10-20,SKU0106,30.8,47.9,17.0,37.8
2025-10-27,SKU0106,7.8,47.9,17.0,37.8
2025-11-03,SKU0106,32.7,47.9,17.0,37.8
2025-11-10,SKU0106,18.7,47.9,17.0,37.8
2025-11-17,SKU0106,47.6,0.0,17.0,37.8
2025-11-24,SKU0106,33.6,47.9,17.0,37.8
2025-12-01,SKU0106,17.6,47.9,17.0,37.8
2025-12-08,SKU0106,54.5,0.0,17.0,37.8
2025-12-15,SKU0106,36.5,47.9,17.0,37.8
2025-12-22,SKU0106,10.5,47.9,17.0,37.8
2025-12-29,SKU0106,41.4,0.0,17.0,37.8
2026-01-05,SKU0106,27.4,47.9,17.0,37.8
2026-01-12,SKU0106,17.4,47.9,17.0,37.8
2026-01-19,SKU0106,55.4,0.0,17.0,37.8
2026-01-26,SKU0106,39.4,0.0,17.0,37.8
2026-02-02,SKU0106,28.4,47.9,17.0,37.8
2026-02-09,SKU0106,21.4,47.9,17.0,37.8
2026-02-16,SKU0106,63.3,0.0,17.0,37.8
2026-02-23,SKU0106,53.3,0.0,17.0,37.8
2026-03-02,SKU0106,46.3,0.0,17.0,37.8
2026-03-09,SKU0106,37.3,47.9,17.0,37.8
2026-03-16,SKU0106,28.3,47.9,17.0,37.8
2026-03-23,SKU0106,69.2,0.0,17.0,37.8
2026-03-30,SKU0106,54.2,0.0,17.0,37.8
2026-04-06,SKU0106,50.2,0.0,17.0,37.8
2026-04-13,SKU0106,39.2,0.0,17.0,37.8
2026-04-20,SKU0106,22.2,47.9,17.0,37.8
2026-04-27,SKU0106,13.2,47.9,17.0,37.8
2026-05-04,SKU0106,50.1,0.0,17.0,37.8
2026-05-11,SKU0106,38.1,0.0,17.0,37.8
2026-05-18,SKU0106,25.1,47.9,17.0,37.8
2026-05-25,SKU0106,15.1,47.9,17.0,37.8
2026-06-01,SKU0106,50.1,0.0,17.0,37.8
2026-06-08,SKU0106,40.1,0.0,17.0,37.8
2026-06-15,SKU0106,25.1,47.9,17.0,37.8
2026-06-22,SKU0106,4.1,47.9,17.0,37.8
2026-06-29,SKU0106,43.0,0.0,17.0,37.8
2026-07-06,SKU0106,30.0,47.9,17.0,37.8
2026-07-13,SKU0106,20.0,47.9,17.0,37.8
2024-08-05,SKU0107,56.2,0.0,11.0,39.9
2024-08-12,SKU0107,40.2,0.0,11.0,39.9
2024-08-19,SKU0107,27.2,78.2,11.0,39.9
2024-08-26,SKU0107,11.2,78.2,11.0,39.9
2024-09-02,SKU0107,77.4,0.0,11.0,39.9
2024-09-09,SKU0107,66.4,0.0,11.0,39.9
2024-09-16,SKU0107,49.4,0.0,11.0,39.9
2024-09-23,SKU0107,33.4,78.2,11.0,39.9
2024-09-30,SKU0107,21.4,78.2,11.0,39.9
2024-10-07,SKU0107,77.6,0.0,11.0,39.9
2024-10-14,SKU0107,43.6,0.0,11.0,39.9
2024-10-21,SKU0107,1.6,78.2,11.0,39.9
2024-10-28,SKU0107,0.0,78.2,11.0,39.9
2024-11-04,SKU0107,50.2,0.0,11.0,39.9
2024-11-11,SKU0107,28.2,78.2,11.0,39.9
2024-11-18,SKU0107,3.2,78.2,11.0,39.9
2024-11-25,SKU0107,50.4,0.0,11.0,39.9
2024-12-02,SKU0107,25.4,78.2,11.0,39.9
2024-12-09,SKU0107,8.4,78.2,11.0,39.9
2024-12-16,SKU0107,68.6,0.0,11.0,39.9
2024-12-23,SKU0107,35.6,78.2,11.0,39.9
2024-12-30,SKU0107,3.6,78.2,11.0,39.9
2025-01-06,SKU0107,64.8,0.0,11.0,39.9
2025-01-13,SKU0107,54.8,0.0,11.0,39.9
2025-01-20,SKU0107,40.8,0.0,11.0,39.9
2025-01-27,SKU0107,20.8,78.2,11.0,39.9
2025-02-03,SKU0107,10.8,78.2,11.0,39.9
2025-02-10,SKU0107,74.0,0.0,11.0,39.9
2025-02-17,SKU0107,55.0,0.0,11.0,39.9
2025-02-24,SKU0107,39.0,78.2,11.0,39.9
2025-03-03,SKU0107,17.0,78.2,11.0,39.9
2025-03-10,SKU0107,80.2,0.0,11.0,39.9
2025-03-17,SKU0107,67.2,0.0,11.0,39.9
2025-03-24,SKU0107,58.2,0.0,11.0,39.9
2025-03-31,SKU0107,42.2,0.0,11.0,39.9
2025-04-07,SKU0107,30.2,78.2,11.0,39.9
2025-04-14,SKU0107,14.2,78.2,11.0,39.9
2025-04-21,SKU0107,80.4,0.0,11.0,39.9
2025-04-28,SKU0107,63.4,0.0,11.0,39.9
2025-05-05,SKU0107,56.4,0.0,11.0,39.9
2025-05-12,SKU0107,32.4,78.2,11.0,39.9
2025-05-19,SKU0107,17.4,78.2,11.0,39.9
2025-05-26,SKU0107,78.6,0.0,11.0,39.9
2025-06-02,SKU0107,60.6,0.0,11.0,39.9
2025-06-09,SKU0107,47.6,0.0,11.0,39.9
2025-06-16,SKU0107,18.6,78.2,11.0,39.9
2025-06-23,SKU0107,0.0,78.2,11.0,39.9
2025-06-30,SKU0107,59.2,0.0,11.0,39.9
2025-07-07,SKU0107,41.2,0.0,11.0,39.9
2025-07-14,SKU0107,22.2,78.2,11.0,39.9
2025-07-21,SKU0107,11.2,78.2,11.0,39.9
2025-07-28,SKU0107,77.4,0.0,11.0,39.9
2025-08-04,SKU0107,61.4,0.0,11.0,39.9
2025-08-11,SKU0107,38.4,78.2,11.0,39.9
2025-08-18,SKU0107,19.4,78.2,11.0,39.9
2025-08-25,SKU0107,86.6,0.0,11.0,39.9
2025-09-01,SKU0107,58.6,0.0,11.0,39.9
2025-09-08,SKU0107,41.6,0.0,11.0,39.9
2025-09-15,SKU0107,35.6,78.2,11.0,39.9
2025-09-22,SKU0107,23.6,78.2,11.0,39.9
2025-09-29,SKU0107,70.8,0.0,11.0,39.9
2025-10-06,SKU0107,41.8,0.0,11.0,39.9
2025-10-13,SKU0107,5.8,78.2,11.0,39.9
2025-10-20,SKU0107,0.0,78.2,11.0,39.9
2025-10-27,SKU0107,43.2,0.0,11.0,39.9
2025-11-03,SKU0107,11.2,78.2,11.0,39.9
2025-11-10,SKU0107,0.0,78.2,11.0,39.9
2025-11-17,SKU0107,52.2,0.0,11.0,39.9
2025-11-24,SKU0107,19.2,78.2,11.0,39.9
2025-12-01,SKU0107,0.0,78.2,11.0,39.9
2025-12-08,SKU0107,48.2,0.0,11.0,39.9
2025-12-15,SKU0107,20.2,78.2,11.0,39.9
2025-12-22,SKU0107,0.0,78.2,11.0,39.9
2025-12-29,SKU0107,51.2,0.0,11.0,39.9
2026-01-05,SKU0107,33.2,78.2,11.0,39.9
2026-01-12,SKU0107,15.2,78.2,11.0,39.9
2026-01-19,SKU0107,79.4,0.0,11.0,39.9
2026-01-26,SKU0107,67.4,0.0,11.0,39.9
2026-02-02,SKU0107,56.4,0.0,11.0,39.9
2026-02-09,SKU0107,42.4,0.0,11.0,39.9
2026-02-16,SKU0107,26.4,78.2,11.0,39.9
2026-02-23,SKU0107,16.4,78.2,11.0,39.9
2026-03-02,SKU0107,77.6,0.0,11.0,39.9
2026-03-09,SKU0107,63.6,0.0,11.0,39.9
2026-03-16,SKU0107,53.6,0.0,11.0,39.9
2026-03-23,SKU0107,42.6,0.0,11.0,39.9
2026-03-30,SKU0107,31.6,78.2,11.0,39.9
2026-04-06,SKU0107,8.6,78.2,11.0,39.9
2026-04-13,SKU0107,67.8,0.0,11.0,39.9
2026-04-20,SKU0107,52.8,0.0,11.0,39.9
2026-04-27,SKU0107,31.8,78.2,11.0,39.9
2026-05-04,SKU0107,15.8,78.2,11.0,39.9
2026-05-11,SKU0107,73.0,0.0,11.0,39.9
2026-05-18,SKU0107,58.0,0.0,11.0,39.9
2026-05-25,SKU0107,42.0,0.0,11.0,39.9
2026-06-01,SKU0107,25.0,78.2,11.0,39.9
2026-06-08,SKU0107,10.0,78.2,11.0,39.9
2026-06-15,SKU0107,64.2,0.0,11.0,39.9
2026-06-22,SKU0107,47.2,0.0,11.0,39.9
2026-06-29,SKU0107,25.2,78.2,11.0,39.9
2026-07-06,SKU0107,10.2,78.2,11.0,39.9
2026-07-13,SKU0107,75.4,0.0,11.0,39.9
2024-08-05,SKU0108,452.1,580.1,37.0,996.6
2024-08-12,SKU0108,321.1,580.1,37.0,996.6
2024-08-19,SKU0108,218.1,580.1,37.0,996.6
2024-08-26,SKU0108,98.1,580.1,37.0,996.6
2024-09-02,SKU0108,0.0,580.1,37.0,996.6
2024-09-09,SKU0108,445.1,580.1,37.0,996.6
2024-09-16,SKU0108,317.1,580.1,37.0,996.6
2024-09-23,SKU0108,203.1,580.1,37.0,996.6
2024-09-30,SKU0108,47.1,580.1,37.0,996.6
2024-10-07,SKU0108,0.0,580.1,37.0,996.6
2024-10-14,SKU0108,309.1,580.1,37.0,996.6
2024-10-21,SKU0108,68.1,580.1,37.0,996.6
2024-10-28,SKU0108,0.0,580.1,37.0,996.6
2024-11-04,SKU0108,0.0,580.1,37.0,996.6
2024-11-11,SKU0108,0.0,580.1,37.0,996.6
2024-11-18,SKU0108,402.1,580.1,37.0,996.6
2024-11-25,SKU0108,149.1,580.1,37.0,996.6
2024-12-02,SKU0108,0.0,580.1,37.0,996.6
2024-12-09,SKU0108,0.0,580.1,37.0,996.6
2024-12-16,SKU0108,0.0,580.1,37.0,996.6
2024-12-23,SKU0108,312.1,580.1,37.0,996.6
2024-12-30,SKU0108,114.1,580.1,37.0,996.6
2025-01-06,SKU0108,0.0,580.1,37.0,996.6
2025-01-13,SKU0108,0.0,580.1,37.0,996.6
2025-01-20,SKU0108,0.0,580.1,37.0,996.6
2025-01-27,SKU0108,475.1,580.1,37.0,996.6
2025-02-03,SKU0108,382.1,580.1,37.0,996.6
2025-02-10,SKU0108,308.1,580.1,37.0,996.6
2025-02-17,SKU0108,198.1,580.1,37.0,996.6
2025-02-24,SKU0108,71.1,580.1,37.0,996.6
2025-03-03,SKU0108,558.2,580.1,37.0,996.6
2025-03-10,SKU0108,434.2,580.1,37.0,996.6
2025-03-17,SKU0108,309.2,580.1,37.0,996.6
2025-03-24,SKU0108,179.2,580.1,37.0,996.6
2025-03-31,SKU0108,65.2,580.1,37.0,996.6
2025-04-07,SKU0108,528.3,580.1,37.0,996.6
2025-04-14,SKU0108,416.3,580.1,37.0,996.6
2025-04-21,SKU0108,307.3,580.1,37.0,996.6
2025-04-28,SKU0108,187.3,580.1,37.0,996.6
2025-05-05,SKU0108,67.3,580.1,37.0,996.6
2025-05-12,SKU0108,524.5,580.1,37.0,996.6
2025-05-19,SKU0108,412.5,580.1,37.0,996.6
2025-05-26,SKU0108,291.5,580.1,37.0,996.6
2025-06-02,SKU0108,157.5,580.1,37.0,996.6
2025-06-09,SKU0108,33.5,580.1,37.0,996.6
2025-06-16,SKU0108,408.6,580.1,37.0,996.6
2025-06-23,SKU0108,194.6,580.1,37.0,996.6
2025-06-30,SKU0108,68.6,580.1,37.0,996.6
2025-07-07,SKU0108,0.0,580.1,37.0,996.6
2025-07-14,SKU0108,0.0,580.1,37.0,996.6
2025-07-21,SKU0108,451.1,580.1,37.0,996.6
2025-07-28,SKU0108,356.1,580.1,37.0,996.6
2025-08-04,SKU0108,216.1,580.1,37.0,996.6
2025-08-11,SKU0108,95.1,580.1,37.0,996.6
2025-08-18,SKU0108,0.0,580.1,37.0,996.6
2025-08-25,SKU0108,457.1,580.1,37.0,996.6
2025-09-01,SKU0108,333.1,580.1,37.0,996.6
2025-09-08,SKU0108,209.1,580.1,37.0,996.6
2025-09-15,SKU0108,79.1,580.1,37.0,996.6
2025-09-22,SKU0108,0.0,580.1,37.0,996.6
2025-09-29,SKU0108,442.1,580.1,37.0,996.6
2025-10-06,SKU0108,292.1,580.1,37.0,996.6
2025-10-13,SKU0108,43.1,580.1,37.0,996.6
2025-10-20,SKU0108,0.0,580.1,37.0,996.6
2025-10-27,SKU0108,0.0,580.1,37.0,996.6
2025-11-03,SKU0108,374.1,580.1,37.0,996.6
2025-11-10,SKU0108,210.1,580.1,37.0,996.6
2025-11-17,SKU0108,28.1,580.1,37.0,996.6
2025-11-24,SKU0108,0.0,580.1,37.0,996.6
2025-12-01,SKU0108,0.0,580.1,37.0,996.6
2025-12-08,SKU0108,404.1,580.1,37.0,996.6
2025-12-15,SKU0108,222.1,580.1,37.0,996.6
2025-12-22,SKU0108,0.0,580.1,37.0,996.6
2025-12-29,SKU0108,0.0,580.1,37.0,996.6
2026-01-05,SKU0108,0.0,580.1,37.0,996.6
2026-01-12,SKU0108,481.1,580.1,37.0,996.6
2026-01-19,SKU0108,389.1,580.1,37.0,996.6
2026-01-26,SKU0108,282.1,580.1,37.0,996.6
2026-02-02,SKU0108,184.1,580.1,37.0,996.6
2026-02-09,SKU0108,69.1,580.1,37.0,996.6
2026-02-16,SKU0108,547.2,580.1,37.0,996.6
2026-02-23,SKU0108,441.2,580.1,37.0,996.6
2026-03-02,SKU0108,284.2,580.1,37.0,996.6
2026-03-09,SKU0108,155.2,580.1,37.0,996.6
2026-03-16,SKU0108,25.2,580.1,37.0,996.6
2026-03-23,SKU0108,470.3,580.1,37.0,996.6
2026-03-30,SKU0108,343.3,580.1,37.0,996.6
2026-04-06,SKU0108,222.3,580.1,37.0,996.6
2026-04-13,SKU0108,126.3,580.1,37.0,996.6
2026-04-20,SKU0108,0.0,580.1,37.0,996.6
2026-04-27,SKU0108,431.1,580.1,37.0,996.6
2026-05-04,SKU0108,303.1,580.1,37.0,996.6
2026-05-11,SKU0108,161.1,580.1,37.0,996.6
2026-05-18,SKU0108,20.1,580.1,37.0,996.6
2026-05-25,SKU0108,0.0,580.1,37.0,996.6
2026-06-01,SKU0108,442.1,580.1,37.0,996.6
2026-06-08,SKU0108,322.1,580.1,37.0,996.6
2026-06-15,SKU0108,126.1,580.1,37.0,996.6
2026-06-22,SKU0108,0.0,580.1,37.0,996.6
2026-06-29,SKU0108,0.0,580.1,37.0,996.6
2026-07-06,SKU0108,459.1,580.1,37.0,996.6
2026-07-13,SKU0108,352.1,580.1,37.0,996.6
2026-05-04,SKU0109,225.0,311.0,40.0,577.6
2026-05-11,SKU0109,160.0,311.0,40.0,577.6
2026-05-18,SKU0109,87.0,311.0,40.0,577.6
2026-05-25,SKU0109,0.0,311.0,40.0,577.6
2026-06-01,SKU0109,0.0,311.0,40.0,577.6
2026-06-08,SKU0109,0.0,311.0,40.0,577.6
2026-06-15,SKU0109,195.0,311.0,40.0,577.6
2026-06-22,SKU0109,90.0,311.0,40.0,577.6
2026-06-29,SKU0109,4.0,311.0,40.0,577.6
2026-07-06,SKU0109,0.0,311.0,40.0,577.6
2026-07-13,SKU0109,0.0,311.0,40.0,577.6
2024-07-22,SKU0110,540.3,0.0,9.0,284.7
2024-07-29,SKU0110,392.3,0.0,9.0,284.7
2024-08-05,SKU0110,258.3,681.3,9.0,284.7
2024-08-12,SKU0110,795.7,0.0,9.0,284.7
2024-08-19,SKU0110,652.7,0.0,9.0,284.7
2024-08-26,SKU0110,504.7,0.0,9.0,284.7
2024-09-02,SKU0110,362.7,0.0,9.0,284.7
2024-09-09,SKU0110,213.7,681.3,9.0,284.7
2024-09-16,SKU0110,749.0,0.0,9.0,284.7
2024-09-23,SKU0110,586.0,0.0,9.0,284.7
2024-09-30,SKU0110,389.0,0.0,9.0,284.7
2024-10-07,SKU0110,180.0,681.3,9.0,284.7
2024-10-14,SKU0110,537.3,0.0,9.0,284.7
2024-10-21,SKU0110,184.3,681.3,9.0,284.7
2024-10-28,SKU0110,533.7,0.0,9.0,284.7
2024-11-04,SKU0110,312.7,0.0,9.0,284.7
2024-11-11,SKU0110,87.7,681.3,9.0,284.7
2024-11-18,SKU0110,566.0,0.0,9.0,284.7
2024-11-25,SKU0110,245.0,681.3,9.0,284.7
2024-12-02,SKU0110,738.3,0.0,9.0,284.7
2024-12-09,SKU0110,528.3,0.0,9.0,284.7
2024-12-16,SKU0110,243.3,681.3,9.0,284.7
2024-12-23,SKU0110,636.7,0.0,9.0,284.7
2024-12-30,SKU0110,408.7,0.0,9.0,284.7
2025-01-06,SKU0110,263.7,681.3,9.0,284.7
2025-01-13,SKU0110,828.0,0.0,9.0,284.7
2025-01-20,SKU0110,699.0,0.0,9.0,284.7
2025-01-27,SKU0110,585.0,0.0,9.0,284.7
2025-02-03,SKU0110,454.0,0.0,9.0,284.7
2025-02-10,SKU0110,338.0,0.0,9.0,284.7
2025-02-17,SKU0110,207.0,681.3,9.0,284.7
2025-02-24,SKU0110,743.3,0.0,9.0,284.7
2025-03-03,SKU0110,598.3,0.0,9.0,284.7
2025-03-10,SKU0110,485.3,0.0,9.0,284.7
2025-03-17,SKU0110,357.3,0.0,9.0,284.7
2025-03-24,SKU0110,193.3,681.3,9.0,284.7
2025-03-31,SKU0110,735.7,0.0,9.0,284.7
2025-04-07,SKU0110,595.7,0.0,9.0,284.7
2025-04-14,SKU0110,459.7,0.0,9.0,284.7
2025-04-21,SKU0110,335.7,0.0,9.0,284.7
2025-04-28,SKU0110,211.7,681.3,9.0,284.7
2025-05-05,SKU0110,742.0,0.0,9.0,284.7
2025-05-12,SKU0110,623.0,0.0,9.0,284.7
2025-05-19,SKU0110,503.0,0.0,9.0,284.7
2025-05-26,SKU0110,370.0,0.0,9.0,284.7
2025-06-02,SKU0110,265.0,681.3,9.0,284.7
2025-06-09,SKU0110,799.3,0.0,9.0,284.7
2025-06-16,SKU0110,541.3,0.0,9.0,284.7
2025-06-23,SKU0110,309.3,0.0,9.0,284.7
2025-06-30,SKU0110,172.3,681.3,9.0,284.7
2025-07-07,SKU0110,719.7,0.0,9.0,284.7
2025-07-14,SKU0110,572.7,0.0,9.0,284.7
2025-07-21,SKU0110,443.7,0.0,9.0,284.7
2025-07-28,SKU0110,296.7,0.0,9.0,284.7
2025-08-04,SKU0110,141.7,681.3,9.0,284.7
2025-08-11,SKU0110,671.0,0.0,9.0,284.7
2025-08-18,SKU0110,521.0,0.0,9.0,284.7
2025-08-25,SKU0110,360.0,0.0,9.0,284.7
2025-09-01,SKU0110,221.0,681.3,9.0,284.7
2025-09-08,SKU0110,774.3,0.0,9.0,284.7
2025-09-15,SKU0110,627.3,0.0,9.0,284.7
2025-09-22,SKU0110,470.3,0.0,9.0,284.7
2025-09-29,SKU0110,287.3,0.0,9.0,284.7
2025-10-06,SKU0110,113.3,681.3,9.0,284.7
2025-10-13,SKU0110,504.7,0.0,9.0,284.7
2025-10-20,SKU0110,189.7,681.3,9.0,284.7
2025-10-27,SKU0110,529.0,0.0,9.0,284.7
2025-11-03,SKU0110,267.0,681.3,9.0,284.7
2025-11-10,SKU0110,743.3,0.0,9.0,284.7
2025-11-17,SKU0110,539.3,0.0,9.0,284.7
2025-11-24,SKU0110,218.3,681.3,9.0,284.7
2025-12-01,SKU0110,732.7,0.0,9.0,284.7
2025-12-08,SKU0110,554.7,0.0,9.0,284.7
2025-12-15,SKU0110,309.7,0.0,9.0,284.7
2025-12-22,SKU0110,0.0,681.3,9.0,284.7
2025-12-29,SKU0110,474.3,0.0,9.0,284.7
2026-01-05,SKU0110,320.3,0.0,9.0,284.7
2026-01-12,SKU0110,192.3,681.3,9.0,284.7
2026-01-19,SKU0110,726.7,0.0,9.0,284.7
2026-01-26,SKU0110,607.7,0.0,9.0,284.7
2026-02-02,SKU0110,479.7,0.0,9.0,284.7
2026-02-09,SKU0110,355.7,0.0,9.0,284.7
2026-02-16,SKU0110,245.7,681.3,9.0,284.7
2026-02-23,SKU0110,800.0,0.0,9.0,284.7
2026-03-02,SKU0110,654.0,0.0,9.0,284.7
2026-03-09,SKU0110,500.0,0.0,9.0,284.7
2026-03-16,SKU0110,357.0,0.0,9.0,284.7
2026-03-23,SKU0110,224.0,681.3,9.0,284.7
2026-03-30,SKU0110,787.3,0.0,9.0,284.7
2026-04-06,SKU0110,661.3,0.0,9.0,284.7
2026-04-13,SKU0110,521.3,0.0,9.0,284.7
2026-04-20,SKU0110,382.3,0.0,9.0,284.7
2026-04-27,SKU0110,232.3,681.3,9.0,284.7
2026-05-04,SKU0110,779.7,0.0,9.0,284.7
2026-05-11,SKU0110,637.7,0.0,9.0,284.7
2026-05-18,SKU0110,519.7,0.0,9.0,284.7
2026-05-25,SKU0110,363.7,0.0,9.0,284.7
2026-06-01,SKU0110,228.7,681.3,9.0,284.7
2026-06-08,SKU0110,818.0,0.0,9.0,284.7
2026-06-15,SKU0110,620.0,0.0,9.0,284.7
2026-06-22,SKU0110,330.0,0.0,9.0,284.7
2026-06-29,SKU0110,183.0,681.3,9.0,284.7
2026-07-06,SKU0110,731.3,0.0,9.0,284.7
2026-07-13,SKU0110,603.3,0.0,9.0,284.7
2024-08-05,SKU0111,107.4,0.0,11.0,65.6
2024-08-12,SKU0111,81.4,0.0,11.0,65.6
2024-08-19,SKU0111,55.4,128.4,11.0,65.6
2024-08-26,SKU0111,29.4,128.4,11.0,65.6
2024-09-02,SKU0111,131.8,0.0,11.0,65.6
2024-09-09,SKU0111,108.8,0.0,11.0,65.6
2024-09-16,SKU0111,77.8,0.0,11.0,65.6
2024-09-23,SKU0111,51.8,128.4,11.0,65.6
2024-09-30,SKU0111,15.8,128.4,11.0,65.6
2024-10-07,SKU0111,112.2,0.0,11.0,65.6
2024-10-14,SKU0111,57.2,128.4,11.0,65.6
2024-10-21,SKU0111,0.0,128.4,11.0,65.6
2024-10-28,SKU0111,94.4,0.0,11.0,65.6
2024-11-04,SKU0111,45.4,128.4,11.0,65.6
2024-11-11,SKU0111,4.4,128.4,11.0,65.6
2024-11-18,SKU0111,100.8,0.0,11.0,65.6
2024-11-25,SKU0111,46.8,128.4,11.0,65.6
2024-12-02,SKU0111,21.8,128.4,11.0,65.6
2024-12-09,SKU0111,111.2,0.0,11.0,65.6
2024-12-16,SKU0111,63.2,128.4,11.0,65.6
2024-12-23,SKU0111,0.0,128.4,11.0,65.6
2024-12-30,SKU0111,86.4,0.0,11.0,65.6
2025-01-06,SKU0111,61.4,128.4,11.0,65.6
2025-01-13,SKU0111,45.4,128.4,11.0,65.6
2025-01-20,SKU0111,152.8,0.0,11.0,65.6
2025-01-27,SKU0111,127.8,0.0,11.0,65.6
2025-02-03,SKU0111,108.8,0.0,11.0,65.6
2025-02-10,SKU0111,90.8,0.0,11.0,65.6
2025-02-17,SKU0111,71.8,0.0,11.0,65.6
2025-02-24,SKU0111,55.8,128.4,11.0,65.6
2025-03-03,SKU0111,28.8,128.4,11.0,65.6
2025-03-10,SKU0111,134.2,0.0,11.0,65.6
2025-03-17,SKU0111,111.2,0.0,11.0,65.6
2025-03-24,SKU0111,90.2,0.0,11.0,65.6
2025-03-31,SKU0111,68.2,0.0,11.0,65.6
2025-04-07,SKU0111,46.2,128.4,11.0,65.6
2025-04-14,SKU0111,6.2,128.4,11.0,65.6
2025-04-21,SKU0111,99.6,0.0,11.0,65.6
2025-04-28,SKU0111,63.6,128.4,11.0,65.6
2025-05-05,SKU0111,42.6,128.4,11.0,65.6
2025-05-12,SKU0111,144.0,0.0,11.0,65.6
2025-05-19,SKU0111,126.0,0.0,11.0,65.6
2025-05-26,SKU0111,106.0,0.0,11.0,65.6
2025-06-02,SKU0111,83.0,0.0,11.0,65.6
2025-06-09,SKU0111,50.0,128.4,11.0,65.6
2025-06-16,SKU0111,10.0,128.4,11.0,65.6
2025-06-23,SKU0111,98.4,0.0,11.0,65.6
2025-06-30,SKU0111,69.4,0.0,11.0,65.6
2025-07-07,SKU0111,55.4,128.4,11.0,65.6
2025-07-14,SKU0111,33.4,128.4,11.0,65.6
2025-07-21,SKU0111,138.7,0.0,11.0,65.6
2025-07-28,SKU0111,106.7,0.0,11.0,65.6
2025-08-04,SKU0111,80.7,0.0,11.0,65.6
2025-08-11,SKU0111,52.7,128.4,11.0,65.6
2025-08-18,SKU0111,26.7,128.4,11.0,65.6
2025-08-25,SKU0111,123.1,0.0,11.0,65.6
2025-09-01,SKU0111,106.1,0.0,11.0,65.6
2025-09-08,SKU0111,62.1,128.4,11.0,65.6
2025-09-15,SKU0111,39.1,128.4,11.0,65.6
2025-09-22,SKU0111,146.5,0.0,11.0,65.6
2025-09-29,SKU0111,114.5,0.0,11.0,65.6
2025-10-06,SKU0111,78.5,0.0,11.0,65.6
2025-10-13,SKU0111,16.5,128.4,11.0,65.6
2025-10-20,SKU0111,0.0,128.4,11.0,65.6
2025-10-27,SKU0111,55.4,128.4,11.0,65.6
2025-11-03,SKU0111,12.4,128.4,11.0,65.6
2025-11-10,SKU0111,97.8,0.0,11.0,65.6
2025-11-17,SKU0111,46.8,128.4,11.0,65.6
2025-11-24,SKU0111,0.0,128.4,11.0,65.6
2025-12-01,SKU0111,81.4,0.0,11.0,65.6
2025-12-08,SKU0111,45.4,128.4,11.0,65.6
2025-12-15,SKU0111,0.0,128.4,11.0,65.6
2025-12-22,SKU0111,62.4,128.4,11.0,65.6
2025-12-29,SKU0111,21.4,128.4,11.0,65.6
2026-01-05,SKU0111,122.8,0.0,11.0,65.6
2026-01-12,SKU0111,108.8,0.0,11.0,65.6
2026-01-19,SKU0111,79.8,0.0,11.0,65.6
2026-01-26,SKU0111,52.8,128.4,11.0,65.6
2026-02-02,SKU0111,27.8,128.4,11.0,65.6
2026-02-09,SKU0111,136.2,0.0,11.0,65.6
2026-02-16,SKU0111,112.2,0.0,11.0,65.6
2026-02-23,SKU0111,87.2,0.0,11.0,65.6
2026-03-02,SKU0111,69.2,0.0,11.0,65.6
2026-03-09,SKU0111,24.2,128.4,11.0,65.6
2026-03-16,SKU0111,0.2,128.4,11.0,65.6
2026-03-23,SKU0111,99.6,0.0,11.0,65.6
2026-03-30,SKU0111,70.6,0.0,11.0,65.6
2026-04-06,SKU0111,46.6,128.4,11.0,65.6
2026-04-13,SKU0111,21.6,128.4,11.0,65.6
2026-04-20,SKU0111,123.0,0.0,11.0,65.6
2026-04-27,SKU0111,92.0,0.0,11.0,65.6
2026-05-04,SKU0111,61.0,128.4,11.0,65.6
2026-05-11,SKU0111,34.0,128.4,11.0,65.6
2026-05-18,SKU0111,139.4,0.0,11.0,65.6
2026-05-25,SKU0111,109.4,0.0,11.0,65.6
2026-06-01,SKU0111,87.4,0.0,11.0,65.6
2026-06-08,SKU0111,59.4,128.4,11.0,65.6
2026-06-15,SKU0111,19.4,128.4,11.0,65.6
2026-06-22,SKU0111,109.7,0.0,11.0,65.6
2026-06-29,SKU0111,70.7,0.0,11.0,65.6
2026-07-06,SKU0111,40.7,128.4,11.0,65.6
2026-07-13,SKU0111,10.7,128.4,11.0,65.6
2024-07-22,SKU0112,41.8,49.8,21.0,48.5
2024-07-29,SKU0112,27.8,49.8,21.0,48.5
2024-08-05,SKU0112,16.8,49.8,21.0,48.5
2024-08-12,SKU0112,51.6,0.0,21.0,48.5
2024-08-19,SKU0112,36.6,49.8,21.0,48.5
2024-08-26,SKU0112,25.6,49.8,21.0,48.5
2024-09-02,SKU0112,14.6,49.8,21.0,48.5
2024-09-09,SKU0112,53.4,0.0,21.0,48.5
2024-09-16,SKU0112,43.4,49.8,21.0,48.5
2024-09-23,SKU0112,35.4,49.8,21.0,48.5
2024-09-30,SKU0112,18.4,49.8,21.0,48.5
2024-10-07,SKU0112,57.2,0.0,21.0,48.5
2024-10-14,SKU0112,31.2,49.8,21.0,48.5
2024-10-21,SKU0112,3.2,49.8,21.0,48.5
2024-10-28,SKU0112,0.0,49.8,21.0,48.5
2024-11-04,SKU0112,32.8,49.8,21.0,48.5
2024-11-11,SKU0112,14.8,49.8,21.0,48.5
2024-11-18,SKU0112,0.0,49.8,21.0,48.5
2024-11-25,SKU0112,28.8,49.8,21.0,48.5
2024-12-02,SKU0112,10.8,49.8,21.0,48.5
2024-12-09,SKU0112,0.0,49.8,21.0,48.5
2024-12-16,SKU0112,31.8,49.8,21.0,48.5
2024-12-23,SKU0112,7.8,49.8,21.0,48.5
2024-12-30,SKU0112,0.0,49.8,21.0,48.5
2025-01-06,SKU0112,40.8,49.8,21.0,48.5
2025-01-13,SKU0112,32.8,49.8,21.0,48.5
2025-01-20,SKU0112,19.8,49.8,21.0,48.5
2025-01-27,SKU0112,63.6,0.0,21.0,48.5
2025-02-03,SKU0112,53.6,0.0,21.0,48.5
2025-02-10,SKU0112,46.6,49.8,21.0,48.5
2025-02-17,SKU0112,40.6,49.8,21.0,48.5
2025-02-24,SKU0112,34.6,49.8,21.0,48.5
2025-03-03,SKU0112,77.4,0.0,21.0,48.5
2025-03-10,SKU0112,74.4,0.0,21.0,48.5
2025-03-17,SKU0112,67.4,0.0,21.0,48.5
2025-03-24,SKU0112,60.4,0.0,21.0,48.5
2025-03-31,SKU0112,49.4,0.0,21.0,48.5
2025-04-07,SKU0112,28.4,49.8,21.0,48.5
2025-04-14,SKU0112,16.4,49.8,21.0,48.5
2025-04-21,SKU0112,0.0,49.8,21.0,48.5
2025-04-28,SKU0112,39.8,49.8,21.0,48.5
2025-05-05,SKU0112,27.8,49.8,21.0,48.5
2025-05-12,SKU0112,14.8,49.8,21.0,48.5
2025-05-19,SKU0112,54.6,0.0,21.0,48.5
2025-05-26,SKU0112,41.6,49.8,21.0,48.5
2025-06-02,SKU0112,37.6,49.8,21.0,48.5
2025-06-09,SKU0112,27.6,49.8,21.0,48.5
2025-06-16,SKU0112,58.4,0.0,21.0,48.5
2025-06-23,SKU0112,46.4,49.8,21.0,48.5
2025-06-30,SKU0112,33.4,49.8,21.0,48.5
2025-07-07,SKU0112,26.4,49.8,21.0,48.5
2025-07-14,SKU0112,65.2,0.0,21.0,48.5
2025-07-21,SKU0112,55.2,0.0,21.0,48.5
2025-07-28,SKU0112,47.2,49.8,21.0,48.5
2025-08-04,SKU0112,39.2,49.8,21.0,48.5
2025-08-11,SKU0112,31.2,49.8,21.0,48.5
2025-08-18,SKU0112,69.0,0.0,21.0,48.5
2025-08-25,SKU0112,61.0,0.0,21.0,48.5
2025-09-01,SKU0112,50.0,0.0,21.0,48.5
2025-09-08,SKU0112,43.0,49.8,21.0,48.5
2025-09-15,SKU0112,31.0,49.8,21.0,48.5
2025-09-22,SKU0112,26.0,49.8,21.0,48.5
2025-09-29,SKU0112,57.7,0.0,21.0,48.5
2025-10-06,SKU0112,42.7,49.8,21.0,48.5
2025-10-13,SKU0112,16.7,49.8,21.0,48.5
2025-10-20,SKU0112,0.7,49.8,21.0,48.5
2025-10-27,SKU0112,28.5,49.8,21.0,48.5
2025-11-03,SKU0112,7.5,49.8,21.0,48.5
2025-11-10,SKU0112,0.0,49.8,21.0,48.5
2025-11-17,SKU0112,39.8,49.8,21.0,48.5
2025-11-24,SKU0112,17.8,49.8,21.0,48.5
2025-12-01,SKU0112,0.8,49.8,21.0,48.5
2025-12-08,SKU0112,34.6,49.8,21.0,48.5
2025-12-15,SKU0112,22.6,49.8,21.0,48.5
2025-12-22,SKU0112,0.0,49.8,21.0,48.5
2025-12-29,SKU0112,32.8,49.8,21.0,48.5
2026-01-05,SKU0112,23.8,49.8,21.0,48.5
2026-01-12,SKU0112,9.8,49.8,21.0,48.5
2026-01-19,SKU0112,50.6,0.0,21.0,48.5
2026-01-26,SKU0112,40.6,49.8,21.0,48.5
2026-02-02,SKU0112,27.6,49.8,21.0,48.5
2026-02-09,SKU0112,17.6,49.8,21.0,48.5
2026-02-16,SKU0112,59.4,0.0,21.0,48.5
2026-02-23,SKU0112,44.4,49.8,21.0,48.5
2026-03-02,SKU0112,31.4,49.8,21.0,48.5
2026-03-09,SKU0112,22.4,49.8,21.0,48.5
2026-03-16,SKU0112,63.2,0.0,21.0,48.5
2026-03-23,SKU0112,57.2,0.0,21.0,48.5
2026-03-30,SKU0112,51.2,0.0,21.0,48.5
2026-04-06,SKU0112,39.2,49.8,21.0,48.5
2026-04-13,SKU0112,26.2,49.8,21.0,48.5
2026-04-20,SKU0112,12.2,49.8,21.0,48.5
2026-04-27,SKU0112,52.0,0.0,21.0,48.5
2026-05-04,SKU0112,46.0,49.8,21.0,48.5
2026-05-11,SKU0112,38.0,49.8,21.0,48.5
2026-05-18,SKU0112,29.0,49.8,21.0,48.5
2026-05-25,SKU0112,63.7,0.0,21.0,48.5
2026-06-01,SKU0112,53.7,0.0,21.0,48.5
2026-06-08,SKU0112,46.7,49.8,21.0,48.5
2026-06-15,SKU0112,31.7,49.8,21.0,48.5
2026-06-22,SKU0112,18.7,49.8,21.0,48.5
2026-06-29,SKU0112,56.5,0.0,21.0,48.5
2026-07-06,SKU0112,46.5,49.8,21.0,48.5
2026-07-13,SKU0112,31.5,49.8,21.0,48.5
2024-08-05,SKU0113,99.0,0.0,14.0,85.8
2024-08-12,SKU0113,71.0,132.0,14.0,85.8
2024-08-19,SKU0113,48.0,132.0,14.0,85.8
2024-08-26,SKU0113,150.0,0.0,14.0,85.8
2024-09-02,SKU0113,124.0,0.0,14.0,85.8
2024-09-09,SKU0113,97.0,0.0,14.0,85.8
2024-09-16,SKU0113,69.0,132.0,14.0,85.8
2024-09-23,SKU0113,38.0,132.0,14.0,85.8
2024-09-30,SKU0113,133.0,0.0,14.0,85.8
2024-10-07,SKU0113,108.0,0.0,14.0,85.8
2024-10-14,SKU0113,59.0,132.0,14.0,85.8
2024-10-21,SKU0113,4.0,132.0,14.0,85.8
2024-10-28,SKU0113,80.0,132.0,14.0,85.8
2024-11-04,SKU0113,44.0,132.0,14.0,85.8
2024-11-11,SKU0113,132.0,0.0,14.0,85.8
2024-11-18,SKU0113,97.0,0.0,14.0,85.8
2024-11-25,SKU0113,51.0,132.0,14.0,85.8
2024-12-02,SKU0113,14.0,132.0,14.0,85.8
2024-12-09,SKU0113,95.0,0.0,14.0,85.8
2024-12-16,SKU0113,59.0,132.0,14.0,85.8
2024-12-23,SKU0113,17.0,132.0,14.0,85.8
2024-12-30,SKU0113,111.0,0.0,14.0,85.8
2025-01-06,SKU0113,83.0,132.0,14.0,85.8
2025-01-13,SKU0113,60.0,132.0,14.0,85.8
2025-01-20,SKU0113,176.0,0.0,14.0,85.8
2025-01-27,SKU0113,153.0,0.0,14.0,85.8
2025-02-03,SKU0113,126.0,0.0,14.0,85.8
2025-02-10,SKU0113,108.0,0.0,14.0,85.8
2025-02-17,SKU0113,82.0,132.0,14.0,85.8
2025-02-24,SKU0113,55.0,132.0,14.0,85.8
2025-03-03,SKU0113,156.0,0.0,14.0,85.8
2025-03-10,SKU0113,129.0,0.0,14.0,85.8
2025-03-17,SKU0113,102.0,0.0,14.0,85.8
2025-03-24,SKU0113,77.0,132.0,14.0,85.8
2025-03-31,SKU0113,40.0,132.0,14.0,85.8
2025-04-07,SKU0113,144.0,0.0,14.0,85.8
2025-04-14,SKU0113,117.0,0.0,14.0,85.8
2025-04-21,SKU0113,91.0,0.0,14.0,85.8
2025-04-28,SKU0113,65.0,132.0,14.0,85.8
2025-05-05,SKU0113,42.0,132.0,14.0,85.8
2025-05-12,SKU0113,141.0,0.0,14.0,85.8
2025-05-19,SKU0113,107.0,0.0,14.0,85.8
2025-05-26,SKU0113,79.0,132.0,14.0,85.8
2025-06-02,SKU0113,52.0,132.0,14.0,85.8
2025-06-09,SKU0113,154.0,0.0,14.0,85.8
2025-06-16,SKU0113,105.0,0.0,14.0,85.8
2025-06-23,SKU0113,68.0,132.0,14.0,85.8
2025-06-30,SKU0113,40.0,132.0,14.0,85.8
2025-07-07,SKU0113,145.0,0.0,14.0,85.8
2025-07-14,SKU0113,107.0,0.0,14.0,85.8
2025-07-21,SKU0113,71.0,132.0,14.0,85.8
2025-07-28,SKU0113,45.0,132.0,14.0,85.8
2025-08-04,SKU0113,144.0,0.0,14.0,85.8
2025-08-11,SKU0113,117.0,0.0,14.0,85.8
2025-08-18,SKU0113,96.0,0.0,14.0,85.8
2025-08-25,SKU0113,70.0,132.0,14.0,85.8
2025-09-01,SKU0113,48.0,132.0,14.0,85.8
2025-09-08,SKU0113,153.0,0.0,14.0,85.8
2025-09-15,SKU0113,128.0,0.0,14.0,85.8
2025-09-22,SKU0113,97.0,0.0,14.0,85.8
2025-09-29,SKU0113,58.0,132.0,14.0,85.8
2025-10-06,SKU0113,20.0,132.0,14.0,85.8
2025-10-13,SKU0113,106.0,0.0,14.0,85.8
2025-10-20,SKU0113,42.0,132.0,14.0,85.8
2025-10-27,SKU0113,0.0,132.0,14.0,85.8
2025-11-03,SKU0113,97.0,0.0,14.0,85.8
2025-11-10,SKU0113,63.0,132.0,14.0,85.8
2025-11-17,SKU0113,17.0,132.0,14.0,85.8
2025-11-24,SKU0113,81.0,132.0,14.0,85.8
2025-12-01,SKU0113,46.0,132.0,14.0,85.8
2025-12-08,SKU0113,140.0,0.0,14.0,85.8
2025-12-15,SKU0113,101.0,0.0,14.0,85.8
2025-12-22,SKU0113,48.0,132.0,14.0,85.8
2025-12-29,SKU0113,1.0,132.0,14.0,85.8
2026-01-05,SKU0113,100.0,0.0,14.0,85.8
2026-01-12,SKU0113,67.0,132.0,14.0,85.8
2026-01-19,SKU0113,39.0,132.0,14.0,85.8
2026-01-26,SKU0113,137.0,0.0,14.0,85.8
2026-02-02,SKU0113,114.0,0.0,14.0,85.8
2026-02-09,SKU0113,94.0,0.0,14.0,85.8
2026-02-16,SKU0113,73.0,132.0,14.0,85.8
2026-02-23,SKU0113,40.0,132.0,14.0,85.8
2026-03-02,SKU0113,149.0,0.0,14.0,85.8
2026-03-09,SKU0113,117.0,0.0,14.0,85.8
2026-03-16,SKU0113,86.0,0.0,14.0,85.8
2026-03-23,SKU0113,57.0,132.0,14.0,85.8
2026-03-30,SKU0113,25.0,132.0,14.0,85.8
2026-04-06,SKU0113,121.0,0.0,14.0,85.8
2026-04-13,SKU0113,88.0,0.0,14.0,85.8
2026-04-20,SKU0113,63.0,132.0,14.0,85.8
2026-04-27,SKU0113,38.0,132.0,14.0,85.8
2026-05-04,SKU0113,141.0,0.0,14.0,85.8
2026-05-11,SKU0113,107.0,0.0,14.0,85.8
2026-05-18,SKU0113,79.0,132.0,14.0,85.8
2026-05-25,SKU0113,47.0,132.0,14.0,85.8
2026-06-01,SKU0113,151.0,0.0,14.0,85.8
2026-06-08,SKU0113,122.0,0.0,14.0,85.8
2026-06-15,SKU0113,75.0,132.0,14.0,85.8
2026-06-22,SKU0113,29.0,132.0,14.0,85.8
2026-06-29,SKU0113,138.0,0.0,14.0,85.8
2026-07-06,SKU0113,100.0,0.0,14.0,85.8
2026-07-13,SKU0113,72.0,132.0,14.0,85.8
2024-08-05,SKU0114,161.1,197.1,20.0,183.0
2024-08-12,SKU0114,125.1,197.1,20.0,183.0
2024-08-19,SKU0114,91.1,197.1,20.0,183.0
2024-08-26,SKU0114,263.2,0.0,20.0,183.0
2024-09-02,SKU0114,227.2,0.0,20.0,183.0
2024-09-09,SKU0114,185.2,0.0,20.0,183.0
2024-09-16,SKU0114,159.2,197.1,20.0,183.0
2024-09-23,SKU0114,132.2,197.1,20.0,183.0
2024-09-30,SKU0114,88.2,197.1,20.0,183.0
2024-10-07,SKU0114,242.3,0.0,20.0,183.0
2024-10-14,SKU0114,160.3,197.1,20.0,183.0
2024-10-21,SKU0114,56.3,197.1,20.0,183.0
2024-10-28,SKU0114,0.0,197.1,20.0,183.0
2024-11-04,SKU0114,129.1,197.1,20.0,183.0
2024-11-11,SKU0114,78.1,197.1,20.0,183.0
2024-11-18,SKU0114,17.1,197.1,20.0,183.0
2024-11-25,SKU0114,135.2,197.1,20.0,183.0
2024-12-02,SKU0114,97.2,197.1,20.0,183.0
2024-12-09,SKU0114,37.2,197.1,20.0,183.0
2024-12-16,SKU0114,167.3,197.1,20.0,183.0
2024-12-23,SKU0114,91.3,197.1,20.0,183.0
2024-12-30,SKU0114,28.3,197.1,20.0,183.0
2025-01-06,SKU0114,185.3,0.0,20.0,183.0
2025-01-13,SKU0114,144.3,197.1,20.0,183.0
2025-01-20,SKU0114,114.3,197.1,20.0,183.0
2025-01-27,SKU0114,76.3,197.1,20.0,183.0
2025-02-03,SKU0114,241.4,0.0,20.0,183.0
2025-02-10,SKU0114,206.4,0.0,20.0,183.0
2025-02-17,SKU0114,175.4,197.1,20.0,183.0
2025-02-24,SKU0114,140.4,197.1,20.0,183.0
2025-03-03,SKU0114,89.4,197.1,20.0,183.0
2025-03-10,SKU0114,253.5,0.0,20.0,183.0
2025-03-17,SKU0114,210.5,0.0,20.0,183.0
2025-03-24,SKU0114,174.5,197.1,20.0,183.0
2025-03-31,SKU0114,132.5,197.1,20.0,183.0
2025-04-07,SKU0114,96.5,197.1,20.0,183.0
2025-04-14,SKU0114,252.6,0.0,20.0,183.0
2025-04-21,SKU0114,213.6,0.0,20.0,183.0
2025-04-28,SKU0114,174.6,197.1,20.0,183.0
2025-05-05,SKU0114,125.6,197.1,20.0,183.0
2025-05-12,SKU0114,73.6,197.1,20.0,183.0
2025-05-19,SKU0114,233.7,0.0,20.0,183.0
2025-05-26,SKU0114,191.7,0.0,20.0,183.0
2025-06-02,SKU0114,155.7,197.1,20.0,183.0
2025-06-09,SKU0114,114.7,197.1,20.0,183.0
2025-06-16,SKU0114,44.7,197.1,20.0,183.0
2025-06-23,SKU0114,169.8,197.1,20.0,183.0
2025-06-30,SKU0114,124.8,197.1,20.0,183.0
2025-07-07,SKU0114,97.8,197.1,20.0,183.0
2025-07-14,SKU0114,254.9,0.0,20.0,183.0
2025-07-21,SKU0114,214.9,0.0,20.0,183.0
2025-07-28,SKU0114,173.9,197.1,20.0,183.0
2025-08-04,SKU0114,146.9,197.1,20.0,183.0
2025-08-11,SKU0114,114.9,197.1,20.0,183.0
2025-08-18,SKU0114,267.0,0.0,20.0,183.0
2025-08-25,SKU0114,229.0,0.0,20.0,183.0
2025-09-01,SKU0114,190.0,0.0,20.0,183.0
2025-09-08,SKU0114,149.0,197.1,20.0,183.0
2025-09-15,SKU0114,113.0,197.1,20.0,183.0
2025-09-22,SKU0114,75.0,197.1,20.0,183.0
2025-09-29,SKU0114,224.0,0.0,20.0,183.0
2025-10-06,SKU0114,148.0,197.1,20.0,183.0
2025-10-13,SKU0114,52.0,197.1,20.0,183.0
2025-10-20,SKU0114,0.0,197.1,20.0,183.0
2025-10-27,SKU0114,88.1,197.1,20.0,183.0
2025-11-03,SKU0114,14.1,197.1,20.0,183.0
2025-11-10,SKU0114,0.0,197.1,20.0,183.0
2025-11-17,SKU0114,126.1,197.1,20.0,183.0
2025-11-24,SKU0114,27.1,197.1,20.0,183.0
2025-12-01,SKU0114,0.0,197.1,20.0,183.0
2025-12-08,SKU0114,133.1,197.1,20.0,183.0
2025-12-15,SKU0114,53.1,197.1,20.0,183.0
2025-12-22,SKU0114,0.0,197.1,20.0,183.0
2025-12-29,SKU0114,139.1,197.1,20.0,183.0
2026-01-05,SKU0114,99.1,197.1,20.0,183.0
2026-01-12,SKU0114,65.1,197.1,20.0,183.0
2026-01-19,SKU0114,217.2,0.0,20.0,183.0
2026-01-26,SKU0114,181.2,197.1,20.0,183.0
2026-02-02,SKU0114,142.2,197.1,20.0,183.0
2026-02-09,SKU0114,100.2,197.1,20.0,183.0
2026-02-16,SKU0114,261.3,0.0,20.0,183.0
2026-02-23,SKU0114,224.3,0.0,20.0,183.0
2026-03-02,SKU0114,172.3,197.1,20.0,183.0
2026-03-09,SKU0114,137.3,197.1,20.0,183.0
2026-03-16,SKU0114,72.3,197.1,20.0,183.0
2026-03-23,SKU0114,219.3,0.0,20.0,183.0
2026-03-30,SKU0114,178.3,197.1,20.0,183.0
2026-04-06,SKU0114,126.3,197.1,20.0,183.0
2026-04-13,SKU0114,87.3,197.1,20.0,183.0
2026-04-20,SKU0114,233.4,0.0,20.0,183.0
2026-04-27,SKU0114,185.4,0.0,20.0,183.0
2026-05-04,SKU0114,146.4,197.1,20.0,183.0
2026-05-11,SKU0114,102.4,197.1,20.0,183.0
2026-05-18,SKU0114,59.4,197.1,20.0,183.0
2026-05-25,SKU0114,209.5,0.0,20.0,183.0
2026-06-01,SKU0114,169.5,197.1,20.0,183.0
2026-06-08,SKU0114,129.5,197.1,20.0,183.0
2026-06-15,SKU0114,62.5,197.1,20.0,183.0
2026-06-22,SKU0114,194.6,0.0,20.0,183.0
2026-06-29,SKU0114,141.6,197.1,20.0,183.0
2026-07-06,SKU0114,90.6,197.1,20.0,183.0
2026-07-13,SKU0114,45.6,197.1,20.0,183.0
2024-07-29,SKU0115,135.1,171.1,25.0,198.6
2024-08-05,SKU0115,105.1,171.1,25.0,198.6
2024-08-12,SKU0115,59.1,171.1,25.0,198.6
2024-08-19,SKU0115,21.1,171.1,25.0,198.6
2024-08-26,SKU0115,159.2,171.1,25.0,198.6
2024-09-02,SKU0115,120.2,171.1,25.0,198.6
2024-09-09,SKU0115,87.2,171.1,25.0,198.6
2024-09-16,SKU0115,54.2,171.1,25.0,198.6
2024-09-23,SKU0115,198.3,171.1,25.0,198.6
2024-09-30,SKU0115,154.3,171.1,25.0,198.6
2024-10-07,SKU0115,95.3,171.1,25.0,198.6
2024-10-14,SKU0115,13.3,171.1,25.0,198.6
2024-10-21,SKU0115,137.4,171.1,25.0,198.6
2024-10-28,SKU0115,55.4,171.1,25.0,198.6
2024-11-04,SKU0115,0.0,171.1,25.0,198.6
2024-11-11,SKU0115,0.0,171.1,25.0,198.6
2024-11-18,SKU0115,124.1,171.1,25.0,198.6
2024-11-25,SKU0115,63.1,171.1,25.0,198.6
2024-12-02,SKU0115,10.1,171.1,25.0,198.6
2024-12-09,SKU0115,0.0,171.1,25.0,198.6
2024-12-16,SKU0115,106.1,171.1,25.0,198.6
2024-12-23,SKU0115,26.1,171.1,25.0,198.6
2024-12-30,SKU0115,0.0,171.1,25.0,198.6
2025-01-06,SKU0115,0.0,171.1,25.0,198.6
2025-01-13,SKU0115,138.1,171.1,25.0,198.6
2025-01-20,SKU0115,109.1,171.1,25.0,198.6
2025-01-27,SKU0115,81.1,171.1,25.0,198.6
2025-02-03,SKU0115,55.1,171.1,25.0,198.6
2025-02-10,SKU0115,196.2,171.1,25.0,198.6
2025-02-17,SKU0115,166.2,171.1,25.0,198.6
2025-02-24,SKU0115,143.2,171.1,25.0,198.6
2025-03-03,SKU0115,113.2,171.1,25.0,198.6
2025-03-10,SKU0115,242.3,0.0,25.0,198.6
2025-03-17,SKU0115,202.3,0.0,25.0,198.6
2025-03-24,SKU0115,168.3,171.1,25.0,198.6
2025-03-31,SKU0115,144.3,171.1,25.0,198.6
2025-04-07,SKU0115,104.3,171.1,25.0,198.6
2025-04-14,SKU0115,56.3,171.1,25.0,198.6
2025-04-21,SKU0115,192.4,171.1,25.0,198.6
2025-04-28,SKU0115,155.4,171.1,25.0,198.6
2025-05-05,SKU0115,122.4,171.1,25.0,198.6
2025-05-12,SKU0115,91.4,171.1,25.0,198.6
2025-05-19,SKU0115,224.5,0.0,25.0,198.6
2025-05-26,SKU0115,199.5,0.0,25.0,198.6
2025-06-02,SKU0115,175.5,171.1,25.0,198.6
2025-06-09,SKU0115,141.5,171.1,25.0,198.6
2025-06-16,SKU0115,69.5,171.1,25.0,198.6
2025-06-23,SKU0115,17.5,171.1,25.0,198.6
2025-06-30,SKU0115,155.6,171.1,25.0,198.6
2025-07-07,SKU0115,117.6,171.1,25.0,198.6
2025-07-14,SKU0115,80.6,171.1,25.0,198.6
2025-07-21,SKU0115,34.6,171.1,25.0,198.6
2025-07-28,SKU0115,169.7,171.1,25.0,198.6
2025-08-04,SKU0115,111.7,171.1,25.0,198.6
2025-08-11,SKU0115,81.7,171.1,25.0,198.6
2025-08-18,SKU0115,42.7,171.1,25.0,198.6
2025-08-25,SKU0115,193.9,171.1,25.0,198.6
2025-09-01,SKU0115,169.9,171.1,25.0,198.6
2025-09-08,SKU0115,137.9,171.1,25.0,198.6
2025-09-15,SKU0115,100.9,171.1,25.0,198.6
2025-09-22,SKU0115,237.0,0.0,25.0,198.6
2025-09-29,SKU0115,193.0,171.1,25.0,198.6
2025-10-06,SKU0115,140.0,171.1,25.0,198.6
2025-10-13,SKU0115,61.0,171.1,25.0,198.6
2025-10-20,SKU0115,0.0,171.1,25.0,198.6
2025-10-27,SKU0115,89.1,171.1,25.0,198.6
2025-11-03,SKU0115,10.1,171.1,25.0,198.6
2025-11-10,SKU0115,0.0,171.1,25.0,198.6
2025-11-17,SKU0115,0.0,171.1,25.0,198.6
2025-11-24,SKU0115,86.1,171.1,25.0,198.6
2025-12-01,SKU0115,37.1,171.1,25.0,198.6
2025-12-08,SKU0115,0.0,171.1,25.0,198.6
2025-12-15,SKU0115,0.0,171.1,25.0,198.6
2025-12-22,SKU0115,95.1,171.1,25.0,198.6
2025-12-29,SKU0115,41.1,171.1,25.0,198.6
2026-01-05,SKU0115,10.1,171.1,25.0,198.6
2026-01-12,SKU0115,0.0,171.1,25.0,198.6
2026-01-19,SKU0115,148.1,171.1,25.0,198.6
2026-01-26,SKU0115,102.1,171.1,25.0,198.6
2026-02-02,SKU0115,66.1,171.1,25.0,198.6
2026-02-09,SKU0115,40.1,171.1,25.0,198.6
2026-02-16,SKU0115,182.2,171.1,25.0,198.6
2026-02-23,SKU0115,152.2,171.1,25.0,198.6
2026-03-02,SKU0115,119.2,171.1,25.0,198.6
2026-03-09,SKU0115,83.2,171.1,25.0,198.6
2026-03-16,SKU0115,223.3,0.0,25.0,198.6
2026-03-23,SKU0115,196.3,171.1,25.0,198.6
2026-03-30,SKU0115,156.3,171.1,25.0,198.6
2026-04-06,SKU0115,121.3,171.1,25.0,198.6
2026-04-13,SKU0115,90.3,171.1,25.0,198.6
2026-04-20,SKU0115,225.4,0.0,25.0,198.6
2026-04-27,SKU0115,188.4,171.1,25.0,198.6
2026-05-04,SKU0115,148.4,171.1,25.0,198.6
2026-05-11,SKU0115,106.4,171.1,25.0,198.6
2026-05-18,SKU0115,72.4,171.1,25.0,198.6
2026-05-25,SKU0115,201.5,0.0,25.0,198.6
2026-06-01,SKU0115,163.5,171.1,25.0,198.6
2026-06-08,SKU0115,135.5,171.1,25.0,198.6
2026-06-15,SKU0115,75.5,171.1,25.0,198.6
2026-06-22,SKU0115,7.5,171.1,25.0,198.6
2026-06-29,SKU0115,145.6,171.1,25.0,198.6
2026-07-06,SKU0115,114.6,171.1,25.0,198.6
2026-07-13,SKU0115,82.6,171.1,25.0,198.6
2024-08-12,SKU0116,383.9,0.0,15.0,353.0
2024-08-19,SKU0116,279.9,506.9,15.0,353.0
2024-08-26,SKU0116,172.9,506.9,15.0,353.0
2024-09-02,SKU0116,574.8,0.0,15.0,353.0
2024-09-09,SKU0116,481.8,0.0,15.0,353.0
2024-09-16,SKU0116,375.8,0.0,15.0,353.0
2024-09-23,SKU0116,278.8,506.9,15.0,353.0
2024-09-30,SKU0116,143.8,506.9,15.0,353.0
2024-10-07,SKU0116,513.7,0.0,15.0,353.0
2024-10-14,SKU0116,287.7,506.9,15.0,353.0
2024-10-21,SKU0116,70.7,506.9,15.0,353.0
2024-10-28,SKU0116,396.6,0.0,15.0,353.0
2024-11-04,SKU0116,262.6,506.9,15.0,353.0
2024-11-11,SKU0116,121.6,506.9,15.0,353.0
2024-11-18,SKU0116,468.5,0.0,15.0,353.0
2024-11-25,SKU0116,242.5,506.9,15.0,353.0
2024-12-02,SKU0116,114.5,506.9,15.0,353.0
2024-12-09,SKU0116,467.4,0.0,15.0,353.0
2024-12-16,SKU0116,265.4,506.9,15.0,353.0
2024-12-23,SKU0116,51.4,506.9,15.0,353.0
2024-12-30,SKU0116,401.3,0.0,15.0,353.0
2025-01-06,SKU0116,301.3,506.9,15.0,353.0
2025-01-13,SKU0116,208.3,506.9,15.0,353.0
2025-01-20,SKU0116,620.2,0.0,15.0,353.0
2025-01-27,SKU0116,533.2,0.0,15.0,353.0
2025-02-03,SKU0116,427.2,0.0,15.0,353.0
2025-02-10,SKU0116,359.2,0.0,15.0,353.0
2025-02-17,SKU0116,271.2,506.9,15.0,353.0
2025-02-24,SKU0116,178.2,506.9,15.0,353.0
2025-03-03,SKU0116,584.1,0.0,15.0,353.0
2025-03-10,SKU0116,477.1,0.0,15.0,353.0
2025-03-17,SKU0116,360.1,0.0,15.0,353.0
2025-03-24,SKU0116,263.1,506.9,15.0,353.0
2025-03-31,SKU0116,154.1,506.9,15.0,353.0
2025-04-07,SKU0116,552.0,0.0,15.0,353.0
2025-04-14,SKU0116,453.0,0.0,15.0,353.0
2025-04-21,SKU0116,344.0,506.9,15.0,353.0
2025-04-28,SKU0116,243.0,506.9,15.0,353.0
2025-05-05,SKU0116,641.9,0.0,15.0,353.0
2025-05-12,SKU0116,530.9,0.0,15.0,353.0
2025-05-19,SKU0116,420.9,0.0,15.0,353.0
2025-05-26,SKU0116,308.9,506.9,15.0,353.0
2025-06-02,SKU0116,192.9,506.9,15.0,353.0
2025-06-09,SKU0116,591.8,0.0,15.0,353.0
2025-06-16,SKU0116,438.8,0.0,15.0,353.0
2025-06-23,SKU0116,299.8,506.9,15.0,353.0
2025-06-30,SKU0116,171.8,506.9,15.0,353.0
2025-07-07,SKU0116,562.7,0.0,15.0,353.0
2025-07-14,SKU0116,428.7,0.0,15.0,353.0
2025-07-21,SKU0116,325.7,506.9,15.0,353.0
2025-07-28,SKU0116,212.7,506.9,15.0,353.0
2025-08-04,SKU0116,631.6,0.0,15.0,353.0
2025-08-11,SKU0116,549.6,0.0,15.0,353.0
2025-08-18,SKU0116,444.6,0.0,15.0,353.0
2025-08-25,SKU0116,353.6,0.0,15.0,353.0
2025-09-01,SKU0116,236.6,506.9,15.0,353.0
2025-09-08,SKU0116,137.6,506.9,15.0,353.0
2025-09-15,SKU0116,549.5,0.0,15.0,353.0
2025-09-22,SKU0116,484.5,0.0,15.0,353.0
2025-09-29,SKU0116,331.5,506.9,15.0,353.0
2025-10-06,SKU0116,172.5,506.9,15.0,353.0
2025-10-13,SKU0116,453.4,0.0,15.0,353.0
2025-10-20,SKU0116,203.4,506.9,15.0,353.0
2025-10-27,SKU0116,0.0,506.9,15.0,353.0
2025-11-03,SKU0116,316.9,506.9,15.0,353.0
2025-11-10,SKU0116,163.9,506.9,15.0,353.0
2025-11-17,SKU0116,538.8,0.0,15.0,353.0
2025-11-24,SKU0116,285.8,506.9,15.0,353.0
2025-12-01,SKU0116,121.8,506.9,15.0,353.0
2025-12-08,SKU0116,479.7,0.0,15.0,353.0
2025-12-15,SKU0116,321.7,506.9,15.0,353.0
2025-12-22,SKU0116,110.7,506.9,15.0,353.0
2025-12-29,SKU0116,448.6,0.0,15.0,353.0
2026-01-05,SKU0116,352.6,506.9,15.0,353.0
2026-01-12,SKU0116,249.6,506.9,15.0,353.0
2026-01-19,SKU0116,660.5,0.0,15.0,353.0
2026-01-26,SKU0116,557.5,0.0,15.0,353.0
2026-02-02,SKU0116,458.5,0.0,15.0,353.0
2026-02-09,SKU0116,370.5,0.0,15.0,353.0
2026-02-16,SKU0116,274.5,506.9,15.0,353.0
2026-02-23,SKU0116,181.5,506.9,15.0,353.0
2026-03-02,SKU0116,573.4,0.0,15.0,353.0
2026-03-09,SKU0116,451.4,0.0,15.0,353.0
2026-03-16,SKU0116,356.4,0.0,15.0,353.0
2026-03-23,SKU0116,244.4,506.9,15.0,353.0
2026-03-30,SKU0116,158.4,506.9,15.0,353.0
2026-04-06,SKU0116,560.3,0.0,15.0,353.0
2026-04-13,SKU0116,437.3,0.0,15.0,353.0
2026-04-20,SKU0116,315.3,506.9,15.0,353.0
2026-04-27,SKU0116,190.3,506.9,15.0,353.0
2026-05-04,SKU0116,598.2,0.0,15.0,353.0
2026-05-11,SKU0116,494.2,0.0,15.0,353.0
2026-05-18,SKU0116,359.2,0.0,15.0,353.0
2026-05-25,SKU0116,247.2,506.9,15.0,353.0
2026-06-01,SKU0116,137.2,506.9,15.0,353.0
2026-06-08,SKU0116,551.1,0.0,15.0,353.0
2026-06-15,SKU0116,390.1,0.0,15.0,353.0
2026-06-22,SKU0116,225.1,506.9,15.0,353.0
2026-06-29,SKU0116,102.1,506.9,15.0,353.0
2026-07-06,SKU0116,504.0,0.0,15.0,353.0
2026-07-13,SKU0116,390.0,0.0,15.0,353.0
2024-08-05,SKU0117,94.3,0.0,16.0,83.4
2024-08-12,SKU0117,69.3,112.3,16.0,83.4
2024-08-19,SKU0117,44.3,112.3,16.0,83.4
2024-08-26,SKU0117,135.6,0.0,16.0,83.4
2024-09-02,SKU0117,110.6,0.0,16.0,83.4
2024-09-09,SKU0117,92.6,0.0,16.0,83.4
2024-09-16,SKU0117,70.6,112.3,16.0,83.4
2024-09-23,SKU0117,47.6,112.3,16.0,83.4
2024-09-30,SKU0117,121.9,0.0,16.0,83.4
2024-10-07,SKU0117,93.9,0.0,16.0,83.4
2024-10-14,SKU0117,51.9,112.3,16.0,83.4
2024-10-21,SKU0117,0.0,112.3,16.0,83.4
2024-10-28,SKU0117,73.3,112.3,16.0,83.4
2024-11-04,SKU0117,39.3,112.3,16.0,83.4
2024-11-11,SKU0117,107.6,0.0,16.0,83.4
2024-11-18,SKU0117,72.6,112.3,16.0,83.4
2024-11-25,SKU0117,23.6,112.3,16.0,83.4
2024-12-02,SKU0117,110.9,0.0,16.0,83.4
2024-12-09,SKU0117,79.9,112.3,16.0,83.4
2024-12-16,SKU0117,45.9,112.3,16.0,83.4
2024-12-23,SKU0117,116.2,0.0,16.0,83.4
2024-12-30,SKU0117,80.2,112.3,16.0,83.4
2025-01-06,SKU0117,60.2,112.3,16.0,83.4
2025-01-13,SKU0117,157.6,0.0,16.0,83.4
2025-01-20,SKU0117,135.6,0.0,16.0,83.4
2025-01-27,SKU0117,109.6,0.0,16.0,83.4
2025-02-03,SKU0117,86.6,0.0,16.0,83.4
2025-02-10,SKU0117,71.6,112.3,16.0,83.4
2025-02-17,SKU0117,68.6,112.3,16.0,83.4
2025-02-24,SKU0117,158.9,0.0,16.0,83.4
2025-03-03,SKU0117,133.9,0.0,16.0,83.4
2025-03-10,SKU0117,122.9,0.0,16.0,83.4
2025-03-17,SKU0117,108.9,0.0,16.0,83.4
2025-03-24,SKU0117,81.9,112.3,16.0,83.4
2025-03-31,SKU0117,59.9,112.3,16.0,83.4
2025-04-07,SKU0117,155.2,0.0,16.0,83.4
2025-04-14,SKU0117,135.2,0.0,16.0,83.4
2025-04-21,SKU0117,112.2,0.0,16.0,83.4
2025-04-28,SKU0117,94.2,0.0,16.0,83.4
2025-05-05,SKU0117,70.2,112.3,16.0,83.4
2025-05-12,SKU0117,41.2,112.3,16.0,83.4
2025-05-19,SKU0117,120.5,0.0,16.0,83.4
2025-05-26,SKU0117,97.5,0.0,16.0,83.4
2025-06-02,SKU0117,64.5,112.3,16.0,83.4
2025-06-09,SKU0117,32.5,112.3,16.0,83.4
2025-06-16,SKU0117,108.8,0.0,16.0,83.4
2025-06-23,SKU0117,64.8,112.3,16.0,83.4
2025-06-30,SKU0117,22.8,112.3,16.0,83.4
2025-07-07,SKU0117,113.1,0.0,16.0,83.4
2025-07-14,SKU0117,95.1,0.0,16.0,83.4
2025-07-21,SKU0117,73.1,112.3,16.0,83.4
2025-07-28,SKU0117,57.1,112.3,16.0,83.4
2025-08-04,SKU0117,150.4,0.0,16.0,83.4
2025-08-11,SKU0117,136.4,0.0,16.0,83.4
2025-08-18,SKU0117,106.4,0.0,16.0,83.4
2025-08-25,SKU0117,83.4,0.0,16.0,83.4
2025-09-01,SKU0117,49.4,112.3,16.0,83.4
2025-09-08,SKU0117,21.4,112.3,16.0,83.4
2025-09-15,SKU0117,102.7,0.0,16.0,83.4
2025-09-22,SKU0117,80.7,112.3,16.0,83.4
2025-09-29,SKU0117,51.7,112.3,16.0,83.4
2025-10-06,SKU0117,121.0,0.0,16.0,83.4
2025-10-13,SKU0117,74.0,112.3,16.0,83.4
2025-10-20,SKU0117,26.0,112.3,16.0,83.4
2025-10-27,SKU0117,79.3,112.3,16.0,83.4
2025-11-03,SKU0117,40.3,112.3,16.0,83.4
2025-11-10,SKU0117,115.7,0.0,16.0,83.4
2025-11-17,SKU0117,87.7,0.0,16.0,83.4
2025-11-24,SKU0117,35.7,112.3,16.0,83.4
2025-12-01,SKU0117,0.0,112.3,16.0,83.4
2025-12-08,SKU0117,86.3,0.0,16.0,83.4
2025-12-15,SKU0117,47.3,112.3,16.0,83.4
2025-12-22,SKU0117,0.0,112.3,16.0,83.4
2025-12-29,SKU0117,84.3,0.0,16.0,83.4
2026-01-05,SKU0117,61.3,112.3,16.0,83.4
2026-01-12,SKU0117,38.3,112.3,16.0,83.4
2026-01-19,SKU0117,133.6,0.0,16.0,83.4
2026-01-26,SKU0117,110.6,0.0,16.0,83.4
2026-02-02,SKU0117,93.6,0.0,16.0,83.4
2026-02-09,SKU0117,73.6,112.3,16.0,83.4
2026-02-16,SKU0117,53.6,112.3,16.0,83.4
2026-02-23,SKU0117,149.9,0.0,16.0,83.4
2026-03-02,SKU0117,125.9,0.0,16.0,83.4
2026-03-09,SKU0117,102.9,0.0,16.0,83.4
2026-03-16,SKU0117,74.9,112.3,16.0,83.4
2026-03-23,SKU0117,49.9,112.3,16.0,83.4
2026-03-30,SKU0117,136.2,0.0,16.0,83.4
2026-04-06,SKU0117,109.2,0.0,16.0,83.4
2026-04-13,SKU0117,84.2,0.0,16.0,83.4
2026-04-20,SKU0117,68.2,112.3,16.0,83.4
2026-04-27,SKU0117,44.2,112.3,16.0,83.4
2026-05-04,SKU0117,132.6,0.0,16.0,83.4
2026-05-11,SKU0117,107.6,0.0,16.0,83.4
2026-05-18,SKU0117,86.6,0.0,16.0,83.4
2026-05-25,SKU0117,54.6,112.3,16.0,83.4
2026-06-01,SKU0117,23.6,112.3,16.0,83.4
2026-06-08,SKU0117,113.9,0.0,16.0,83.4
2026-06-15,SKU0117,81.9,112.3,16.0,83.4
2026-06-22,SKU0117,34.9,112.3,16.0,83.4
2026-06-29,SKU0117,122.2,0.0,16.0,83.4
2026-07-06,SKU0117,98.2,0.0,16.0,83.4
2026-07-13,SKU0117,76.2,112.3,16.0,83.4
2024-08-12,SKU0118,12.9,0.0,15.0,11.7
2024-08-19,SKU0118,10.9,16.9,15.0,11.7
2024-08-26,SKU0118,9.9,16.9,15.0,11.7
2024-09-02,SKU0118,24.7,0.0,15.0,11.7
2024-09-09,SKU0118,24.7,0.0,15.0,11.7
2024-09-16,SKU0118,24.7,0.0,15.0,11.7
2024-09-23,SKU0118,20.7,0.0,15.0,11.7
2024-09-30,SKU0118,17.7,0.0,15.0,11.7
2024-10-07,SKU0118,16.7,0.0,15.0,11.7
2024-10-14,SKU0118,7.7,16.9,15.0,11.7
2024-10-21,SKU0118,0.0,16.9,15.0,11.7
2024-10-28,SKU0118,9.9,16.9,15.0,11.7
2024-11-04,SKU0118,7.9,16.9,15.0,11.7
2024-11-11,SKU0118,21.7,0.0,15.0,11.7
2024-11-18,SKU0118,15.7,0.0,15.0,11.7
2024-11-25,SKU0118,6.7,16.9,15.0,11.7
2024-12-02,SKU0118,0.0,16.9,15.0,11.7
2024-12-09,SKU0118,13.9,0.0,15.0,11.7
2024-12-16,SKU0118,5.9,16.9,15.0,11.7
2024-12-23,SKU0118,0.9,16.9,15.0,11.7
2024-12-30,SKU0118,8.7,16.9,15.0,11.7
2025-01-06,SKU0118,3.7,16.9,15.0,11.7
2025-01-13,SKU0118,19.6,0.0,15.0,11.7
2025-01-20,SKU0118,16.6,0.0,15.0,11.7
2025-01-27,SKU0118,10.6,16.9,15.0,11.7
2025-02-03,SKU0118,8.6,16.9,15.0,11.7
2025-02-10,SKU0118,25.5,0.0,15.0,11.7
2025-02-17,SKU0118,22.5,0.0,15.0,11.7
2025-02-24,SKU0118,20.5,0.0,15.0,11.7
2025-03-03,SKU0118,18.5,0.0,15.0,11.7
2025-03-10,SKU0118,16.5,0.0,15.0,11.7
2025-03-17,SKU0118,3.5,16.9,15.0,11.7
2025-03-24,SKU0118,2.5,16.9,15.0,11.7
2025-03-31,SKU0118,15.3,0.0,15.0,11.7
2025-04-07,SKU0118,12.3,0.0,15.0,11.7
2025-04-14,SKU0118,7.3,16.9,15.0,11.7
2025-04-21,SKU0118,4.3,16.9,15.0,11.7
2025-04-28,SKU0118,19.2,0.0,15.0,11.7
2025-05-05,SKU0118,17.2,0.0,15.0,11.7
2025-05-12,SKU0118,14.2,0.0,15.0,11.7
2025-05-19,SKU0118,7.2,16.9,15.0,11.7
2025-05-26,SKU0118,5.2,16.9,15.0,11.7
2025-06-02,SKU0118,18.0,0.0,15.0,11.7
2025-06-09,SKU0118,15.0,0.0,15.0,11.7
2025-06-16,SKU0118,7.0,16.9,15.0,11.7
2025-06-23,SKU0118,2.0,16.9,15.0,11.7
2025-06-30,SKU0118,18.9,0.0,15.0,11.7
2025-07-07,SKU0118,16.9,0.0,15.0,11.7
2025-07-14,SKU0118,14.9,0.0,15.0,11.7
2025-07-21,SKU0118,9.9,16.9,15.0,11.7
2025-07-28,SKU0118,4.9,16.9,15.0,11.7
2025-08-04,SKU0118,15.8,0.0,15.0,11.7
2025-08-11,SKU0118,14.8,0.0,15.0,11.7
2025-08-18,SKU0118,10.8,16.9,15.0,11.7
2025-08-25,SKU0118,9.8,16.9,15.0,11.7
2025-09-01,SKU0118,23.6,0.0,15.0,11.7
2025-09-08,SKU0118,20.6,0.0,15.0,11.7
2025-09-15,SKU0118,13.6,0.0,15.0,11.7
2025-09-22,SKU0118,10.6,16.9,15.0,11.7
2025-09-29,SKU0118,3.6,16.9,15.0,11.7
2025-10-06,SKU0118,14.5,0.0,15.0,11.7
2025-10-13,SKU0118,3.5,16.9,15.0,11.7
2025-10-20,SKU0118,0.0,16.9,15.0,11.7
2025-10-27,SKU0118,11.9,0.0,15.0,11.7
2025-11-03,SKU0118,7.9,16.9,15.0,11.7
2025-11-10,SKU0118,4.9,16.9,15.0,11.7
2025-11-17,SKU0118,13.7,0.0,15.0,11.7
2025-11-24,SKU0118,10.7,16.9,15.0,11.7
2025-12-01,SKU0118,7.7,16.9,15.0,11.7
2025-12-08,SKU0118,20.6,0.0,15.0,11.7
2025-12-15,SKU0118,14.6,0.0,15.0,11.7
2025-12-22,SKU0118,9.6,16.9,15.0,11.7
2025-12-29,SKU0118,4.6,16.9,15.0,11.7
2026-01-05,SKU0118,19.5,0.0,15.0,11.7
2026-01-12,SKU0118,18.5,0.0,15.0,11.7
2026-01-19,SKU0118,14.5,0.0,15.0,11.7
2026-01-26,SKU0118,10.5,16.9,15.0,11.7
2026-02-02,SKU0118,3.5,16.9,15.0,11.7
2026-02-09,SKU0118,14.3,0.0,15.0,11.7
2026-02-16,SKU0118,9.3,16.9,15.0,11.7
2026-02-23,SKU0118,4.3,16.9,15.0,11.7
2026-03-02,SKU0118,21.2,0.0,15.0,11.7
2026-03-09,SKU0118,17.2,0.0,15.0,11.7
2026-03-16,SKU0118,14.2,0.0,15.0,11.7
2026-03-23,SKU0118,8.2,16.9,15.0,11.7
2026-03-30,SKU0118,3.2,16.9,15.0,11.7
2026-04-06,SKU0118,17.0,0.0,15.0,11.7
2026-04-13,SKU0118,15.0,0.0,15.0,11.7
2026-04-20,SKU0118,14.0,0.0,15.0,11.7
2026-04-27,SKU0118,10.0,16.9,15.0,11.7
2026-05-04,SKU0118,2.0,16.9,15.0,11.7
2026-05-11,SKU0118,13.9,0.0,15.0,11.7
2026-05-18,SKU0118,10.9,16.9,15.0,11.7
2026-05-25,SKU0118,8.9,16.9,15.0,11.7
2026-06-01,SKU0118,18.8,0.0,15.0,11.7
2026-06-08,SKU0118,15.8,0.0,15.0,11.7
2026-06-15,SKU0118,7.8,16.9,15.0,11.7
2026-06-22,SKU0118,0.8,16.9,15.0,11.7
2026-06-29,SKU0118,14.6,0.0,15.0,11.7
2026-07-06,SKU0118,9.6,16.9,15.0,11.7
2026-07-13,SKU0118,3.6,16.9,15.0,11.7
2026-05-04,SKU0119,46.7,0.0,9.0,24.9
2026-05-11,SKU0119,35.7,0.0,9.0,24.9
2026-05-18,SKU0119,19.7,59.7,9.0,24.9
2026-05-25,SKU0119,64.3,0.0,9.0,24.9
2026-06-01,SKU0119,44.3,0.0,9.0,24.9
2026-06-08,SKU0119,29.3,0.0,9.0,24.9
2026-06-15,SKU0119,9.3,59.7,9.0,24.9
2026-06-22,SKU0119,51.0,0.0,9.0,24.9
2026-06-29,SKU0119,32.0,0.0,9.0,24.9
2026-07-06,SKU0119,19.0,59.7,9.0,24.9
2026-07-13,SKU0119,66.7,0.0,9.0,24.9
2024-07-22,SKU0120,225.8,0.0,10.0,129.4
2024-07-29,SKU0120,170.8,0.0,10.0,129.4
2024-08-05,SKU0120,110.8,278.8,10.0,129.4
2024-08-12,SKU0120,341.6,0.0,10.0,129.4
2024-08-19,SKU0120,283.6,0.0,10.0,129.4
2024-08-26,SKU0120,236.6,0.0,10.0,129.4
2024-09-02,SKU0120,174.6,0.0,10.0,129.4
2024-09-09,SKU0120,128.6,278.8,10.0,129.4
2024-09-16,SKU0120,345.3,0.0,10.0,129.4
2024-09-23,SKU0120,294.3,0.0,10.0,129.4
2024-09-30,SKU0120,204.3,0.0,10.0,129.4
2024-10-07,SKU0120,123.3,278.8,10.0,129.4
2024-10-14,SKU0120,299.1,0.0,10.0,129.4
2024-10-21,SKU0120,184.1,0.0,10.0,129.4
2024-10-28,SKU0120,81.1,278.8,10.0,129.4
2024-11-04,SKU0120,292.9,0.0,10.0,129.4
2024-11-11,SKU0120,220.9,0.0,10.0,129.4
2024-11-18,SKU0120,154.9,0.0,10.0,129.4
2024-11-25,SKU0120,26.9,278.8,10.0,129.4
2024-12-02,SKU0120,211.7,0.0,10.0,129.4
2024-12-09,SKU0120,131.7,0.0,10.0,129.4
2024-12-16,SKU0120,23.7,278.8,10.0,129.4
2024-12-23,SKU0120,194.5,0.0,10.0,129.4
2024-12-30,SKU0120,113.5,278.8,10.0,129.4
2025-01-06,SKU0120,330.2,0.0,10.0,129.4
2025-01-13,SKU0120,290.2,0.0,10.0,129.4
2025-01-20,SKU0120,247.2,0.0,10.0,129.4
2025-01-27,SKU0120,206.2,0.0,10.0,129.4
2025-02-03,SKU0120,155.2,0.0,10.0,129.4
2025-02-10,SKU0120,110.2,278.8,10.0,129.4
2025-02-17,SKU0120,342.0,0.0,10.0,129.4
2025-02-24,SKU0120,278.0,0.0,10.0,129.4
2025-03-03,SKU0120,229.0,0.0,10.0,129.4
2025-03-10,SKU0120,179.0,0.0,10.0,129.4
2025-03-17,SKU0120,131.0,0.0,10.0,129.4
2025-03-24,SKU0120,94.0,278.8,10.0,129.4
2025-03-31,SKU0120,320.8,0.0,10.0,129.4
2025-04-07,SKU0120,263.8,0.0,10.0,129.4
2025-04-14,SKU0120,194.8,0.0,10.0,129.4
2025-04-21,SKU0120,136.8,0.0,10.0,129.4
2025-04-28,SKU0120,84.8,278.8,10.0,129.4
2025-05-05,SKU0120,296.6,0.0,10.0,129.4
2025-05-12,SKU0120,261.6,0.0,10.0,129.4
2025-05-19,SKU0120,209.6,0.0,10.0,129.4
2025-05-26,SKU0120,157.6,0.0,10.0,129.4
2025-06-02,SKU0120,97.6,278.8,10.0,129.4
2025-06-09,SKU0120,307.4,0.0,10.0,129.4
2025-06-16,SKU0120,226.4,0.0,10.0,129.4
2025-06-23,SKU0120,126.4,278.8,10.0,129.4
2025-06-30,SKU0120,340.2,0.0,10.0,129.4
2025-07-07,SKU0120,281.2,0.0,10.0,129.4
2025-07-14,SKU0120,258.2,0.0,10.0,129.4
2025-07-21,SKU0120,194.2,0.0,10.0,129.4
2025-07-28,SKU0120,141.2,0.0,10.0,129.4
2025-08-04,SKU0120,81.2,278.8,10.0,129.4
2025-08-11,SKU0120,293.9,0.0,10.0,129.4
2025-08-18,SKU0120,229.9,0.0,10.0,129.4
2025-08-25,SKU0120,168.9,0.0,10.0,129.4
2025-09-01,SKU0120,93.9,278.8,10.0,129.4
2025-09-08,SKU0120,327.7,0.0,10.0,129.4
2025-09-15,SKU0120,274.7,0.0,10.0,129.4
2025-09-22,SKU0120,208.7,0.0,10.0,129.4
2025-09-29,SKU0120,122.7,278.8,10.0,129.4
2025-10-06,SKU0120,324.5,0.0,10.0,129.4
2025-10-13,SKU0120,240.5,0.0,10.0,129.4
2025-10-20,SKU0120,109.5,278.8,10.0,129.4
2025-10-27,SKU0120,248.3,0.0,10.0,129.4
2025-11-03,SKU0120,135.3,0.0,10.0,129.4
2025-11-10,SKU0120,55.3,278.8,10.0,129.4
2025-11-17,SKU0120,267.1,0.0,10.0,129.4
2025-11-24,SKU0120,128.1,278.8,10.0,129.4
2025-12-01,SKU0120,309.8,0.0,10.0,129.4
2025-12-08,SKU0120,205.8,0.0,10.0,129.4
2025-12-15,SKU0120,99.8,278.8,10.0,129.4
2025-12-22,SKU0120,253.6,0.0,10.0,129.4
2025-12-29,SKU0120,157.6,0.0,10.0,129.4
2026-01-05,SKU0120,93.6,278.8,10.0,129.4
2026-01-12,SKU0120,326.4,0.0,10.0,129.4
2026-01-19,SKU0120,267.4,0.0,10.0,129.4
2026-01-26,SKU0120,218.4,0.0,10.0,129.4
2026-02-02,SKU0120,156.4,0.0,10.0,129.4
2026-02-09,SKU0120,92.4,278.8,10.0,129.4
2026-02-16,SKU0120,320.2,0.0,10.0,129.4
2026-02-23,SKU0120,269.2,0.0,10.0,129.4
2026-03-02,SKU0120,210.2,0.0,10.0,129.4
2026-03-09,SKU0120,150.2,0.0,10.0,129.4
2026-03-16,SKU0120,102.2,278.8,10.0,129.4
2026-03-23,SKU0120,327.0,0.0,10.0,129.4
2026-03-30,SKU0120,254.0,0.0,10.0,129.4
2026-04-06,SKU0120,181.0,0.0,10.0,129.4
2026-04-13,SKU0120,113.0,278.8,10.0,129.4
2026-04-20,SKU0120,344.7,0.0,10.0,129.4
2026-04-27,SKU0120,257.7,0.0,10.0,129.4
2026-05-04,SKU0120,190.7,0.0,10.0,129.4
2026-05-11,SKU0120,109.7,278.8,10.0,129.4
2026-05-18,SKU0120,330.5,0.0,10.0,129.4
2026-05-25,SKU0120,259.5,0.0,10.0,129.4
2026-06-01,SKU0120,202.5,0.0,10.0,129.4
2026-06-08,SKU0120,130.5,0.0,10.0,129.4
2026-06-15,SKU0120,10.5,278.8,10.0,129.4
2026-06-22,SKU0120,169.3,0.0,10.0,129.4
2026-06-29,SKU0120,92.3,278.8,10.0,129.4
2026-07-06,SKU0120,304.1,0.0,10.0,129.4
2026-07-13,SKU0120,228.1,0.0,10.0,129.4
2024-08-12,SKU0121,150.8,0.0,10.0,83.0
2024-08-19,SKU0121,110.8,0.0,10.0,83.0
2024-08-26,SKU0121,75.8,178.8,10.0,83.0
2024-09-02,SKU0121,216.6,0.0,10.0,83.0
2024-09-09,SKU0121,176.6,0.0,10.0,83.0
2024-09-16,SKU0121,140.6,0.0,10.0,83.0
2024-09-23,SKU0121,110.6,0.0,10.0,83.0
2024-09-30,SKU0121,69.6,178.8,10.0,83.0
2024-10-07,SKU0121,202.4,0.0,10.0,83.0
2024-10-14,SKU0121,118.4,0.0,10.0,83.0
2024-10-21,SKU0121,40.4,178.8,10.0,83.0
2024-10-28,SKU0121,144.1,0.0,10.0,83.0
2024-11-04,SKU0121,103.1,0.0,10.0,83.0
2024-11-11,SKU0121,57.1,178.8,10.0,83.0
2024-11-18,SKU0121,188.9,0.0,10.0,83.0
2024-11-25,SKU0121,113.9,0.0,10.0,83.0
2024-12-02,SKU0121,56.9,178.8,10.0,83.0
2024-12-09,SKU0121,187.7,0.0,10.0,83.0
2024-12-16,SKU0121,108.7,0.0,10.0,83.0
2024-12-23,SKU0121,29.7,178.8,10.0,83.0
2024-12-30,SKU0121,154.5,0.0,10.0,83.0
2025-01-06,SKU0121,129.5,0.0,10.0,83.0
2025-01-13,SKU0121,96.5,0.0,10.0,83.0
2025-01-20,SKU0121,77.5,178.8,10.0,83.0
2025-01-27,SKU0121,236.3,0.0,10.0,83.0
2025-02-03,SKU0121,218.3,0.0,10.0,83.0
2025-02-10,SKU0121,182.3,0.0,10.0,83.0
2025-02-17,SKU0121,157.3,0.0,10.0,83.0
2025-02-24,SKU0121,115.3,0.0,10.0,83.0
2025-03-03,SKU0121,85.3,0.0,10.0,83.0
2025-03-10,SKU0121,48.3,178.8,10.0,83.0
2025-03-17,SKU0121,200.1,0.0,10.0,83.0
2025-03-24,SKU0121,161.1,0.0,10.0,83.0
2025-03-31,SKU0121,127.1,0.0,10.0,83.0
2025-04-07,SKU0121,85.1,0.0,10.0,83.0
2025-04-14,SKU0121,40.1,178.8,10.0,83.0
2025-04-21,SKU0121,183.8,0.0,10.0,83.0
2025-04-28,SKU0121,152.8,0.0,10.0,83.0
2025-05-05,SKU0121,118.8,0.0,10.0,83.0
2025-05-12,SKU0121,82.8,178.8,10.0,83.0
2025-05-19,SKU0121,218.6,0.0,10.0,83.0
2025-05-26,SKU0121,185.6,0.0,10.0,83.0
2025-06-02,SKU0121,153.6,0.0,10.0,83.0
2025-06-09,SKU0121,116.6,0.0,10.0,83.0
2025-06-16,SKU0121,61.6,178.8,10.0,83.0
2025-06-23,SKU0121,174.4,0.0,10.0,83.0
2025-06-30,SKU0121,128.4,0.0,10.0,83.0
2025-07-07,SKU0121,89.4,0.0,10.0,83.0
2025-07-14,SKU0121,51.4,178.8,10.0,83.0
2025-07-21,SKU0121,187.2,0.0,10.0,83.0
2025-07-28,SKU0121,148.2,0.0,10.0,83.0
2025-08-04,SKU0121,110.2,0.0,10.0,83.0
2025-08-11,SKU0121,75.2,178.8,10.0,83.0
2025-08-18,SKU0121,212.0,0.0,10.0,83.0
2025-08-25,SKU0121,176.0,0.0,10.0,83.0
2025-09-01,SKU0121,126.0,0.0,10.0,83.0
2025-09-08,SKU0121,86.0,0.0,10.0,83.0
2025-09-15,SKU0121,48.0,178.8,10.0,83.0
2025-09-22,SKU0121,177.8,0.0,10.0,83.0
2025-09-29,SKU0121,122.8,0.0,10.0,83.0
2025-10-06,SKU0121,72.8,178.8,10.0,83.0
2025-10-13,SKU0121,179.5,0.0,10.0,83.0
2025-10-20,SKU0121,88.5,0.0,10.0,83.0
2025-10-27,SKU0121,0.0,178.8,10.0,83.0
2025-11-03,SKU0121,126.8,0.0,10.0,83.0
2025-11-10,SKU0121,73.8,178.8,10.0,83.0
2025-11-17,SKU0121,206.6,0.0,10.0,83.0
2025-11-24,SKU0121,140.6,0.0,10.0,83.0
2025-12-01,SKU0121,99.6,0.0,10.0,83.0
2025-12-08,SKU0121,44.6,178.8,10.0,83.0
2025-12-15,SKU0121,163.4,0.0,10.0,83.0
2025-12-22,SKU0121,90.4,0.0,10.0,83.0
2025-12-29,SKU0121,25.4,178.8,10.0,83.0
2026-01-05,SKU0121,167.1,0.0,10.0,83.0
2026-01-12,SKU0121,141.1,0.0,10.0,83.0
2026-01-19,SKU0121,118.1,0.0,10.0,83.0
2026-01-26,SKU0121,91.1,0.0,10.0,83.0
2026-02-02,SKU0121,57.1,178.8,10.0,83.0
2026-02-09,SKU0121,202.9,0.0,10.0,83.0
2026-02-16,SKU0121,170.9,0.0,10.0,83.0
2026-02-23,SKU0121,132.9,0.0,10.0,83.0
2026-03-02,SKU0121,79.9,178.8,10.0,83.0
2026-03-09,SKU0121,214.7,0.0,10.0,83.0
2026-03-16,SKU0121,172.7,0.0,10.0,83.0
2026-03-23,SKU0121,135.7,0.0,10.0,83.0
2026-03-30,SKU0121,86.7,0.0,10.0,83.0
2026-04-06,SKU0121,42.7,178.8,10.0,83.0
2026-04-13,SKU0121,177.5,0.0,10.0,83.0
2026-04-20,SKU0121,125.5,0.0,10.0,83.0
2026-04-27,SKU0121,85.5,0.0,10.0,83.0
2026-05-04,SKU0121,42.5,178.8,10.0,83.0
2026-05-11,SKU0121,176.3,0.0,10.0,83.0
2026-05-18,SKU0121,137.3,0.0,10.0,83.0
2026-05-25,SKU0121,92.3,0.0,10.0,83.0
2026-06-01,SKU0121,55.3,178.8,10.0,83.0
2026-06-08,SKU0121,201.1,0.0,10.0,83.0
2026-06-15,SKU0121,139.1,0.0,10.0,83.0
2026-06-22,SKU0121,84.1,0.0,10.0,83.0
2026-06-29,SKU0121,35.1,178.8,10.0,83.0
2026-07-06,SKU0121,168.8,0.0,10.0,83.0
2026-07-13,SKU0121,126.8,0.0,10.0,83.0
2024-07-29,SKU0122,72.0,0.0,15.0,59.9
2024-08-05,SKU0122,57.0,86.0,15.0,59.9
2024-08-12,SKU0122,37.0,86.0,15.0,59.9
2024-08-19,SKU0122,106.1,0.0,15.0,59.9
2024-08-26,SKU0122,92.1,0.0,15.0,59.9
2024-09-02,SKU0122,67.1,0.0,15.0,59.9
2024-09-09,SKU0122,53.1,86.0,15.0,59.9
2024-09-16,SKU0122,43.1,86.0,15.0,59.9
2024-09-23,SKU0122,117.1,0.0,15.0,59.9
2024-09-30,SKU0122,93.1,0.0,15.0,59.9
2024-10-07,SKU0122,73.1,0.0,15.0,59.9
2024-10-14,SKU0122,44.1,86.0,15.0,59.9
2024-10-21,SKU0122,7.1,86.0,15.0,59.9
2024-10-28,SKU0122,57.2,86.0,15.0,59.9
2024-11-04,SKU0122,31.2,86.0,15.0,59.9
2024-11-11,SKU0122,92.2,0.0,15.0,59.9
2024-11-18,SKU0122,75.2,0.0,15.0,59.9
2024-11-25,SKU0122,34.2,86.0,15.0,59.9
2024-12-02,SKU0122,11.2,86.0,15.0,59.9
2024-12-09,SKU0122,78.2,0.0,15.0,59.9
2024-12-16,SKU0122,42.2,86.0,15.0,59.9
2024-12-23,SKU0122,2.2,86.0,15.0,59.9
2024-12-30,SKU0122,61.3,0.0,15.0,59.9
2025-01-06,SKU0122,42.3,86.0,15.0,59.9
2025-01-13,SKU0122,25.3,86.0,15.0,59.9
2025-01-20,SKU0122,91.3,0.0,15.0,59.9
2025-01-27,SKU0122,77.3,0.0,15.0,59.9
2025-02-03,SKU0122,65.3,0.0,15.0,59.9
2025-02-10,SKU0122,48.3,86.0,15.0,59.9
2025-02-17,SKU0122,32.3,86.0,15.0,59.9
2025-02-24,SKU0122,104.3,0.0,15.0,59.9
2025-03-03,SKU0122,85.3,0.0,15.0,59.9
2025-03-10,SKU0122,66.3,0.0,15.0,59.9
2025-03-17,SKU0122,48.3,86.0,15.0,59.9
2025-03-24,SKU0122,29.3,86.0,15.0,59.9
2025-03-31,SKU0122,81.4,0.0,15.0,59.9
2025-04-07,SKU0122,63.4,0.0,15.0,59.9
2025-04-14,SKU0122,54.4,86.0,15.0,59.9
2025-04-21,SKU0122,44.4,86.0,15.0,59.9
2025-04-28,SKU0122,109.4,0.0,15.0,59.9
2025-05-05,SKU0122,96.4,0.0,15.0,59.9
2025-05-12,SKU0122,76.4,0.0,15.0,59.9
2025-05-19,SKU0122,66.4,0.0,15.0,59.9
2025-05-26,SKU0122,55.4,86.0,15.0,59.9
2025-06-02,SKU0122,36.4,86.0,15.0,59.9
2025-06-09,SKU0122,96.5,0.0,15.0,59.9
2025-06-16,SKU0122,59.5,86.0,15.0,59.9
2025-06-23,SKU0122,32.5,86.0,15.0,59.9
2025-06-30,SKU0122,101.5,0.0,15.0,59.9
2025-07-07,SKU0122,76.5,0.0,15.0,59.9
2025-07-14,SKU0122,62.5,0.0,15.0,59.9
2025-07-21,SKU0122,50.5,86.0,15.0,59.9
2025-07-28,SKU0122,36.5,86.0,15.0,59.9
2025-08-04,SKU0122,97.5,0.0,15.0,59.9
2025-08-11,SKU0122,86.5,0.0,15.0,59.9
2025-08-18,SKU0122,72.5,0.0,15.0,59.9
2025-08-25,SKU0122,56.5,86.0,15.0,59.9
2025-09-01,SKU0122,33.5,86.0,15.0,59.9
2025-09-08,SKU0122,101.6,0.0,15.0,59.9
2025-09-15,SKU0122,75.6,0.0,15.0,59.9
2025-09-22,SKU0122,59.6,86.0,15.0,59.9
2025-09-29,SKU0122,30.6,86.0,15.0,59.9
2025-10-06,SKU0122,103.6,0.0,15.0,59.9
2025-10-13,SKU0122,64.6,0.0,15.0,59.9
2025-10-20,SKU0122,25.6,86.0,15.0,59.9
2025-10-27,SKU0122,0.0,86.0,15.0,59.9
2025-11-03,SKU0122,50.0,86.0,15.0,59.9
2025-11-10,SKU0122,27.0,86.0,15.0,59.9
2025-11-17,SKU0122,81.1,0.0,15.0,59.9
2025-11-24,SKU0122,36.1,86.0,15.0,59.9
2025-12-01,SKU0122,0.1,86.0,15.0,59.9
2025-12-08,SKU0122,61.1,0.0,15.0,59.9
2025-12-15,SKU0122,21.1,86.0,15.0,59.9
2025-12-22,SKU0122,0.0,86.0,15.0,59.9
2025-12-29,SKU0122,63.0,0.0,15.0,59.9
2026-01-05,SKU0122,43.0,86.0,15.0,59.9
2026-01-12,SKU0122,27.0,86.0,15.0,59.9
2026-01-19,SKU0122,98.1,0.0,15.0,59.9
2026-01-26,SKU0122,79.1,0.0,15.0,59.9
2026-02-02,SKU0122,66.1,0.0,15.0,59.9
2026-02-09,SKU0122,44.1,86.0,15.0,59.9
2026-02-16,SKU0122,31.1,86.0,15.0,59.9
2026-02-23,SKU0122,101.1,0.0,15.0,59.9
2026-03-02,SKU0122,87.1,0.0,15.0,59.9
2026-03-09,SKU0122,68.1,0.0,15.0,59.9
2026-03-16,SKU0122,56.1,86.0,15.0,59.9
2026-03-23,SKU0122,34.1,86.0,15.0,59.9
2026-03-30,SKU0122,105.2,0.0,15.0,59.9
2026-04-06,SKU0122,89.2,0.0,15.0,59.9
2026-04-13,SKU0122,65.2,0.0,15.0,59.9
2026-04-20,SKU0122,44.2,86.0,15.0,59.9
2026-04-27,SKU0122,26.2,86.0,15.0,59.9
2026-05-04,SKU0122,93.2,0.0,15.0,59.9
2026-05-11,SKU0122,86.2,0.0,15.0,59.9
2026-05-18,SKU0122,66.2,0.0,15.0,59.9
2026-05-25,SKU0122,50.2,86.0,15.0,59.9
2026-06-01,SKU0122,31.2,86.0,15.0,59.9
2026-06-08,SKU0122,96.2,0.0,15.0,59.9
2026-06-15,SKU0122,69.2,0.0,15.0,59.9
2026-06-22,SKU0122,32.2,86.0,15.0,59.9
2026-06-29,SKU0122,7.2,86.0,15.0,59.9
2026-07-06,SKU0122,76.3,0.0,15.0,59.9
2026-07-13,SKU0122,57.3,86.0,15.0,59.9
2024-07-29,SKU0123,3.0,4.0,36.0,6.7
2024-08-05,SKU0123,2.0,4.0,36.0,6.7
2024-08-12,SKU0123,2.0,4.0,36.0,6.7
2024-08-19,SKU0123,0.0,4.0,36.0,6.7
2024-08-26,SKU0123,0.0,4.0,36.0,6.7
2024-09-02,SKU0123,4.0,4.0,36.0,6.7
2024-09-09,SKU0123,4.0,4.0,36.0,6.7
2024-09-16,SKU0123,1.0,4.0,36.0,6.7
2024-09-23,SKU0123,0.0,4.0,36.0,6.7
2024-09-30,SKU0123,0.0,4.0,36.0,6.7
2024-10-07,SKU0123,3.0,4.0,36.0,6.7
2024-10-14,SKU0123,2.0,4.0,36.0,6.7
2024-10-21,SKU0123,0.0,4.0,36.0,6.7
2024-10-28,SKU0123,0.0,4.0,36.0,6.7
2024-11-04,SKU0123,0.0,4.0,36.0,6.7
2024-11-11,SKU0123,3.0,4.0,36.0,6.7
2024-11-18,SKU0123,2.0,4.0,36.0,6.7
2024-11-25,SKU0123,0.0,4.0,36.0,6.7
2024-12-02,SKU0123,0.0,4.0,36.0,6.7
2024-12-09,SKU0123,0.0,4.0,36.0,6.7
2024-12-16,SKU0123,4.0,4.0,36.0,6.7
2024-12-23,SKU0123,0.0,4.0,36.0,6.7
2024-12-30,SKU0123,0.0,4.0,36.0,6.7
2025-01-06,SKU0123,0.0,4.0,36.0,6.7
2025-01-13,SKU0123,0.0,4.0,36.0,6.7
2025-01-20,SKU0123,4.0,4.0,36.0,6.7
2025-01-27,SKU0123,3.0,4.0,36.0,6.7
2025-02-03,SKU0123,3.0,4.0,36.0,6.7
2025-02-10,SKU0123,2.0,4.0,36.0,6.7
2025-02-17,SKU0123,2.0,4.0,36.0,6.7
2025-02-24,SKU0123,4.0,4.0,36.0,6.7
2025-03-03,SKU0123,3.0,4.0,36.0,6.7
2025-03-10,SKU0123,2.0,4.0,36.0,6.7
2025-03-17,SKU0123,1.0,4.0,36.0,6.7
2025-03-24,SKU0123,0.0,4.0,36.0,6.7
2025-03-31,SKU0123,1.0,4.0,36.0,6.7
2025-04-07,SKU0123,0.0,4.0,36.0,6.7
2025-04-14,SKU0123,0.0,4.0,36.0,6.7
2025-04-21,SKU0123,0.0,4.0,36.0,6.7
2025-04-28,SKU0123,0.0,4.0,36.0,6.7
2025-05-05,SKU0123,4.0,4.0,36.0,6.7
2025-05-12,SKU0123,4.0,4.0,36.0,6.7
2025-05-19,SKU0123,3.0,4.0,36.0,6.7
2025-05-26,SKU0123,2.0,4.0,36.0,6.7
2025-06-02,SKU0123,2.0,4.0,36.0,6.7
2025-06-09,SKU0123,6.0,4.0,36.0,6.7
2025-06-16,SKU0123,5.0,4.0,36.0,6.7
2025-06-23,SKU0123,4.0,4.0,36.0,6.7
2025-06-30,SKU0123,3.0,4.0,36.0,6.7
2025-07-07,SKU0123,2.0,4.0,36.0,6.7
2025-07-14,SKU0123,5.0,4.0,36.0,6.7
2025-07-21,SKU0123,3.0,4.0,36.0,6.7
2025-07-28,SKU0123,2.0,4.0,36.0,6.7
2025-08-04,SKU0123,2.0,4.0,36.0,6.7
2025-08-11,SKU0123,1.0,4.0,36.0,6.7
2025-08-18,SKU0123,5.0,4.0,36.0,6.7
2025-08-25,SKU0123,3.0,4.0,36.0,6.7
2025-09-01,SKU0123,3.0,4.0,36.0,6.7
2025-09-08,SKU0123,3.0,4.0,36.0,6.7
2025-09-15,SKU0123,3.0,4.0,36.0,6.7
2025-09-22,SKU0123,7.0,0.0,36.0,6.7
2025-09-29,SKU0123,7.0,0.0,36.0,6.7
2025-10-06,SKU0123,5.0,4.0,36.0,6.7
2025-10-13,SKU0123,3.0,4.0,36.0,6.7
2025-10-20,SKU0123,1.0,4.0,36.0,6.7
2025-10-27,SKU0123,0.0,4.0,36.0,6.7
2025-11-03,SKU0123,0.0,4.0,36.0,6.7
2025-11-10,SKU0123,4.0,4.0,36.0,6.7
2025-11-17,SKU0123,3.0,4.0,36.0,6.7
2025-11-24,SKU0123,2.0,4.0,36.0,6.7
2025-12-01,SKU0123,0.0,4.0,36.0,6.7
2025-12-08,SKU0123,0.0,4.0,36.0,6.7
2025-12-15,SKU0123,4.0,4.0,36.0,6.7
2025-12-22,SKU0123,1.0,4.0,36.0,6.7
2025-12-29,SKU0123,0.0,4.0,36.0,6.7
2026-01-05,SKU0123,0.0,4.0,36.0,6.7
2026-01-12,SKU0123,0.0,4.0,36.0,6.7
2026-01-19,SKU0123,3.0,4.0,36.0,6.7
2026-01-26,SKU0123,3.0,4.0,36.0,6.7
2026-02-02,SKU0123,3.0,4.0,36.0,6.7
2026-02-09,SKU0123,2.0,4.0,36.0,6.7
2026-02-16,SKU0123,2.0,4.0,36.0,6.7
2026-02-23,SKU0123,6.0,4.0,36.0,6.7
2026-03-02,SKU0123,6.0,4.0,36.0,6.7
2026-03-09,SKU0123,4.0,4.0,36.0,6.7
2026-03-16,SKU0123,3.0,4.0,36.0,6.7
2026-03-23,SKU0123,2.0,4.0,36.0,6.7
2026-03-30,SKU0123,5.0,4.0,36.0,6.7
2026-04-06,SKU0123,5.0,4.0,36.0,6.7
2026-04-13,SKU0123,4.0,4.0,36.0,6.7
2026-04-20,SKU0123,4.0,4.0,36.0,6.7
2026-04-27,SKU0123,3.0,4.0,36.0,6.7
2026-05-04,SKU0123,7.0,0.0,36.0,6.7
2026-05-11,SKU0123,7.0,0.0,36.0,6.7
2026-05-18,SKU0123,7.0,0.0,36.0,6.7
2026-05-25,SKU0123,7.0,0.0,36.0,6.7
2026-06-01,SKU0123,7.0,0.0,36.0,6.7
2026-06-08,SKU0123,7.0,0.0,36.0,6.7
2026-06-15,SKU0123,7.0,0.0,36.0,6.7
2026-06-22,SKU0123,6.0,4.0,36.0,6.7
2026-06-29,SKU0123,6.0,4.0,36.0,6.7
2026-07-06,SKU0123,4.0,4.0,36.0,6.7
2026-07-13,SKU0123,3.0,4.0,36.0,6.7
2024-07-22,SKU0124,104.1,0.0,8.0,49.8
2024-07-29,SKU0124,81.1,0.0,8.0,49.8
2024-08-05,SKU0124,52.1,0.0,8.0,49.8
2024-08-12,SKU0124,16.1,134.1,8.0,49.8
2024-08-19,SKU0124,128.2,0.0,8.0,49.8
2024-08-26,SKU0124,99.2,0.0,8.0,49.8
2024-09-02,SKU0124,72.2,0.0,8.0,49.8
2024-09-09,SKU0124,55.2,0.0,8.0,49.8
2024-09-16,SKU0124,19.2,134.1,8.0,49.8
2024-09-23,SKU0124,120.3,0.0,8.0,49.8
2024-09-30,SKU0124,75.3,0.0,8.0,49.8
2024-10-07,SKU0124,24.3,134.1,8.0,49.8
2024-10-14,SKU0124,96.4,0.0,8.0,49.8
2024-10-21,SKU0124,38.4,134.1,8.0,49.8
2024-10-28,SKU0124,114.5,0.0,8.0,49.8
2024-11-04,SKU0124,68.5,0.0,8.0,49.8
2024-11-11,SKU0124,27.5,134.1,8.0,49.8
2024-11-18,SKU0124,130.6,0.0,8.0,49.8
2024-11-25,SKU0124,70.6,0.0,8.0,49.8
2024-12-02,SKU0124,34.6,134.1,8.0,49.8
2024-12-09,SKU0124,128.7,0.0,8.0,49.8
2024-12-16,SKU0124,79.7,0.0,8.0,49.8
2024-12-23,SKU0124,19.7,134.1,8.0,49.8
2024-12-30,SKU0124,114.8,0.0,8.0,49.8
2025-01-06,SKU0124,94.8,0.0,8.0,49.8
2025-01-13,SKU0124,72.8,0.0,8.0,49.8
2025-01-20,SKU0124,46.8,134.1,8.0,49.8
2025-01-27,SKU0124,152.9,0.0,8.0,49.8
2025-02-03,SKU0124,134.9,0.0,8.0,49.8
2025-02-10,SKU0124,108.9,0.0,8.0,49.8
2025-02-17,SKU0124,82.9,0.0,8.0,49.8
2025-02-24,SKU0124,63.9,0.0,8.0,49.8
2025-03-03,SKU0124,32.9,134.1,8.0,49.8
2025-03-10,SKU0124,147.0,0.0,8.0,49.8
2025-03-17,SKU0124,115.0,0.0,8.0,49.8
2025-03-24,SKU0124,93.0,0.0,8.0,49.8
2025-03-31,SKU0124,63.0,0.0,8.0,49.8
2025-04-07,SKU0124,40.0,134.1,8.0,49.8
2025-04-14,SKU0124,153.0,0.0,8.0,49.8
2025-04-21,SKU0124,128.0,0.0,8.0,49.8
2025-04-28,SKU0124,90.0,0.0,8.0,49.8
2025-05-05,SKU0124,73.0,0.0,8.0,49.8
2025-05-12,SKU0124,38.0,134.1,8.0,49.8
2025-05-19,SKU0124,140.1,0.0,8.0,49.8
2025-05-26,SKU0124,111.1,0.0,8.0,49.8
2025-06-02,SKU0124,91.1,0.0,8.0,49.8
2025-06-09,SKU0124,59.1,0.0,8.0,49.8
2025-06-16,SKU0124,23.1,134.1,8.0,49.8
2025-06-23,SKU0124,115.2,0.0,8.0,49.8
2025-06-30,SKU0124,91.2,0.0,8.0,49.8
2025-07-07,SKU0124,52.2,0.0,8.0,49.8
2025-07-14,SKU0124,24.2,134.1,8.0,49.8
2025-07-21,SKU0124,130.3,0.0,8.0,49.8
2025-07-28,SKU0124,102.3,0.0,8.0,49.8
2025-08-04,SKU0124,73.3,0.0,8.0,49.8
2025-08-11,SKU0124,51.3,0.0,8.0,49.8
2025-08-18,SKU0124,34.3,134.1,8.0,49.8
2025-08-25,SKU0124,139.4,0.0,8.0,49.8
2025-09-01,SKU0124,109.4,0.0,8.0,49.8
2025-09-08,SKU0124,84.4,0.0,8.0,49.8
2025-09-15,SKU0124,55.4,0.0,8.0,49.8
2025-09-22,SKU0124,22.4,134.1,8.0,49.8
2025-09-29,SKU0124,127.5,0.0,8.0,49.8
2025-10-06,SKU0124,81.5,0.0,8.0,49.8
2025-10-13,SKU0124,22.5,134.1,8.0,49.8
2025-10-20,SKU0124,89.6,0.0,8.0,49.8
2025-10-27,SKU0124,22.6,134.1,8.0,49.8
2025-11-03,SKU0124,100.7,0.0,8.0,49.8
2025-11-10,SKU0124,62.7,0.0,8.0,49.8
2025-11-17,SKU0124,29.7,134.1,8.0,49.8
2025-11-24,SKU0124,96.8,0.0,8.0,49.8
2025-12-01,SKU0124,47.8,134.1,8.0,49.8
2025-12-08,SKU0124,145.9,0.0,8.0,49.8
2025-12-15,SKU0124,86.9,0.0,8.0,49.8
2025-12-22,SKU0124,30.9,134.1,8.0,49.8
2025-12-29,SKU0124,123.0,0.0,8.0,49.8
2026-01-05,SKU0124,92.0,0.0,8.0,49.8
2026-01-12,SKU0124,68.0,0.0,8.0,49.8
2026-01-19,SKU0124,37.0,134.1,8.0,49.8
2026-01-26,SKU0124,143.1,0.0,8.0,49.8
2026-02-02,SKU0124,121.1,0.0,8.0,49.8
2026-02-09,SKU0124,92.1,0.0,8.0,49.8
2026-02-16,SKU0124,73.1,0.0,8.0,49.8
2026-02-23,SKU0124,46.1,134.1,8.0,49.8
2026-03-02,SKU0124,146.2,0.0,8.0,49.8
2026-03-09,SKU0124,116.2,0.0,8.0,49.8
2026-03-16,SKU0124,83.2,0.0,8.0,49.8
2026-03-23,SKU0124,57.2,0.0,8.0,49.8
2026-03-30,SKU0124,33.2,134.1,8.0,49.8
2026-04-06,SKU0124,130.3,0.0,8.0,49.8
2026-04-13,SKU0124,98.3,0.0,8.0,49.8
2026-04-20,SKU0124,74.3,0.0,8.0,49.8
2026-04-27,SKU0124,45.3,134.1,8.0,49.8
2026-05-04,SKU0124,152.4,0.0,8.0,49.8
2026-05-11,SKU0124,124.4,0.0,8.0,49.8
2026-05-18,SKU0124,99.4,0.0,8.0,49.8
2026-05-25,SKU0124,75.4,0.0,8.0,49.8
2026-06-01,SKU0124,49.4,134.1,8.0,49.8
2026-06-08,SKU0124,161.5,0.0,8.0,49.8
2026-06-15,SKU0124,126.5,0.0,8.0,49.8
2026-06-22,SKU0124,75.5,0.0,8.0,49.8
2026-06-29,SKU0124,45.5,134.1,8.0,49.8
2026-07-06,SKU0124,143.6,0.0,8.0,49.8
2026-07-13,SKU0124,109.6,0.0,8.0,49.8
2024-07-22,SKU0125,105.4,124.4,28.0,161.7
2024-07-29,SKU0125,72.4,124.4,28.0,161.7
2024-08-05,SKU0125,51.4,124.4,28.0,161.7
2024-08-12,SKU0125,32.4,124.4,28.0,161.7
2024-08-19,SKU0125,131.8,124.4,28.0,161.7
2024-08-26,SKU0125,101.8,124.4,28.0,161.7
2024-09-02,SKU0125,78.8,124.4,28.0,161.7
2024-09-09,SKU0125,58.8,124.4,28.0,161.7
2024-09-16,SKU0125,162.3,0.0,28.0,161.7
2024-09-23,SKU0125,133.3,124.4,28.0,161.7
2024-09-30,SKU0125,97.3,124.4,28.0,161.7
2024-10-07,SKU0125,64.3,124.4,28.0,161.7
2024-10-14,SKU0125,16.3,124.4,28.0,161.7
2024-10-21,SKU0125,82.7,124.4,28.0,161.7
2024-10-28,SKU0125,25.7,124.4,28.0,161.7
2024-11-04,SKU0125,0.0,124.4,28.0,161.7
2024-11-11,SKU0125,0.0,124.4,28.0,161.7
2024-11-18,SKU0125,81.4,124.4,28.0,161.7
2024-11-25,SKU0125,12.4,124.4,28.0,161.7
2024-12-02,SKU0125,0.0,124.4,28.0,161.7
2024-12-09,SKU0125,0.0,124.4,28.0,161.7
2024-12-16,SKU0125,76.4,124.4,28.0,161.7
2024-12-23,SKU0125,21.4,124.4,28.0,161.7
2024-12-30,SKU0125,0.0,124.4,28.0,161.7
2025-01-06,SKU0125,0.0,124.4,28.0,161.7
2025-01-13,SKU0125,98.4,124.4,28.0,161.7
2025-01-20,SKU0125,72.4,124.4,28.0,161.7
2025-01-27,SKU0125,60.4,124.4,28.0,161.7
2025-02-03,SKU0125,45.4,124.4,28.0,161.7
2025-02-10,SKU0125,139.8,124.4,28.0,161.7
2025-02-17,SKU0125,116.8,124.4,28.0,161.7
2025-02-24,SKU0125,85.8,124.4,28.0,161.7
2025-03-03,SKU0125,54.8,124.4,28.0,161.7
2025-03-10,SKU0125,149.3,124.4,28.0,161.7
2025-03-17,SKU0125,131.3,124.4,28.0,161.7
2025-03-24,SKU0125,100.3,124.4,28.0,161.7
2025-03-31,SKU0125,75.3,124.4,28.0,161.7
2025-04-07,SKU0125,179.7,0.0,28.0,161.7
2025-04-14,SKU0125,162.7,0.0,28.0,161.7
2025-04-21,SKU0125,140.7,124.4,28.0,161.7
2025-04-28,SKU0125,117.7,124.4,28.0,161.7
2025-05-05,SKU0125,92.7,124.4,28.0,161.7
2025-05-12,SKU0125,66.7,124.4,28.0,161.7
2025-05-19,SKU0125,153.1,124.4,28.0,161.7
2025-05-26,SKU0125,130.1,124.4,28.0,161.7
2025-06-02,SKU0125,104.1,124.4,28.0,161.7
2025-06-09,SKU0125,65.1,124.4,28.0,161.7
2025-06-16,SKU0125,147.5,124.4,28.0,161.7
2025-06-23,SKU0125,99.5,124.4,28.0,161.7
2025-06-30,SKU0125,66.5,124.4,28.0,161.7
2025-07-07,SKU0125,39.5,124.4,28.0,161.7
2025-07-14,SKU0125,142.9,124.4,28.0,161.7
2025-07-21,SKU0125,111.9,124.4,28.0,161.7
2025-07-28,SKU0125,86.9,124.4,28.0,161.7
2025-08-04,SKU0125,62.9,124.4,28.0,161.7
2025-08-11,SKU0125,162.4,0.0,28.0,161.7
2025-08-18,SKU0125,133.4,124.4,28.0,161.7
2025-08-25,SKU0125,106.4,124.4,28.0,161.7
2025-09-01,SKU0125,80.4,124.4,28.0,161.7
2025-09-08,SKU0125,51.4,124.4,28.0,161.7
2025-09-15,SKU0125,150.8,124.4,28.0,161.7
2025-09-22,SKU0125,132.8,124.4,28.0,161.7
2025-09-29,SKU0125,101.8,124.4,28.0,161.7
2025-10-06,SKU0125,58.8,124.4,28.0,161.7
2025-10-13,SKU0125,136.2,124.4,28.0,161.7
2025-10-20,SKU0125,98.2,124.4,28.0,161.7
2025-10-27,SKU0125,43.2,124.4,28.0,161.7
2025-11-03,SKU0125,3.2,124.4,28.0,161.7
2025-11-10,SKU0125,93.6,124.4,28.0,161.7
2025-11-17,SKU0125,31.6,124.4,28.0,161.7
2025-11-24,SKU0125,0.0,124.4,28.0,161.7
2025-12-01,SKU0125,0.0,124.4,28.0,161.7
2025-12-08,SKU0125,96.4,124.4,28.0,161.7
2025-12-15,SKU0125,55.4,124.4,28.0,161.7
2025-12-22,SKU0125,11.4,124.4,28.0,161.7
2025-12-29,SKU0125,0.0,124.4,28.0,161.7
2026-01-05,SKU0125,97.4,124.4,28.0,161.7
2026-01-12,SKU0125,70.4,124.4,28.0,161.7
2026-01-19,SKU0125,50.4,124.4,28.0,161.7
2026-01-26,SKU0125,22.4,124.4,28.0,161.7
2026-02-02,SKU0125,129.8,124.4,28.0,161.7
2026-02-09,SKU0125,106.8,124.4,28.0,161.7
2026-02-16,SKU0125,93.8,124.4,28.0,161.7
2026-02-23,SKU0125,71.8,124.4,28.0,161.7
2026-03-02,SKU0125,176.3,0.0,28.0,161.7
2026-03-09,SKU0125,147.3,124.4,28.0,161.7
2026-03-16,SKU0125,130.3,124.4,28.0,161.7
2026-03-23,SKU0125,105.3,124.4,28.0,161.7
2026-03-30,SKU0125,86.3,124.4,28.0,161.7
2026-04-06,SKU0125,177.7,0.0,28.0,161.7
2026-04-13,SKU0125,153.7,124.4,28.0,161.7
2026-04-20,SKU0125,130.7,124.4,28.0,161.7
2026-04-27,SKU0125,100.7,124.4,28.0,161.7
2026-05-04,SKU0125,76.7,124.4,28.0,161.7
2026-05-11,SKU0125,172.1,0.0,28.0,161.7
2026-05-18,SKU0125,154.1,124.4,28.0,161.7
2026-05-25,SKU0125,124.1,124.4,28.0,161.7
2026-06-01,SKU0125,101.1,124.4,28.0,161.7
2026-06-08,SKU0125,77.1,124.4,28.0,161.7
2026-06-15,SKU0125,160.5,124.4,28.0,161.7
2026-06-22,SKU0125,116.5,124.4,28.0,161.7
2026-06-29,SKU0125,82.5,124.4,28.0,161.7
2026-07-06,SKU0125,54.5,124.4,28.0,161.7
2026-07-13,SKU0125,154.9,124.4,28.0,161.7
2026-01-26,SKU0126,627.5,0.0,8.0,295.1
2026-02-02,SKU0126,459.5,0.0,8.0,295.1
2026-02-09,SKU0126,296.5,0.0,8.0,295.1
2026-02-16,SKU0126,117.5,794.5,8.0,295.1
2026-02-23,SKU0126,734.9,0.0,8.0,295.1
2026-03-02,SKU0126,536.9,0.0,8.0,295.1
2026-03-09,SKU0126,328.9,0.0,8.0,295.1
2026-03-16,SKU0126,173.9,794.5,8.0,295.1
2026-03-23,SKU0126,753.4,0.0,8.0,295.1
2026-03-30,SKU0126,574.4,0.0,8.0,295.1
2026-04-06,SKU0126,376.4,0.0,8.0,295.1
2026-04-13,SKU0126,160.4,794.5,8.0,295.1
2026-04-20,SKU0126,758.8,0.0,8.0,295.1
2026-04-27,SKU0126,520.8,0.0,8.0,295.1
2026-05-04,SKU0126,321.8,0.0,8.0,295.1
2026-05-11,SKU0126,121.8,794.5,8.0,295.1
2026-05-18,SKU0126,692.3,0.0,8.0,295.1
2026-05-25,SKU0126,499.3,0.0,8.0,295.1
2026-06-01,SKU0126,295.3,0.0,8.0,295.1
2026-06-08,SKU0126,68.3,794.5,8.0,295.1
2026-06-15,SKU0126,519.8,0.0,8.0,295.1
2026-06-22,SKU0126,186.8,794.5,8.0,295.1
2026-06-29,SKU0126,916.2,0.0,8.0,295.1
2026-07-06,SKU0126,693.2,0.0,8.0,295.1
2026-07-13,SKU0126,449.2,0.0,8.0,295.1
2024-07-22,SKU0127,119.4,0.0,14.0,96.4
2024-07-29,SKU0127,95.4,148.4,14.0,96.4
2024-08-05,SKU0127,59.4,148.4,14.0,96.4
2024-08-12,SKU0127,176.8,0.0,14.0,96.4
2024-08-19,SKU0127,148.8,0.0,14.0,96.4
2024-08-26,SKU0127,126.8,0.0,14.0,96.4
2024-09-02,SKU0127,98.8,0.0,14.0,96.4
2024-09-09,SKU0127,75.8,148.4,14.0,96.4
2024-09-16,SKU0127,54.8,148.4,14.0,96.4
2024-09-23,SKU0127,178.2,0.0,14.0,96.4
2024-09-30,SKU0127,143.2,0.0,14.0,96.4
2024-10-07,SKU0127,100.2,0.0,14.0,96.4
2024-10-14,SKU0127,48.2,148.4,14.0,96.4
2024-10-21,SKU0127,0.0,148.4,14.0,96.4
2024-10-28,SKU0127,89.4,148.4,14.0,96.4
2024-11-04,SKU0127,33.4,148.4,14.0,96.4
2024-11-11,SKU0127,142.8,0.0,14.0,96.4
2024-11-18,SKU0127,98.8,0.0,14.0,96.4
2024-11-25,SKU0127,38.8,148.4,14.0,96.4
2024-12-02,SKU0127,0.0,148.4,14.0,96.4
2024-12-09,SKU0127,93.4,148.4,14.0,96.4
2024-12-16,SKU0127,43.4,148.4,14.0,96.4
2024-12-23,SKU0127,124.8,0.0,14.0,96.4
2024-12-30,SKU0127,90.8,148.4,14.0,96.4
2025-01-06,SKU0127,51.8,148.4,14.0,96.4
2025-01-13,SKU0127,164.2,0.0,14.0,96.4
2025-01-20,SKU0127,135.2,0.0,14.0,96.4
2025-01-27,SKU0127,113.2,0.0,14.0,96.4
2025-02-03,SKU0127,95.2,148.4,14.0,96.4
2025-02-10,SKU0127,60.2,148.4,14.0,96.4
2025-02-17,SKU0127,186.5,0.0,14.0,96.4
2025-02-24,SKU0127,155.5,0.0,14.0,96.4
2025-03-03,SKU0127,119.5,0.0,14.0,96.4
2025-03-10,SKU0127,89.5,148.4,14.0,96.4
2025-03-17,SKU0127,66.5,148.4,14.0,96.4
2025-03-24,SKU0127,173.9,0.0,14.0,96.4
2025-03-31,SKU0127,146.9,0.0,14.0,96.4
2025-04-07,SKU0127,113.9,0.0,14.0,96.4
2025-04-14,SKU0127,75.9,148.4,14.0,96.4
2025-04-21,SKU0127,33.9,148.4,14.0,96.4
2025-04-28,SKU0127,153.3,0.0,14.0,96.4
2025-05-05,SKU0127,120.3,0.0,14.0,96.4
2025-05-12,SKU0127,81.3,148.4,14.0,96.4
2025-05-19,SKU0127,40.3,148.4,14.0,96.4
2025-05-26,SKU0127,161.7,0.0,14.0,96.4
2025-06-02,SKU0127,123.7,0.0,14.0,96.4
2025-06-09,SKU0127,87.7,148.4,14.0,96.4
2025-06-16,SKU0127,29.7,148.4,14.0,96.4
2025-06-23,SKU0127,124.1,0.0,14.0,96.4
2025-06-30,SKU0127,106.1,0.0,14.0,96.4
2025-07-07,SKU0127,65.1,148.4,14.0,96.4
2025-07-14,SKU0127,44.1,148.4,14.0,96.4
2025-07-21,SKU0127,160.5,0.0,14.0,96.4
2025-07-28,SKU0127,123.5,0.0,14.0,96.4
2025-08-04,SKU0127,94.5,148.4,14.0,96.4
2025-08-11,SKU0127,70.5,148.4,14.0,96.4
2025-08-18,SKU0127,181.8,0.0,14.0,96.4
2025-08-25,SKU0127,146.8,0.0,14.0,96.4
2025-09-01,SKU0127,115.8,0.0,14.0,96.4
2025-09-08,SKU0127,86.8,148.4,14.0,96.4
2025-09-15,SKU0127,54.8,148.4,14.0,96.4
2025-09-22,SKU0127,175.2,0.0,14.0,96.4
2025-09-29,SKU0127,130.2,0.0,14.0,96.4
2025-10-06,SKU0127,83.2,148.4,14.0,96.4
2025-10-13,SKU0127,12.2,148.4,14.0,96.4
2025-10-20,SKU0127,101.6,0.0,14.0,96.4
2025-10-27,SKU0127,36.6,148.4,14.0,96.4
2025-11-03,SKU0127,0.0,148.4,14.0,96.4
2025-11-10,SKU0127,119.4,0.0,14.0,96.4
2025-11-17,SKU0127,75.4,148.4,14.0,96.4
2025-11-24,SKU0127,27.4,148.4,14.0,96.4
2025-12-01,SKU0127,133.8,0.0,14.0,96.4
2025-12-08,SKU0127,92.8,148.4,14.0,96.4
2025-12-15,SKU0127,17.8,148.4,14.0,96.4
2025-12-22,SKU0127,85.2,148.4,14.0,96.4
2025-12-29,SKU0127,26.2,148.4,14.0,96.4
2026-01-05,SKU0127,150.5,0.0,14.0,96.4
2026-01-12,SKU0127,128.5,0.0,14.0,96.4
2026-01-19,SKU0127,95.5,148.4,14.0,96.4
2026-01-26,SKU0127,68.5,148.4,14.0,96.4
2026-02-02,SKU0127,190.9,0.0,14.0,96.4
2026-02-09,SKU0127,172.9,0.0,14.0,96.4
2026-02-16,SKU0127,130.9,0.0,14.0,96.4
2026-02-23,SKU0127,106.9,0.0,14.0,96.4
2026-03-02,SKU0127,72.9,148.4,14.0,96.4
2026-03-09,SKU0127,52.9,148.4,14.0,96.4
2026-03-16,SKU0127,167.3,0.0,14.0,96.4
2026-03-23,SKU0127,145.3,0.0,14.0,96.4
2026-03-30,SKU0127,123.3,0.0,14.0,96.4
2026-04-06,SKU0127,91.3,148.4,14.0,96.4
2026-04-13,SKU0127,60.3,148.4,14.0,96.4
2026-04-20,SKU0127,175.7,0.0,14.0,96.4
2026-04-27,SKU0127,143.7,0.0,14.0,96.4
2026-05-04,SKU0127,109.7,0.0,14.0,96.4
2026-05-11,SKU0127,69.7,148.4,14.0,96.4
2026-05-18,SKU0127,39.7,148.4,14.0,96.4
2026-05-25,SKU0127,157.1,0.0,14.0,96.4
2026-06-01,SKU0127,125.1,0.0,14.0,96.4
2026-06-08,SKU0127,94.1,148.4,14.0,96.4
2026-06-15,SKU0127,39.1,148.4,14.0,96.4
2026-06-22,SKU0127,138.5,0.0,14.0,96.4
2026-06-29,SKU0127,106.5,0.0,14.0,96.4
2026-07-06,SKU0127,80.5,148.4,14.0,96.4
2026-07-13,SKU0127,37.5,148.4,14.0,96.4
2024-08-05,SKU0128,99.9,124.9,25.0,144.9
2024-08-12,SKU0128,71.9,124.9,25.0,144.9
2024-08-19,SKU0128,44.9,124.9,25.0,144.9
2024-08-26,SKU0128,20.9,124.9,25.0,144.9
2024-09-02,SKU0128,123.7,124.9,25.0,144.9
2024-09-09,SKU0128,96.7,124.9,25.0,144.9
2024-09-16,SKU0128,71.7,124.9,25.0,144.9
2024-09-23,SKU0128,50.7,124.9,25.0,144.9
2024-09-30,SKU0128,135.6,124.9,25.0,144.9
2024-10-07,SKU0128,92.6,124.9,25.0,144.9
2024-10-14,SKU0128,35.6,124.9,25.0,144.9
2024-10-21,SKU0128,0.0,124.9,25.0,144.9
2024-10-28,SKU0128,58.9,124.9,25.0,144.9
2024-11-04,SKU0128,9.9,124.9,25.0,144.9
2024-11-11,SKU0128,0.0,124.9,25.0,144.9
2024-11-18,SKU0128,0.0,124.9,25.0,144.9
2024-11-25,SKU0128,67.9,124.9,25.0,144.9
2024-12-02,SKU0128,37.9,124.9,25.0,144.9
2024-12-09,SKU0128,0.0,124.9,25.0,144.9
2024-12-16,SKU0128,0.0,124.9,25.0,144.9
2024-12-23,SKU0128,61.9,124.9,25.0,144.9
2024-12-30,SKU0128,33.9,124.9,25.0,144.9
2025-01-06,SKU0128,12.9,124.9,25.0,144.9
2025-01-13,SKU0128,0.0,124.9,25.0,144.9
2025-01-20,SKU0128,104.9,124.9,25.0,144.9
2025-01-27,SKU0128,74.9,124.9,25.0,144.9
2025-02-03,SKU0128,53.9,124.9,25.0,144.9
2025-02-10,SKU0128,41.9,124.9,25.0,144.9
2025-02-17,SKU0128,144.7,124.9,25.0,144.9
2025-02-24,SKU0128,122.7,124.9,25.0,144.9
2025-03-03,SKU0128,88.7,124.9,25.0,144.9
2025-03-10,SKU0128,64.7,124.9,25.0,144.9
2025-03-17,SKU0128,161.6,0.0,25.0,144.9
2025-03-24,SKU0128,132.6,124.9,25.0,144.9
2025-03-31,SKU0128,98.6,124.9,25.0,144.9
2025-04-07,SKU0128,73.6,124.9,25.0,144.9
2025-04-14,SKU0128,42.6,124.9,25.0,144.9
2025-04-21,SKU0128,154.4,0.0,25.0,144.9
2025-04-28,SKU0128,126.4,124.9,25.0,144.9
2025-05-05,SKU0128,96.4,124.9,25.0,144.9
2025-05-12,SKU0128,72.4,124.9,25.0,144.9
2025-05-19,SKU0128,51.4,124.9,25.0,144.9
2025-05-26,SKU0128,143.3,124.9,25.0,144.9
2025-06-02,SKU0128,115.3,124.9,25.0,144.9
2025-06-09,SKU0128,86.3,124.9,25.0,144.9
2025-06-16,SKU0128,45.3,124.9,25.0,144.9
2025-06-23,SKU0128,130.1,124.9,25.0,144.9
2025-06-30,SKU0128,94.1,124.9,25.0,144.9
2025-07-07,SKU0128,66.1,124.9,25.0,144.9
2025-07-14,SKU0128,45.1,124.9,25.0,144.9
2025-07-21,SKU0128,137.0,124.9,25.0,144.9
2025-07-28,SKU0128,114.0,124.9,25.0,144.9
2025-08-04,SKU0128,95.0,124.9,25.0,144.9
2025-08-11,SKU0128,69.0,124.9,25.0,144.9
2025-08-18,SKU0128,175.8,0.0,25.0,144.9
2025-08-25,SKU0128,153.8,0.0,25.0,144.9
2025-09-01,SKU0128,127.8,124.9,25.0,144.9
2025-09-08,SKU0128,115.8,124.9,25.0,144.9
2025-09-15,SKU0128,90.8,124.9,25.0,144.9
2025-09-22,SKU0128,65.8,124.9,25.0,144.9
2025-09-29,SKU0128,152.7,0.0,25.0,144.9
2025-10-06,SKU0128,117.7,124.9,25.0,144.9
2025-10-13,SKU0128,71.7,124.9,25.0,144.9
2025-10-20,SKU0128,26.7,124.9,25.0,144.9
2025-10-27,SKU0128,0.0,124.9,25.0,144.9
2025-11-03,SKU0128,82.9,124.9,25.0,144.9
2025-11-10,SKU0128,42.9,124.9,25.0,144.9
2025-11-17,SKU0128,2.9,124.9,25.0,144.9
2025-11-24,SKU0128,0.0,124.9,25.0,144.9
2025-12-01,SKU0128,92.9,124.9,25.0,144.9
2025-12-08,SKU0128,52.9,124.9,25.0,144.9
2025-12-15,SKU0128,8.9,124.9,25.0,144.9
2025-12-22,SKU0128,0.0,124.9,25.0,144.9
2025-12-29,SKU0128,87.9,124.9,25.0,144.9
2026-01-05,SKU0128,55.9,124.9,25.0,144.9
2026-01-12,SKU0128,28.9,124.9,25.0,144.9
2026-01-19,SKU0128,9.9,124.9,25.0,144.9
2026-01-26,SKU0128,106.7,124.9,25.0,144.9
2026-02-02,SKU0128,76.7,124.9,25.0,144.9
2026-02-09,SKU0128,52.7,124.9,25.0,144.9
2026-02-16,SKU0128,25.7,124.9,25.0,144.9
2026-02-23,SKU0128,124.6,124.9,25.0,144.9
2026-03-02,SKU0128,99.6,124.9,25.0,144.9
2026-03-09,SKU0128,73.6,124.9,25.0,144.9
2026-03-16,SKU0128,42.6,124.9,25.0,144.9
2026-03-23,SKU0128,139.4,124.9,25.0,144.9
2026-03-30,SKU0128,121.4,124.9,25.0,144.9
2026-04-06,SKU0128,101.4,124.9,25.0,144.9
2026-04-13,SKU0128,75.4,124.9,25.0,144.9
2026-04-20,SKU0128,162.3,0.0,25.0,144.9
2026-04-27,SKU0128,138.3,124.9,25.0,144.9
2026-05-04,SKU0128,118.3,124.9,25.0,144.9
2026-05-11,SKU0128,82.3,124.9,25.0,144.9
2026-05-18,SKU0128,58.3,124.9,25.0,144.9
2026-05-25,SKU0128,164.1,0.0,25.0,144.9
2026-06-01,SKU0128,140.1,124.9,25.0,144.9
2026-06-08,SKU0128,115.1,124.9,25.0,144.9
2026-06-15,SKU0128,76.1,124.9,25.0,144.9
2026-06-22,SKU0128,25.1,124.9,25.0,144.9
2026-06-29,SKU0128,120.0,124.9,25.0,144.9
2026-07-06,SKU0128,95.0,124.9,25.0,144.9
2026-07-13,SKU0128,69.0,124.9,25.0,144.9
2024-08-05,SKU0129,17.3,19.3,23.0,20.6
2024-08-12,SKU0129,13.3,19.3,23.0,20.6
2024-08-19,SKU0129,7.3,19.3,23.0,20.6
2024-08-26,SKU0129,24.5,0.0,23.0,20.6
2024-09-02,SKU0129,21.5,0.0,23.0,20.6
2024-09-09,SKU0129,9.5,19.3,23.0,20.6
2024-09-16,SKU0129,5.5,19.3,23.0,20.6
2024-09-23,SKU0129,1.5,19.3,23.0,20.6
2024-09-30,SKU0129,9.8,19.3,23.0,20.6
2024-10-07,SKU0129,2.8,19.3,23.0,20.6
2024-10-14,SKU0129,0.0,19.3,23.0,20.6
2024-10-21,SKU0129,11.3,19.3,23.0,20.6
2024-10-28,SKU0129,2.3,19.3,23.0,20.6
2024-11-04,SKU0129,0.0,19.3,23.0,20.6
2024-11-11,SKU0129,16.3,19.3,23.0,20.6
2024-11-18,SKU0129,12.3,19.3,23.0,20.6
2024-11-25,SKU0129,6.3,19.3,23.0,20.6
2024-12-02,SKU0129,20.5,19.3,23.0,20.6
2024-12-09,SKU0129,15.5,19.3,23.0,20.6
2024-12-16,SKU0129,9.5,19.3,23.0,20.6
2024-12-23,SKU0129,12.8,19.3,23.0,20.6
2024-12-30,SKU0129,5.8,19.3,23.0,20.6
2025-01-06,SKU0129,5.8,19.3,23.0,20.6
2025-01-13,SKU0129,25.0,0.0,23.0,20.6
2025-01-20,SKU0129,19.0,19.3,23.0,20.6
2025-01-27,SKU0129,17.0,19.3,23.0,20.6
2025-02-03,SKU0129,10.0,19.3,23.0,20.6
2025-02-10,SKU0129,26.3,0.0,23.0,20.6
2025-02-17,SKU0129,21.3,0.0,23.0,20.6
2025-02-24,SKU0129,21.3,0.0,23.0,20.6
2025-03-03,SKU0129,15.3,19.3,23.0,20.6
2025-03-10,SKU0129,10.3,19.3,23.0,20.6
2025-03-17,SKU0129,9.3,19.3,23.0,20.6
2025-03-24,SKU0129,25.6,0.0,23.0,20.6
2025-03-31,SKU0129,23.6,0.0,23.0,20.6
2025-04-07,SKU0129,20.6,19.3,23.0,20.6
2025-04-14,SKU0129,16.6,19.3,23.0,20.6
2025-04-21,SKU0129,13.6,19.3,23.0,20.6
2025-04-28,SKU0129,29.8,0.0,23.0,20.6
2025-05-05,SKU0129,25.8,0.0,23.0,20.6
2025-05-12,SKU0129,21.8,0.0,23.0,20.6
2025-05-19,SKU0129,15.8,19.3,23.0,20.6
2025-05-26,SKU0129,12.8,19.3,23.0,20.6
2025-06-02,SKU0129,5.8,19.3,23.0,20.6
2025-06-09,SKU0129,21.1,0.0,23.0,20.6
2025-06-16,SKU0129,13.1,19.3,23.0,20.6
2025-06-23,SKU0129,10.1,19.3,23.0,20.6
2025-06-30,SKU0129,4.1,19.3,23.0,20.6
2025-07-07,SKU0129,22.4,0.0,23.0,20.6
2025-07-14,SKU0129,16.4,19.3,23.0,20.6
2025-07-21,SKU0129,13.4,19.3,23.0,20.6
2025-07-28,SKU0129,10.4,19.3,23.0,20.6
2025-08-04,SKU0129,24.6,0.0,23.0,20.6
2025-08-11,SKU0129,19.6,19.3,23.0,20.6
2025-08-18,SKU0129,11.6,19.3,23.0,20.6
2025-08-25,SKU0129,8.6,19.3,23.0,20.6
2025-09-01,SKU0129,23.9,0.0,23.0,20.6
2025-09-08,SKU0129,22.9,0.0,23.0,20.6
2025-09-15,SKU0129,14.9,19.3,23.0,20.6
2025-09-22,SKU0129,13.9,19.3,23.0,20.6
2025-09-29,SKU0129,7.9,19.3,23.0,20.6
2025-10-06,SKU0129,23.1,0.0,23.0,20.6
2025-10-13,SKU0129,16.1,19.3,23.0,20.6
2025-10-20,SKU0129,6.1,19.3,23.0,20.6
2025-10-27,SKU0129,0.0,19.3,23.0,20.6
2025-11-03,SKU0129,10.3,19.3,23.0,20.6
2025-11-10,SKU0129,0.0,19.3,23.0,20.6
2025-11-17,SKU0129,0.0,19.3,23.0,20.6
2025-11-24,SKU0129,13.3,19.3,23.0,20.6
2025-12-01,SKU0129,9.3,19.3,23.0,20.6
2025-12-08,SKU0129,8.3,19.3,23.0,20.6
2025-12-15,SKU0129,20.5,19.3,23.0,20.6
2025-12-22,SKU0129,12.5,19.3,23.0,20.6
2025-12-29,SKU0129,7.5,19.3,23.0,20.6
2026-01-05,SKU0129,20.8,0.0,23.0,20.6
2026-01-12,SKU0129,19.8,19.3,23.0,20.6
2026-01-19,SKU0129,17.8,19.3,23.0,20.6
2026-01-26,SKU0129,10.8,19.3,23.0,20.6
2026-02-02,SKU0129,29.0,0.0,23.0,20.6
2026-02-09,SKU0129,26.0,0.0,23.0,20.6
2026-02-16,SKU0129,25.0,0.0,23.0,20.6
2026-02-23,SKU0129,19.0,19.3,23.0,20.6
2026-03-02,SKU0129,13.0,19.3,23.0,20.6
2026-03-09,SKU0129,8.0,19.3,23.0,20.6
2026-03-16,SKU0129,25.3,0.0,23.0,20.6
2026-03-23,SKU0129,23.3,0.0,23.0,20.6
2026-03-30,SKU0129,19.3,19.3,23.0,20.6
2026-04-06,SKU0129,12.3,19.3,23.0,20.6
2026-04-13,SKU0129,8.3,19.3,23.0,20.6
2026-04-20,SKU0129,24.6,0.0,23.0,20.6
2026-04-27,SKU0129,21.6,0.0,23.0,20.6
2026-05-04,SKU0129,14.6,19.3,23.0,20.6
2026-05-11,SKU0129,10.6,19.3,23.0,20.6
2026-05-18,SKU0129,6.6,19.3,23.0,20.6
2026-05-25,SKU0129,19.8,19.3,23.0,20.6
2026-06-01,SKU0129,18.8,19.3,23.0,20.6
2026-06-08,SKU0129,16.8,19.3,23.0,20.6
2026-06-15,SKU0129,27.1,0.0,23.0,20.6
2026-06-22,SKU0129,18.1,19.3,23.0,20.6
2026-06-29,SKU0129,17.1,19.3,23.0,20.6
2026-07-06,SKU0129,15.1,19.3,23.0,20.6
2026-07-13,SKU0129,24.4,0.0,23.0,20.6
2024-07-22,SKU0130,64.3,0.0,15.0,50.4
2024-07-29,SKU0130,48.3,72.3,15.0,50.4
2024-08-05,SKU0130,37.3,72.3,15.0,50.4
2024-08-12,SKU0130,97.6,0.0,15.0,50.4
2024-08-19,SKU0130,88.6,0.0,15.0,50.4
2024-08-26,SKU0130,73.6,0.0,15.0,50.4
2024-09-02,SKU0130,60.6,0.0,15.0,50.4
2024-09-09,SKU0130,47.6,72.3,15.0,50.4
2024-09-16,SKU0130,36.6,72.3,15.0,50.4
2024-09-23,SKU0130,95.9,0.0,15.0,50.4
2024-09-30,SKU0130,75.9,0.0,15.0,50.4
2024-10-07,SKU0130,59.9,0.0,15.0,50.4
2024-10-14,SKU0130,33.9,72.3,15.0,50.4
2024-10-21,SKU0130,1.9,72.3,15.0,50.4
2024-10-28,SKU0130,44.2,72.3,15.0,50.4
2024-11-04,SKU0130,16.2,72.3,15.0,50.4
2024-11-11,SKU0130,72.5,0.0,15.0,50.4
2024-11-18,SKU0130,47.5,72.3,15.0,50.4
2024-11-25,SKU0130,15.5,72.3,15.0,50.4
2024-12-02,SKU0130,67.8,0.0,15.0,50.4
2024-12-09,SKU0130,37.8,72.3,15.0,50.4
2024-12-16,SKU0130,4.8,72.3,15.0,50.4
2024-12-23,SKU0130,49.1,72.3,15.0,50.4
2024-12-30,SKU0130,22.1,72.3,15.0,50.4
2025-01-06,SKU0130,83.4,0.0,15.0,50.4
2025-01-13,SKU0130,79.4,0.0,15.0,50.4
2025-01-20,SKU0130,69.4,0.0,15.0,50.4
2025-01-27,SKU0130,59.4,0.0,15.0,50.4
2025-02-03,SKU0130,45.4,72.3,15.0,50.4
2025-02-10,SKU0130,34.4,72.3,15.0,50.4
2025-02-17,SKU0130,95.7,0.0,15.0,50.4
2025-02-24,SKU0130,81.7,0.0,15.0,50.4
2025-03-03,SKU0130,66.7,0.0,15.0,50.4
2025-03-10,SKU0130,53.7,0.0,15.0,50.4
2025-03-17,SKU0130,40.7,72.3,15.0,50.4
2025-03-24,SKU0130,25.7,72.3,15.0,50.4
2025-03-31,SKU0130,81.0,0.0,15.0,50.4
2025-04-07,SKU0130,61.0,0.0,15.0,50.4
2025-04-14,SKU0130,44.0,72.3,15.0,50.4
2025-04-21,SKU0130,26.0,72.3,15.0,50.4
2025-04-28,SKU0130,85.4,0.0,15.0,50.4
2025-05-05,SKU0130,79.4,0.0,15.0,50.4
2025-05-12,SKU0130,69.4,0.0,15.0,50.4
2025-05-19,SKU0130,59.4,0.0,15.0,50.4
2025-05-26,SKU0130,46.4,72.3,15.0,50.4
2025-06-02,SKU0130,30.4,72.3,15.0,50.4
2025-06-09,SKU0130,81.7,0.0,15.0,50.4
2025-06-16,SKU0130,63.7,0.0,15.0,50.4
2025-06-23,SKU0130,41.7,72.3,15.0,50.4
2025-06-30,SKU0130,24.7,72.3,15.0,50.4
2025-07-07,SKU0130,80.0,0.0,15.0,50.4
2025-07-14,SKU0130,59.0,0.0,15.0,50.4
2025-07-21,SKU0130,37.0,72.3,15.0,50.4
2025-07-28,SKU0130,22.0,72.3,15.0,50.4
2025-08-04,SKU0130,78.3,0.0,15.0,50.4
2025-08-11,SKU0130,66.3,0.0,15.0,50.4
2025-08-18,SKU0130,51.3,0.0,15.0,50.4
2025-08-25,SKU0130,25.3,72.3,15.0,50.4
2025-09-01,SKU0130,5.3,72.3,15.0,50.4
2025-09-08,SKU0130,59.6,0.0,15.0,50.4
2025-09-15,SKU0130,45.6,72.3,15.0,50.4
2025-09-22,SKU0130,18.6,72.3,15.0,50.4
2025-09-29,SKU0130,66.9,0.0,15.0,50.4
2025-10-06,SKU0130,44.9,72.3,15.0,50.4
2025-10-13,SKU0130,10.9,72.3,15.0,50.4
2025-10-20,SKU0130,45.2,72.3,15.0,50.4
2025-10-27,SKU0130,3.2,72.3,15.0,50.4
2025-11-03,SKU0130,48.5,72.3,15.0,50.4
2025-11-10,SKU0130,26.5,72.3,15.0,50.4
2025-11-17,SKU0130,79.8,0.0,15.0,50.4
2025-11-24,SKU0130,47.8,72.3,15.0,50.4
2025-12-01,SKU0130,22.8,72.3,15.0,50.4
2025-12-08,SKU0130,78.1,0.0,15.0,50.4
2025-12-15,SKU0130,51.1,0.0,15.0,50.4
2025-12-22,SKU0130,22.1,72.3,15.0,50.4
2025-12-29,SKU0130,0.0,72.3,15.0,50.4
2026-01-05,SKU0130,56.3,0.0,15.0,50.4
2026-01-12,SKU0130,36.3,72.3,15.0,50.4
2026-01-19,SKU0130,29.3,72.3,15.0,50.4
2026-01-26,SKU0130,87.6,0.0,15.0,50.4
2026-02-02,SKU0130,76.6,0.0,15.0,50.4
2026-02-09,SKU0130,63.6,0.0,15.0,50.4
2026-02-16,SKU0130,50.6,0.0,15.0,50.4
2026-02-23,SKU0130,39.6,72.3,15.0,50.4
2026-03-02,SKU0130,25.6,72.3,15.0,50.4
2026-03-09,SKU0130,78.9,0.0,15.0,50.4
2026-03-16,SKU0130,69.9,0.0,15.0,50.4
2026-03-23,SKU0130,54.9,0.0,15.0,50.4
2026-03-30,SKU0130,32.9,72.3,15.0,50.4
2026-04-06,SKU0130,18.9,72.3,15.0,50.4
2026-04-13,SKU0130,76.2,0.0,15.0,50.4
2026-04-20,SKU0130,59.2,0.0,15.0,50.4
2026-04-27,SKU0130,37.2,72.3,15.0,50.4
2026-05-04,SKU0130,23.2,72.3,15.0,50.4
2026-05-11,SKU0130,81.5,0.0,15.0,50.4
2026-05-18,SKU0130,65.5,0.0,15.0,50.4
2026-05-25,SKU0130,50.5,0.0,15.0,50.4
2026-06-01,SKU0130,35.5,72.3,15.0,50.4
2026-06-08,SKU0130,21.5,72.3,15.0,50.4
2026-06-15,SKU0130,81.8,0.0,15.0,50.4
2026-06-22,SKU0130,56.8,0.0,15.0,50.4
2026-06-29,SKU0130,38.8,72.3,15.0,50.4
2026-07-06,SKU0130,23.8,72.3,15.0,50.4
2026-07-13,SKU0130,77.1,0.0,15.0,50.4
2024-07-22,SKU0131,93.7,120.7,21.0,117.6
2024-07-29,SKU0131,70.7,120.7,21.0,117.6
2024-08-05,SKU0131,47.7,120.7,21.0,117.6
2024-08-12,SKU0131,149.3,0.0,21.0,117.6
2024-08-19,SKU0131,128.3,0.0,21.0,117.6
2024-08-26,SKU0131,112.3,120.7,21.0,117.6
2024-09-02,SKU0131,85.3,120.7,21.0,117.6
2024-09-09,SKU0131,61.3,120.7,21.0,117.6
2024-09-16,SKU0131,149.0,0.0,21.0,117.6
2024-09-23,SKU0131,133.0,0.0,21.0,117.6
2024-09-30,SKU0131,106.0,120.7,21.0,117.6
2024-10-07,SKU0131,61.0,120.7,21.0,117.6
2024-10-14,SKU0131,12.0,120.7,21.0,117.6
2024-10-21,SKU0131,67.6,120.7,21.0,117.6
2024-10-28,SKU0131,17.6,120.7,21.0,117.6
2024-11-04,SKU0131,0.0,120.7,21.0,117.6
2024-11-11,SKU0131,89.7,120.7,21.0,117.6
2024-11-18,SKU0131,49.7,120.7,21.0,117.6
2024-11-25,SKU0131,0.0,120.7,21.0,117.6
2024-12-02,SKU0131,87.7,120.7,21.0,117.6
2024-12-09,SKU0131,52.7,120.7,21.0,117.6
2024-12-16,SKU0131,2.7,120.7,21.0,117.6
2024-12-23,SKU0131,73.3,120.7,21.0,117.6
2024-12-30,SKU0131,33.3,120.7,21.0,117.6
2025-01-06,SKU0131,15.3,120.7,21.0,117.6
2025-01-13,SKU0131,113.0,120.7,21.0,117.6
2025-01-20,SKU0131,95.0,120.7,21.0,117.6
2025-01-27,SKU0131,66.0,120.7,21.0,117.6
2025-02-03,SKU0131,167.6,0.0,21.0,117.6
2025-02-10,SKU0131,148.6,0.0,21.0,117.6
2025-02-17,SKU0131,122.6,0.0,21.0,117.6
2025-02-24,SKU0131,94.6,120.7,21.0,117.6
2025-03-03,SKU0131,74.6,120.7,21.0,117.6
2025-03-10,SKU0131,53.6,120.7,21.0,117.6
2025-03-17,SKU0131,157.3,0.0,21.0,117.6
2025-03-24,SKU0131,133.3,0.0,21.0,117.6
2025-03-31,SKU0131,101.3,120.7,21.0,117.6
2025-04-07,SKU0131,66.3,120.7,21.0,117.6
2025-04-14,SKU0131,45.3,120.7,21.0,117.6
2025-04-21,SKU0131,142.9,0.0,21.0,117.6
2025-04-28,SKU0131,117.9,0.0,21.0,117.6
2025-05-05,SKU0131,100.9,120.7,21.0,117.6
2025-05-12,SKU0131,81.9,120.7,21.0,117.6
2025-05-19,SKU0131,55.9,120.7,21.0,117.6
2025-05-26,SKU0131,158.6,0.0,21.0,117.6
2025-06-02,SKU0131,139.6,0.0,21.0,117.6
2025-06-09,SKU0131,111.6,120.7,21.0,117.6
2025-06-16,SKU0131,67.6,120.7,21.0,117.6
2025-06-23,SKU0131,14.6,120.7,21.0,117.6
2025-06-30,SKU0131,115.2,120.7,21.0,117.6
2025-07-07,SKU0131,85.2,120.7,21.0,117.6
2025-07-14,SKU0131,63.2,120.7,21.0,117.6
2025-07-21,SKU0131,159.9,0.0,21.0,117.6
2025-07-28,SKU0131,135.9,0.0,21.0,117.6
2025-08-04,SKU0131,102.9,120.7,21.0,117.6
2025-08-11,SKU0131,81.9,120.7,21.0,117.6
2025-08-18,SKU0131,46.9,120.7,21.0,117.6
2025-08-25,SKU0131,143.5,0.0,21.0,117.6
2025-09-01,SKU0131,119.5,0.0,21.0,117.6
2025-09-08,SKU0131,96.5,120.7,21.0,117.6
2025-09-15,SKU0131,78.5,120.7,21.0,117.6
2025-09-22,SKU0131,43.5,120.7,21.0,117.6
2025-09-29,SKU0131,132.2,0.0,21.0,117.6
2025-10-06,SKU0131,99.2,120.7,21.0,117.6
2025-10-13,SKU0131,48.2,120.7,21.0,117.6
2025-10-20,SKU0131,0.0,120.7,21.0,117.6
2025-10-27,SKU0131,64.7,120.7,21.0,117.6
2025-11-03,SKU0131,23.7,120.7,21.0,117.6
2025-11-10,SKU0131,0.0,120.7,21.0,117.6
2025-11-17,SKU0131,86.7,120.7,21.0,117.6
2025-11-24,SKU0131,47.7,120.7,21.0,117.6
2025-12-01,SKU0131,19.7,120.7,21.0,117.6
2025-12-08,SKU0131,107.3,120.7,21.0,117.6
2025-12-15,SKU0131,58.3,120.7,21.0,117.6
2025-12-22,SKU0131,0.0,120.7,21.0,117.6
2025-12-29,SKU0131,61.7,120.7,21.0,117.6
2026-01-05,SKU0131,35.7,120.7,21.0,117.6
2026-01-12,SKU0131,10.7,120.7,21.0,117.6
2026-01-19,SKU0131,114.3,120.7,21.0,117.6
2026-01-26,SKU0131,92.3,120.7,21.0,117.6
2026-02-02,SKU0131,71.3,120.7,21.0,117.6
2026-02-09,SKU0131,168.0,0.0,21.0,117.6
2026-02-16,SKU0131,149.0,0.0,21.0,117.6
2026-02-23,SKU0131,128.0,0.0,21.0,117.6
2026-03-02,SKU0131,100.0,120.7,21.0,117.6
2026-03-09,SKU0131,72.0,120.7,21.0,117.6
2026-03-16,SKU0131,47.0,120.7,21.0,117.6
2026-03-23,SKU0131,146.6,0.0,21.0,117.6
2026-03-30,SKU0131,123.6,0.0,21.0,117.6
2026-04-06,SKU0131,94.6,120.7,21.0,117.6
2026-04-13,SKU0131,56.6,120.7,21.0,117.6
2026-04-20,SKU0131,33.6,120.7,21.0,117.6
2026-04-27,SKU0131,135.3,0.0,21.0,117.6
2026-05-04,SKU0131,113.3,120.7,21.0,117.6
2026-05-11,SKU0131,89.3,120.7,21.0,117.6
2026-05-18,SKU0131,55.3,120.7,21.0,117.6
2026-05-25,SKU0131,150.9,0.0,21.0,117.6
2026-06-01,SKU0131,114.9,120.7,21.0,117.6
2026-06-08,SKU0131,87.9,120.7,21.0,117.6
2026-06-15,SKU0131,54.9,120.7,21.0,117.6
2026-06-22,SKU0131,135.6,0.0,21.0,117.6
2026-06-29,SKU0131,105.6,120.7,21.0,117.6
2026-07-06,SKU0131,84.6,120.7,21.0,117.6
2026-07-13,SKU0131,59.6,120.7,21.0,117.6
2024-08-12,SKU0132,61.1,77.1,18.0,64.4
2024-08-19,SKU0132,44.1,77.1,18.0,64.4
2024-08-26,SKU0132,31.1,77.1,18.0,64.4
2024-09-02,SKU0132,86.2,0.0,18.0,64.4
2024-09-09,SKU0132,73.2,0.0,18.0,64.4
2024-09-16,SKU0132,54.2,77.1,18.0,64.4
2024-09-23,SKU0132,42.2,77.1,18.0,64.4
2024-09-30,SKU0132,19.2,77.1,18.0,64.4
2024-10-07,SKU0132,70.3,0.0,18.0,64.4
2024-10-14,SKU0132,28.3,77.1,18.0,64.4
2024-10-21,SKU0132,0.0,77.1,18.0,64.4
2024-10-28,SKU0132,0.0,77.1,18.0,64.4
2024-11-04,SKU0132,50.1,77.1,18.0,64.4
2024-11-11,SKU0132,36.1,77.1,18.0,64.4
2024-11-18,SKU0132,19.1,77.1,18.0,64.4
2024-11-25,SKU0132,60.2,77.1,18.0,64.4
2024-12-02,SKU0132,34.2,77.1,18.0,64.4
2024-12-09,SKU0132,3.2,77.1,18.0,64.4
2024-12-16,SKU0132,56.3,77.1,18.0,64.4
2024-12-23,SKU0132,22.3,77.1,18.0,64.4
2024-12-30,SKU0132,2.3,77.1,18.0,64.4
2025-01-06,SKU0132,62.4,77.1,18.0,64.4
2025-01-13,SKU0132,52.4,77.1,18.0,64.4
2025-01-20,SKU0132,34.4,77.1,18.0,64.4
2025-01-27,SKU0132,103.5,0.0,18.0,64.4
2025-02-03,SKU0132,91.5,0.0,18.0,64.4
2025-02-10,SKU0132,83.5,0.0,18.0,64.4
2025-02-17,SKU0132,72.5,0.0,18.0,64.4
2025-02-24,SKU0132,56.5,77.1,18.0,64.4
2025-03-03,SKU0132,40.5,77.1,18.0,64.4
2025-03-10,SKU0132,26.5,77.1,18.0,64.4
2025-03-17,SKU0132,80.6,0.0,18.0,64.4
2025-03-24,SKU0132,54.6,77.1,18.0,64.4
2025-03-31,SKU0132,34.6,77.1,18.0,64.4
2025-04-07,SKU0132,18.6,77.1,18.0,64.4
2025-04-14,SKU0132,79.7,0.0,18.0,64.4
2025-04-21,SKU0132,65.7,0.0,18.0,64.4
2025-04-28,SKU0132,48.7,77.1,18.0,64.4
2025-05-05,SKU0132,28.7,77.1,18.0,64.4
2025-05-12,SKU0132,12.7,77.1,18.0,64.4
2025-05-19,SKU0132,77.8,0.0,18.0,64.4
2025-05-26,SKU0132,58.8,77.1,18.0,64.4
2025-06-02,SKU0132,41.8,77.1,18.0,64.4
2025-06-09,SKU0132,23.8,77.1,18.0,64.4
2025-06-16,SKU0132,67.9,0.0,18.0,64.4
2025-06-23,SKU0132,37.9,77.1,18.0,64.4
2025-06-30,SKU0132,29.9,77.1,18.0,64.4
2025-07-07,SKU0132,18.9,77.1,18.0,64.4
2025-07-14,SKU0132,81.0,0.0,18.0,64.4
2025-07-21,SKU0132,58.0,77.1,18.0,64.4
2025-07-28,SKU0132,42.0,77.1,18.0,64.4
2025-08-04,SKU0132,29.0,77.1,18.0,64.4
2025-08-11,SKU0132,91.1,0.0,18.0,64.4
2025-08-18,SKU0132,75.1,0.0,18.0,64.4
2025-08-25,SKU0132,58.1,77.1,18.0,64.4
2025-09-01,SKU0132,44.1,77.1,18.0,64.4
2025-09-08,SKU0132,33.1,77.1,18.0,64.4
2025-09-15,SKU0132,93.2,0.0,18.0,64.4
2025-09-22,SKU0132,78.2,0.0,18.0,64.4
2025-09-29,SKU0132,52.2,77.1,18.0,64.4
2025-10-06,SKU0132,31.2,77.1,18.0,64.4
2025-10-13,SKU0132,2.2,77.1,18.0,64.4
2025-10-20,SKU0132,37.3,77.1,18.0,64.4
2025-10-27,SKU0132,16.3,77.1,18.0,64.4
2025-11-03,SKU0132,0.0,77.1,18.0,64.4
2025-11-10,SKU0132,52.1,77.1,18.0,64.4
2025-11-17,SKU0132,28.1,77.1,18.0,64.4
2025-11-24,SKU0132,0.0,77.1,18.0,64.4
2025-12-01,SKU0132,59.1,77.1,18.0,64.4
2025-12-08,SKU0132,41.1,77.1,18.0,64.4
2025-12-15,SKU0132,21.1,77.1,18.0,64.4
2025-12-22,SKU0132,60.2,77.1,18.0,64.4
2025-12-29,SKU0132,25.2,77.1,18.0,64.4
2026-01-05,SKU0132,5.2,77.1,18.0,64.4
2026-01-12,SKU0132,72.3,0.0,18.0,64.4
2026-01-19,SKU0132,59.3,77.1,18.0,64.4
2026-01-26,SKU0132,42.3,77.1,18.0,64.4
2026-02-02,SKU0132,28.3,77.1,18.0,64.4
2026-02-09,SKU0132,89.4,0.0,18.0,64.4
2026-02-16,SKU0132,72.4,0.0,18.0,64.4
2026-02-23,SKU0132,61.4,77.1,18.0,64.4
2026-03-02,SKU0132,46.4,77.1,18.0,64.4
2026-03-09,SKU0132,34.4,77.1,18.0,64.4
2026-03-16,SKU0132,85.5,0.0,18.0,64.4
2026-03-23,SKU0132,65.5,0.0,18.0,64.4
2026-03-30,SKU0132,52.5,77.1,18.0,64.4
2026-04-06,SKU0132,35.5,77.1,18.0,64.4
2026-04-13,SKU0132,21.5,77.1,18.0,64.4
2026-04-20,SKU0132,82.6,0.0,18.0,64.4
2026-04-27,SKU0132,66.6,0.0,18.0,64.4
2026-05-04,SKU0132,48.6,77.1,18.0,64.4
2026-05-11,SKU0132,39.6,77.1,18.0,64.4
2026-05-18,SKU0132,24.6,77.1,18.0,64.4
2026-05-25,SKU0132,90.7,0.0,18.0,64.4
2026-06-01,SKU0132,77.7,0.0,18.0,64.4
2026-06-08,SKU0132,62.7,77.1,18.0,64.4
2026-06-15,SKU0132,36.7,77.1,18.0,64.4
2026-06-22,SKU0132,17.7,77.1,18.0,64.4
2026-06-29,SKU0132,78.8,0.0,18.0,64.4
2026-07-06,SKU0132,60.8,77.1,18.0,64.4
2026-07-13,SKU0132,41.8,77.1,18.0,64.4
2024-08-05,SKU0133,573.2,0.0,16.0,526.8
2024-08-12,SKU0133,425.2,709.2,16.0,526.8
2024-08-19,SKU0133,302.2,709.2,16.0,526.8
2024-08-26,SKU0133,884.4,0.0,16.0,526.8
2024-09-02,SKU0133,763.4,0.0,16.0,526.8
2024-09-09,SKU0133,655.4,0.0,16.0,526.8
2024-09-16,SKU0133,517.4,709.2,16.0,526.8
2024-09-23,SKU0133,405.4,709.2,16.0,526.8
2024-09-30,SKU0133,930.6,0.0,16.0,526.8
2024-10-07,SKU0133,748.6,0.0,16.0,526.8
2024-10-14,SKU0133,454.6,709.2,16.0,526.8
2024-10-21,SKU0133,213.6,709.2,16.0,526.8
2024-10-28,SKU0133,605.8,0.0,16.0,526.8
2024-11-04,SKU0133,367.8,709.2,16.0,526.8
2024-11-11,SKU0133,178.8,709.2,16.0,526.8
2024-11-18,SKU0133,695.0,0.0,16.0,526.8
2024-11-25,SKU0133,402.0,709.2,16.0,526.8
2024-12-02,SKU0133,240.0,709.2,16.0,526.8
2024-12-09,SKU0133,733.2,0.0,16.0,526.8
2024-12-16,SKU0133,474.2,709.2,16.0,526.8
2024-12-23,SKU0133,124.2,709.2,16.0,526.8
2024-12-30,SKU0133,619.4,0.0,16.0,526.8
2025-01-06,SKU0133,504.4,709.2,16.0,526.8
2025-01-13,SKU0133,381.4,709.2,16.0,526.8
2025-01-20,SKU0133,973.6,0.0,16.0,526.8
2025-01-27,SKU0133,863.6,0.0,16.0,526.8
2025-02-03,SKU0133,756.6,0.0,16.0,526.8
2025-02-10,SKU0133,633.6,0.0,16.0,526.8
2025-02-17,SKU0133,498.6,709.2,16.0,526.8
2025-02-24,SKU0133,371.6,709.2,16.0,526.8
2025-03-03,SKU0133,932.8,0.0,16.0,526.8
2025-03-10,SKU0133,768.8,0.0,16.0,526.8
2025-03-17,SKU0133,624.8,0.0,16.0,526.8
2025-03-24,SKU0133,470.8,709.2,16.0,526.8
2025-03-31,SKU0133,314.8,709.2,16.0,526.8
2025-04-07,SKU0133,878.0,0.0,16.0,526.8
2025-04-14,SKU0133,723.0,0.0,16.0,526.8
2025-04-21,SKU0133,585.0,0.0,16.0,526.8
2025-04-28,SKU0133,431.0,709.2,16.0,526.8
2025-05-05,SKU0133,287.0,709.2,16.0,526.8
2025-05-12,SKU0133,866.2,0.0,16.0,526.8
2025-05-19,SKU0133,704.2,0.0,16.0,526.8
2025-05-26,SKU0133,540.2,0.0,16.0,526.8
2025-06-02,SKU0133,403.2,709.2,16.0,526.8
2025-06-09,SKU0133,239.2,709.2,16.0,526.8
2025-06-16,SKU0133,717.4,0.0,16.0,526.8
2025-06-23,SKU0133,489.4,709.2,16.0,526.8
2025-06-30,SKU0133,341.4,709.2,16.0,526.8
2025-07-07,SKU0133,903.7,0.0,16.0,526.8
2025-07-14,SKU0133,755.7,0.0,16.0,526.8
2025-07-21,SKU0133,590.7,0.0,16.0,526.8
2025-07-28,SKU0133,447.7,709.2,16.0,526.8
2025-08-04,SKU0133,311.7,709.2,16.0,526.8
2025-08-11,SKU0133,860.9,0.0,16.0,526.8
2025-08-18,SKU0133,703.9,0.0,16.0,526.8
2025-08-25,SKU0133,582.9,0.0,16.0,526.8
2025-09-01,SKU0133,429.9,709.2,16.0,526.8
2025-09-08,SKU0133,285.9,709.2,16.0,526.8
2025-09-15,SKU0133,835.1,0.0,16.0,526.8
2025-09-22,SKU0133,676.1,0.0,16.0,526.8
2025-09-29,SKU0133,481.1,709.2,16.0,526.8
2025-10-06,SKU0133,246.1,709.2,16.0,526.8
2025-10-13,SKU0133,654.3,0.0,16.0,526.8
2025-10-20,SKU0133,323.3,709.2,16.0,526.8
2025-10-27,SKU0133,0.0,709.2,16.0,526.8
2025-11-03,SKU0133,460.2,709.2,16.0,526.8
2025-11-10,SKU0133,251.2,709.2,16.0,526.8
2025-11-17,SKU0133,738.4,0.0,16.0,526.8
2025-11-24,SKU0133,388.4,709.2,16.0,526.8
2025-12-01,SKU0133,170.4,709.2,16.0,526.8
2025-12-08,SKU0133,644.6,0.0,16.0,526.8
2025-12-15,SKU0133,362.6,709.2,16.0,526.8
2025-12-22,SKU0133,21.6,709.2,16.0,526.8
2025-12-29,SKU0133,433.8,709.2,16.0,526.8
2026-01-05,SKU0133,274.8,709.2,16.0,526.8
2026-01-12,SKU0133,861.0,0.0,16.0,526.8
2026-01-19,SKU0133,722.0,0.0,16.0,526.8
2026-01-26,SKU0133,570.0,0.0,16.0,526.8
2026-02-02,SKU0133,426.0,709.2,16.0,526.8
2026-02-09,SKU0133,292.0,709.2,16.0,526.8
2026-02-16,SKU0133,861.2,0.0,16.0,526.8
2026-02-23,SKU0133,755.2,0.0,16.0,526.8
2026-03-02,SKU0133,605.2,0.0,16.0,526.8
2026-03-09,SKU0133,450.2,709.2,16.0,526.8
2026-03-16,SKU0133,296.2,709.2,16.0,526.8
2026-03-23,SKU0133,876.4,0.0,16.0,526.8
2026-03-30,SKU0133,693.4,0.0,16.0,526.8
2026-04-06,SKU0133,539.4,0.0,16.0,526.8
2026-04-13,SKU0133,414.4,709.2,16.0,526.8
2026-04-20,SKU0133,251.4,709.2,16.0,526.8
2026-04-27,SKU0133,822.6,0.0,16.0,526.8
2026-05-04,SKU0133,650.6,0.0,16.0,526.8
2026-05-11,SKU0133,506.6,709.2,16.0,526.8
2026-05-18,SKU0133,323.6,709.2,16.0,526.8
2026-05-25,SKU0133,866.8,0.0,16.0,526.8
2026-06-01,SKU0133,734.8,0.0,16.0,526.8
2026-06-08,SKU0133,590.8,0.0,16.0,526.8
2026-06-15,SKU0133,304.8,709.2,16.0,526.8
2026-06-22,SKU0133,30.8,709.2,16.0,526.8
2026-06-29,SKU0133,541.0,0.0,16.0,526.8
2026-07-06,SKU0133,374.0,709.2,16.0,526.8
2026-07-13,SKU0133,228.0,709.2,16.0,526.8
2024-08-05,SKU0134,108.5,0.0,11.0,71.7
2024-08-12,SKU0134,81.5,0.0,11.0,71.7
2024-08-19,SKU0134,48.5,140.5,11.0,71.7
2024-08-26,SKU0134,20.5,140.5,11.0,71.7
2024-09-02,SKU0134,132.9,0.0,11.0,71.7
2024-09-09,SKU0134,103.9,0.0,11.0,71.7
2024-09-16,SKU0134,79.9,0.0,11.0,71.7
2024-09-23,SKU0134,49.9,140.5,11.0,71.7
2024-09-30,SKU0134,11.9,140.5,11.0,71.7
2024-10-07,SKU0134,107.4,0.0,11.0,71.7
2024-10-14,SKU0134,34.4,140.5,11.0,71.7
2024-10-21,SKU0134,0.0,140.5,11.0,71.7
2024-10-28,SKU0134,89.5,0.0,11.0,71.7
2024-11-04,SKU0134,48.5,140.5,11.0,71.7
2024-11-11,SKU0134,12.5,140.5,11.0,71.7
2024-11-18,SKU0134,114.9,0.0,11.0,71.7
2024-11-25,SKU0134,51.9,140.5,11.0,71.7
2024-12-02,SKU0134,9.9,140.5,11.0,71.7
2024-12-09,SKU0134,99.4,0.0,11.0,71.7
2024-12-16,SKU0134,54.4,140.5,11.0,71.7
2024-12-23,SKU0134,0.0,140.5,11.0,71.7
2024-12-30,SKU0134,103.5,0.0,11.0,71.7
2025-01-06,SKU0134,69.5,140.5,11.0,71.7
2025-01-13,SKU0134,49.5,140.5,11.0,71.7
2025-01-20,SKU0134,159.9,0.0,11.0,71.7
2025-01-27,SKU0134,137.9,0.0,11.0,71.7
2025-02-03,SKU0134,111.9,0.0,11.0,71.7
2025-02-10,SKU0134,85.9,0.0,11.0,71.7
2025-02-17,SKU0134,50.9,140.5,11.0,71.7
2025-02-24,SKU0134,16.9,140.5,11.0,71.7
2025-03-03,SKU0134,126.4,0.0,11.0,71.7
2025-03-10,SKU0134,109.4,0.0,11.0,71.7
2025-03-17,SKU0134,80.4,0.0,11.0,71.7
2025-03-24,SKU0134,49.4,140.5,11.0,71.7
2025-03-31,SKU0134,27.4,140.5,11.0,71.7
2025-04-07,SKU0134,146.9,0.0,11.0,71.7
2025-04-14,SKU0134,121.9,0.0,11.0,71.7
2025-04-21,SKU0134,98.9,0.0,11.0,71.7
2025-04-28,SKU0134,64.9,140.5,11.0,71.7
2025-05-05,SKU0134,34.9,140.5,11.0,71.7
2025-05-12,SKU0134,153.4,0.0,11.0,71.7
2025-05-19,SKU0134,123.4,0.0,11.0,71.7
2025-05-26,SKU0134,94.4,0.0,11.0,71.7
2025-06-02,SKU0134,81.4,0.0,11.0,71.7
2025-06-09,SKU0134,58.4,140.5,11.0,71.7
2025-06-16,SKU0134,17.4,140.5,11.0,71.7
2025-06-23,SKU0134,124.8,0.0,11.0,71.7
2025-06-30,SKU0134,95.8,0.0,11.0,71.7
2025-07-07,SKU0134,62.8,140.5,11.0,71.7
2025-07-14,SKU0134,36.8,140.5,11.0,71.7
2025-07-21,SKU0134,136.3,0.0,11.0,71.7
2025-07-28,SKU0134,112.3,0.0,11.0,71.7
2025-08-04,SKU0134,89.3,0.0,11.0,71.7
2025-08-11,SKU0134,59.3,140.5,11.0,71.7
2025-08-18,SKU0134,33.3,140.5,11.0,71.7
2025-08-25,SKU0134,142.8,0.0,11.0,71.7
2025-09-01,SKU0134,110.8,0.0,11.0,71.7
2025-09-08,SKU0134,83.8,0.0,11.0,71.7
2025-09-15,SKU0134,55.8,140.5,11.0,71.7
2025-09-22,SKU0134,26.8,140.5,11.0,71.7
2025-09-29,SKU0134,136.2,0.0,11.0,71.7
2025-10-06,SKU0134,89.2,0.0,11.0,71.7
2025-10-13,SKU0134,24.2,140.5,11.0,71.7
2025-10-20,SKU0134,0.0,140.5,11.0,71.7
2025-10-27,SKU0134,52.5,140.5,11.0,71.7
2025-11-03,SKU0134,0.0,140.5,11.0,71.7
2025-11-10,SKU0134,100.5,0.0,11.0,71.7
2025-11-17,SKU0134,59.5,140.5,11.0,71.7
2025-11-24,SKU0134,0.0,140.5,11.0,71.7
2025-12-01,SKU0134,97.5,0.0,11.0,71.7
2025-12-08,SKU0134,61.5,140.5,11.0,71.7
2025-12-15,SKU0134,4.5,140.5,11.0,71.7
2025-12-22,SKU0134,79.9,0.0,11.0,71.7
2025-12-29,SKU0134,36.9,140.5,11.0,71.7
2026-01-05,SKU0134,3.9,140.5,11.0,71.7
2026-01-12,SKU0134,121.4,0.0,11.0,71.7
2026-01-19,SKU0134,102.4,0.0,11.0,71.7
2026-01-26,SKU0134,74.4,0.0,11.0,71.7
2026-02-02,SKU0134,50.4,140.5,11.0,71.7
2026-02-09,SKU0134,27.4,140.5,11.0,71.7
2026-02-16,SKU0134,145.9,0.0,11.0,71.7
2026-02-23,SKU0134,120.9,0.0,11.0,71.7
2026-03-02,SKU0134,99.9,0.0,11.0,71.7
2026-03-09,SKU0134,83.9,0.0,11.0,71.7
2026-03-16,SKU0134,51.9,140.5,11.0,71.7
2026-03-23,SKU0134,19.9,140.5,11.0,71.7
2026-03-30,SKU0134,131.4,0.0,11.0,71.7
2026-04-06,SKU0134,95.4,0.0,11.0,71.7
2026-04-13,SKU0134,63.4,140.5,11.0,71.7
2026-04-20,SKU0134,36.4,140.5,11.0,71.7
2026-04-27,SKU0134,144.8,0.0,11.0,71.7
2026-05-04,SKU0134,112.8,0.0,11.0,71.7
2026-05-11,SKU0134,78.8,0.0,11.0,71.7
2026-05-18,SKU0134,47.8,140.5,11.0,71.7
2026-05-25,SKU0134,15.8,140.5,11.0,71.7
2026-06-01,SKU0134,130.3,0.0,11.0,71.7
2026-06-08,SKU0134,101.3,0.0,11.0,71.7
2026-06-15,SKU0134,41.3,140.5,11.0,71.7
2026-06-22,SKU0134,0.3,140.5,11.0,71.7
2026-06-29,SKU0134,106.8,0.0,11.0,71.7
2026-07-06,SKU0134,71.8,0.0,11.0,71.7
2026-07-13,SKU0134,39.8,140.5,11.0,71.7
2024-07-22,SKU0135,502.8,0.0,13.0,386.8
2024-07-29,SKU0135,354.8,640.8,13.0,386.8
2024-08-05,SKU0135,218.8,640.8,13.0,386.8
2024-08-12,SKU0135,737.7,0.0,13.0,386.8
2024-08-19,SKU0135,619.7,0.0,13.0,386.8
2024-08-26,SKU0135,484.7,0.0,13.0,386.8
2024-09-02,SKU0135,359.7,640.8,13.0,386.8
2024-09-09,SKU0135,241.7,640.8,13.0,386.8
2024-09-16,SKU0135,759.5,0.0,13.0,386.8
2024-09-23,SKU0135,623.5,0.0,13.0,386.8
2024-09-30,SKU0135,454.5,0.0,13.0,386.8
2024-10-07,SKU0135,280.5,640.8,13.0,386.8
2024-10-14,SKU0135,0.0,640.8,13.0,386.8
2024-10-21,SKU0135,333.8,640.8,13.0,386.8
2024-10-28,SKU0135,38.8,640.8,13.0,386.8
2024-11-04,SKU0135,484.7,0.0,13.0,386.8
2024-11-11,SKU0135,333.7,640.8,13.0,386.8
2024-11-18,SKU0135,137.7,640.8,13.0,386.8
2024-11-25,SKU0135,512.5,0.0,13.0,386.8
2024-12-02,SKU0135,340.5,640.8,13.0,386.8
2024-12-09,SKU0135,161.5,640.8,13.0,386.8
2024-12-16,SKU0135,548.4,0.0,13.0,386.8
2024-12-23,SKU0135,261.4,640.8,13.0,386.8
2024-12-30,SKU0135,64.4,640.8,13.0,386.8
2025-01-06,SKU0135,582.2,0.0,13.0,386.8
2025-01-13,SKU0135,467.2,0.0,13.0,386.8
2025-01-20,SKU0135,354.2,640.8,13.0,386.8
2025-01-27,SKU0135,249.2,640.8,13.0,386.8
2025-02-03,SKU0135,790.0,0.0,13.0,386.8
2025-02-10,SKU0135,672.0,0.0,13.0,386.8
2025-02-17,SKU0135,546.0,0.0,13.0,386.8
2025-02-24,SKU0135,435.0,0.0,13.0,386.8
2025-03-03,SKU0135,329.0,640.8,13.0,386.8
2025-03-10,SKU0135,214.0,640.8,13.0,386.8
2025-03-17,SKU0135,760.9,0.0,13.0,386.8
2025-03-24,SKU0135,640.9,0.0,13.0,386.8
2025-03-31,SKU0135,513.9,0.0,13.0,386.8
2025-04-07,SKU0135,363.9,640.8,13.0,386.8
2025-04-14,SKU0135,243.9,640.8,13.0,386.8
2025-04-21,SKU0135,780.7,0.0,13.0,386.8
2025-04-28,SKU0135,648.7,0.0,13.0,386.8
2025-05-05,SKU0135,500.7,0.0,13.0,386.8
2025-05-12,SKU0135,337.7,640.8,13.0,386.8
2025-05-19,SKU0135,212.7,640.8,13.0,386.8
2025-05-26,SKU0135,722.5,0.0,13.0,386.8
2025-06-02,SKU0135,595.5,0.0,13.0,386.8
2025-06-09,SKU0135,449.5,0.0,13.0,386.8
2025-06-16,SKU0135,215.5,640.8,13.0,386.8
2025-06-23,SKU0135,0.0,640.8,13.0,386.8
2025-06-30,SKU0135,506.8,0.0,13.0,386.8
2025-07-07,SKU0135,358.8,640.8,13.0,386.8
2025-07-14,SKU0135,211.8,640.8,13.0,386.8
2025-07-21,SKU0135,743.7,0.0,13.0,386.8
2025-07-28,SKU0135,620.7,0.0,13.0,386.8
2025-08-04,SKU0135,472.7,0.0,13.0,386.8
2025-08-11,SKU0135,314.7,640.8,13.0,386.8
2025-08-18,SKU0135,178.7,640.8,13.0,386.8
2025-08-25,SKU0135,684.5,0.0,13.0,386.8
2025-09-01,SKU0135,553.5,0.0,13.0,386.8
2025-09-08,SKU0135,435.5,0.0,13.0,386.8
2025-09-15,SKU0135,285.5,640.8,13.0,386.8
2025-09-22,SKU0135,143.5,640.8,13.0,386.8
2025-09-29,SKU0135,612.4,0.0,13.0,386.8
2025-10-06,SKU0135,398.4,0.0,13.0,386.8
2025-10-13,SKU0135,128.4,640.8,13.0,386.8
2025-10-20,SKU0135,0.0,640.8,13.0,386.8
2025-10-27,SKU0135,327.8,640.8,13.0,386.8
2025-11-03,SKU0135,69.8,640.8,13.0,386.8
2025-11-10,SKU0135,507.7,0.0,13.0,386.8
2025-11-17,SKU0135,315.7,640.8,13.0,386.8
2025-11-24,SKU0135,20.7,640.8,13.0,386.8
2025-12-01,SKU0135,479.5,0.0,13.0,386.8
2025-12-08,SKU0135,294.5,640.8,13.0,386.8
2025-12-15,SKU0135,64.5,640.8,13.0,386.8
2025-12-22,SKU0135,366.4,640.8,13.0,386.8
2025-12-29,SKU0135,111.4,640.8,13.0,386.8
2026-01-05,SKU0135,609.2,0.0,13.0,386.8
2026-01-12,SKU0135,500.2,0.0,13.0,386.8
2026-01-19,SKU0135,384.2,640.8,13.0,386.8
2026-01-26,SKU0135,260.2,640.8,13.0,386.8
2026-02-02,SKU0135,808.0,0.0,13.0,386.8
2026-02-09,SKU0135,695.0,0.0,13.0,386.8
2026-02-16,SKU0135,578.0,0.0,13.0,386.8
2026-02-23,SKU0135,441.0,0.0,13.0,386.8
2026-03-02,SKU0135,285.0,640.8,13.0,386.8
2026-03-09,SKU0135,158.0,640.8,13.0,386.8
2026-03-16,SKU0135,663.9,0.0,13.0,386.8
2026-03-23,SKU0135,533.9,0.0,13.0,386.8
2026-03-30,SKU0135,391.9,0.0,13.0,386.8
2026-04-06,SKU0135,251.9,640.8,13.0,386.8
2026-04-13,SKU0135,96.9,640.8,13.0,386.8
2026-04-20,SKU0135,607.7,0.0,13.0,386.8
2026-04-27,SKU0135,456.7,0.0,13.0,386.8
2026-05-04,SKU0135,318.7,640.8,13.0,386.8
2026-05-11,SKU0135,174.7,640.8,13.0,386.8
2026-05-18,SKU0135,669.5,0.0,13.0,386.8
2026-05-25,SKU0135,539.5,0.0,13.0,386.8
2026-06-01,SKU0135,375.5,640.8,13.0,386.8
2026-06-08,SKU0135,227.5,640.8,13.0,386.8
2026-06-15,SKU0135,653.4,0.0,13.0,386.8
2026-06-22,SKU0135,487.4,0.0,13.0,386.8
2026-06-29,SKU0135,344.4,640.8,13.0,386.8
2026-07-06,SKU0135,189.4,640.8,13.0,386.8
2026-07-13,SKU0135,687.2,0.0,13.0,386.8
2026-06-08,SKU0136,121.0,164.0,31.0,236.0
2026-06-15,SKU0136,48.0,164.0,31.0,236.0
2026-06-22,SKU0136,9.0,164.0,31.0,236.0
2026-06-29,SKU0136,0.0,164.0,31.0,236.0
2026-07-06,SKU0136,142.0,164.0,31.0,236.0
2026-07-13,SKU0136,100.0,164.0,31.0,236.0
2024-08-05,SKU0137,123.5,0.0,7.0,51.2
2024-08-12,SKU0137,88.5,0.0,7.0,51.2
2024-08-19,SKU0137,54.5,0.0,7.0,51.2
2024-08-26,SKU0137,18.5,157.5,7.0,51.2
2024-09-02,SKU0137,140.0,0.0,7.0,51.2
2024-09-09,SKU0137,99.0,0.0,7.0,51.2
2024-09-16,SKU0137,75.0,0.0,7.0,51.2
2024-09-23,SKU0137,35.0,157.5,7.0,51.2
2024-09-30,SKU0137,135.4,0.0,7.0,51.2
2024-10-07,SKU0137,91.4,0.0,7.0,51.2
2024-10-14,SKU0137,12.4,157.5,7.0,51.2
2024-10-21,SKU0137,104.9,0.0,7.0,51.2
2024-10-28,SKU0137,29.9,157.5,7.0,51.2
2024-11-04,SKU0137,129.4,0.0,7.0,51.2
2024-11-11,SKU0137,76.4,0.0,7.0,51.2
2024-11-18,SKU0137,27.4,157.5,7.0,51.2
2024-11-25,SKU0137,108.9,0.0,7.0,51.2
2024-12-02,SKU0137,78.9,0.0,7.0,51.2
2024-12-09,SKU0137,38.9,157.5,7.0,51.2
2024-12-16,SKU0137,133.3,0.0,7.0,51.2
2024-12-23,SKU0137,71.3,0.0,7.0,51.2
2024-12-30,SKU0137,21.3,157.5,7.0,51.2
2025-01-06,SKU0137,140.8,0.0,7.0,51.2
2025-01-13,SKU0137,112.8,0.0,7.0,51.2
2025-01-20,SKU0137,83.8,0.0,7.0,51.2
2025-01-27,SKU0137,56.8,0.0,7.0,51.2
2025-02-03,SKU0137,26.8,157.5,7.0,51.2
2025-02-10,SKU0137,160.3,0.0,7.0,51.2
2025-02-17,SKU0137,120.3,0.0,7.0,51.2
2025-02-24,SKU0137,80.3,0.0,7.0,51.2
2025-03-03,SKU0137,54.3,0.0,7.0,51.2
2025-03-10,SKU0137,27.3,157.5,7.0,51.2
2025-03-17,SKU0137,157.8,0.0,7.0,51.2
2025-03-24,SKU0137,123.8,0.0,7.0,51.2
2025-03-31,SKU0137,87.8,0.0,7.0,51.2
2025-04-07,SKU0137,54.8,0.0,7.0,51.2
2025-04-14,SKU0137,8.8,157.5,7.0,51.2
2025-04-21,SKU0137,135.2,0.0,7.0,51.2
2025-04-28,SKU0137,94.2,0.0,7.0,51.2
2025-05-05,SKU0137,57.2,0.0,7.0,51.2
2025-05-12,SKU0137,34.2,157.5,7.0,51.2
2025-05-19,SKU0137,154.7,0.0,7.0,51.2
2025-05-26,SKU0137,120.7,0.0,7.0,51.2
2025-06-02,SKU0137,93.7,0.0,7.0,51.2
2025-06-09,SKU0137,53.7,0.0,7.0,51.2
2025-06-16,SKU0137,1.7,157.5,7.0,51.2
2025-06-23,SKU0137,93.2,0.0,7.0,51.2
2025-06-30,SKU0137,59.2,0.0,7.0,51.2
2025-07-07,SKU0137,31.2,157.5,7.0,51.2
2025-07-14,SKU0137,155.7,0.0,7.0,51.2
2025-07-21,SKU0137,121.7,0.0,7.0,51.2
2025-07-28,SKU0137,89.7,0.0,7.0,51.2
2025-08-04,SKU0137,41.7,157.5,7.0,51.2
2025-08-11,SKU0137,164.1,0.0,7.0,51.2
2025-08-18,SKU0137,131.1,0.0,7.0,51.2
2025-08-25,SKU0137,93.1,0.0,7.0,51.2
2025-09-01,SKU0137,57.1,0.0,7.0,51.2
2025-09-08,SKU0137,34.1,157.5,7.0,51.2
2025-09-15,SKU0137,173.6,0.0,7.0,51.2
2025-09-22,SKU0137,139.6,0.0,7.0,51.2
2025-09-29,SKU0137,105.6,0.0,7.0,51.2
2025-10-06,SKU0137,58.6,0.0,7.0,51.2
2025-10-13,SKU0137,0.0,157.5,7.0,51.2
2025-10-20,SKU0137,94.5,0.0,7.0,51.2
2025-10-27,SKU0137,31.5,157.5,7.0,51.2
2025-11-03,SKU0137,132.0,0.0,7.0,51.2
2025-11-10,SKU0137,79.0,0.0,7.0,51.2
2025-11-17,SKU0137,43.0,157.5,7.0,51.2
2025-11-24,SKU0137,125.4,0.0,7.0,51.2
2025-12-01,SKU0137,80.4,0.0,7.0,51.2
2025-12-08,SKU0137,39.4,157.5,7.0,51.2
2025-12-15,SKU0137,135.9,0.0,7.0,51.2
2025-12-22,SKU0137,65.9,0.0,7.0,51.2
2025-12-29,SKU0137,18.9,157.5,7.0,51.2
2026-01-05,SKU0137,144.4,0.0,7.0,51.2
2026-01-12,SKU0137,127.4,0.0,7.0,51.2
2026-01-19,SKU0137,104.4,0.0,7.0,51.2
2026-01-26,SKU0137,80.4,0.0,7.0,51.2
2026-02-02,SKU0137,54.4,0.0,7.0,51.2
2026-02-09,SKU0137,22.4,157.5,7.0,51.2
2026-02-16,SKU0137,155.9,0.0,7.0,51.2
2026-02-23,SKU0137,130.9,0.0,7.0,51.2
2026-03-02,SKU0137,91.9,0.0,7.0,51.2
2026-03-09,SKU0137,61.9,0.0,7.0,51.2
2026-03-16,SKU0137,28.9,157.5,7.0,51.2
2026-03-23,SKU0137,149.3,0.0,7.0,51.2
2026-03-30,SKU0137,115.3,0.0,7.0,51.2
2026-04-06,SKU0137,93.3,0.0,7.0,51.2
2026-04-13,SKU0137,64.3,0.0,7.0,51.2
2026-04-20,SKU0137,31.3,157.5,7.0,51.2
2026-04-27,SKU0137,153.8,0.0,7.0,51.2
2026-05-04,SKU0137,125.8,0.0,7.0,51.2
2026-05-11,SKU0137,92.8,0.0,7.0,51.2
2026-05-18,SKU0137,64.8,0.0,7.0,51.2
2026-05-25,SKU0137,26.8,157.5,7.0,51.2
2026-06-01,SKU0137,153.3,0.0,7.0,51.2
2026-06-08,SKU0137,122.3,0.0,7.0,51.2
2026-06-15,SKU0137,79.3,0.0,7.0,51.2
2026-06-22,SKU0137,21.3,157.5,7.0,51.2
2026-06-29,SKU0137,145.8,0.0,7.0,51.2
2026-07-06,SKU0137,116.8,0.0,7.0,51.2
2026-07-13,SKU0137,83.8,0.0,7.0,51.2
2024-08-05,SKU0138,126.0,0.0,7.0,49.7
2024-08-12,SKU0138,103.0,0.0,7.0,49.7
2024-08-19,SKU0138,72.0,0.0,7.0,49.7
2024-08-26,SKU0138,47.0,153.0,7.0,49.7
2024-09-02,SKU0138,169.0,0.0,7.0,49.7
2024-09-09,SKU0138,138.0,0.0,7.0,49.7
2024-09-16,SKU0138,104.0,0.0,7.0,49.7
2024-09-23,SKU0138,71.0,0.0,7.0,49.7
2024-09-30,SKU0138,26.0,153.0,7.0,49.7
2024-10-07,SKU0138,132.0,0.0,7.0,49.7
2024-10-14,SKU0138,44.0,153.0,7.0,49.7
2024-10-21,SKU0138,128.0,0.0,7.0,49.7
2024-10-28,SKU0138,65.0,0.0,7.0,49.7
2024-11-04,SKU0138,19.0,153.0,7.0,49.7
2024-11-11,SKU0138,125.0,0.0,7.0,49.7
2024-11-18,SKU0138,86.0,0.0,7.0,49.7
2024-11-25,SKU0138,8.0,153.0,7.0,49.7
2024-12-02,SKU0138,110.1,0.0,7.0,49.7
2024-12-09,SKU0138,66.1,0.0,7.0,49.7
2024-12-16,SKU0138,18.1,153.0,7.0,49.7
2024-12-23,SKU0138,120.1,0.0,7.0,49.7
2024-12-30,SKU0138,71.1,0.0,7.0,49.7
2025-01-06,SKU0138,41.1,153.0,7.0,49.7
2025-01-13,SKU0138,170.1,0.0,7.0,49.7
2025-01-20,SKU0138,149.1,0.0,7.0,49.7
2025-01-27,SKU0138,121.1,0.0,7.0,49.7
2025-02-03,SKU0138,99.1,0.0,7.0,49.7
2025-02-10,SKU0138,68.1,0.0,7.0,49.7
2025-02-17,SKU0138,30.1,153.0,7.0,49.7
2025-02-24,SKU0138,145.1,0.0,7.0,49.7
2025-03-03,SKU0138,110.1,0.0,7.0,49.7
2025-03-10,SKU0138,74.1,0.0,7.0,49.7
2025-03-17,SKU0138,46.1,153.0,7.0,49.7
2025-03-24,SKU0138,181.1,0.0,7.0,49.7
2025-03-31,SKU0138,145.1,0.0,7.0,49.7
2025-04-07,SKU0138,104.1,0.0,7.0,49.7
2025-04-14,SKU0138,80.1,0.0,7.0,49.7
2025-04-21,SKU0138,57.1,0.0,7.0,49.7
2025-04-28,SKU0138,27.1,153.0,7.0,49.7
2025-05-05,SKU0138,148.1,0.0,7.0,49.7
2025-05-12,SKU0138,118.1,0.0,7.0,49.7
2025-05-19,SKU0138,90.1,0.0,7.0,49.7
2025-05-26,SKU0138,61.1,0.0,7.0,49.7
2025-06-02,SKU0138,26.1,153.0,7.0,49.7
2025-06-09,SKU0138,141.1,0.0,7.0,49.7
2025-06-16,SKU0138,93.1,0.0,7.0,49.7
2025-06-23,SKU0138,44.1,153.0,7.0,49.7
2025-06-30,SKU0138,158.1,0.0,7.0,49.7
2025-07-07,SKU0138,124.1,0.0,7.0,49.7
2025-07-14,SKU0138,98.1,0.0,7.0,49.7
2025-07-21,SKU0138,62.1,0.0,7.0,49.7
2025-07-28,SKU0138,29.1,153.0,7.0,49.7
2025-08-04,SKU0138,145.1,0.0,7.0,49.7
2025-08-11,SKU0138,111.1,0.0,7.0,49.7
2025-08-18,SKU0138,70.1,0.0,7.0,49.7
2025-08-25,SKU0138,32.1,153.0,7.0,49.7
2025-09-01,SKU0138,154.1,0.0,7.0,49.7
2025-09-08,SKU0138,127.1,0.0,7.0,49.7
2025-09-15,SKU0138,100.1,0.0,7.0,49.7
2025-09-22,SKU0138,74.1,0.0,7.0,49.7
2025-09-29,SKU0138,31.1,153.0,7.0,49.7
2025-10-06,SKU0138,142.2,0.0,7.0,49.7
2025-10-13,SKU0138,72.2,0.0,7.0,49.7
2025-10-20,SKU0138,0.0,153.0,7.0,49.7
2025-10-27,SKU0138,81.0,0.0,7.0,49.7
2025-11-03,SKU0138,12.0,153.0,7.0,49.7
2025-11-10,SKU0138,124.0,0.0,7.0,49.7
2025-11-17,SKU0138,93.0,0.0,7.0,49.7
2025-11-24,SKU0138,33.0,153.0,7.0,49.7
2025-12-01,SKU0138,139.0,0.0,7.0,49.7
2025-12-08,SKU0138,104.0,0.0,7.0,49.7
2025-12-15,SKU0138,46.0,153.0,7.0,49.7
2025-12-22,SKU0138,123.0,0.0,7.0,49.7
2025-12-29,SKU0138,68.0,0.0,7.0,49.7
2026-01-05,SKU0138,38.0,153.0,7.0,49.7
2026-01-12,SKU0138,163.0,0.0,7.0,49.7
2026-01-19,SKU0138,124.0,0.0,7.0,49.7
2026-01-26,SKU0138,94.0,0.0,7.0,49.7
2026-02-02,SKU0138,71.0,0.0,7.0,49.7
2026-02-09,SKU0138,39.0,153.0,7.0,49.7
2026-02-16,SKU0138,170.1,0.0,7.0,49.7
2026-02-23,SKU0138,148.1,0.0,7.0,49.7
2026-03-02,SKU0138,119.1,0.0,7.0,49.7
2026-03-09,SKU0138,85.1,0.0,7.0,49.7
2026-03-16,SKU0138,56.1,0.0,7.0,49.7
2026-03-23,SKU0138,25.1,153.0,7.0,49.7
2026-03-30,SKU0138,150.1,0.0,7.0,49.7
2026-04-06,SKU0138,116.1,0.0,7.0,49.7
2026-04-13,SKU0138,85.1,0.0,7.0,49.7
2026-04-20,SKU0138,61.1,0.0,7.0,49.7
2026-04-27,SKU0138,17.1,153.0,7.0,49.7
2026-05-04,SKU0138,124.1,0.0,7.0,49.7
2026-05-11,SKU0138,88.1,0.0,7.0,49.7
2026-05-18,SKU0138,60.1,0.0,7.0,49.7
2026-05-25,SKU0138,34.1,153.0,7.0,49.7
2026-06-01,SKU0138,168.1,0.0,7.0,49.7
2026-06-08,SKU0138,130.1,0.0,7.0,49.7
2026-06-15,SKU0138,83.1,0.0,7.0,49.7
2026-06-22,SKU0138,25.1,153.0,7.0,49.7
2026-06-29,SKU0138,129.1,0.0,7.0,49.7
2026-07-06,SKU0138,84.1,0.0,7.0,49.7
2026-07-13,SKU0138,55.1,0.0,7.0,49.7
2024-07-22,SKU0139,126.6,164.6,21.0,160.5
2024-07-29,SKU0139,89.6,164.6,21.0,160.5
2024-08-05,SKU0139,59.6,164.6,21.0,160.5
2024-08-12,SKU0139,184.3,0.0,21.0,160.5
2024-08-19,SKU0139,148.3,164.6,21.0,160.5
2024-08-26,SKU0139,115.3,164.6,21.0,160.5
2024-09-02,SKU0139,75.3,164.6,21.0,160.5
2024-09-09,SKU0139,200.9,0.0,21.0,160.5
2024-09-16,SKU0139,164.9,0.0,21.0,160.5
2024-09-23,SKU0139,125.9,164.6,21.0,160.5
2024-09-30,SKU0139,83.9,164.6,21.0,160.5
2024-10-07,SKU0139,31.9,164.6,21.0,160.5
2024-10-14,SKU0139,134.6,164.6,21.0,160.5
2024-10-21,SKU0139,60.6,164.6,21.0,160.5
2024-10-28,SKU0139,0.0,164.6,21.0,160.5
2024-11-04,SKU0139,105.6,164.6,21.0,160.5
2024-11-11,SKU0139,61.6,164.6,21.0,160.5
2024-11-18,SKU0139,12.6,164.6,21.0,160.5
2024-11-25,SKU0139,127.3,164.6,21.0,160.5
2024-12-02,SKU0139,78.3,164.6,21.0,160.5
2024-12-09,SKU0139,34.3,164.6,21.0,160.5
2024-12-16,SKU0139,133.9,164.6,21.0,160.5
2024-12-23,SKU0139,50.9,164.6,21.0,160.5
2024-12-30,SKU0139,1.9,164.6,21.0,160.5
2025-01-06,SKU0139,132.6,164.6,21.0,160.5
2025-01-13,SKU0139,99.6,164.6,21.0,160.5
2025-01-20,SKU0139,68.6,164.6,21.0,160.5
2025-01-27,SKU0139,203.2,0.0,21.0,160.5
2025-02-03,SKU0139,173.2,0.0,21.0,160.5
2025-02-10,SKU0139,142.2,164.6,21.0,160.5
2025-02-17,SKU0139,116.2,164.6,21.0,160.5
2025-02-24,SKU0139,79.2,164.6,21.0,160.5
2025-03-03,SKU0139,210.9,0.0,21.0,160.5
2025-03-10,SKU0139,173.9,0.0,21.0,160.5
2025-03-17,SKU0139,145.9,164.6,21.0,160.5
2025-03-24,SKU0139,111.9,164.6,21.0,160.5
2025-03-31,SKU0139,67.9,164.6,21.0,160.5
2025-04-07,SKU0139,199.5,0.0,21.0,160.5
2025-04-14,SKU0139,166.5,0.0,21.0,160.5
2025-04-21,SKU0139,114.5,164.6,21.0,160.5
2025-04-28,SKU0139,82.5,164.6,21.0,160.5
2025-05-05,SKU0139,53.5,164.6,21.0,160.5
2025-05-12,SKU0139,192.2,0.0,21.0,160.5
2025-05-19,SKU0139,171.2,0.0,21.0,160.5
2025-05-26,SKU0139,134.2,164.6,21.0,160.5
2025-06-02,SKU0139,103.2,164.6,21.0,160.5
2025-06-09,SKU0139,73.2,164.6,21.0,160.5
2025-06-16,SKU0139,182.8,0.0,21.0,160.5
2025-06-23,SKU0139,126.8,164.6,21.0,160.5
2025-06-30,SKU0139,87.8,164.6,21.0,160.5
2025-07-07,SKU0139,50.8,164.6,21.0,160.5
2025-07-14,SKU0139,175.5,0.0,21.0,160.5
2025-07-21,SKU0139,133.5,164.6,21.0,160.5
2025-07-28,SKU0139,102.5,164.6,21.0,160.5
2025-08-04,SKU0139,61.5,164.6,21.0,160.5
2025-08-11,SKU0139,198.1,0.0,21.0,160.5
2025-08-18,SKU0139,165.1,0.0,21.0,160.5
2025-08-25,SKU0139,128.1,164.6,21.0,160.5
2025-09-01,SKU0139,89.1,164.6,21.0,160.5
2025-09-08,SKU0139,52.1,164.6,21.0,160.5
2025-09-15,SKU0139,185.8,0.0,21.0,160.5
2025-09-22,SKU0139,151.8,164.6,21.0,160.5
2025-09-29,SKU0139,103.8,164.6,21.0,160.5
2025-10-06,SKU0139,58.8,164.6,21.0,160.5
2025-10-13,SKU0139,164.4,0.0,21.0,160.5
2025-10-20,SKU0139,67.4,164.6,21.0,160.5
2025-10-27,SKU0139,0.0,164.6,21.0,160.5
2025-11-03,SKU0139,0.0,164.6,21.0,160.5
2025-11-10,SKU0139,106.6,164.6,21.0,160.5
2025-11-17,SKU0139,65.6,164.6,21.0,160.5
2025-11-24,SKU0139,0.0,164.6,21.0,160.5
2025-12-01,SKU0139,115.6,164.6,21.0,160.5
2025-12-08,SKU0139,61.6,164.6,21.0,160.5
2025-12-15,SKU0139,19.6,164.6,21.0,160.5
2025-12-22,SKU0139,109.3,164.6,21.0,160.5
2025-12-29,SKU0139,56.3,164.6,21.0,160.5
2026-01-05,SKU0139,19.3,164.6,21.0,160.5
2026-01-12,SKU0139,155.9,164.6,21.0,160.5
2026-01-19,SKU0139,117.9,164.6,21.0,160.5
2026-01-26,SKU0139,87.9,164.6,21.0,160.5
2026-02-02,SKU0139,205.6,0.0,21.0,160.5
2026-02-09,SKU0139,179.6,0.0,21.0,160.5
2026-02-16,SKU0139,159.6,164.6,21.0,160.5
2026-02-23,SKU0139,131.6,164.6,21.0,160.5
2026-03-02,SKU0139,92.6,164.6,21.0,160.5
2026-03-09,SKU0139,221.2,0.0,21.0,160.5
2026-03-16,SKU0139,190.2,0.0,21.0,160.5
2026-03-23,SKU0139,154.2,164.6,21.0,160.5
2026-03-30,SKU0139,123.2,164.6,21.0,160.5
2026-04-06,SKU0139,91.2,164.6,21.0,160.5
2026-04-13,SKU0139,224.9,0.0,21.0,160.5
2026-04-20,SKU0139,188.9,0.0,21.0,160.5
2026-04-27,SKU0139,164.9,0.0,21.0,160.5
2026-05-04,SKU0139,124.9,164.6,21.0,160.5
2026-05-11,SKU0139,85.9,164.6,21.0,160.5
2026-05-18,SKU0139,56.9,164.6,21.0,160.5
2026-05-25,SKU0139,186.5,0.0,21.0,160.5
2026-06-01,SKU0139,144.5,164.6,21.0,160.5
2026-06-08,SKU0139,109.5,164.6,21.0,160.5
2026-06-15,SKU0139,55.5,164.6,21.0,160.5
2026-06-22,SKU0139,175.2,0.0,21.0,160.5
2026-06-29,SKU0139,128.2,164.6,21.0,160.5
2026-07-06,SKU0139,95.2,164.6,21.0,160.5
2026-07-13,SKU0139,61.2,164.6,21.0,160.5
2026-02-02,SKU0140,584.7,746.7,40.0,1386.8
2026-02-09,SKU0140,429.7,746.7,40.0,1386.8
2026-02-16,SKU0140,267.7,746.7,40.0,1386.8
2026-02-23,SKU0140,110.7,746.7,40.0,1386.8
2026-03-02,SKU0140,0.0,746.7,40.0,1386.8
2026-03-09,SKU0140,0.0,746.7,40.0,1386.8
2026-03-16,SKU0140,578.7,746.7,40.0,1386.8
2026-03-23,SKU0140,390.7,746.7,40.0,1386.8
2026-03-30,SKU0140,226.7,746.7,40.0,1386.8
2026-04-06,SKU0140,56.7,746.7,40.0,1386.8
2026-04-13,SKU0140,0.0,746.7,40.0,1386.8
2026-04-20,SKU0140,0.0,746.7,40.0,1386.8
2026-04-27,SKU0140,580.7,746.7,40.0,1386.8
2026-05-04,SKU0140,411.7,746.7,40.0,1386.8
2026-05-11,SKU0140,215.7,746.7,40.0,1386.8
2026-05-18,SKU0140,20.7,746.7,40.0,1386.8
2026-05-25,SKU0140,0.0,746.7,40.0,1386.8
2026-06-01,SKU0140,0.0,746.7,40.0,1386.8
2026-06-08,SKU0140,573.7,746.7,40.0,1386.8
2026-06-15,SKU0140,281.7,746.7,40.0,1386.8
2026-06-22,SKU0140,0.0,746.7,40.0,1386.8
2026-06-29,SKU0140,0.0,746.7,40.0,1386.8
2026-07-06,SKU0140,0.0,746.7,40.0,1386.8
2026-07-13,SKU0140,0.0,746.7,40.0,1386.8
2024-07-22,SKU0141,16.7,0.0,11.0,9.0
2024-07-29,SKU0141,15.7,0.0,11.0,9.0
2024-08-05,SKU0141,12.7,0.0,11.0,9.0
2024-08-12,SKU0141,7.7,17.7,11.0,9.0
2024-08-19,SKU0141,3.7,17.7,11.0,9.0
2024-08-26,SKU0141,20.4,0.0,11.0,9.0
2024-09-02,SKU0141,16.4,0.0,11.0,9.0
2024-09-09,SKU0141,13.4,0.0,11.0,9.0
2024-09-16,SKU0141,9.4,0.0,11.0,9.0
2024-09-23,SKU0141,0.4,17.7,11.0,9.0
2024-09-30,SKU0141,0.0,17.7,11.0,9.0
2024-10-07,SKU0141,10.7,0.0,11.0,9.0
2024-10-14,SKU0141,6.7,17.7,11.0,9.0
2024-10-21,SKU0141,0.7,17.7,11.0,9.0
2024-10-28,SKU0141,14.4,0.0,11.0,9.0
2024-11-04,SKU0141,10.4,0.0,11.0,9.0
2024-11-11,SKU0141,3.4,17.7,11.0,9.0
2024-11-18,SKU0141,0.0,17.7,11.0,9.0
2024-11-25,SKU0141,13.7,0.0,11.0,9.0
2024-12-02,SKU0141,9.7,0.0,11.0,9.0
2024-12-09,SKU0141,4.7,17.7,11.0,9.0
2024-12-16,SKU0141,1.7,17.7,11.0,9.0
2024-12-23,SKU0141,6.4,17.7,11.0,9.0
2024-12-30,SKU0141,0.4,17.7,11.0,9.0
2025-01-06,SKU0141,16.1,0.0,11.0,9.0
2025-01-13,SKU0141,14.1,0.0,11.0,9.0
2025-01-20,SKU0141,10.1,0.0,11.0,9.0
2025-01-27,SKU0141,9.1,0.0,11.0,9.0
2025-02-03,SKU0141,5.1,17.7,11.0,9.0
2025-02-10,SKU0141,0.0,17.7,11.0,9.0
2025-02-17,SKU0141,15.7,0.0,11.0,9.0
2025-02-24,SKU0141,13.7,0.0,11.0,9.0
2025-03-03,SKU0141,10.7,0.0,11.0,9.0
2025-03-10,SKU0141,8.7,17.7,11.0,9.0
2025-03-17,SKU0141,4.7,17.7,11.0,9.0
2025-03-24,SKU0141,16.4,0.0,11.0,9.0
2025-03-31,SKU0141,10.4,0.0,11.0,9.0
2025-04-07,SKU0141,7.4,17.7,11.0,9.0
2025-04-14,SKU0141,6.4,17.7,11.0,9.0
2025-04-21,SKU0141,18.1,0.0,11.0,9.0
2025-04-28,SKU0141,17.1,0.0,11.0,9.0
2025-05-05,SKU0141,15.1,0.0,11.0,9.0
2025-05-12,SKU0141,13.1,0.0,11.0,9.0
2025-05-19,SKU0141,8.1,17.7,11.0,9.0
2025-05-26,SKU0141,4.1,17.7,11.0,9.0
2025-06-02,SKU0141,17.8,0.0,11.0,9.0
2025-06-09,SKU0141,12.8,0.0,11.0,9.0
2025-06-16,SKU0141,6.8,17.7,11.0,9.0
2025-06-23,SKU0141,0.0,17.7,11.0,9.0
2025-06-30,SKU0141,13.7,0.0,11.0,9.0
2025-07-07,SKU0141,9.7,0.0,11.0,9.0
2025-07-14,SKU0141,4.7,17.7,11.0,9.0
2025-07-21,SKU0141,0.0,17.7,11.0,9.0
2025-07-28,SKU0141,14.7,0.0,11.0,9.0
2025-08-04,SKU0141,8.7,17.7,11.0,9.0
2025-08-11,SKU0141,7.7,17.7,11.0,9.0
2025-08-18,SKU0141,22.4,0.0,11.0,9.0
2025-08-25,SKU0141,19.4,0.0,11.0,9.0
2025-09-01,SKU0141,14.4,0.0,11.0,9.0
2025-09-08,SKU0141,10.4,0.0,11.0,9.0
2025-09-15,SKU0141,5.4,17.7,11.0,9.0
2025-09-22,SKU0141,3.4,17.7,11.0,9.0
2025-09-29,SKU0141,18.1,0.0,11.0,9.0
2025-10-06,SKU0141,12.1,0.0,11.0,9.0
2025-10-13,SKU0141,1.1,17.7,11.0,9.0
2025-10-20,SKU0141,0.0,17.7,11.0,9.0
2025-10-27,SKU0141,2.7,17.7,11.0,9.0
2025-11-03,SKU0141,0.0,17.7,11.0,9.0
2025-11-10,SKU0141,10.7,0.0,11.0,9.0
2025-11-17,SKU0141,5.7,17.7,11.0,9.0
2025-11-24,SKU0141,0.0,17.7,11.0,9.0
2025-12-01,SKU0141,11.7,0.0,11.0,9.0
2025-12-08,SKU0141,4.7,17.7,11.0,9.0
2025-12-15,SKU0141,1.7,17.7,11.0,9.0
2025-12-22,SKU0141,11.4,0.0,11.0,9.0
2025-12-29,SKU0141,6.4,17.7,11.0,9.0
2026-01-05,SKU0141,3.4,17.7,11.0,9.0
2026-01-12,SKU0141,20.1,0.0,11.0,9.0
2026-01-19,SKU0141,17.1,0.0,11.0,9.0
2026-01-26,SKU0141,16.1,0.0,11.0,9.0
2026-02-02,SKU0141,14.1,0.0,11.0,9.0
2026-02-09,SKU0141,7.1,17.7,11.0,9.0
2026-02-16,SKU0141,2.1,17.7,11.0,9.0
2026-02-23,SKU0141,17.8,0.0,11.0,9.0
2026-03-02,SKU0141,14.8,0.0,11.0,9.0
2026-03-09,SKU0141,12.8,0.0,11.0,9.0
2026-03-16,SKU0141,9.8,0.0,11.0,9.0
2026-03-23,SKU0141,5.8,17.7,11.0,9.0
2026-03-30,SKU0141,0.8,17.7,11.0,9.0
2026-04-06,SKU0141,11.5,0.0,11.0,9.0
2026-04-13,SKU0141,8.5,17.7,11.0,9.0
2026-04-20,SKU0141,2.5,17.7,11.0,9.0
2026-04-27,SKU0141,19.2,0.0,11.0,9.0
2026-05-04,SKU0141,17.2,0.0,11.0,9.0
2026-05-11,SKU0141,15.2,0.0,11.0,9.0
2026-05-18,SKU0141,9.2,0.0,11.0,9.0
2026-05-25,SKU0141,3.2,17.7,11.0,9.0
2026-06-01,SKU0141,0.0,17.7,11.0,9.0
2026-06-08,SKU0141,13.7,0.0,11.0,9.0
2026-06-15,SKU0141,9.7,0.0,11.0,9.0
2026-06-22,SKU0141,0.7,17.7,11.0,9.0
2026-06-29,SKU0141,0.0,17.7,11.0,9.0
2026-07-06,SKU0141,13.7,0.0,11.0,9.0
2026-07-13,SKU0141,8.7,17.7,11.0,9.0
2024-08-05,SKU0142,19.4,0.0,13.0,13.5
2024-08-12,SKU0142,15.4,0.0,13.0,13.5
2024-08-19,SKU0142,8.4,22.4,13.0,13.5
2024-08-26,SKU0142,1.4,22.4,13.0,13.5
2024-09-02,SKU0142,21.8,0.0,13.0,13.5
2024-09-09,SKU0142,16.8,0.0,13.0,13.5
2024-09-16,SKU0142,14.8,0.0,13.0,13.5
2024-09-23,SKU0142,7.8,22.4,13.0,13.5
2024-09-30,SKU0142,2.8,22.4,13.0,13.5
2024-10-07,SKU0142,22.2,0.0,13.0,13.5
2024-10-14,SKU0142,11.2,22.4,13.0,13.5
2024-10-21,SKU0142,0.0,22.4,13.0,13.5
2024-10-28,SKU0142,16.4,0.0,13.0,13.5
2024-11-04,SKU0142,12.4,22.4,13.0,13.5
2024-11-11,SKU0142,3.4,22.4,13.0,13.5
2024-11-18,SKU0142,20.8,0.0,13.0,13.5
2024-11-25,SKU0142,5.8,22.4,13.0,13.5
2024-12-02,SKU0142,0.0,22.4,13.0,13.5
2024-12-09,SKU0142,20.4,0.0,13.0,13.5
2024-12-16,SKU0142,12.4,22.4,13.0,13.5
2024-12-23,SKU0142,0.0,22.4,13.0,13.5
2024-12-30,SKU0142,12.4,22.4,13.0,13.5
2025-01-06,SKU0142,9.4,22.4,13.0,13.5
2025-01-13,SKU0142,28.8,0.0,13.0,13.5
2025-01-20,SKU0142,25.8,0.0,13.0,13.5
2025-01-27,SKU0142,22.8,0.0,13.0,13.5
2025-02-03,SKU0142,20.8,0.0,13.0,13.5
2025-02-10,SKU0142,15.8,0.0,13.0,13.5
2025-02-17,SKU0142,9.8,22.4,13.0,13.5
2025-02-24,SKU0142,7.8,22.4,13.0,13.5
2025-03-03,SKU0142,23.2,0.0,13.0,13.5
2025-03-10,SKU0142,21.2,0.0,13.0,13.5
2025-03-17,SKU0142,14.2,0.0,13.0,13.5
2025-03-24,SKU0142,9.2,22.4,13.0,13.5
2025-03-31,SKU0142,6.2,22.4,13.0,13.5
2025-04-07,SKU0142,23.6,0.0,13.0,13.5
2025-04-14,SKU0142,19.6,0.0,13.0,13.5
2025-04-21,SKU0142,17.6,0.0,13.0,13.5
2025-04-28,SKU0142,13.6,0.0,13.0,13.5
2025-05-05,SKU0142,7.6,22.4,13.0,13.5
2025-05-12,SKU0142,3.6,22.4,13.0,13.5
2025-05-19,SKU0142,22.0,0.0,13.0,13.5
2025-05-26,SKU0142,20.0,0.0,13.0,13.5
2025-06-02,SKU0142,14.0,0.0,13.0,13.5
2025-06-09,SKU0142,9.0,22.4,13.0,13.5
2025-06-16,SKU0142,3.0,22.4,13.0,13.5
2025-06-23,SKU0142,17.4,0.0,13.0,13.5
2025-06-30,SKU0142,13.4,22.4,13.0,13.5
2025-07-07,SKU0142,8.4,22.4,13.0,13.5
2025-07-14,SKU0142,25.9,0.0,13.0,13.5
2025-07-21,SKU0142,22.9,0.0,13.0,13.5
2025-07-28,SKU0142,15.9,0.0,13.0,13.5
2025-08-04,SKU0142,10.9,22.4,13.0,13.5
2025-08-11,SKU0142,4.9,22.4,13.0,13.5
2025-08-18,SKU0142,19.3,0.0,13.0,13.5
2025-08-25,SKU0142,10.3,22.4,13.0,13.5
2025-09-01,SKU0142,6.3,22.4,13.0,13.5
2025-09-08,SKU0142,21.7,0.0,13.0,13.5
2025-09-15,SKU0142,19.7,0.0,13.0,13.5
2025-09-22,SKU0142,12.7,22.4,13.0,13.5
2025-09-29,SKU0142,6.7,22.4,13.0,13.5
2025-10-06,SKU0142,23.1,0.0,13.0,13.5
2025-10-13,SKU0142,13.1,22.4,13.0,13.5
2025-10-20,SKU0142,1.1,22.4,13.0,13.5
2025-10-27,SKU0142,10.5,22.4,13.0,13.5
2025-11-03,SKU0142,4.5,22.4,13.0,13.5
2025-11-10,SKU0142,17.9,0.0,13.0,13.5
2025-11-17,SKU0142,11.9,22.4,13.0,13.5
2025-11-24,SKU0142,0.0,22.4,13.0,13.5
2025-12-01,SKU0142,13.4,22.4,13.0,13.5
2025-12-08,SKU0142,9.4,22.4,13.0,13.5
2025-12-15,SKU0142,20.8,0.0,13.0,13.5
2025-12-22,SKU0142,13.8,0.0,13.0,13.5
2025-12-29,SKU0142,8.8,22.4,13.0,13.5
2026-01-05,SKU0142,4.8,22.4,13.0,13.5
2026-01-12,SKU0142,25.2,0.0,13.0,13.5
2026-01-19,SKU0142,17.2,0.0,13.0,13.5
2026-01-26,SKU0142,16.2,0.0,13.0,13.5
2026-02-02,SKU0142,12.2,22.4,13.0,13.5
2026-02-09,SKU0142,8.2,22.4,13.0,13.5
2026-02-16,SKU0142,27.6,0.0,13.0,13.5
2026-02-23,SKU0142,23.6,0.0,13.0,13.5
2026-03-02,SKU0142,17.6,0.0,13.0,13.5
2026-03-09,SKU0142,10.6,22.4,13.0,13.5
2026-03-16,SKU0142,9.6,22.4,13.0,13.5
2026-03-23,SKU0142,27.0,0.0,13.0,13.5
2026-03-30,SKU0142,26.0,0.0,13.0,13.5
2026-04-06,SKU0142,17.0,0.0,13.0,13.5
2026-04-13,SKU0142,12.0,22.4,13.0,13.5
2026-04-20,SKU0142,7.0,22.4,13.0,13.5
2026-04-27,SKU0142,23.4,0.0,13.0,13.5
2026-05-04,SKU0142,18.4,0.0,13.0,13.5
2026-05-11,SKU0142,17.4,0.0,13.0,13.5
2026-05-18,SKU0142,13.4,22.4,13.0,13.5
2026-05-25,SKU0142,9.4,22.4,13.0,13.5
2026-06-01,SKU0142,24.9,0.0,13.0,13.5
2026-06-08,SKU0142,21.9,0.0,13.0,13.5
2026-06-15,SKU0142,14.9,0.0,13.0,13.5
2026-06-22,SKU0142,8.9,22.4,13.0,13.5
2026-06-29,SKU0142,2.9,22.4,13.0,13.5
2026-07-06,SKU0142,20.3,0.0,13.0,13.5
2026-07-13,SKU0142,17.3,0.0,13.0,13.5
2024-07-22,SKU0143,68.9,0.0,12.0,50.6
2024-07-29,SKU0143,45.9,90.9,12.0,50.6
2024-08-05,SKU0143,26.9,90.9,12.0,50.6
2024-08-12,SKU0143,108.8,0.0,12.0,50.6
2024-08-19,SKU0143,89.8,0.0,12.0,50.6
2024-08-26,SKU0143,73.8,0.0,12.0,50.6
2024-09-02,SKU0143,55.8,0.0,12.0,50.6
2024-09-09,SKU0143,37.8,90.9,12.0,50.6
2024-09-16,SKU0143,28.8,90.9,12.0,50.6
2024-09-23,SKU0143,93.7,0.0,12.0,50.6
2024-09-30,SKU0143,70.7,0.0,12.0,50.6
2024-10-07,SKU0143,46.7,90.9,12.0,50.6
2024-10-14,SKU0143,3.7,90.9,12.0,50.6
2024-10-21,SKU0143,47.6,90.9,12.0,50.6
2024-10-28,SKU0143,10.6,90.9,12.0,50.6
2024-11-04,SKU0143,67.5,0.0,12.0,50.6
2024-11-11,SKU0143,39.5,90.9,12.0,50.6
2024-11-18,SKU0143,4.5,90.9,12.0,50.6
2024-11-25,SKU0143,54.4,0.0,12.0,50.6
2024-12-02,SKU0143,30.4,90.9,12.0,50.6
2024-12-09,SKU0143,1.4,90.9,12.0,50.6
2024-12-16,SKU0143,51.3,0.0,12.0,50.6
2024-12-23,SKU0143,16.3,90.9,12.0,50.6
2024-12-30,SKU0143,0.0,90.9,12.0,50.6
2025-01-06,SKU0143,75.9,0.0,12.0,50.6
2025-01-13,SKU0143,59.9,0.0,12.0,50.6
2025-01-20,SKU0143,44.9,90.9,12.0,50.6
2025-01-27,SKU0143,31.9,90.9,12.0,50.6
2025-02-03,SKU0143,111.8,0.0,12.0,50.6
2025-02-10,SKU0143,92.8,0.0,12.0,50.6
2025-02-17,SKU0143,79.8,0.0,12.0,50.6
2025-02-24,SKU0143,62.8,0.0,12.0,50.6
2025-03-03,SKU0143,47.8,90.9,12.0,50.6
2025-03-10,SKU0143,32.8,90.9,12.0,50.6
2025-03-17,SKU0143,101.7,0.0,12.0,50.6
2025-03-24,SKU0143,80.7,0.0,12.0,50.6
2025-03-31,SKU0143,59.7,0.0,12.0,50.6
2025-04-07,SKU0143,49.7,90.9,12.0,50.6
2025-04-14,SKU0143,27.7,90.9,12.0,50.6
2025-04-21,SKU0143,97.6,0.0,12.0,50.6
2025-04-28,SKU0143,69.6,0.0,12.0,50.6
2025-05-05,SKU0143,50.6,90.9,12.0,50.6
2025-05-12,SKU0143,25.6,90.9,12.0,50.6
2025-05-19,SKU0143,100.5,0.0,12.0,50.6
2025-05-26,SKU0143,81.5,0.0,12.0,50.6
2025-06-02,SKU0143,60.5,0.0,12.0,50.6
2025-06-09,SKU0143,40.5,90.9,12.0,50.6
2025-06-16,SKU0143,16.5,90.9,12.0,50.6
2025-06-23,SKU0143,81.4,0.0,12.0,50.6
2025-06-30,SKU0143,53.4,0.0,12.0,50.6
2025-07-07,SKU0143,31.4,90.9,12.0,50.6
2025-07-14,SKU0143,16.4,90.9,12.0,50.6
2025-07-21,SKU0143,81.3,0.0,12.0,50.6
2025-07-28,SKU0143,70.3,0.0,12.0,50.6
2025-08-04,SKU0143,48.3,90.9,12.0,50.6
2025-08-11,SKU0143,26.3,90.9,12.0,50.6
2025-08-18,SKU0143,91.2,0.0,12.0,50.6
2025-08-25,SKU0143,72.2,0.0,12.0,50.6
2025-09-01,SKU0143,53.2,0.0,12.0,50.6
2025-09-08,SKU0143,34.2,90.9,12.0,50.6
2025-09-15,SKU0143,23.2,90.9,12.0,50.6
2025-09-22,SKU0143,94.1,0.0,12.0,50.6
2025-09-29,SKU0143,74.1,0.0,12.0,50.6
2025-10-06,SKU0143,43.1,90.9,12.0,50.6
2025-10-13,SKU0143,0.0,90.9,12.0,50.6
2025-10-20,SKU0143,47.9,90.9,12.0,50.6
2025-10-27,SKU0143,15.9,90.9,12.0,50.6
2025-11-03,SKU0143,87.8,0.0,12.0,50.6
2025-11-10,SKU0143,52.8,0.0,12.0,50.6
2025-11-17,SKU0143,32.8,90.9,12.0,50.6
2025-11-24,SKU0143,0.0,90.9,12.0,50.6
2025-12-01,SKU0143,68.9,0.0,12.0,50.6
2025-12-08,SKU0143,44.9,90.9,12.0,50.6
2025-12-15,SKU0143,9.9,90.9,12.0,50.6
2025-12-22,SKU0143,55.8,0.0,12.0,50.6
2025-12-29,SKU0143,21.8,90.9,12.0,50.6
2026-01-05,SKU0143,6.8,90.9,12.0,50.6
2026-01-12,SKU0143,81.7,0.0,12.0,50.6
2026-01-19,SKU0143,67.7,0.0,12.0,50.6
2026-01-26,SKU0143,50.7,0.0,12.0,50.6
2026-02-02,SKU0143,37.7,90.9,12.0,50.6
2026-02-09,SKU0143,22.7,90.9,12.0,50.6
2026-02-16,SKU0143,97.6,0.0,12.0,50.6
2026-02-23,SKU0143,78.6,0.0,12.0,50.6
2026-03-02,SKU0143,56.6,0.0,12.0,50.6
2026-03-09,SKU0143,35.6,90.9,12.0,50.6
2026-03-16,SKU0143,13.6,90.9,12.0,50.6
2026-03-23,SKU0143,84.5,0.0,12.0,50.6
2026-03-30,SKU0143,61.5,0.0,12.0,50.6
2026-04-06,SKU0143,38.5,90.9,12.0,50.6
2026-04-13,SKU0143,23.5,90.9,12.0,50.6
2026-04-20,SKU0143,88.4,0.0,12.0,50.6
2026-04-27,SKU0143,60.4,0.0,12.0,50.6
2026-05-04,SKU0143,46.4,90.9,12.0,50.6
2026-05-11,SKU0143,32.4,90.9,12.0,50.6
2026-05-18,SKU0143,103.3,0.0,12.0,50.6
2026-05-25,SKU0143,86.3,0.0,12.0,50.6
2026-06-01,SKU0143,72.3,0.0,12.0,50.6
2026-06-08,SKU0143,62.3,0.0,12.0,50.6
2026-06-15,SKU0143,32.3,90.9,12.0,50.6
2026-06-22,SKU0143,0.0,90.9,12.0,50.6
2026-06-29,SKU0143,63.9,0.0,12.0,50.6
2026-07-06,SKU0143,46.9,90.9,12.0,50.6
2026-07-13,SKU0143,27.9,90.9,12.0,50.6
2024-08-05,SKU0144,146.2,0.0,11.0,93.6
2024-08-12,SKU0144,112.2,0.0,11.0,93.6
2024-08-19,SKU0144,75.2,183.2,11.0,93.6
2024-08-26,SKU0144,36.2,183.2,11.0,93.6
2024-09-02,SKU0144,178.4,0.0,11.0,93.6
2024-09-09,SKU0144,147.4,0.0,11.0,93.6
2024-09-16,SKU0144,126.4,0.0,11.0,93.6
2024-09-23,SKU0144,100.4,0.0,11.0,93.6
2024-09-30,SKU0144,44.4,183.2,11.0,93.6
2024-10-07,SKU0144,0.0,183.2,11.0,93.6
2024-10-14,SKU0144,110.2,0.0,11.0,93.6
2024-10-21,SKU0144,28.2,183.2,11.0,93.6
2024-10-28,SKU0144,0.0,183.2,11.0,93.6
2024-11-04,SKU0144,109.2,0.0,11.0,93.6
2024-11-11,SKU0144,57.2,183.2,11.0,93.6
2024-11-18,SKU0144,0.0,183.2,11.0,93.6
2024-11-25,SKU0144,115.2,0.0,11.0,93.6
2024-12-02,SKU0144,69.2,183.2,11.0,93.6
2024-12-09,SKU0144,7.2,183.2,11.0,93.6
2024-12-16,SKU0144,125.4,0.0,11.0,93.6
2024-12-23,SKU0144,48.4,183.2,11.0,93.6
2024-12-30,SKU0144,0.0,183.2,11.0,93.6
2025-01-06,SKU0144,146.2,0.0,11.0,93.6
2025-01-13,SKU0144,113.2,0.0,11.0,93.6
2025-01-20,SKU0144,87.2,183.2,11.0,93.6
2025-01-27,SKU0144,68.2,183.2,11.0,93.6
2025-02-03,SKU0144,222.4,0.0,11.0,93.6
2025-02-10,SKU0144,184.4,0.0,11.0,93.6
2025-02-17,SKU0144,152.4,0.0,11.0,93.6
2025-02-24,SKU0144,119.4,0.0,11.0,93.6
2025-03-03,SKU0144,84.4,183.2,11.0,93.6
2025-03-10,SKU0144,46.4,183.2,11.0,93.6
2025-03-17,SKU0144,189.6,0.0,11.0,93.6
2025-03-24,SKU0144,158.6,0.0,11.0,93.6
2025-03-31,SKU0144,127.6,0.0,11.0,93.6
2025-04-07,SKU0144,82.6,183.2,11.0,93.6
2025-04-14,SKU0144,51.6,183.2,11.0,93.6
2025-04-21,SKU0144,202.7,0.0,11.0,93.6
2025-04-28,SKU0144,162.7,0.0,11.0,93.6
2025-05-05,SKU0144,126.7,0.0,11.0,93.6
2025-05-12,SKU0144,83.7,183.2,11.0,93.6
2025-05-19,SKU0144,62.7,183.2,11.0,93.6
2025-05-26,SKU0144,210.9,0.0,11.0,93.6
2025-06-02,SKU0144,171.9,0.0,11.0,93.6
2025-06-09,SKU0144,135.9,0.0,11.0,93.6
2025-06-16,SKU0144,68.9,183.2,11.0,93.6
2025-06-23,SKU0144,1.9,183.2,11.0,93.6
2025-06-30,SKU0144,149.1,0.0,11.0,93.6
2025-07-07,SKU0144,102.1,0.0,11.0,93.6
2025-07-14,SKU0144,54.1,183.2,11.0,93.6
2025-07-21,SKU0144,11.1,183.2,11.0,93.6
2025-07-28,SKU0144,147.3,0.0,11.0,93.6
2025-08-04,SKU0144,110.3,0.0,11.0,93.6
2025-08-11,SKU0144,81.3,183.2,11.0,93.6
2025-08-18,SKU0144,34.3,183.2,11.0,93.6
2025-08-25,SKU0144,182.5,0.0,11.0,93.6
2025-09-01,SKU0144,139.5,0.0,11.0,93.6
2025-09-08,SKU0144,102.5,0.0,11.0,93.6
2025-09-15,SKU0144,64.5,183.2,11.0,93.6
2025-09-22,SKU0144,15.5,183.2,11.0,93.6
2025-09-29,SKU0144,150.7,0.0,11.0,93.6
2025-10-06,SKU0144,99.7,0.0,11.0,93.6
2025-10-13,SKU0144,17.7,183.2,11.0,93.6
2025-10-20,SKU0144,0.0,183.2,11.0,93.6
2025-10-27,SKU0144,105.2,0.0,11.0,93.6
2025-11-03,SKU0144,35.2,183.2,11.0,93.6
2025-11-10,SKU0144,0.0,183.2,11.0,93.6
2025-11-17,SKU0144,124.2,0.0,11.0,93.6
2025-11-24,SKU0144,51.2,183.2,11.0,93.6
2025-12-01,SKU0144,16.2,183.2,11.0,93.6
2025-12-08,SKU0144,147.4,0.0,11.0,93.6
2025-12-15,SKU0144,79.4,183.2,11.0,93.6
2025-12-22,SKU0144,0.4,183.2,11.0,93.6
2025-12-29,SKU0144,124.6,0.0,11.0,93.6
2026-01-05,SKU0144,86.6,183.2,11.0,93.6
2026-01-12,SKU0144,52.6,183.2,11.0,93.6
2026-01-19,SKU0144,191.7,0.0,11.0,93.6
2026-01-26,SKU0144,155.7,0.0,11.0,93.6
2026-02-02,SKU0144,124.7,0.0,11.0,93.6
2026-02-09,SKU0144,92.7,183.2,11.0,93.6
2026-02-16,SKU0144,63.7,183.2,11.0,93.6
2026-02-23,SKU0144,202.9,0.0,11.0,93.6
2026-03-02,SKU0144,155.9,0.0,11.0,93.6
2026-03-09,SKU0144,111.9,0.0,11.0,93.6
2026-03-16,SKU0144,60.9,183.2,11.0,93.6
2026-03-23,SKU0144,17.9,183.2,11.0,93.6
2026-03-30,SKU0144,157.1,0.0,11.0,93.6
2026-04-06,SKU0144,116.1,0.0,11.0,93.6
2026-04-13,SKU0144,74.1,183.2,11.0,93.6
2026-04-20,SKU0144,38.1,183.2,11.0,93.6
2026-04-27,SKU0144,174.3,0.0,11.0,93.6
2026-05-04,SKU0144,130.3,0.0,11.0,93.6
2026-05-11,SKU0144,80.3,183.2,11.0,93.6
2026-05-18,SKU0144,42.3,183.2,11.0,93.6
2026-05-25,SKU0144,182.5,0.0,11.0,93.6
2026-06-01,SKU0144,145.5,0.0,11.0,93.6
2026-06-08,SKU0144,107.5,0.0,11.0,93.6
2026-06-15,SKU0144,33.5,183.2,11.0,93.6
2026-06-22,SKU0144,0.0,183.2,11.0,93.6
2026-06-29,SKU0144,130.2,0.0,11.0,93.6
2026-07-06,SKU0144,88.2,183.2,11.0,93.6
2026-07-13,SKU0144,43.2,183.2,11.0,93.6
2024-08-05,SKU0145,276.4,0.0,12.0,185.8
2024-08-12,SKU0145,222.4,0.0,12.0,185.8
2024-08-19,SKU0145,145.4,333.4,12.0,185.8
2024-08-26,SKU0145,60.4,333.4,12.0,185.8
2024-09-02,SKU0145,314.9,0.0,12.0,185.8
2024-09-09,SKU0145,241.9,0.0,12.0,185.8
2024-09-16,SKU0145,183.9,333.4,12.0,185.8
2024-09-23,SKU0145,118.9,333.4,12.0,185.8
2024-09-30,SKU0145,375.3,0.0,12.0,185.8
2024-10-07,SKU0145,289.3,0.0,12.0,185.8
2024-10-14,SKU0145,134.3,333.4,12.0,185.8
2024-10-21,SKU0145,0.0,333.4,12.0,185.8
2024-10-28,SKU0145,187.4,0.0,12.0,185.8
2024-11-04,SKU0145,90.4,333.4,12.0,185.8
2024-11-11,SKU0145,11.4,333.4,12.0,185.8
2024-11-18,SKU0145,262.9,0.0,12.0,185.8
2024-11-25,SKU0145,109.9,333.4,12.0,185.8
2024-12-02,SKU0145,30.9,333.4,12.0,185.8
2024-12-09,SKU0145,257.3,0.0,12.0,185.8
2024-12-16,SKU0145,128.3,333.4,12.0,185.8
2024-12-23,SKU0145,0.0,333.4,12.0,185.8
2024-12-30,SKU0145,232.4,0.0,12.0,185.8
2025-01-06,SKU0145,161.4,333.4,12.0,185.8
2025-01-13,SKU0145,110.4,333.4,12.0,185.8
2025-01-20,SKU0145,389.9,0.0,12.0,185.8
2025-01-27,SKU0145,329.9,0.0,12.0,185.8
2025-02-03,SKU0145,275.9,0.0,12.0,185.8
2025-02-10,SKU0145,219.9,0.0,12.0,185.8
2025-02-17,SKU0145,167.9,333.4,12.0,185.8
2025-02-24,SKU0145,106.9,333.4,12.0,185.8
2025-03-03,SKU0145,378.3,0.0,12.0,185.8
2025-03-10,SKU0145,303.3,0.0,12.0,185.8
2025-03-17,SKU0145,220.3,0.0,12.0,185.8
2025-03-24,SKU0145,146.3,333.4,12.0,185.8
2025-03-31,SKU0145,78.3,333.4,12.0,185.8
2025-04-07,SKU0145,351.7,0.0,12.0,185.8
2025-04-14,SKU0145,288.7,0.0,12.0,185.8
2025-04-21,SKU0145,227.7,0.0,12.0,185.8
2025-04-28,SKU0145,156.7,333.4,12.0,185.8
2025-05-05,SKU0145,96.7,333.4,12.0,185.8
2025-05-12,SKU0145,356.2,0.0,12.0,185.8
2025-05-19,SKU0145,286.2,0.0,12.0,185.8
2025-05-26,SKU0145,220.2,0.0,12.0,185.8
2025-06-02,SKU0145,147.2,333.4,12.0,185.8
2025-06-09,SKU0145,59.2,333.4,12.0,185.8
2025-06-16,SKU0145,295.6,0.0,12.0,185.8
2025-06-23,SKU0145,180.6,333.4,12.0,185.8
2025-06-30,SKU0145,113.6,333.4,12.0,185.8
2025-07-07,SKU0145,391.1,0.0,12.0,185.8
2025-07-14,SKU0145,311.1,0.0,12.0,185.8
2025-07-21,SKU0145,242.1,0.0,12.0,185.8
2025-07-28,SKU0145,165.1,333.4,12.0,185.8
2025-08-04,SKU0145,98.1,333.4,12.0,185.8
2025-08-11,SKU0145,370.5,0.0,12.0,185.8
2025-08-18,SKU0145,301.5,0.0,12.0,185.8
2025-08-25,SKU0145,233.5,0.0,12.0,185.8
2025-09-01,SKU0145,182.5,333.4,12.0,185.8
2025-09-08,SKU0145,102.5,333.4,12.0,185.8
2025-09-15,SKU0145,359.9,0.0,12.0,185.8
2025-09-22,SKU0145,294.9,0.0,12.0,185.8
2025-09-29,SKU0145,192.9,0.0,12.0,185.8
2025-10-06,SKU0145,99.9,333.4,12.0,185.8
2025-10-13,SKU0145,0.0,333.4,12.0,185.8
2025-10-20,SKU0145,168.4,333.4,12.0,185.8
2025-10-27,SKU0145,9.4,333.4,12.0,185.8
2025-11-03,SKU0145,229.9,0.0,12.0,185.8
2025-11-10,SKU0145,126.9,333.4,12.0,185.8
2025-11-17,SKU0145,36.9,333.4,12.0,185.8
2025-11-24,SKU0145,219.3,0.0,12.0,185.8
2025-12-01,SKU0145,131.3,333.4,12.0,185.8
2025-12-08,SKU0145,34.3,333.4,12.0,185.8
2025-12-15,SKU0145,233.7,0.0,12.0,185.8
2025-12-22,SKU0145,73.7,333.4,12.0,185.8
2025-12-29,SKU0145,0.0,333.4,12.0,185.8
2026-01-05,SKU0145,254.4,0.0,12.0,185.8
2026-01-12,SKU0145,185.4,333.4,12.0,185.8
2026-01-19,SKU0145,125.4,333.4,12.0,185.8
2026-01-26,SKU0145,395.9,0.0,12.0,185.8
2026-02-02,SKU0145,348.9,0.0,12.0,185.8
2026-02-09,SKU0145,293.9,0.0,12.0,185.8
2026-02-16,SKU0145,236.9,0.0,12.0,185.8
2026-02-23,SKU0145,170.9,333.4,12.0,185.8
2026-03-02,SKU0145,89.9,333.4,12.0,185.8
2026-03-09,SKU0145,341.3,0.0,12.0,185.8
2026-03-16,SKU0145,263.3,0.0,12.0,185.8
2026-03-23,SKU0145,190.3,0.0,12.0,185.8
2026-03-30,SKU0145,114.3,333.4,12.0,185.8
2026-04-06,SKU0145,34.3,333.4,12.0,185.8
2026-04-13,SKU0145,296.7,0.0,12.0,185.8
2026-04-20,SKU0145,213.7,0.0,12.0,185.8
2026-04-27,SKU0145,139.7,333.4,12.0,185.8
2026-05-04,SKU0145,59.7,333.4,12.0,185.8
2026-05-11,SKU0145,323.2,0.0,12.0,185.8
2026-05-18,SKU0145,240.2,0.0,12.0,185.8
2026-05-25,SKU0145,174.2,333.4,12.0,185.8
2026-06-01,SKU0145,99.2,333.4,12.0,185.8
2026-06-08,SKU0145,361.6,0.0,12.0,185.8
2026-06-15,SKU0145,242.6,0.0,12.0,185.8
2026-06-22,SKU0145,126.6,333.4,12.0,185.8
2026-06-29,SKU0145,51.6,333.4,12.0,185.8
2026-07-06,SKU0145,309.1,0.0,12.0,185.8
2026-07-13,SKU0145,242.1,0.0,12.0,185.8
2024-07-22,SKU0146,187.2,255.2,22.0,260.7
2024-07-29,SKU0146,124.2,255.2,22.0,260.7
2024-08-05,SKU0146,83.2,255.2,22.0,260.7
2024-08-12,SKU0146,292.4,0.0,22.0,260.7
2024-08-19,SKU0146,240.4,255.2,22.0,260.7
2024-08-26,SKU0146,186.4,255.2,22.0,260.7
2024-09-02,SKU0146,124.4,255.2,22.0,260.7
2024-09-09,SKU0146,324.6,0.0,22.0,260.7
2024-09-16,SKU0146,278.6,0.0,22.0,260.7
2024-09-23,SKU0146,222.6,255.2,22.0,260.7
2024-09-30,SKU0146,157.6,255.2,22.0,260.7
2024-10-07,SKU0146,102.6,255.2,22.0,260.7
2024-10-14,SKU0146,247.8,255.2,22.0,260.7
2024-10-21,SKU0146,115.8,255.2,22.0,260.7
2024-10-28,SKU0146,0.0,255.2,22.0,260.7
2024-11-04,SKU0146,171.2,255.2,22.0,260.7
2024-11-11,SKU0146,100.2,255.2,22.0,260.7
2024-11-18,SKU0146,9.2,255.2,22.0,260.7
2024-11-25,SKU0146,160.4,255.2,22.0,260.7
2024-12-02,SKU0146,92.4,255.2,22.0,260.7
2024-12-09,SKU0146,11.4,255.2,22.0,260.7
2024-12-16,SKU0146,173.6,255.2,22.0,260.7
2024-12-23,SKU0146,49.6,255.2,22.0,260.7
2024-12-30,SKU0146,0.0,255.2,22.0,260.7
2025-01-06,SKU0146,192.2,255.2,22.0,260.7
2025-01-13,SKU0146,143.2,255.2,22.0,260.7
2025-01-20,SKU0146,92.2,255.2,22.0,260.7
2025-01-27,SKU0146,303.4,0.0,22.0,260.7
2025-02-03,SKU0146,257.4,255.2,22.0,260.7
2025-02-10,SKU0146,220.4,255.2,22.0,260.7
2025-02-17,SKU0146,194.4,255.2,22.0,260.7
2025-02-24,SKU0146,401.6,0.0,22.0,260.7
2025-03-03,SKU0146,363.6,0.0,22.0,260.7
2025-03-10,SKU0146,304.6,0.0,22.0,260.7
2025-03-17,SKU0146,269.6,0.0,22.0,260.7
2025-03-24,SKU0146,227.6,255.2,22.0,260.7
2025-03-31,SKU0146,186.6,255.2,22.0,260.7
2025-04-07,SKU0146,134.6,255.2,22.0,260.7
2025-04-14,SKU0146,339.8,0.0,22.0,260.7
2025-04-21,SKU0146,290.8,0.0,22.0,260.7
2025-04-28,SKU0146,228.8,255.2,22.0,260.7
2025-05-05,SKU0146,172.8,255.2,22.0,260.7
2025-05-12,SKU0146,114.8,255.2,22.0,260.7
2025-05-19,SKU0146,300.0,0.0,22.0,260.7
2025-05-26,SKU0146,247.0,255.2,22.0,260.7
2025-06-02,SKU0146,191.0,255.2,22.0,260.7
2025-06-09,SKU0146,138.0,255.2,22.0,260.7
2025-06-16,SKU0146,309.2,0.0,22.0,260.7
2025-06-23,SKU0146,228.2,255.2,22.0,260.7
2025-06-30,SKU0146,172.2,255.2,22.0,260.7
2025-07-07,SKU0146,127.2,255.2,22.0,260.7
2025-07-14,SKU0146,331.4,0.0,22.0,260.7
2025-07-21,SKU0146,273.4,0.0,22.0,260.7
2025-07-28,SKU0146,209.4,255.2,22.0,260.7
2025-08-04,SKU0146,162.4,255.2,22.0,260.7
2025-08-11,SKU0146,115.4,255.2,22.0,260.7
2025-08-18,SKU0146,319.6,0.0,22.0,260.7
2025-08-25,SKU0146,270.6,0.0,22.0,260.7
2025-09-01,SKU0146,214.6,255.2,22.0,260.7
2025-09-08,SKU0146,168.6,255.2,22.0,260.7
2025-09-15,SKU0146,105.6,255.2,22.0,260.7
2025-09-22,SKU0146,303.8,0.0,22.0,260.7
2025-09-29,SKU0146,227.8,255.2,22.0,260.7
2025-10-06,SKU0146,148.8,255.2,22.0,260.7
2025-10-13,SKU0146,76.8,255.2,22.0,260.7
2025-10-20,SKU0146,202.0,255.2,22.0,260.7
2025-10-27,SKU0146,68.0,255.2,22.0,260.7
2025-11-03,SKU0146,0.0,255.2,22.0,260.7
2025-11-10,SKU0146,173.2,255.2,22.0,260.7
2025-11-17,SKU0146,85.2,255.2,22.0,260.7
2025-11-24,SKU0146,0.0,255.2,22.0,260.7
2025-12-01,SKU0146,168.2,255.2,22.0,260.7
2025-12-08,SKU0146,93.2,255.2,22.0,260.7
2025-12-15,SKU0146,13.2,255.2,22.0,260.7
2025-12-22,SKU0146,130.4,255.2,22.0,260.7
2025-12-29,SKU0146,28.4,255.2,22.0,260.7
2026-01-05,SKU0146,0.0,255.2,22.0,260.7
2026-01-12,SKU0146,202.2,255.2,22.0,260.7
2026-01-19,SKU0146,160.2,255.2,22.0,260.7
2026-01-26,SKU0146,103.2,255.2,22.0,260.7
2026-02-02,SKU0146,308.4,0.0,22.0,260.7
2026-02-09,SKU0146,258.4,255.2,22.0,260.7
2026-02-16,SKU0146,204.4,255.2,22.0,260.7
2026-02-23,SKU0146,155.4,255.2,22.0,260.7
2026-03-02,SKU0146,362.6,0.0,22.0,260.7
2026-03-09,SKU0146,312.6,0.0,22.0,260.7
2026-03-16,SKU0146,270.6,0.0,22.0,260.7
2026-03-23,SKU0146,218.6,255.2,22.0,260.7
2026-03-30,SKU0146,157.6,255.2,22.0,260.7
2026-04-06,SKU0146,110.6,255.2,22.0,260.7
2026-04-13,SKU0146,300.8,0.0,22.0,260.7
2026-04-20,SKU0146,248.8,255.2,22.0,260.7
2026-04-27,SKU0146,181.8,255.2,22.0,260.7
2026-05-04,SKU0146,133.8,255.2,22.0,260.7
2026-05-11,SKU0146,331.0,0.0,22.0,260.7
2026-05-18,SKU0146,271.0,0.0,22.0,260.7
2026-05-25,SKU0146,221.0,255.2,22.0,260.7
2026-06-01,SKU0146,166.0,255.2,22.0,260.7
2026-06-08,SKU0146,129.0,255.2,22.0,260.7
2026-06-15,SKU0146,333.2,0.0,22.0,260.7
2026-06-22,SKU0146,239.2,255.2,22.0,260.7
2026-06-29,SKU0146,174.2,255.2,22.0,260.7
2026-07-06,SKU0146,119.2,255.2,22.0,260.7
2026-07-13,SKU0146,322.4,0.0,22.0,260.7
2026-02-02,SKU0147,80.6,0.0,7.0,31.4
2026-02-09,SKU0147,67.6,0.0,7.0,31.4
2026-02-16,SKU0147,48.6,0.0,7.0,31.4
2026-02-23,SKU0147,29.6,96.6,7.0,31.4
2026-03-02,SKU0147,107.3,0.0,7.0,31.4
2026-03-09,SKU0147,78.3,0.0,7.0,31.4
2026-03-16,SKU0147,56.3,0.0,7.0,31.4
2026-03-23,SKU0147,30.3,96.6,7.0,31.4
2026-03-30,SKU0147,104.9,0.0,7.0,31.4
2026-04-06,SKU0147,75.9,0.0,7.0,31.4
2026-04-13,SKU0147,54.9,0.0,7.0,31.4
2026-04-20,SKU0147,28.9,96.6,7.0,31.4
2026-04-27,SKU0147,99.6,0.0,7.0,31.4
2026-05-04,SKU0147,66.6,0.0,7.0,31.4
2026-05-11,SKU0147,40.6,0.0,7.0,31.4
2026-05-18,SKU0147,5.6,96.6,7.0,31.4
2026-05-25,SKU0147,77.2,0.0,7.0,31.4
2026-06-01,SKU0147,56.2,0.0,7.0,31.4
2026-06-08,SKU0147,39.2,0.0,7.0,31.4
2026-06-15,SKU0147,0.0,96.6,7.0,31.4
2026-06-22,SKU0147,48.6,0.0,7.0,31.4
2026-06-29,SKU0147,18.6,96.6,7.0,31.4
2026-07-06,SKU0147,95.3,0.0,7.0,31.4
2026-07-13,SKU0147,78.3,0.0,7.0,31.4
2024-07-22,SKU0148,403.6,0.0,15.0,340.9
2024-07-29,SKU0148,351.6,0.0,15.0,340.9
2024-08-05,SKU0148,270.6,489.6,15.0,340.9
2024-08-12,SKU0148,175.6,489.6,15.0,340.9
2024-08-19,SKU0148,572.1,0.0,15.0,340.9
2024-08-26,SKU0148,482.1,0.0,15.0,340.9
2024-09-02,SKU0148,381.1,0.0,15.0,340.9
2024-09-09,SKU0148,278.1,489.6,15.0,340.9
2024-09-16,SKU0148,174.1,489.6,15.0,340.9
2024-09-23,SKU0148,564.7,0.0,15.0,340.9
2024-09-30,SKU0148,433.7,0.0,15.0,340.9
2024-10-07,SKU0148,302.7,489.6,15.0,340.9
2024-10-14,SKU0148,95.7,489.6,15.0,340.9
2024-10-21,SKU0148,374.2,0.0,15.0,340.9
2024-10-28,SKU0148,171.2,489.6,15.0,340.9
2024-11-04,SKU0148,0.0,489.6,15.0,340.9
2024-11-11,SKU0148,370.6,0.0,15.0,340.9
2024-11-18,SKU0148,240.6,489.6,15.0,340.9
2024-11-25,SKU0148,19.6,489.6,15.0,340.9
2024-12-02,SKU0148,367.1,0.0,15.0,340.9
2024-12-09,SKU0148,239.1,489.6,15.0,340.9
2024-12-16,SKU0148,62.1,489.6,15.0,340.9
2024-12-23,SKU0148,337.7,489.6,15.0,340.9
2024-12-30,SKU0148,193.7,489.6,15.0,340.9
2025-01-06,SKU0148,580.2,0.0,15.0,340.9
2025-01-13,SKU0148,489.2,0.0,15.0,340.9
2025-01-20,SKU0148,410.2,0.0,15.0,340.9
2025-01-27,SKU0148,333.2,489.6,15.0,340.9
2025-02-03,SKU0148,264.2,489.6,15.0,340.9
2025-02-10,SKU0148,673.8,0.0,15.0,340.9
2025-02-17,SKU0148,594.8,0.0,15.0,340.9
2025-02-24,SKU0148,508.8,0.0,15.0,340.9
2025-03-03,SKU0148,424.8,0.0,15.0,340.9
2025-03-10,SKU0148,326.8,489.6,15.0,340.9
2025-03-17,SKU0148,231.8,489.6,15.0,340.9
2025-03-24,SKU0148,624.4,0.0,15.0,340.9
2025-03-31,SKU0148,514.4,0.0,15.0,340.9
2025-04-07,SKU0148,418.4,0.0,15.0,340.9
2025-04-14,SKU0148,308.4,489.6,15.0,340.9
2025-04-21,SKU0148,217.4,489.6,15.0,340.9
2025-04-28,SKU0148,626.9,0.0,15.0,340.9
2025-05-05,SKU0148,532.9,0.0,15.0,340.9
2025-05-12,SKU0148,439.9,0.0,15.0,340.9
2025-05-19,SKU0148,340.9,0.0,15.0,340.9
2025-05-26,SKU0148,228.9,489.6,15.0,340.9
2025-06-02,SKU0148,123.9,489.6,15.0,340.9
2025-06-09,SKU0148,514.5,0.0,15.0,340.9
2025-06-16,SKU0148,353.5,0.0,15.0,340.9
2025-06-23,SKU0148,184.5,489.6,15.0,340.9
2025-06-30,SKU0148,67.5,489.6,15.0,340.9
2025-07-07,SKU0148,468.1,0.0,15.0,340.9
2025-07-14,SKU0148,353.1,0.0,15.0,340.9
2025-07-21,SKU0148,258.1,489.6,15.0,340.9
2025-07-28,SKU0148,148.1,489.6,15.0,340.9
2025-08-04,SKU0148,542.6,0.0,15.0,340.9
2025-08-11,SKU0148,462.6,0.0,15.0,340.9
2025-08-18,SKU0148,361.6,0.0,15.0,340.9
2025-08-25,SKU0148,262.6,489.6,15.0,340.9
2025-09-01,SKU0148,177.6,489.6,15.0,340.9
2025-09-08,SKU0148,554.2,0.0,15.0,340.9
2025-09-15,SKU0148,460.2,0.0,15.0,340.9
2025-09-22,SKU0148,331.2,489.6,15.0,340.9
2025-09-29,SKU0148,193.2,489.6,15.0,340.9
2025-10-06,SKU0148,537.7,0.0,15.0,340.9
2025-10-13,SKU0148,313.7,489.6,15.0,340.9
2025-10-20,SKU0148,89.7,489.6,15.0,340.9
2025-10-27,SKU0148,326.3,489.6,15.0,340.9
2025-11-03,SKU0148,153.3,489.6,15.0,340.9
2025-11-10,SKU0148,500.9,0.0,15.0,340.9
2025-11-17,SKU0148,356.9,0.0,15.0,340.9
2025-11-24,SKU0148,135.9,489.6,15.0,340.9
2025-12-01,SKU0148,0.0,489.6,15.0,340.9
2025-12-08,SKU0148,332.6,489.6,15.0,340.9
2025-12-15,SKU0148,159.6,489.6,15.0,340.9
2025-12-22,SKU0148,399.1,0.0,15.0,340.9
2025-12-29,SKU0148,202.1,489.6,15.0,340.9
2026-01-05,SKU0148,96.1,489.6,15.0,340.9
2026-01-12,SKU0148,491.7,0.0,15.0,340.9
2026-01-19,SKU0148,384.7,0.0,15.0,340.9
2026-01-26,SKU0148,289.7,489.6,15.0,340.9
2026-02-02,SKU0148,206.7,489.6,15.0,340.9
2026-02-09,SKU0148,593.2,0.0,15.0,340.9
2026-02-16,SKU0148,502.2,0.0,15.0,340.9
2026-02-23,SKU0148,407.2,0.0,15.0,340.9
2026-03-02,SKU0148,318.2,489.6,15.0,340.9
2026-03-09,SKU0148,194.2,489.6,15.0,340.9
2026-03-16,SKU0148,567.8,0.0,15.0,340.9
2026-03-23,SKU0148,458.8,0.0,15.0,340.9
2026-03-30,SKU0148,335.8,489.6,15.0,340.9
2026-04-06,SKU0148,235.8,489.6,15.0,340.9
2026-04-13,SKU0148,619.4,0.0,15.0,340.9
2026-04-20,SKU0148,485.4,0.0,15.0,340.9
2026-04-27,SKU0148,380.4,0.0,15.0,340.9
2026-05-04,SKU0148,254.4,489.6,15.0,340.9
2026-05-11,SKU0148,145.4,489.6,15.0,340.9
2026-05-18,SKU0148,530.9,0.0,15.0,340.9
2026-05-25,SKU0148,394.9,0.0,15.0,340.9
2026-06-01,SKU0148,293.9,489.6,15.0,340.9
2026-06-08,SKU0148,177.9,489.6,15.0,340.9
2026-06-15,SKU0148,499.5,0.0,15.0,340.9
2026-06-22,SKU0148,309.5,489.6,15.0,340.9
2026-06-29,SKU0148,141.5,489.6,15.0,340.9
2026-07-06,SKU0148,528.1,0.0,15.0,340.9
2026-07-13,SKU0148,416.1,0.0,15.0,340.9
2024-07-22,SKU0149,381.8,0.0,9.0,193.0
2024-07-29,SKU0149,302.8,0.0,9.0,193.0
2024-08-05,SKU0149,228.8,0.0,9.0,193.0
2024-08-12,SKU0149,132.8,461.8,9.0,193.0
2024-08-19,SKU0149,495.6,0.0,9.0,193.0
2024-08-26,SKU0149,391.6,0.0,9.0,193.0
2024-09-02,SKU0149,281.6,0.0,9.0,193.0
2024-09-09,SKU0149,183.6,461.8,9.0,193.0
2024-09-16,SKU0149,552.4,0.0,9.0,193.0
2024-09-23,SKU0149,473.4,0.0,9.0,193.0
2024-09-30,SKU0149,349.4,0.0,9.0,193.0
2024-10-07,SKU0149,218.4,0.0,9.0,193.0
2024-10-14,SKU0149,16.4,461.8,9.0,193.0
2024-10-21,SKU0149,256.2,0.0,9.0,193.0
2024-10-28,SKU0149,47.2,461.8,9.0,193.0
2024-11-04,SKU0149,353.0,0.0,9.0,193.0
2024-11-11,SKU0149,223.0,0.0,9.0,193.0
2024-11-18,SKU0149,74.0,461.8,9.0,193.0
2024-11-25,SKU0149,385.7,0.0,9.0,193.0
2024-12-02,SKU0149,261.7,0.0,9.0,193.0
2024-12-09,SKU0149,133.7,461.8,9.0,193.0
2024-12-16,SKU0149,440.5,0.0,9.0,193.0
2024-12-23,SKU0149,208.5,0.0,9.0,193.0
2024-12-30,SKU0149,59.5,461.8,9.0,193.0
2025-01-06,SKU0149,421.3,0.0,9.0,193.0
2025-01-13,SKU0149,338.3,0.0,9.0,193.0
2025-01-20,SKU0149,278.3,0.0,9.0,193.0
2025-01-27,SKU0149,208.3,0.0,9.0,193.0
2025-02-03,SKU0149,119.3,461.8,9.0,193.0
2025-02-10,SKU0149,515.1,0.0,9.0,193.0
2025-02-17,SKU0149,437.1,0.0,9.0,193.0
2025-02-24,SKU0149,355.1,0.0,9.0,193.0
2025-03-03,SKU0149,247.1,0.0,9.0,193.0
2025-03-10,SKU0149,169.1,461.8,9.0,193.0
2025-03-17,SKU0149,528.9,0.0,9.0,193.0
2025-03-24,SKU0149,434.9,0.0,9.0,193.0
2025-03-31,SKU0149,340.9,0.0,9.0,193.0
2025-04-07,SKU0149,249.9,0.0,9.0,193.0
2025-04-14,SKU0149,143.9,461.8,9.0,193.0
2025-04-21,SKU0149,514.7,0.0,9.0,193.0
2025-04-28,SKU0149,429.7,0.0,9.0,193.0
2025-05-05,SKU0149,343.7,0.0,9.0,193.0
2025-05-12,SKU0149,246.7,0.0,9.0,193.0
2025-05-19,SKU0149,155.7,461.8,9.0,193.0
2025-05-26,SKU0149,529.5,0.0,9.0,193.0
2025-06-02,SKU0149,442.5,0.0,9.0,193.0
2025-06-09,SKU0149,323.5,0.0,9.0,193.0
2025-06-16,SKU0149,187.5,461.8,9.0,193.0
2025-06-23,SKU0149,498.3,0.0,9.0,193.0
2025-06-30,SKU0149,402.3,0.0,9.0,193.0
2025-07-07,SKU0149,303.3,0.0,9.0,193.0
2025-07-14,SKU0149,180.3,461.8,9.0,193.0
2025-07-21,SKU0149,547.1,0.0,9.0,193.0
2025-07-28,SKU0149,445.1,0.0,9.0,193.0
2025-08-04,SKU0149,332.1,0.0,9.0,193.0
2025-08-11,SKU0149,223.1,0.0,9.0,193.0
2025-08-18,SKU0149,134.1,461.8,9.0,193.0
2025-08-25,SKU0149,504.9,0.0,9.0,193.0
2025-09-01,SKU0149,411.9,0.0,9.0,193.0
2025-09-08,SKU0149,318.9,0.0,9.0,193.0
2025-09-15,SKU0149,202.9,0.0,9.0,193.0
2025-09-22,SKU0149,110.9,461.8,9.0,193.0
2025-09-29,SKU0149,449.6,0.0,9.0,193.0
2025-10-06,SKU0149,302.6,0.0,9.0,193.0
2025-10-13,SKU0149,94.6,461.8,9.0,193.0
2025-10-20,SKU0149,325.4,0.0,9.0,193.0
2025-10-27,SKU0149,117.4,461.8,9.0,193.0
2025-11-03,SKU0149,408.2,0.0,9.0,193.0
2025-11-10,SKU0149,264.2,0.0,9.0,193.0
2025-11-17,SKU0149,116.2,461.8,9.0,193.0
2025-11-24,SKU0149,360.0,0.0,9.0,193.0
2025-12-01,SKU0149,217.0,0.0,9.0,193.0
2025-12-08,SKU0149,60.0,461.8,9.0,193.0
2025-12-15,SKU0149,373.8,0.0,9.0,193.0
2025-12-22,SKU0149,150.8,461.8,9.0,193.0
2025-12-29,SKU0149,459.6,0.0,9.0,193.0
2026-01-05,SKU0149,347.6,0.0,9.0,193.0
2026-01-12,SKU0149,253.6,0.0,9.0,193.0
2026-01-19,SKU0149,165.6,461.8,9.0,193.0
2026-01-26,SKU0149,536.4,0.0,9.0,193.0
2026-02-02,SKU0149,455.4,0.0,9.0,193.0
2026-02-09,SKU0149,369.4,0.0,9.0,193.0
2026-02-16,SKU0149,273.4,0.0,9.0,193.0
2026-02-23,SKU0149,182.4,461.8,9.0,193.0
2026-03-02,SKU0149,539.2,0.0,9.0,193.0
2026-03-09,SKU0149,437.2,0.0,9.0,193.0
2026-03-16,SKU0149,331.2,0.0,9.0,193.0
2026-03-23,SKU0149,254.2,0.0,9.0,193.0
2026-03-30,SKU0149,163.2,461.8,9.0,193.0
2026-04-06,SKU0149,527.0,0.0,9.0,193.0
2026-04-13,SKU0149,433.0,0.0,9.0,193.0
2026-04-20,SKU0149,339.0,0.0,9.0,193.0
2026-04-27,SKU0149,220.0,0.0,9.0,193.0
2026-05-04,SKU0149,127.0,461.8,9.0,193.0
2026-05-11,SKU0149,499.8,0.0,9.0,193.0
2026-05-18,SKU0149,399.8,0.0,9.0,193.0
2026-05-25,SKU0149,299.8,0.0,9.0,193.0
2026-06-01,SKU0149,205.8,0.0,9.0,193.0
2026-06-08,SKU0149,105.8,461.8,9.0,193.0
2026-06-15,SKU0149,396.6,0.0,9.0,193.0
2026-06-22,SKU0149,216.6,0.0,9.0,193.0
2026-06-29,SKU0149,85.6,461.8,9.0,193.0
2026-07-06,SKU0149,456.3,0.0,9.0,193.0
2026-07-13,SKU0149,362.3,0.0,9.0,193.0
2024-07-29,SKU0150,144.7,188.7,35.0,306.6
2024-08-05,SKU0150,93.7,188.7,35.0,306.6
2024-08-12,SKU0150,50.7,188.7,35.0,306.6
2024-08-19,SKU0150,6.7,188.7,35.0,306.6
2024-08-26,SKU0150,0.0,188.7,35.0,306.6
2024-09-02,SKU0150,151.7,188.7,35.0,306.6
2024-09-09,SKU0150,117.7,188.7,35.0,306.6
2024-09-16,SKU0150,75.7,188.7,35.0,306.6
2024-09-23,SKU0150,34.7,188.7,35.0,306.6
2024-09-30,SKU0150,0.0,188.7,35.0,306.6
2024-10-07,SKU0150,148.7,188.7,35.0,306.6
2024-10-14,SKU0150,63.7,188.7,35.0,306.6
2024-10-21,SKU0150,0.0,188.7,35.0,306.6
2024-10-28,SKU0150,0.0,188.7,35.0,306.6
2024-11-04,SKU0150,0.0,188.7,35.0,306.6
2024-11-11,SKU0150,141.7,188.7,35.0,306.6
2024-11-18,SKU0150,88.7,188.7,35.0,306.6
2024-11-25,SKU0150,12.7,188.7,35.0,306.6
2024-12-02,SKU0150,0.0,188.7,35.0,306.6
2024-12-09,SKU0150,0.0,188.7,35.0,306.6
2024-12-16,SKU0150,117.7,188.7,35.0,306.6
2024-12-23,SKU0150,27.7,188.7,35.0,306.6
2024-12-30,SKU0150,0.0,188.7,35.0,306.6
2025-01-06,SKU0150,0.0,188.7,35.0,306.6
2025-01-13,SKU0150,0.0,188.7,35.0,306.6
2025-01-20,SKU0150,165.7,188.7,35.0,306.6
2025-01-27,SKU0150,125.7,188.7,35.0,306.6
2025-02-03,SKU0150,88.7,188.7,35.0,306.6
2025-02-10,SKU0150,45.7,188.7,35.0,306.6
2025-02-17,SKU0150,6.7,188.7,35.0,306.6
2025-02-24,SKU0150,152.3,188.7,35.0,306.6
2025-03-03,SKU0150,104.3,188.7,35.0,306.6
2025-03-10,SKU0150,71.3,188.7,35.0,306.6
2025-03-17,SKU0150,30.3,188.7,35.0,306.6
2025-03-24,SKU0150,0.0,188.7,35.0,306.6
2025-03-31,SKU0150,156.7,188.7,35.0,306.6
2025-04-07,SKU0150,114.7,188.7,35.0,306.6
2025-04-14,SKU0150,83.7,188.7,35.0,306.6
2025-04-21,SKU0150,42.7,188.7,35.0,306.6
2025-04-28,SKU0150,1.7,188.7,35.0,306.6
2025-05-05,SKU0150,150.3,188.7,35.0,306.6
2025-05-12,SKU0150,108.3,188.7,35.0,306.6
2025-05-19,SKU0150,70.3,188.7,35.0,306.6
2025-05-26,SKU0150,31.3,188.7,35.0,306.6
2025-06-02,SKU0150,0.0,188.7,35.0,306.6
2025-06-09,SKU0150,150.7,188.7,35.0,306.6
2025-06-16,SKU0150,93.7,188.7,35.0,306.6
2025-06-23,SKU0150,22.7,188.7,35.0,306.6
2025-06-30,SKU0150,0.0,188.7,35.0,306.6
2025-07-07,SKU0150,0.0,188.7,35.0,306.6
2025-07-14,SKU0150,156.7,188.7,35.0,306.6
2025-07-21,SKU0150,114.7,188.7,35.0,306.6
2025-07-28,SKU0150,70.7,188.7,35.0,306.6
2025-08-04,SKU0150,36.7,188.7,35.0,306.6
2025-08-11,SKU0150,10.7,188.7,35.0,306.6
2025-08-18,SKU0150,161.3,188.7,35.0,306.6
2025-08-25,SKU0150,117.3,188.7,35.0,306.6
2025-09-01,SKU0150,87.3,188.7,35.0,306.6
2025-09-08,SKU0150,50.3,188.7,35.0,306.6
2025-09-15,SKU0150,13.3,188.7,35.0,306.6
2025-09-22,SKU0150,161.0,188.7,35.0,306.6
2025-09-29,SKU0150,110.0,188.7,35.0,306.6
2025-10-06,SKU0150,61.0,188.7,35.0,306.6
2025-10-13,SKU0150,0.0,188.7,35.0,306.6
2025-10-20,SKU0150,0.0,188.7,35.0,306.6
2025-10-27,SKU0150,105.7,188.7,35.0,306.6
2025-11-03,SKU0150,42.7,188.7,35.0,306.6
2025-11-10,SKU0150,0.0,188.7,35.0,306.6
2025-11-17,SKU0150,0.0,188.7,35.0,306.6
2025-11-24,SKU0150,-0.0,188.7,35.0,306.6
2025-12-01,SKU0150,143.7,188.7,35.0,306.6
2025-12-08,SKU0150,95.7,188.7,35.0,306.6
2025-12-15,SKU0150,31.7,188.7,35.0,306.6
2025-12-22,SKU0150,0.0,188.7,35.0,306.6
2025-12-29,SKU0150,0.0,188.7,35.0,306.6
2026-01-05,SKU0150,144.7,188.7,35.0,306.6
2026-01-12,SKU0150,120.7,188.7,35.0,306.6
2026-01-19,SKU0150,87.7,188.7,35.0,306.6
2026-01-26,SKU0150,52.7,188.7,35.0,306.6
2026-02-02,SKU0150,20.7,188.7,35.0,306.6
2026-02-09,SKU0150,180.3,188.7,35.0,306.6
2026-02-16,SKU0150,140.3,188.7,35.0,306.6
2026-02-23,SKU0150,94.3,188.7,35.0,306.6
2026-03-02,SKU0150,67.3,188.7,35.0,306.6
2026-03-09,SKU0150,42.3,188.7,35.0,306.6
2026-03-16,SKU0150,184.0,188.7,35.0,306.6
2026-03-23,SKU0150,136.0,188.7,35.0,306.6
2026-03-30,SKU0150,89.0,188.7,35.0,306.6
2026-04-06,SKU0150,46.0,188.7,35.0,306.6
2026-04-13,SKU0150,11.0,188.7,35.0,306.6
2026-04-20,SKU0150,161.6,188.7,35.0,306.6
2026-04-27,SKU0150,115.6,188.7,35.0,306.6
2026-05-04,SKU0150,66.6,188.7,35.0,306.6
2026-05-11,SKU0150,27.6,188.7,35.0,306.6
2026-05-18,SKU0150,0.0,188.7,35.0,306.6
2026-05-25,SKU0150,143.7,188.7,35.0,306.6
2026-06-01,SKU0150,101.7,188.7,35.0,306.6
2026-06-08,SKU0150,64.7,188.7,35.0,306.6
2026-06-15,SKU0150,0.0,188.7,35.0,306.6
2026-06-22,SKU0150,0.0,188.7,35.0,306.6
2026-06-29,SKU0150,138.7,188.7,35.0,306.6
2026-07-06,SKU0150,108.7,188.7,35.0,306.6
2026-07-13,SKU0150,57.7,188.7,35.0,306.6
2024-07-29,SKU0151,336.5,423.5,21.0,412.9
2024-08-05,SKU0151,256.5,423.5,21.0,412.9
2024-08-12,SKU0151,159.5,423.5,21.0,412.9
2024-08-19,SKU0151,490.0,0.0,21.0,412.9
2024-08-26,SKU0151,374.0,423.5,21.0,412.9
2024-09-02,SKU0151,293.0,423.5,21.0,412.9
2024-09-09,SKU0151,211.0,423.5,21.0,412.9
2024-09-16,SKU0151,549.5,0.0,21.0,412.9
2024-09-23,SKU0151,470.5,0.0,21.0,412.9
2024-09-30,SKU0151,328.5,423.5,21.0,412.9
2024-10-07,SKU0151,216.5,423.5,21.0,412.9
2024-10-14,SKU0151,45.5,423.5,21.0,412.9
2024-10-21,SKU0151,234.0,423.5,21.0,412.9
2024-10-28,SKU0151,51.0,423.5,21.0,412.9
2024-11-04,SKU0151,0.0,423.5,21.0,412.9
2024-11-11,SKU0151,298.5,423.5,21.0,412.9
2024-11-18,SKU0151,199.5,423.5,21.0,412.9
2024-11-25,SKU0151,26.5,423.5,21.0,412.9
2024-12-02,SKU0151,303.0,423.5,21.0,412.9
2024-12-09,SKU0151,159.0,423.5,21.0,412.9
2024-12-16,SKU0151,7.0,423.5,21.0,412.9
2024-12-23,SKU0151,249.5,423.5,21.0,412.9
2024-12-30,SKU0151,126.5,423.5,21.0,412.9
2025-01-06,SKU0151,27.5,423.5,21.0,412.9
2025-01-13,SKU0151,380.0,423.5,21.0,412.9
2025-01-20,SKU0151,291.0,423.5,21.0,412.9
2025-01-27,SKU0151,230.0,423.5,21.0,412.9
2025-02-03,SKU0151,585.5,0.0,21.0,412.9
2025-02-10,SKU0151,500.5,0.0,21.0,412.9
2025-02-17,SKU0151,435.5,0.0,21.0,412.9
2025-02-24,SKU0151,360.5,423.5,21.0,412.9
2025-03-03,SKU0151,261.5,423.5,21.0,412.9
2025-03-10,SKU0151,172.5,423.5,21.0,412.9
2025-03-17,SKU0151,508.0,0.0,21.0,412.9
2025-03-24,SKU0151,415.0,0.0,21.0,412.9
2025-03-31,SKU0151,334.0,423.5,21.0,412.9
2025-04-07,SKU0151,252.0,423.5,21.0,412.9
2025-04-14,SKU0151,167.0,423.5,21.0,412.9
2025-04-21,SKU0151,493.5,0.0,21.0,412.9
2025-04-28,SKU0151,388.5,423.5,21.0,412.9
2025-05-05,SKU0151,304.5,423.5,21.0,412.9
2025-05-12,SKU0151,221.5,423.5,21.0,412.9
2025-05-19,SKU0151,575.0,0.0,21.0,412.9
2025-05-26,SKU0151,497.0,0.0,21.0,412.9
2025-06-02,SKU0151,403.0,423.5,21.0,412.9
2025-06-09,SKU0151,295.0,423.5,21.0,412.9
2025-06-16,SKU0151,155.0,423.5,21.0,412.9
2025-06-23,SKU0151,433.5,0.0,21.0,412.9
2025-06-30,SKU0151,335.5,423.5,21.0,412.9
2025-07-07,SKU0151,241.5,423.5,21.0,412.9
2025-07-14,SKU0151,145.5,423.5,21.0,412.9
2025-07-21,SKU0151,463.0,0.0,21.0,412.9
2025-07-28,SKU0151,379.0,423.5,21.0,412.9
2025-08-04,SKU0151,303.0,423.5,21.0,412.9
2025-08-11,SKU0151,218.0,423.5,21.0,412.9
2025-08-18,SKU0151,539.5,0.0,21.0,412.9
2025-08-25,SKU0151,438.5,0.0,21.0,412.9
2025-09-01,SKU0151,339.5,423.5,21.0,412.9
2025-09-08,SKU0151,251.5,423.5,21.0,412.9
2025-09-15,SKU0151,174.5,423.5,21.0,412.9
2025-09-22,SKU0151,525.0,0.0,21.0,412.9
2025-09-29,SKU0151,411.0,423.5,21.0,412.9
2025-10-06,SKU0151,286.0,423.5,21.0,412.9
2025-10-13,SKU0151,141.0,423.5,21.0,412.9
2025-10-20,SKU0151,379.5,423.5,21.0,412.9
2025-10-27,SKU0151,180.5,423.5,21.0,412.9
2025-11-03,SKU0151,28.5,423.5,21.0,412.9
2025-11-10,SKU0151,330.0,423.5,21.0,412.9
2025-11-17,SKU0151,206.0,423.5,21.0,412.9
2025-11-24,SKU0151,36.0,423.5,21.0,412.9
2025-12-01,SKU0151,330.5,423.5,21.0,412.9
2025-12-08,SKU0151,212.5,423.5,21.0,412.9
2025-12-15,SKU0151,30.5,423.5,21.0,412.9
2025-12-22,SKU0151,242.0,423.5,21.0,412.9
2025-12-29,SKU0151,93.0,423.5,21.0,412.9
2026-01-05,SKU0151,0.0,423.5,21.0,412.9
2026-01-12,SKU0151,342.5,423.5,21.0,412.9
2026-01-19,SKU0151,252.5,423.5,21.0,412.9
2026-01-26,SKU0151,180.5,423.5,21.0,412.9
2026-02-02,SKU0151,536.0,0.0,21.0,412.9
2026-02-09,SKU0151,451.0,0.0,21.0,412.9
2026-02-16,SKU0151,380.0,423.5,21.0,412.9
2026-02-23,SKU0151,282.0,423.5,21.0,412.9
2026-03-02,SKU0151,192.0,423.5,21.0,412.9
2026-03-09,SKU0151,540.5,0.0,21.0,412.9
2026-03-16,SKU0151,469.5,0.0,21.0,412.9
2026-03-23,SKU0151,386.5,423.5,21.0,412.9
2026-03-30,SKU0151,296.5,423.5,21.0,412.9
2026-04-06,SKU0151,216.5,423.5,21.0,412.9
2026-04-13,SKU0151,560.0,0.0,21.0,412.9
2026-04-20,SKU0151,482.0,0.0,21.0,412.9
2026-04-27,SKU0151,393.0,423.5,21.0,412.9
2026-05-04,SKU0151,291.0,423.5,21.0,412.9
2026-05-11,SKU0151,178.0,423.5,21.0,412.9
2026-05-18,SKU0151,514.5,0.0,21.0,412.9
2026-05-25,SKU0151,438.5,0.0,21.0,412.9
2026-06-01,SKU0151,348.5,423.5,21.0,412.9
2026-06-08,SKU0151,250.5,423.5,21.0,412.9
2026-06-15,SKU0151,114.5,423.5,21.0,412.9
2026-06-22,SKU0151,389.0,423.5,21.0,412.9
2026-06-29,SKU0151,290.0,423.5,21.0,412.9
2026-07-06,SKU0151,201.0,423.5,21.0,412.9
2026-07-13,SKU0151,516.5,0.0,21.0,412.9
2024-07-29,SKU0152,169.9,0.0,8.0,76.9
2024-08-05,SKU0152,129.9,0.0,8.0,76.9
2024-08-12,SKU0152,90.9,0.0,8.0,76.9
2024-08-19,SKU0152,36.9,206.9,8.0,76.9
2024-08-26,SKU0152,210.8,0.0,8.0,76.9
2024-09-02,SKU0152,183.8,0.0,8.0,76.9
2024-09-09,SKU0152,131.8,0.0,8.0,76.9
2024-09-16,SKU0152,88.8,0.0,8.0,76.9
2024-09-23,SKU0152,50.8,206.9,8.0,76.9
2024-09-30,SKU0152,199.7,0.0,8.0,76.9
2024-10-07,SKU0152,136.7,0.0,8.0,76.9
2024-10-14,SKU0152,51.7,206.9,8.0,76.9
2024-10-21,SKU0152,157.7,0.0,8.0,76.9
2024-10-28,SKU0152,66.7,206.9,8.0,76.9
2024-11-04,SKU0152,201.6,0.0,8.0,76.9
2024-11-11,SKU0152,138.6,0.0,8.0,76.9
2024-11-18,SKU0152,89.6,0.0,8.0,76.9
2024-11-25,SKU0152,0.0,206.9,8.0,76.9
2024-12-02,SKU0152,135.9,0.0,8.0,76.9
2024-12-09,SKU0152,92.9,0.0,8.0,76.9
2024-12-16,SKU0152,28.9,206.9,8.0,76.9
2024-12-23,SKU0152,139.8,0.0,8.0,76.9
2024-12-30,SKU0152,71.8,206.9,8.0,76.9
2025-01-06,SKU0152,230.7,0.0,8.0,76.9
2025-01-13,SKU0152,197.7,0.0,8.0,76.9
2025-01-20,SKU0152,159.7,0.0,8.0,76.9
2025-01-27,SKU0152,115.7,0.0,8.0,76.9
2025-02-03,SKU0152,76.7,206.9,8.0,76.9
2025-02-10,SKU0152,248.7,0.0,8.0,76.9
2025-02-17,SKU0152,207.7,0.0,8.0,76.9
2025-02-24,SKU0152,170.7,0.0,8.0,76.9
2025-03-03,SKU0152,125.7,0.0,8.0,76.9
2025-03-10,SKU0152,77.7,0.0,8.0,76.9
2025-03-17,SKU0152,35.7,206.9,8.0,76.9
2025-03-24,SKU0152,204.6,0.0,8.0,76.9
2025-03-31,SKU0152,162.6,0.0,8.0,76.9
2025-04-07,SKU0152,134.6,0.0,8.0,76.9
2025-04-14,SKU0152,85.6,0.0,8.0,76.9
2025-04-21,SKU0152,42.6,206.9,8.0,76.9
2025-04-28,SKU0152,194.5,0.0,8.0,76.9
2025-05-05,SKU0152,145.5,0.0,8.0,76.9
2025-05-12,SKU0152,97.5,0.0,8.0,76.9
2025-05-19,SKU0152,48.5,206.9,8.0,76.9
2025-05-26,SKU0152,207.4,0.0,8.0,76.9
2025-06-02,SKU0152,157.4,0.0,8.0,76.9
2025-06-09,SKU0152,120.4,0.0,8.0,76.9
2025-06-16,SKU0152,41.4,206.9,8.0,76.9
2025-06-23,SKU0152,180.3,0.0,8.0,76.9
2025-06-30,SKU0152,139.3,0.0,8.0,76.9
2025-07-07,SKU0152,100.3,0.0,8.0,76.9
2025-07-14,SKU0152,55.3,206.9,8.0,76.9
2025-07-21,SKU0152,207.2,0.0,8.0,76.9
2025-07-28,SKU0152,174.2,0.0,8.0,76.9
2025-08-04,SKU0152,147.2,0.0,8.0,76.9
2025-08-11,SKU0152,102.2,0.0,8.0,76.9
2025-08-18,SKU0152,52.2,206.9,8.0,76.9
2025-08-25,SKU0152,222.1,0.0,8.0,76.9
2025-09-01,SKU0152,168.1,0.0,8.0,76.9
2025-09-08,SKU0152,120.1,0.0,8.0,76.9
2025-09-15,SKU0152,80.1,0.0,8.0,76.9
2025-09-22,SKU0152,35.1,206.9,8.0,76.9
2025-09-29,SKU0152,186.0,0.0,8.0,76.9
2025-10-06,SKU0152,133.0,0.0,8.0,76.9
2025-10-13,SKU0152,46.0,206.9,8.0,76.9
2025-10-20,SKU0152,159.0,0.0,8.0,76.9
2025-10-27,SKU0152,66.0,206.9,8.0,76.9
2025-11-03,SKU0152,201.9,0.0,8.0,76.9
2025-11-10,SKU0152,125.9,0.0,8.0,76.9
2025-11-17,SKU0152,74.9,206.9,8.0,76.9
2025-11-24,SKU0152,185.8,0.0,8.0,76.9
2025-12-01,SKU0152,133.8,0.0,8.0,76.9
2025-12-08,SKU0152,55.8,206.9,8.0,76.9
2025-12-15,SKU0152,177.7,0.0,8.0,76.9
2025-12-22,SKU0152,92.7,0.0,8.0,76.9
2025-12-29,SKU0152,26.7,206.9,8.0,76.9
2026-01-05,SKU0152,187.6,0.0,8.0,76.9
2026-01-12,SKU0152,158.6,0.0,8.0,76.9
2026-01-19,SKU0152,121.6,0.0,8.0,76.9
2026-01-26,SKU0152,74.6,206.9,8.0,76.9
2026-02-02,SKU0152,242.5,0.0,8.0,76.9
2026-02-09,SKU0152,205.5,0.0,8.0,76.9
2026-02-16,SKU0152,180.5,0.0,8.0,76.9
2026-02-23,SKU0152,143.5,0.0,8.0,76.9
2026-03-02,SKU0152,84.5,0.0,8.0,76.9
2026-03-09,SKU0152,40.5,206.9,8.0,76.9
2026-03-16,SKU0152,199.4,0.0,8.0,76.9
2026-03-23,SKU0152,156.4,0.0,8.0,76.9
2026-03-30,SKU0152,122.4,0.0,8.0,76.9
2026-04-06,SKU0152,75.4,206.9,8.0,76.9
2026-04-13,SKU0152,241.3,0.0,8.0,76.9
2026-04-20,SKU0152,201.3,0.0,8.0,76.9
2026-04-27,SKU0152,158.3,0.0,8.0,76.9
2026-05-04,SKU0152,117.3,0.0,8.0,76.9
2026-05-11,SKU0152,65.3,206.9,8.0,76.9
2026-05-18,SKU0152,231.3,0.0,8.0,76.9
2026-05-25,SKU0152,190.3,0.0,8.0,76.9
2026-06-01,SKU0152,144.3,0.0,8.0,76.9
2026-06-08,SKU0152,106.3,0.0,8.0,76.9
2026-06-15,SKU0152,41.3,206.9,8.0,76.9
2026-06-22,SKU0152,198.2,0.0,8.0,76.9
2026-06-29,SKU0152,156.2,0.0,8.0,76.9
2026-07-06,SKU0152,103.2,0.0,8.0,76.9
2026-07-13,SKU0152,58.2,206.9,8.0,76.9
2026-05-04,SKU0153,67.3,85.3,42.0,166.4
2026-05-11,SKU0153,45.3,85.3,42.0,166.4
2026-05-18,SKU0153,23.3,85.3,42.0,166.4
2026-05-25,SKU0153,6.3,85.3,42.0,166.4
2026-06-01,SKU0153,0.0,85.3,42.0,166.4
2026-06-08,SKU0153,0.0,85.3,42.0,166.4
2026-06-15,SKU0153,43.3,85.3,42.0,166.4
2026-06-22,SKU0153,19.3,85.3,42.0,166.4
2026-06-29,SKU0153,0.0,85.3,42.0,166.4
2026-07-06,SKU0153,0.0,85.3,42.0,166.4
2026-07-13,SKU0153,0.0,85.3,42.0,166.4
2024-08-05,SKU0154,264.5,361.5,16.0,268.6
2024-08-12,SKU0154,198.5,361.5,16.0,268.6
2024-08-19,SKU0154,496.0,0.0,16.0,268.6
2024-08-26,SKU0154,435.0,0.0,16.0,268.6
2024-09-02,SKU0154,370.0,0.0,16.0,268.6
2024-09-09,SKU0154,300.0,0.0,16.0,268.6
2024-09-16,SKU0154,234.0,361.5,16.0,268.6
2024-09-23,SKU0154,174.0,361.5,16.0,268.6
2024-09-30,SKU0154,443.5,0.0,16.0,268.6
2024-10-07,SKU0154,337.5,0.0,16.0,268.6
2024-10-14,SKU0154,213.5,361.5,16.0,268.6
2024-10-21,SKU0154,59.5,361.5,16.0,268.6
2024-10-28,SKU0154,228.1,361.5,16.0,268.6
2024-11-04,SKU0154,98.1,361.5,16.0,268.6
2024-11-11,SKU0154,359.6,0.0,16.0,268.6
2024-11-18,SKU0154,254.6,361.5,16.0,268.6
2024-11-25,SKU0154,97.6,361.5,16.0,268.6
2024-12-02,SKU0154,360.1,0.0,16.0,268.6
2024-12-09,SKU0154,268.1,361.5,16.0,268.6
2024-12-16,SKU0154,153.1,361.5,16.0,268.6
2024-12-23,SKU0154,343.6,0.0,16.0,268.6
2024-12-30,SKU0154,222.6,361.5,16.0,268.6
2025-01-06,SKU0154,155.6,361.5,16.0,268.6
2025-01-13,SKU0154,455.1,0.0,16.0,268.6
2025-01-20,SKU0154,382.1,0.0,16.0,268.6
2025-01-27,SKU0154,312.1,0.0,16.0,268.6
2025-02-03,SKU0154,253.1,361.5,16.0,268.6
2025-02-10,SKU0154,192.1,361.5,16.0,268.6
2025-02-17,SKU0154,507.6,0.0,16.0,268.6
2025-02-24,SKU0154,432.6,0.0,16.0,268.6
2025-03-03,SKU0154,370.6,0.0,16.0,268.6
2025-03-10,SKU0154,295.6,0.0,16.0,268.6
2025-03-17,SKU0154,210.6,361.5,16.0,268.6
2025-03-24,SKU0154,148.6,361.5,16.0,268.6
2025-03-31,SKU0154,436.1,0.0,16.0,268.6
2025-04-07,SKU0154,370.1,0.0,16.0,268.6
2025-04-14,SKU0154,315.1,0.0,16.0,268.6
2025-04-21,SKU0154,239.1,361.5,16.0,268.6
2025-04-28,SKU0154,152.1,361.5,16.0,268.6
2025-05-05,SKU0154,433.7,0.0,16.0,268.6
2025-05-12,SKU0154,350.7,0.0,16.0,268.6
2025-05-19,SKU0154,262.7,361.5,16.0,268.6
2025-05-26,SKU0154,198.7,361.5,16.0,268.6
2025-06-02,SKU0154,488.2,0.0,16.0,268.6
2025-06-09,SKU0154,404.2,0.0,16.0,268.6
2025-06-16,SKU0154,269.2,0.0,16.0,268.6
2025-06-23,SKU0154,149.2,361.5,16.0,268.6
2025-06-30,SKU0154,63.2,361.5,16.0,268.6
2025-07-07,SKU0154,356.7,0.0,16.0,268.6
2025-07-14,SKU0154,279.7,0.0,16.0,268.6
2025-07-21,SKU0154,201.7,361.5,16.0,268.6
2025-07-28,SKU0154,120.7,361.5,16.0,268.6
2025-08-04,SKU0154,407.2,0.0,16.0,268.6
2025-08-11,SKU0154,340.2,0.0,16.0,268.6
2025-08-18,SKU0154,264.2,361.5,16.0,268.6
2025-08-25,SKU0154,185.2,361.5,16.0,268.6
2025-09-01,SKU0154,471.7,0.0,16.0,268.6
2025-09-08,SKU0154,379.7,0.0,16.0,268.6
2025-09-15,SKU0154,306.7,0.0,16.0,268.6
2025-09-22,SKU0154,231.7,361.5,16.0,268.6
2025-09-29,SKU0154,122.7,361.5,16.0,268.6
2025-10-06,SKU0154,381.2,0.0,16.0,268.6
2025-10-13,SKU0154,248.2,361.5,16.0,268.6
2025-10-20,SKU0154,82.2,361.5,16.0,268.6
2025-10-27,SKU0154,280.7,0.0,16.0,268.6
2025-11-03,SKU0154,130.7,361.5,16.0,268.6
2025-11-10,SKU0154,39.7,361.5,16.0,268.6
2025-11-17,SKU0154,304.3,0.0,16.0,268.6
2025-11-24,SKU0154,139.3,361.5,16.0,268.6
2025-12-01,SKU0154,53.3,361.5,16.0,268.6
2025-12-08,SKU0154,306.8,0.0,16.0,268.6
2025-12-15,SKU0154,166.8,361.5,16.0,268.6
2025-12-22,SKU0154,0.0,361.5,16.0,268.6
2025-12-29,SKU0154,244.5,361.5,16.0,268.6
2026-01-05,SKU0154,176.5,361.5,16.0,268.6
2026-01-12,SKU0154,480.0,0.0,16.0,268.6
2026-01-19,SKU0154,418.0,0.0,16.0,268.6
2026-01-26,SKU0154,346.0,0.0,16.0,268.6
2026-02-02,SKU0154,271.0,0.0,16.0,268.6
2026-02-09,SKU0154,201.0,361.5,16.0,268.6
2026-02-16,SKU0154,135.0,361.5,16.0,268.6
2026-02-23,SKU0154,430.5,0.0,16.0,268.6
2026-03-02,SKU0154,337.5,0.0,16.0,268.6
2026-03-09,SKU0154,270.5,0.0,16.0,268.6
2026-03-16,SKU0154,195.5,361.5,16.0,268.6
2026-03-23,SKU0154,120.5,361.5,16.0,268.6
2026-03-30,SKU0154,408.1,0.0,16.0,268.6
2026-04-06,SKU0154,324.1,0.0,16.0,268.6
2026-04-13,SKU0154,241.1,361.5,16.0,268.6
2026-04-20,SKU0154,161.1,361.5,16.0,268.6
2026-04-27,SKU0154,444.6,0.0,16.0,268.6
2026-05-04,SKU0154,384.6,0.0,16.0,268.6
2026-05-11,SKU0154,284.6,0.0,16.0,268.6
2026-05-18,SKU0154,221.6,361.5,16.0,268.6
2026-05-25,SKU0154,153.6,361.5,16.0,268.6
2026-06-01,SKU0154,438.1,0.0,16.0,268.6
2026-06-08,SKU0154,349.1,0.0,16.0,268.6
2026-06-15,SKU0154,196.1,361.5,16.0,268.6
2026-06-22,SKU0154,73.1,361.5,16.0,268.6
2026-06-29,SKU0154,344.6,0.0,16.0,268.6
2026-07-06,SKU0154,260.6,361.5,16.0,268.6
2026-07-13,SKU0154,188.6,361.5,16.0,268.6
2024-07-22,SKU0155,148.2,180.2,44.0,368.1
2024-07-29,SKU0155,109.2,180.2,44.0,368.1
2024-08-05,SKU0155,72.2,180.2,44.0,368.1
2024-08-12,SKU0155,31.2,180.2,44.0,368.1
2024-08-19,SKU0155,0.0,180.2,44.0,368.1
2024-08-26,SKU0155,0.0,180.2,44.0,368.1
2024-09-02,SKU0155,148.2,180.2,44.0,368.1
2024-09-09,SKU0155,108.2,180.2,44.0,368.1
2024-09-16,SKU0155,76.2,180.2,44.0,368.1
2024-09-23,SKU0155,39.2,180.2,44.0,368.1
2024-09-30,SKU0155,0.0,180.2,44.0,368.1
2024-10-07,SKU0155,0.0,180.2,44.0,368.1
2024-10-14,SKU0155,116.2,180.2,44.0,368.1
2024-10-21,SKU0155,32.2,180.2,44.0,368.1
2024-10-28,SKU0155,0.0,180.2,44.0,368.1
2024-11-04,SKU0155,0.0,180.2,44.0,368.1
2024-11-11,SKU0155,0.0,180.2,44.0,368.1
2024-11-18,SKU0155,0.0,180.2,44.0,368.1
2024-11-25,SKU0155,95.2,180.2,44.0,368.1
2024-12-02,SKU0155,40.2,180.2,44.0,368.1
2024-12-09,SKU0155,0.0,180.2,44.0,368.1
2024-12-16,SKU0155,0.0,180.2,44.0,368.1
2024-12-23,SKU0155,0.0,180.2,44.0,368.1
2024-12-30,SKU0155,0.0,180.2,44.0,368.1
2025-01-06,SKU0155,143.2,180.2,44.0,368.1
2025-01-13,SKU0155,116.2,180.2,44.0,368.1
2025-01-20,SKU0155,93.2,180.2,44.0,368.1
2025-01-27,SKU0155,57.2,180.2,44.0,368.1
2025-02-03,SKU0155,24.2,180.2,44.0,368.1
2025-02-10,SKU0155,0.0,180.2,44.0,368.1
2025-02-17,SKU0155,147.2,180.2,44.0,368.1
2025-02-24,SKU0155,109.2,180.2,44.0,368.1
2025-03-03,SKU0155,75.2,180.2,44.0,368.1
2025-03-10,SKU0155,36.2,180.2,44.0,368.1
2025-03-17,SKU0155,0.0,180.2,44.0,368.1
2025-03-24,SKU0155,0.0,180.2,44.0,368.1
2025-03-31,SKU0155,151.2,180.2,44.0,368.1
2025-04-07,SKU0155,113.2,180.2,44.0,368.1
2025-04-14,SKU0155,70.2,180.2,44.0,368.1
2025-04-21,SKU0155,34.2,180.2,44.0,368.1
2025-04-28,SKU0155,0.0,180.2,44.0,368.1
2025-05-05,SKU0155,0.0,180.2,44.0,368.1
2025-05-12,SKU0155,129.2,180.2,44.0,368.1
2025-05-19,SKU0155,86.2,180.2,44.0,368.1
2025-05-26,SKU0155,43.2,180.2,44.0,368.1
2025-06-02,SKU0155,7.2,180.2,44.0,368.1
2025-06-09,SKU0155,0.0,180.2,44.0,368.1
2025-06-16,SKU0155,0.0,180.2,44.0,368.1
2025-06-23,SKU0155,124.2,180.2,44.0,368.1
2025-06-30,SKU0155,81.2,180.2,44.0,368.1
2025-07-07,SKU0155,42.2,180.2,44.0,368.1
2025-07-14,SKU0155,13.2,180.2,44.0,368.1
2025-07-21,SKU0155,0.0,180.2,44.0,368.1
2025-07-28,SKU0155,0.0,180.2,44.0,368.1
2025-08-04,SKU0155,144.2,180.2,44.0,368.1
2025-08-11,SKU0155,106.2,180.2,44.0,368.1
2025-08-18,SKU0155,72.2,180.2,44.0,368.1
2025-08-25,SKU0155,36.2,180.2,44.0,368.1
2025-09-01,SKU0155,0.0,180.2,44.0,368.1
2025-09-08,SKU0155,0.0,180.2,44.0,368.1
2025-09-15,SKU0155,145.2,180.2,44.0,368.1
2025-09-22,SKU0155,114.2,180.2,44.0,368.1
2025-09-29,SKU0155,57.2,180.2,44.0,368.1
2025-10-06,SKU0155,2.2,180.2,44.0,368.1
2025-10-13,SKU0155,0.0,180.2,44.0,368.1
2025-10-20,SKU0155,0.0,180.2,44.0,368.1
2025-10-27,SKU0155,93.2,180.2,44.0,368.1
2025-11-03,SKU0155,20.2,180.2,44.0,368.1
2025-11-10,SKU0155,0.0,180.2,44.0,368.1
2025-11-17,SKU0155,0.0,180.2,44.0,368.1
2025-11-24,SKU0155,0.0,180.2,44.0,368.1
2025-12-01,SKU0155,0.0,180.2,44.0,368.1
2025-12-08,SKU0155,129.2,180.2,44.0,368.1
2025-12-15,SKU0155,60.2,180.2,44.0,368.1
2025-12-22,SKU0155,0.0,180.2,44.0,368.1
2025-12-29,SKU0155,0.0,180.2,44.0,368.1
2026-01-05,SKU0155,0.0,180.2,44.0,368.1
2026-01-12,SKU0155,0.0,180.2,44.0,368.1
2026-01-19,SKU0155,141.2,180.2,44.0,368.1
2026-01-26,SKU0155,107.2,180.2,44.0,368.1
2026-02-02,SKU0155,77.2,180.2,44.0,368.1
2026-02-09,SKU0155,44.2,180.2,44.0,368.1
2026-02-16,SKU0155,16.2,180.2,44.0,368.1
2026-02-23,SKU0155,0.0,180.2,44.0,368.1
2026-03-02,SKU0155,136.2,180.2,44.0,368.1
2026-03-09,SKU0155,91.2,180.2,44.0,368.1
2026-03-16,SKU0155,40.2,180.2,44.0,368.1
2026-03-23,SKU0155,7.2,180.2,44.0,368.1
2026-03-30,SKU0155,0.0,180.2,44.0,368.1
2026-04-06,SKU0155,0.0,180.2,44.0,368.1
2026-04-13,SKU0155,147.2,180.2,44.0,368.1
2026-04-20,SKU0155,110.2,180.2,44.0,368.1
2026-04-27,SKU0155,70.2,180.2,44.0,368.1
2026-05-04,SKU0155,31.2,180.2,44.0,368.1
2026-05-11,SKU0155,3.2,180.2,44.0,368.1
2026-05-18,SKU0155,0.0,180.2,44.0,368.1
2026-05-25,SKU0155,143.2,180.2,44.0,368.1
2026-06-01,SKU0155,111.2,180.2,44.0,368.1
2026-06-08,SKU0155,72.2,180.2,44.0,368.1
2026-06-15,SKU0155,6.2,180.2,44.0,368.1
2026-06-22,SKU0155,0.0,180.2,44.0,368.1
2026-06-29,SKU0155,0.0,180.2,44.0,368.1
2026-07-06,SKU0155,142.2,180.2,44.0,368.1
2026-07-13,SKU0155,100.2,180.2,44.0,368.1
2024-08-05,SKU0156,149.5,0.0,14.0,117.3
2024-08-12,SKU0156,120.5,0.0,14.0,117.3
2024-08-19,SKU0156,87.5,180.5,14.0,117.3
2024-08-26,SKU0156,61.5,180.5,14.0,117.3
2024-09-02,SKU0156,193.0,0.0,14.0,117.3
2024-09-09,SKU0156,156.0,0.0,14.0,117.3
2024-09-16,SKU0156,120.0,0.0,14.0,117.3
2024-09-23,SKU0156,71.0,180.5,14.0,117.3
2024-09-30,SKU0156,19.0,180.5,14.0,117.3
2024-10-07,SKU0156,148.5,0.0,14.0,117.3
2024-10-14,SKU0156,79.5,180.5,14.0,117.3
2024-10-21,SKU0156,12.5,180.5,14.0,117.3
2024-10-28,SKU0156,123.0,0.0,14.0,117.3
2024-11-04,SKU0156,59.0,180.5,14.0,117.3
2024-11-11,SKU0156,13.0,180.5,14.0,117.3
2024-11-18,SKU0156,159.5,0.0,14.0,117.3
2024-11-25,SKU0156,95.5,180.5,14.0,117.3
2024-12-02,SKU0156,55.5,180.5,14.0,117.3
2024-12-09,SKU0156,180.0,0.0,14.0,117.3
2024-12-16,SKU0156,121.0,0.0,14.0,117.3
2024-12-23,SKU0156,46.0,180.5,14.0,117.3
2024-12-30,SKU0156,0.0,180.5,14.0,117.3
2025-01-06,SKU0156,136.5,0.0,14.0,117.3
2025-01-13,SKU0156,116.5,180.5,14.0,117.3
2025-01-20,SKU0156,90.5,180.5,14.0,117.3
2025-01-27,SKU0156,239.0,0.0,14.0,117.3
2025-02-03,SKU0156,211.0,0.0,14.0,117.3
2025-02-10,SKU0156,178.0,0.0,14.0,117.3
2025-02-17,SKU0156,147.0,0.0,14.0,117.3
2025-02-24,SKU0156,111.0,180.5,14.0,117.3
2025-03-03,SKU0156,86.0,180.5,14.0,117.3
2025-03-10,SKU0156,226.5,0.0,14.0,117.3
2025-03-17,SKU0156,196.5,0.0,14.0,117.3
2025-03-24,SKU0156,154.5,0.0,14.0,117.3
2025-03-31,SKU0156,112.5,180.5,14.0,117.3
2025-04-07,SKU0156,72.5,180.5,14.0,117.3
2025-04-14,SKU0156,222.0,0.0,14.0,117.3
2025-04-21,SKU0156,184.0,0.0,14.0,117.3
2025-04-28,SKU0156,146.0,0.0,14.0,117.3
2025-05-05,SKU0156,106.0,180.5,14.0,117.3
2025-05-12,SKU0156,72.0,180.5,14.0,117.3
2025-05-19,SKU0156,213.5,0.0,14.0,117.3
2025-05-26,SKU0156,176.5,0.0,14.0,117.3
2025-06-02,SKU0156,138.5,0.0,14.0,117.3
2025-06-09,SKU0156,94.5,180.5,14.0,117.3
2025-06-16,SKU0156,39.5,180.5,14.0,117.3
2025-06-23,SKU0156,157.0,0.0,14.0,117.3
2025-06-30,SKU0156,120.0,0.0,14.0,117.3
2025-07-07,SKU0156,80.0,180.5,14.0,117.3
2025-07-14,SKU0156,43.0,180.5,14.0,117.3
2025-07-21,SKU0156,192.5,0.0,14.0,117.3
2025-07-28,SKU0156,144.5,0.0,14.0,117.3
2025-08-04,SKU0156,102.5,180.5,14.0,117.3
2025-08-11,SKU0156,71.5,180.5,14.0,117.3
2025-08-18,SKU0156,215.0,0.0,14.0,117.3
2025-08-25,SKU0156,178.0,0.0,14.0,117.3
2025-09-01,SKU0156,146.0,0.0,14.0,117.3
2025-09-08,SKU0156,107.0,180.5,14.0,117.3
2025-09-15,SKU0156,80.0,180.5,14.0,117.3
2025-09-22,SKU0156,224.5,0.0,14.0,117.3
2025-09-29,SKU0156,176.5,0.0,14.0,117.3
2025-10-06,SKU0156,122.5,0.0,14.0,117.3
2025-10-13,SKU0156,34.5,180.5,14.0,117.3
2025-10-20,SKU0156,0.0,180.5,14.0,117.3
2025-10-27,SKU0156,100.5,180.5,14.0,117.3
2025-11-03,SKU0156,26.5,180.5,14.0,117.3
2025-11-10,SKU0156,148.0,0.0,14.0,117.3
2025-11-17,SKU0156,103.0,180.5,14.0,117.3
2025-11-24,SKU0156,15.0,180.5,14.0,117.3
2025-12-01,SKU0156,135.5,0.0,14.0,117.3
2025-12-08,SKU0156,71.5,180.5,14.0,117.3
2025-12-15,SKU0156,14.5,180.5,14.0,117.3
2025-12-22,SKU0156,88.0,180.5,14.0,117.3
2025-12-29,SKU0156,36.0,180.5,14.0,117.3
2026-01-05,SKU0156,177.5,0.0,14.0,117.3
2026-01-12,SKU0156,135.5,0.0,14.0,117.3
2026-01-19,SKU0156,100.5,180.5,14.0,117.3
2026-01-26,SKU0156,65.5,180.5,14.0,117.3
2026-02-02,SKU0156,226.0,0.0,14.0,117.3
2026-02-09,SKU0156,194.0,0.0,14.0,117.3
2026-02-16,SKU0156,162.0,0.0,14.0,117.3
2026-02-23,SKU0156,124.0,0.0,14.0,117.3
2026-03-02,SKU0156,84.0,180.5,14.0,117.3
2026-03-09,SKU0156,39.0,180.5,14.0,117.3
2026-03-16,SKU0156,173.5,0.0,14.0,117.3
2026-03-23,SKU0156,130.5,0.0,14.0,117.3
2026-03-30,SKU0156,89.5,180.5,14.0,117.3
2026-04-06,SKU0156,53.5,180.5,14.0,117.3
2026-04-13,SKU0156,205.0,0.0,14.0,117.3
2026-04-20,SKU0156,161.0,0.0,14.0,117.3
2026-04-27,SKU0156,103.0,180.5,14.0,117.3
2026-05-04,SKU0156,64.0,180.5,14.0,117.3
2026-05-11,SKU0156,203.5,0.0,14.0,117.3
2026-05-18,SKU0156,156.5,0.0,14.0,117.3
2026-05-25,SKU0156,118.5,0.0,14.0,117.3
2026-06-01,SKU0156,78.5,180.5,14.0,117.3
2026-06-08,SKU0156,38.5,180.5,14.0,117.3
2026-06-15,SKU0156,143.0,0.0,14.0,117.3
2026-06-22,SKU0156,69.0,180.5,14.0,117.3
2026-06-29,SKU0156,26.0,180.5,14.0,117.3
2026-07-06,SKU0156,165.6,0.0,14.0,117.3
2026-07-13,SKU0156,125.6,0.0,14.0,117.3
2024-08-05,SKU0157,566.8,0.0,8.0,270.3
2024-08-12,SKU0157,419.8,0.0,8.0,270.3
2024-08-19,SKU0157,270.8,0.0,8.0,270.3
2024-08-26,SKU0157,97.8,727.8,8.0,270.3
2024-09-02,SKU0157,680.6,0.0,8.0,270.3
2024-09-09,SKU0157,538.6,0.0,8.0,270.3
2024-09-16,SKU0157,396.6,0.0,8.0,270.3
2024-09-23,SKU0157,241.6,727.8,8.0,270.3
2024-09-30,SKU0157,776.4,0.0,8.0,270.3
2024-10-07,SKU0157,563.4,0.0,8.0,270.3
2024-10-14,SKU0157,253.4,727.8,8.0,270.3
2024-10-21,SKU0157,741.2,0.0,8.0,270.3
2024-10-28,SKU0157,415.2,0.0,8.0,270.3
2024-11-04,SKU0157,203.2,727.8,8.0,270.3
2024-11-11,SKU0157,712.0,0.0,8.0,270.3
2024-11-18,SKU0157,540.0,0.0,8.0,270.3
2024-11-25,SKU0157,226.0,727.8,8.0,270.3
2024-12-02,SKU0157,735.8,0.0,8.0,270.3
2024-12-09,SKU0157,519.8,0.0,8.0,270.3
2024-12-16,SKU0157,226.8,727.8,8.0,270.3
2024-12-23,SKU0157,621.6,0.0,8.0,270.3
2024-12-30,SKU0157,372.6,0.0,8.0,270.3
2025-01-06,SKU0157,213.6,727.8,8.0,270.3
2025-01-13,SKU0157,815.4,0.0,8.0,270.3
2025-01-20,SKU0157,678.4,0.0,8.0,270.3
2025-01-27,SKU0157,540.4,0.0,8.0,270.3
2025-02-03,SKU0157,419.4,0.0,8.0,270.3
2025-02-10,SKU0157,294.4,0.0,8.0,270.3
2025-02-17,SKU0157,152.4,727.8,8.0,270.3
2025-02-24,SKU0157,747.3,0.0,8.0,270.3
2025-03-03,SKU0157,605.3,0.0,8.0,270.3
2025-03-10,SKU0157,471.3,0.0,8.0,270.3
2025-03-17,SKU0157,311.3,0.0,8.0,270.3
2025-03-24,SKU0157,181.3,727.8,8.0,270.3
2025-03-31,SKU0157,780.1,0.0,8.0,270.3
2025-04-07,SKU0157,621.1,0.0,8.0,270.3
2025-04-14,SKU0157,471.1,0.0,8.0,270.3
2025-04-21,SKU0157,320.1,0.0,8.0,270.3
2025-04-28,SKU0157,151.1,727.8,8.0,270.3
2025-05-05,SKU0157,702.9,0.0,8.0,270.3
2025-05-12,SKU0157,523.9,0.0,8.0,270.3
2025-05-19,SKU0157,396.9,0.0,8.0,270.3
2025-05-26,SKU0157,225.9,727.8,8.0,270.3
2025-06-02,SKU0157,796.7,0.0,8.0,270.3
2025-06-09,SKU0157,616.7,0.0,8.0,270.3
2025-06-16,SKU0157,457.7,0.0,8.0,270.3
2025-06-23,SKU0157,179.7,727.8,8.0,270.3
2025-06-30,SKU0157,724.5,0.0,8.0,270.3
2025-07-07,SKU0157,573.5,0.0,8.0,270.3
2025-07-14,SKU0157,422.5,0.0,8.0,270.3
2025-07-21,SKU0157,282.5,0.0,8.0,270.3
2025-07-28,SKU0157,135.5,727.8,8.0,270.3
2025-08-04,SKU0157,697.3,0.0,8.0,270.3
2025-08-11,SKU0157,557.3,0.0,8.0,270.3
2025-08-18,SKU0157,386.3,0.0,8.0,270.3
2025-08-25,SKU0157,243.3,727.8,8.0,270.3
2025-09-01,SKU0157,808.1,0.0,8.0,270.3
2025-09-08,SKU0157,654.1,0.0,8.0,270.3
2025-09-15,SKU0157,513.1,0.0,8.0,270.3
2025-09-22,SKU0157,363.1,0.0,8.0,270.3
2025-09-29,SKU0157,151.1,727.8,8.0,270.3
2025-10-06,SKU0157,659.9,0.0,8.0,270.3
2025-10-13,SKU0157,372.9,0.0,8.0,270.3
2025-10-20,SKU0157,85.9,727.8,8.0,270.3
2025-10-27,SKU0157,453.7,0.0,8.0,270.3
2025-11-03,SKU0157,174.7,727.8,8.0,270.3
2025-11-10,SKU0157,663.5,0.0,8.0,270.3
2025-11-17,SKU0157,435.5,0.0,8.0,270.3
2025-11-24,SKU0157,90.5,727.8,8.0,270.3
2025-12-01,SKU0157,593.3,0.0,8.0,270.3
2025-12-08,SKU0157,385.3,0.0,8.0,270.3
2025-12-15,SKU0157,124.3,727.8,8.0,270.3
2025-12-22,SKU0157,543.1,0.0,8.0,270.3
2025-12-29,SKU0157,307.1,0.0,8.0,270.3
2026-01-05,SKU0157,139.1,727.8,8.0,270.3
2026-01-12,SKU0157,725.9,0.0,8.0,270.3
2026-01-19,SKU0157,578.9,0.0,8.0,270.3
2026-01-26,SKU0157,448.9,0.0,8.0,270.3
2026-02-02,SKU0157,296.9,0.0,8.0,270.3
2026-02-09,SKU0157,156.9,727.8,8.0,270.3
2026-02-16,SKU0157,747.7,0.0,8.0,270.3
2026-02-23,SKU0157,609.7,0.0,8.0,270.3
2026-03-02,SKU0157,446.7,0.0,8.0,270.3
2026-03-09,SKU0157,278.7,0.0,8.0,270.3
2026-03-16,SKU0157,147.7,727.8,8.0,270.3
2026-03-23,SKU0157,711.5,0.0,8.0,270.3
2026-03-30,SKU0157,589.5,0.0,8.0,270.3
2026-04-06,SKU0157,457.5,0.0,8.0,270.3
2026-04-13,SKU0157,288.5,0.0,8.0,270.3
2026-04-20,SKU0157,158.5,727.8,8.0,270.3
2026-04-27,SKU0157,718.3,0.0,8.0,270.3
2026-05-04,SKU0157,575.3,0.0,8.0,270.3
2026-05-11,SKU0157,412.3,0.0,8.0,270.3
2026-05-18,SKU0157,263.3,727.8,8.0,270.3
2026-05-25,SKU0157,870.1,0.0,8.0,270.3
2026-06-01,SKU0157,683.1,0.0,8.0,270.3
2026-06-08,SKU0157,525.1,0.0,8.0,270.3
2026-06-15,SKU0157,258.1,727.8,8.0,270.3
2026-06-22,SKU0157,737.0,0.0,8.0,270.3
2026-06-29,SKU0157,568.0,0.0,8.0,270.3
2026-07-06,SKU0157,396.0,0.0,8.0,270.3
2026-07-13,SKU0157,212.0,727.8,8.0,270.3
2024-07-29,SKU0158,13.1,0.0,20.0,13.1
2024-08-05,SKU0158,11.1,14.1,20.0,13.1
2024-08-12,SKU0158,10.1,14.1,20.0,13.1
2024-08-19,SKU0158,6.1,14.1,20.0,13.1
2024-08-26,SKU0158,12.2,14.1,20.0,13.1
2024-09-02,SKU0158,10.2,14.1,20.0,13.1
2024-09-09,SKU0158,9.2,14.1,20.0,13.1
2024-09-16,SKU0158,19.3,0.0,20.0,13.1
2024-09-23,SKU0158,19.3,0.0,20.0,13.1
2024-09-30,SKU0158,16.3,0.0,20.0,13.1
2024-10-07,SKU0158,16.3,0.0,20.0,13.1
2024-10-14,SKU0158,9.3,14.1,20.0,13.1
2024-10-21,SKU0158,0.0,14.1,20.0,13.1
2024-10-28,SKU0158,0.0,14.1,20.0,13.1
2024-11-04,SKU0158,9.1,14.1,20.0,13.1
2024-11-11,SKU0158,2.1,14.1,20.0,13.1
2024-11-18,SKU0158,0.0,14.1,20.0,13.1
2024-11-25,SKU0158,12.1,14.1,20.0,13.1
2024-12-02,SKU0158,8.1,14.1,20.0,13.1
2024-12-09,SKU0158,3.1,14.1,20.0,13.1
2024-12-16,SKU0158,12.2,14.1,20.0,13.1
2024-12-23,SKU0158,1.2,14.1,20.0,13.1
2024-12-30,SKU0158,0.0,14.1,20.0,13.1
2025-01-06,SKU0158,12.1,14.1,20.0,13.1
2025-01-13,SKU0158,10.1,14.1,20.0,13.1
2025-01-20,SKU0158,7.1,14.1,20.0,13.1
2025-01-27,SKU0158,18.2,0.0,20.0,13.1
2025-02-03,SKU0158,15.2,0.0,20.0,13.1
2025-02-10,SKU0158,15.2,0.0,20.0,13.1
2025-02-17,SKU0158,14.2,0.0,20.0,13.1
2025-02-24,SKU0158,12.2,14.1,20.0,13.1
2025-03-03,SKU0158,9.2,14.1,20.0,13.1
2025-03-10,SKU0158,7.2,14.1,20.0,13.1
2025-03-17,SKU0158,20.3,0.0,20.0,13.1
2025-03-24,SKU0158,17.3,0.0,20.0,13.1
2025-03-31,SKU0158,13.3,0.0,20.0,13.1
2025-04-07,SKU0158,9.3,14.1,20.0,13.1
2025-04-14,SKU0158,7.3,14.1,20.0,13.1
2025-04-21,SKU0158,1.3,14.1,20.0,13.1
2025-04-28,SKU0158,15.5,0.0,20.0,13.1
2025-05-05,SKU0158,11.5,14.1,20.0,13.1
2025-05-12,SKU0158,10.5,14.1,20.0,13.1
2025-05-19,SKU0158,5.5,14.1,20.0,13.1
2025-05-26,SKU0158,18.6,0.0,20.0,13.1
2025-06-02,SKU0158,15.6,0.0,20.0,13.1
2025-06-09,SKU0158,11.6,14.1,20.0,13.1
2025-06-16,SKU0158,6.6,14.1,20.0,13.1
2025-06-23,SKU0158,1.6,14.1,20.0,13.1
2025-06-30,SKU0158,8.7,14.1,20.0,13.1
2025-07-07,SKU0158,7.7,14.1,20.0,13.1
2025-07-14,SKU0158,7.7,14.1,20.0,13.1
2025-07-21,SKU0158,16.8,0.0,20.0,13.1
2025-07-28,SKU0158,13.8,0.0,20.0,13.1
2025-08-04,SKU0158,10.8,14.1,20.0,13.1
2025-08-11,SKU0158,6.8,14.1,20.0,13.1
2025-08-18,SKU0158,1.8,14.1,20.0,13.1
2025-08-25,SKU0158,10.9,14.1,20.0,13.1
2025-09-01,SKU0158,4.9,14.1,20.0,13.1
2025-09-08,SKU0158,0.0,14.1,20.0,13.1
2025-09-15,SKU0158,12.1,14.1,20.0,13.1
2025-09-22,SKU0158,10.1,14.1,20.0,13.1
2025-09-29,SKU0158,4.1,14.1,20.0,13.1
2025-10-06,SKU0158,11.2,14.1,20.0,13.1
2025-10-13,SKU0158,7.2,14.1,20.0,13.1
2025-10-20,SKU0158,3.2,14.1,20.0,13.1
2025-10-27,SKU0158,11.3,14.1,20.0,13.1
2025-11-03,SKU0158,7.3,14.1,20.0,13.1
2025-11-10,SKU0158,1.3,14.1,20.0,13.1
2025-11-17,SKU0158,11.5,14.1,20.0,13.1
2025-11-24,SKU0158,7.5,14.1,20.0,13.1
2025-12-01,SKU0158,4.5,14.1,20.0,13.1
2025-12-08,SKU0158,18.6,0.0,20.0,13.1
2025-12-15,SKU0158,17.6,0.0,20.0,13.1
2025-12-22,SKU0158,12.6,14.1,20.0,13.1
2025-12-29,SKU0158,6.6,14.1,20.0,13.1
2026-01-05,SKU0158,2.6,14.1,20.0,13.1
2026-01-12,SKU0158,13.7,0.0,20.0,13.1
2026-01-19,SKU0158,9.7,14.1,20.0,13.1
2026-01-26,SKU0158,5.7,14.1,20.0,13.1
2026-02-02,SKU0158,1.7,14.1,20.0,13.1
2026-02-09,SKU0158,10.8,14.1,20.0,13.1
2026-02-16,SKU0158,8.8,14.1,20.0,13.1
2026-02-23,SKU0158,6.8,14.1,20.0,13.1
2026-03-02,SKU0158,11.9,14.1,20.0,13.1
2026-03-09,SKU0158,6.9,14.1,20.0,13.1
2026-03-16,SKU0158,1.9,14.1,20.0,13.1
2026-03-23,SKU0158,15.0,0.0,20.0,13.1
2026-03-30,SKU0158,13.0,14.1,20.0,13.1
2026-04-06,SKU0158,12.0,14.1,20.0,13.1
2026-04-13,SKU0158,9.0,14.1,20.0,13.1
2026-04-20,SKU0158,20.2,0.0,20.0,13.1
2026-04-27,SKU0158,16.2,0.0,20.0,13.1
2026-05-04,SKU0158,11.2,14.1,20.0,13.1
2026-05-11,SKU0158,8.2,14.1,20.0,13.1
2026-05-18,SKU0158,6.2,14.1,20.0,13.1
2026-05-25,SKU0158,17.3,0.0,20.0,13.1
2026-06-01,SKU0158,17.3,0.0,20.0,13.1
2026-06-08,SKU0158,14.3,0.0,20.0,13.1
2026-06-15,SKU0158,9.3,14.1,20.0,13.1
2026-06-22,SKU0158,3.3,14.1,20.0,13.1
2026-06-29,SKU0158,0.0,14.1,20.0,13.1
2026-07-06,SKU0158,12.1,14.1,20.0,13.1
2026-07-13,SKU0158,8.1,14.1,20.0,13.1
2024-07-29,SKU0159,33.4,41.4,19.0,36.5
2024-08-05,SKU0159,29.4,41.4,19.0,36.5
2024-08-12,SKU0159,25.4,41.4,19.0,36.5
2024-08-19,SKU0159,55.8,0.0,19.0,36.5
2024-08-26,SKU0159,44.8,0.0,19.0,36.5
2024-09-02,SKU0159,39.8,0.0,19.0,36.5
2024-09-09,SKU0159,25.8,41.4,19.0,36.5
2024-09-16,SKU0159,16.8,41.4,19.0,36.5
2024-09-23,SKU0159,9.8,41.4,19.0,36.5
2024-09-30,SKU0159,47.2,0.0,19.0,36.5
2024-10-07,SKU0159,32.2,41.4,19.0,36.5
2024-10-14,SKU0159,13.2,41.4,19.0,36.5
2024-10-21,SKU0159,1.2,41.4,19.0,36.5
2024-10-28,SKU0159,23.5,41.4,19.0,36.5
2024-11-04,SKU0159,13.5,41.4,19.0,36.5
2024-11-11,SKU0159,0.5,41.4,19.0,36.5
2024-11-18,SKU0159,35.9,41.4,19.0,36.5
2024-11-25,SKU0159,21.9,41.4,19.0,36.5
2024-12-02,SKU0159,7.9,41.4,19.0,36.5
2024-12-09,SKU0159,41.3,0.0,19.0,36.5
2024-12-16,SKU0159,27.3,41.4,19.0,36.5
2024-12-23,SKU0159,11.3,41.4,19.0,36.5
2024-12-30,SKU0159,0.0,41.4,19.0,36.5
2025-01-06,SKU0159,36.4,41.4,19.0,36.5
2025-01-13,SKU0159,28.4,41.4,19.0,36.5
2025-01-20,SKU0159,17.4,41.4,19.0,36.5
2025-01-27,SKU0159,51.8,0.0,19.0,36.5
2025-02-03,SKU0159,45.8,0.0,19.0,36.5
2025-02-10,SKU0159,39.8,0.0,19.0,36.5
2025-02-17,SKU0159,35.8,41.4,19.0,36.5
2025-02-24,SKU0159,24.8,41.4,19.0,36.5
2025-03-03,SKU0159,18.8,41.4,19.0,36.5
2025-03-10,SKU0159,56.2,0.0,19.0,36.5
2025-03-17,SKU0159,52.2,0.0,19.0,36.5
2025-03-24,SKU0159,35.2,41.4,19.0,36.5
2025-03-31,SKU0159,29.2,41.4,19.0,36.5
2025-04-07,SKU0159,19.2,41.4,19.0,36.5
2025-04-14,SKU0159,52.5,0.0,19.0,36.5
2025-04-21,SKU0159,45.5,0.0,19.0,36.5
2025-04-28,SKU0159,35.5,41.4,19.0,36.5
2025-05-05,SKU0159,28.5,41.4,19.0,36.5
2025-05-12,SKU0159,24.5,41.4,19.0,36.5
2025-05-19,SKU0159,56.9,0.0,19.0,36.5
2025-05-26,SKU0159,47.9,0.0,19.0,36.5
2025-06-02,SKU0159,38.9,0.0,19.0,36.5
2025-06-09,SKU0159,30.9,41.4,19.0,36.5
2025-06-16,SKU0159,19.9,41.4,19.0,36.5
2025-06-23,SKU0159,3.9,41.4,19.0,36.5
2025-06-30,SKU0159,34.3,41.4,19.0,36.5
2025-07-07,SKU0159,26.3,41.4,19.0,36.5
2025-07-14,SKU0159,15.3,41.4,19.0,36.5
2025-07-21,SKU0159,44.7,0.0,19.0,36.5
2025-07-28,SKU0159,35.7,41.4,19.0,36.5
2025-08-04,SKU0159,26.7,41.4,19.0,36.5
2025-08-11,SKU0159,15.7,41.4,19.0,36.5
2025-08-18,SKU0159,42.1,0.0,19.0,36.5
2025-08-25,SKU0159,31.1,41.4,19.0,36.5
2025-09-01,SKU0159,22.1,41.4,19.0,36.5
2025-09-08,SKU0159,8.1,41.4,19.0,36.5
2025-09-15,SKU0159,41.5,0.0,19.0,36.5
2025-09-22,SKU0159,31.5,41.4,19.0,36.5
2025-09-29,SKU0159,20.5,41.4,19.0,36.5
2025-10-06,SKU0159,7.5,41.4,19.0,36.5
2025-10-13,SKU0159,36.8,0.0,19.0,36.5
2025-10-20,SKU0159,8.8,41.4,19.0,36.5
2025-10-27,SKU0159,0.0,41.4,19.0,36.5
2025-11-03,SKU0159,0.0,41.4,19.0,36.5
2025-11-10,SKU0159,29.4,41.4,19.0,36.5
2025-11-17,SKU0159,18.4,41.4,19.0,36.5
2025-11-24,SKU0159,6.4,41.4,19.0,36.5
2025-12-01,SKU0159,31.8,41.4,19.0,36.5
2025-12-08,SKU0159,21.8,41.4,19.0,36.5
2025-12-15,SKU0159,0.0,41.4,19.0,36.5
2025-12-22,SKU0159,26.4,41.4,19.0,36.5
2025-12-29,SKU0159,10.4,41.4,19.0,36.5
2026-01-05,SKU0159,1.4,41.4,19.0,36.5
2026-01-12,SKU0159,34.8,41.4,19.0,36.5
2026-01-19,SKU0159,27.8,41.4,19.0,36.5
2026-01-26,SKU0159,23.8,41.4,19.0,36.5
2026-02-02,SKU0159,59.2,0.0,19.0,36.5
2026-02-09,SKU0159,53.2,0.0,19.0,36.5
2026-02-16,SKU0159,44.2,0.0,19.0,36.5
2026-02-23,SKU0159,38.2,0.0,19.0,36.5
2026-03-02,SKU0159,35.2,41.4,19.0,36.5
2026-03-09,SKU0159,27.2,41.4,19.0,36.5
2026-03-16,SKU0159,17.2,41.4,19.0,36.5
2026-03-23,SKU0159,48.5,0.0,19.0,36.5
2026-03-30,SKU0159,44.5,0.0,19.0,36.5
2026-04-06,SKU0159,36.5,0.0,19.0,36.5
2026-04-13,SKU0159,23.5,41.4,19.0,36.5
2026-04-20,SKU0159,12.5,41.4,19.0,36.5
2026-04-27,SKU0159,7.5,41.4,19.0,36.5
2026-05-04,SKU0159,37.9,0.0,19.0,36.5
2026-05-11,SKU0159,26.9,41.4,19.0,36.5
2026-05-18,SKU0159,15.9,41.4,19.0,36.5
2026-05-25,SKU0159,4.9,41.4,19.0,36.5
2026-06-01,SKU0159,38.3,0.0,19.0,36.5
2026-06-08,SKU0159,26.3,41.4,19.0,36.5
2026-06-15,SKU0159,14.3,41.4,19.0,36.5
2026-06-22,SKU0159,0.0,41.4,19.0,36.5
2026-06-29,SKU0159,34.4,41.4,19.0,36.5
2026-07-06,SKU0159,22.4,41.4,19.0,36.5
2026-07-13,SKU0159,13.4,41.4,19.0,36.5
2024-07-29,SKU0160,28.8,47.8,18.0,39.9
2024-08-05,SKU0160,9.8,47.8,18.0,39.9
2024-08-12,SKU0160,0.0,47.8,18.0,39.9
2024-08-19,SKU0160,38.8,47.8,18.0,39.9
2024-08-26,SKU0160,32.8,47.8,18.0,39.9
2024-09-02,SKU0160,20.8,47.8,18.0,39.9
2024-09-09,SKU0160,55.5,0.0,18.0,39.9
2024-09-16,SKU0160,46.5,0.0,18.0,39.9
2024-09-23,SKU0160,37.5,47.8,18.0,39.9
2024-09-30,SKU0160,24.5,47.8,18.0,39.9
2024-10-07,SKU0160,9.5,47.8,18.0,39.9
2024-10-14,SKU0160,30.3,47.8,18.0,39.9
2024-10-21,SKU0160,12.3,47.8,18.0,39.9
2024-10-28,SKU0160,0.0,47.8,18.0,39.9
2024-11-04,SKU0160,32.8,47.8,18.0,39.9
2024-11-11,SKU0160,25.8,47.8,18.0,39.9
2024-11-18,SKU0160,10.8,47.8,18.0,39.9
2024-11-25,SKU0160,38.5,47.8,18.0,39.9
2024-12-02,SKU0160,24.5,47.8,18.0,39.9
2024-12-09,SKU0160,6.5,47.8,18.0,39.9
2024-12-16,SKU0160,34.3,47.8,18.0,39.9
2024-12-23,SKU0160,13.3,47.8,18.0,39.9
2024-12-30,SKU0160,0.0,47.8,18.0,39.9
2025-01-06,SKU0160,38.8,47.8,18.0,39.9
2025-01-13,SKU0160,28.8,47.8,18.0,39.9
2025-01-20,SKU0160,23.8,47.8,18.0,39.9
2025-01-27,SKU0160,63.5,0.0,18.0,39.9
2025-02-03,SKU0160,52.5,0.0,18.0,39.9
2025-02-10,SKU0160,45.5,0.0,18.0,39.9
2025-02-17,SKU0160,40.5,0.0,18.0,39.9
2025-02-24,SKU0160,32.5,47.8,18.0,39.9
2025-03-03,SKU0160,21.5,47.8,18.0,39.9
2025-03-10,SKU0160,12.5,47.8,18.0,39.9
2025-03-17,SKU0160,55.3,0.0,18.0,39.9
2025-03-24,SKU0160,48.3,0.0,18.0,39.9
2025-03-31,SKU0160,38.3,47.8,18.0,39.9
2025-04-07,SKU0160,29.3,47.8,18.0,39.9
2025-04-14,SKU0160,25.3,47.8,18.0,39.9
2025-04-21,SKU0160,62.1,0.0,18.0,39.9
2025-04-28,SKU0160,51.1,0.0,18.0,39.9
2025-05-05,SKU0160,45.1,0.0,18.0,39.9
2025-05-12,SKU0160,38.1,47.8,18.0,39.9
2025-05-19,SKU0160,22.1,47.8,18.0,39.9
2025-05-26,SKU0160,10.1,47.8,18.0,39.9
2025-06-02,SKU0160,46.8,0.0,18.0,39.9
2025-06-09,SKU0160,36.8,47.8,18.0,39.9
2025-06-16,SKU0160,15.8,47.8,18.0,39.9
2025-06-23,SKU0160,0.0,47.8,18.0,39.9
2025-06-30,SKU0160,37.8,47.8,18.0,39.9
2025-07-07,SKU0160,26.8,47.8,18.0,39.9
2025-07-14,SKU0160,16.8,47.8,18.0,39.9
2025-07-21,SKU0160,59.5,0.0,18.0,39.9
2025-07-28,SKU0160,46.5,0.0,18.0,39.9
2025-08-04,SKU0160,40.5,0.0,18.0,39.9
2025-08-11,SKU0160,28.5,47.8,18.0,39.9
2025-08-18,SKU0160,17.5,47.8,18.0,39.9
2025-08-25,SKU0160,13.5,47.8,18.0,39.9
2025-09-01,SKU0160,51.3,0.0,18.0,39.9
2025-09-08,SKU0160,39.3,47.8,18.0,39.9
2025-09-15,SKU0160,26.3,47.8,18.0,39.9
2025-09-22,SKU0160,21.3,47.8,18.0,39.9
2025-09-29,SKU0160,60.1,0.0,18.0,39.9
2025-10-06,SKU0160,44.1,0.0,18.0,39.9
2025-10-13,SKU0160,27.1,47.8,18.0,39.9
2025-10-20,SKU0160,3.1,47.8,18.0,39.9
2025-10-27,SKU0160,0.0,47.8,18.0,39.9
2025-11-03,SKU0160,34.8,47.8,18.0,39.9
2025-11-10,SKU0160,21.8,47.8,18.0,39.9
2025-11-17,SKU0160,7.8,47.8,18.0,39.9
2025-11-24,SKU0160,29.5,47.8,18.0,39.9
2025-12-01,SKU0160,17.5,47.8,18.0,39.9
2025-12-08,SKU0160,1.5,47.8,18.0,39.9
2025-12-15,SKU0160,36.3,47.8,18.0,39.9
2025-12-22,SKU0160,17.3,47.8,18.0,39.9
2025-12-29,SKU0160,3.3,47.8,18.0,39.9
2026-01-05,SKU0160,35.1,47.8,18.0,39.9
2026-01-12,SKU0160,22.1,47.8,18.0,39.9
2026-01-19,SKU0160,15.1,47.8,18.0,39.9
2026-01-26,SKU0160,56.8,0.0,18.0,39.9
2026-02-02,SKU0160,49.8,0.0,18.0,39.9
2026-02-09,SKU0160,41.8,0.0,18.0,39.9
2026-02-16,SKU0160,37.8,47.8,18.0,39.9
2026-02-23,SKU0160,28.8,47.8,18.0,39.9
2026-03-02,SKU0160,20.8,47.8,18.0,39.9
2026-03-09,SKU0160,61.6,0.0,18.0,39.9
2026-03-16,SKU0160,52.6,0.0,18.0,39.9
2026-03-23,SKU0160,40.6,0.0,18.0,39.9
2026-03-30,SKU0160,26.6,47.8,18.0,39.9
2026-04-06,SKU0160,14.6,47.8,18.0,39.9
2026-04-13,SKU0160,6.6,47.8,18.0,39.9
2026-04-20,SKU0160,41.4,0.0,18.0,39.9
2026-04-27,SKU0160,29.4,47.8,18.0,39.9
2026-05-04,SKU0160,20.4,47.8,18.0,39.9
2026-05-11,SKU0160,13.4,47.8,18.0,39.9
2026-05-18,SKU0160,50.2,0.0,18.0,39.9
2026-05-25,SKU0160,43.2,0.0,18.0,39.9
2026-06-01,SKU0160,30.2,47.8,18.0,39.9
2026-06-08,SKU0160,23.2,47.8,18.0,39.9
2026-06-15,SKU0160,9.2,47.8,18.0,39.9
2026-06-22,SKU0160,42.9,0.0,18.0,39.9
2026-06-29,SKU0160,26.9,47.8,18.0,39.9
2026-07-06,SKU0160,13.9,47.8,18.0,39.9
2026-07-13,SKU0160,2.9,47.8,18.0,39.9
2024-07-29,SKU0161,87.3,109.3,22.0,111.7
2024-08-05,SKU0161,56.3,109.3,22.0,111.7
2024-08-12,SKU0161,35.3,109.3,22.0,111.7
2024-08-19,SKU0161,118.7,0.0,22.0,111.7
2024-08-26,SKU0161,95.7,109.3,22.0,111.7
2024-09-02,SKU0161,74.7,109.3,22.0,111.7
2024-09-09,SKU0161,49.7,109.3,22.0,111.7
2024-09-16,SKU0161,136.0,0.0,22.0,111.7
2024-09-23,SKU0161,115.0,0.0,22.0,111.7
2024-09-30,SKU0161,83.0,109.3,22.0,111.7
2024-10-07,SKU0161,51.0,109.3,22.0,111.7
2024-10-14,SKU0161,0.0,109.3,22.0,111.7
2024-10-21,SKU0161,51.3,109.3,22.0,111.7
2024-10-28,SKU0161,9.3,109.3,22.0,111.7
2024-11-04,SKU0161,0.0,109.3,22.0,111.7
2024-11-11,SKU0161,83.3,109.3,22.0,111.7
2024-11-18,SKU0161,54.3,109.3,22.0,111.7
2024-11-25,SKU0161,9.3,109.3,22.0,111.7
2024-12-02,SKU0161,88.7,109.3,22.0,111.7
2024-12-09,SKU0161,51.7,109.3,22.0,111.7
2024-12-16,SKU0161,11.7,109.3,22.0,111.7
2024-12-23,SKU0161,72.0,109.3,22.0,111.7
2024-12-30,SKU0161,34.0,109.3,22.0,111.7
2025-01-06,SKU0161,8.0,109.3,22.0,111.7
2025-01-13,SKU0161,104.4,109.3,22.0,111.7
2025-01-20,SKU0161,90.4,109.3,22.0,111.7
2025-01-27,SKU0161,83.4,109.3,22.0,111.7
2025-02-03,SKU0161,170.7,0.0,22.0,111.7
2025-02-10,SKU0161,145.7,0.0,22.0,111.7
2025-02-17,SKU0161,125.7,0.0,22.0,111.7
2025-02-24,SKU0161,109.7,109.3,22.0,111.7
2025-03-03,SKU0161,83.7,109.3,22.0,111.7
2025-03-10,SKU0161,52.7,109.3,22.0,111.7
2025-03-17,SKU0161,135.1,0.0,22.0,111.7
2025-03-24,SKU0161,112.1,0.0,22.0,111.7
2025-03-31,SKU0161,95.1,109.3,22.0,111.7
2025-04-07,SKU0161,76.1,109.3,22.0,111.7
2025-04-14,SKU0161,52.1,109.3,22.0,111.7
2025-04-21,SKU0161,137.4,0.0,22.0,111.7
2025-04-28,SKU0161,115.4,0.0,22.0,111.7
2025-05-05,SKU0161,95.4,109.3,22.0,111.7
2025-05-12,SKU0161,81.4,109.3,22.0,111.7
2025-05-19,SKU0161,56.4,109.3,22.0,111.7
2025-05-26,SKU0161,143.8,0.0,22.0,111.7
2025-06-02,SKU0161,118.8,0.0,22.0,111.7
2025-06-09,SKU0161,98.8,109.3,22.0,111.7
2025-06-16,SKU0161,62.8,109.3,22.0,111.7
2025-06-23,SKU0161,34.8,109.3,22.0,111.7
2025-06-30,SKU0161,112.1,0.0,22.0,111.7
2025-07-07,SKU0161,84.1,109.3,22.0,111.7
2025-07-14,SKU0161,59.1,109.3,22.0,111.7
2025-07-21,SKU0161,33.1,109.3,22.0,111.7
2025-07-28,SKU0161,112.5,0.0,22.0,111.7
2025-08-04,SKU0161,91.5,109.3,22.0,111.7
2025-08-11,SKU0161,65.5,109.3,22.0,111.7
2025-08-18,SKU0161,52.5,109.3,22.0,111.7
2025-08-25,SKU0161,139.8,0.0,22.0,111.7
2025-09-01,SKU0161,116.8,0.0,22.0,111.7
2025-09-08,SKU0161,96.8,109.3,22.0,111.7
2025-09-15,SKU0161,72.8,109.3,22.0,111.7
2025-09-22,SKU0161,57.8,109.3,22.0,111.7
2025-09-29,SKU0161,130.2,0.0,22.0,111.7
2025-10-06,SKU0161,99.2,109.3,22.0,111.7
2025-10-13,SKU0161,59.2,109.3,22.0,111.7
2025-10-20,SKU0161,5.2,109.3,22.0,111.7
2025-10-27,SKU0161,68.5,109.3,22.0,111.7
2025-11-03,SKU0161,26.5,109.3,22.0,111.7
2025-11-10,SKU0161,0.0,109.3,22.0,111.7
2025-11-17,SKU0161,79.3,109.3,22.0,111.7
2025-11-24,SKU0161,32.3,109.3,22.0,111.7
2025-12-01,SKU0161,0.3,109.3,22.0,111.7
2025-12-08,SKU0161,79.7,109.3,22.0,111.7
2025-12-15,SKU0161,44.7,109.3,22.0,111.7
2025-12-22,SKU0161,0.0,109.3,22.0,111.7
2025-12-29,SKU0161,65.3,109.3,22.0,111.7
2026-01-05,SKU0161,37.3,109.3,22.0,111.7
2026-01-12,SKU0161,21.3,109.3,22.0,111.7
2026-01-19,SKU0161,108.7,109.3,22.0,111.7
2026-01-26,SKU0161,93.7,109.3,22.0,111.7
2026-02-02,SKU0161,79.7,109.3,22.0,111.7
2026-02-09,SKU0161,167.0,0.0,22.0,111.7
2026-02-16,SKU0161,140.0,0.0,22.0,111.7
2026-02-23,SKU0161,110.0,109.3,22.0,111.7
2026-03-02,SKU0161,90.0,109.3,22.0,111.7
2026-03-09,SKU0161,67.0,109.3,22.0,111.7
2026-03-16,SKU0161,156.4,0.0,22.0,111.7
2026-03-23,SKU0161,131.4,0.0,22.0,111.7
2026-03-30,SKU0161,108.4,109.3,22.0,111.7
2026-04-06,SKU0161,85.4,109.3,22.0,111.7
2026-04-13,SKU0161,71.4,109.3,22.0,111.7
2026-04-20,SKU0161,159.7,0.0,22.0,111.7
2026-04-27,SKU0161,133.7,0.0,22.0,111.7
2026-05-04,SKU0161,112.7,0.0,22.0,111.7
2026-05-11,SKU0161,85.7,109.3,22.0,111.7
2026-05-18,SKU0161,57.7,109.3,22.0,111.7
2026-05-25,SKU0161,31.7,109.3,22.0,111.7
2026-06-01,SKU0161,117.1,0.0,22.0,111.7
2026-06-08,SKU0161,96.1,109.3,22.0,111.7
2026-06-15,SKU0161,67.1,109.3,22.0,111.7
2026-06-22,SKU0161,22.1,109.3,22.0,111.7
2026-06-29,SKU0161,109.4,109.3,22.0,111.7
2026-07-06,SKU0161,88.4,109.3,22.0,111.7
2026-07-13,SKU0161,60.4,109.3,22.0,111.7
2024-08-05,SKU0162,89.1,0.0,10.0,56.2
2024-08-12,SKU0162,64.1,0.0,10.0,56.2
2024-08-19,SKU0162,39.1,121.1,10.0,56.2
2024-08-26,SKU0162,138.3,0.0,10.0,56.2
2024-09-02,SKU0162,120.3,0.0,10.0,56.2
2024-09-09,SKU0162,92.3,0.0,10.0,56.2
2024-09-16,SKU0162,67.3,0.0,10.0,56.2
2024-09-23,SKU0162,40.3,121.1,10.0,56.2
2024-09-30,SKU0162,120.4,0.0,10.0,56.2
2024-10-07,SKU0162,85.4,0.0,10.0,56.2
2024-10-14,SKU0162,27.4,121.1,10.0,56.2
2024-10-21,SKU0162,94.5,0.0,10.0,56.2
2024-10-28,SKU0162,40.5,121.1,10.0,56.2
2024-11-04,SKU0162,125.6,0.0,10.0,56.2
2024-11-11,SKU0162,89.6,0.0,10.0,56.2
2024-11-18,SKU0162,50.6,121.1,10.0,56.2
2024-11-25,SKU0162,126.8,0.0,10.0,56.2
2024-12-02,SKU0162,92.8,0.0,10.0,56.2
2024-12-09,SKU0162,55.8,121.1,10.0,56.2
2024-12-16,SKU0162,114.9,0.0,10.0,56.2
2024-12-23,SKU0162,58.9,0.0,10.0,56.2
2024-12-30,SKU0162,15.9,121.1,10.0,56.2
2025-01-06,SKU0162,109.0,0.0,10.0,56.2
2025-01-13,SKU0162,83.0,0.0,10.0,56.2
2025-01-20,SKU0162,67.0,0.0,10.0,56.2
2025-01-27,SKU0162,40.0,121.1,10.0,56.2
2025-02-03,SKU0162,138.1,0.0,10.0,56.2
2025-02-10,SKU0162,112.1,0.0,10.0,56.2
2025-02-17,SKU0162,86.1,0.0,10.0,56.2
2025-02-24,SKU0162,67.1,0.0,10.0,56.2
2025-03-03,SKU0162,50.1,121.1,10.0,56.2
2025-03-10,SKU0162,147.3,0.0,10.0,56.2
2025-03-17,SKU0162,123.3,0.0,10.0,56.2
2025-03-24,SKU0162,86.3,0.0,10.0,56.2
2025-03-31,SKU0162,60.3,0.0,10.0,56.2
2025-04-07,SKU0162,38.3,121.1,10.0,56.2
2025-04-14,SKU0162,139.4,0.0,10.0,56.2
2025-04-21,SKU0162,123.4,0.0,10.0,56.2
2025-04-28,SKU0162,107.4,0.0,10.0,56.2
2025-05-05,SKU0162,78.4,0.0,10.0,56.2
2025-05-12,SKU0162,54.4,121.1,10.0,56.2
2025-05-19,SKU0162,154.5,0.0,10.0,56.2
2025-05-26,SKU0162,130.5,0.0,10.0,56.2
2025-06-02,SKU0162,102.5,0.0,10.0,56.2
2025-06-09,SKU0162,70.5,0.0,10.0,56.2
2025-06-16,SKU0162,29.5,121.1,10.0,56.2
2025-06-23,SKU0162,114.6,0.0,10.0,56.2
2025-06-30,SKU0162,87.6,0.0,10.0,56.2
2025-07-07,SKU0162,57.6,0.0,10.0,56.2
2025-07-14,SKU0162,27.6,121.1,10.0,56.2
2025-07-21,SKU0162,122.8,0.0,10.0,56.2
2025-07-28,SKU0162,91.8,0.0,10.0,56.2
2025-08-04,SKU0162,69.8,0.0,10.0,56.2
2025-08-11,SKU0162,47.8,121.1,10.0,56.2
2025-08-18,SKU0162,145.9,0.0,10.0,56.2
2025-08-25,SKU0162,132.9,0.0,10.0,56.2
2025-09-01,SKU0162,105.9,0.0,10.0,56.2
2025-09-08,SKU0162,90.9,0.0,10.0,56.2
2025-09-15,SKU0162,63.9,0.0,10.0,56.2
2025-09-22,SKU0162,41.9,121.1,10.0,56.2
2025-09-29,SKU0162,122.0,0.0,10.0,56.2
2025-10-06,SKU0162,94.0,0.0,10.0,56.2
2025-10-13,SKU0162,40.0,121.1,10.0,56.2
2025-10-20,SKU0162,117.1,0.0,10.0,56.2
2025-10-27,SKU0162,71.1,0.0,10.0,56.2
2025-11-03,SKU0162,21.1,121.1,10.0,56.2
2025-11-10,SKU0162,106.3,0.0,10.0,56.2
2025-11-17,SKU0162,73.3,0.0,10.0,56.2
2025-11-24,SKU0162,21.3,121.1,10.0,56.2
2025-12-01,SKU0162,101.4,0.0,10.0,56.2
2025-12-08,SKU0162,77.4,0.0,10.0,56.2
2025-12-15,SKU0162,42.4,121.1,10.0,56.2
2025-12-22,SKU0162,111.5,0.0,10.0,56.2
2025-12-29,SKU0162,73.5,0.0,10.0,56.2
2026-01-05,SKU0162,40.5,121.1,10.0,56.2
2026-01-12,SKU0162,139.7,0.0,10.0,56.2
2026-01-19,SKU0162,119.7,0.0,10.0,56.2
2026-01-26,SKU0162,96.7,0.0,10.0,56.2
2026-02-02,SKU0162,76.7,0.0,10.0,56.2
2026-02-09,SKU0162,51.7,121.1,10.0,56.2
2026-02-16,SKU0162,147.8,0.0,10.0,56.2
2026-02-23,SKU0162,119.8,0.0,10.0,56.2
2026-03-02,SKU0162,100.8,0.0,10.0,56.2
2026-03-09,SKU0162,74.8,0.0,10.0,56.2
2026-03-16,SKU0162,49.8,121.1,10.0,56.2
2026-03-23,SKU0162,150.9,0.0,10.0,56.2
2026-03-30,SKU0162,121.9,0.0,10.0,56.2
2026-04-06,SKU0162,100.9,0.0,10.0,56.2
2026-04-13,SKU0162,72.9,0.0,10.0,56.2
2026-04-20,SKU0162,46.9,121.1,10.0,56.2
2026-04-27,SKU0162,135.0,0.0,10.0,56.2
2026-05-04,SKU0162,112.0,0.0,10.0,56.2
2026-05-11,SKU0162,78.0,0.0,10.0,56.2
2026-05-18,SKU0162,55.0,121.1,10.0,56.2
2026-05-25,SKU0162,150.2,0.0,10.0,56.2
2026-06-01,SKU0162,123.2,0.0,10.0,56.2
2026-06-08,SKU0162,106.2,0.0,10.0,56.2
2026-06-15,SKU0162,55.2,121.1,10.0,56.2
2026-06-22,SKU0162,128.3,0.0,10.0,56.2
2026-06-29,SKU0162,95.3,0.0,10.0,56.2
2026-07-06,SKU0162,73.3,0.0,10.0,56.2
2026-07-13,SKU0162,48.3,121.1,10.0,56.2
2024-07-22,SKU0163,2.6,4.6,29.0,6.3
2024-07-29,SKU0163,1.6,4.6,29.0,6.3
2024-08-05,SKU0163,0.0,4.6,29.0,6.3
2024-08-12,SKU0163,0.0,4.6,29.0,6.3
2024-08-19,SKU0163,3.6,4.6,29.0,6.3
2024-08-26,SKU0163,2.6,4.6,29.0,6.3
2024-09-02,SKU0163,1.6,4.6,29.0,6.3
2024-09-09,SKU0163,1.6,4.6,29.0,6.3
2024-09-16,SKU0163,5.3,4.6,29.0,6.3
2024-09-23,SKU0163,4.3,4.6,29.0,6.3
2024-09-30,SKU0163,1.3,4.6,29.0,6.3
2024-10-07,SKU0163,1.3,4.6,29.0,6.3
2024-10-14,SKU0163,5.9,4.6,29.0,6.3
2024-10-21,SKU0163,2.9,4.6,29.0,6.3
2024-10-28,SKU0163,1.9,4.6,29.0,6.3
2024-11-04,SKU0163,0.0,4.6,29.0,6.3
2024-11-11,SKU0163,3.6,4.6,29.0,6.3
2024-11-18,SKU0163,3.6,4.6,29.0,6.3
2024-11-25,SKU0163,3.6,4.6,29.0,6.3
2024-12-02,SKU0163,1.6,4.6,29.0,6.3
2024-12-09,SKU0163,4.3,4.6,29.0,6.3
2024-12-16,SKU0163,1.3,4.6,29.0,6.3
2024-12-23,SKU0163,0.0,4.6,29.0,6.3
2024-12-30,SKU0163,0.0,4.6,29.0,6.3
2025-01-06,SKU0163,3.6,4.6,29.0,6.3
2025-01-13,SKU0163,3.6,4.6,29.0,6.3
2025-01-20,SKU0163,3.6,4.6,29.0,6.3
2025-01-27,SKU0163,3.6,4.6,29.0,6.3
2025-02-03,SKU0163,6.3,4.6,29.0,6.3
2025-02-10,SKU0163,6.3,4.6,29.0,6.3
2025-02-17,SKU0163,5.3,4.6,29.0,6.3
2025-02-24,SKU0163,3.3,4.6,29.0,6.3
2025-03-03,SKU0163,7.9,0.0,29.0,6.3
2025-03-10,SKU0163,4.9,4.6,29.0,6.3
2025-03-17,SKU0163,4.9,4.6,29.0,6.3
2025-03-24,SKU0163,4.9,4.6,29.0,6.3
2025-03-31,SKU0163,1.9,4.6,29.0,6.3
2025-04-07,SKU0163,4.6,4.6,29.0,6.3
2025-04-14,SKU0163,3.6,4.6,29.0,6.3
2025-04-21,SKU0163,1.6,4.6,29.0,6.3
2025-04-28,SKU0163,1.6,4.6,29.0,6.3
2025-05-05,SKU0163,5.2,4.6,29.0,6.3
2025-05-12,SKU0163,4.2,4.6,29.0,6.3
2025-05-19,SKU0163,2.2,4.6,29.0,6.3
2025-05-26,SKU0163,2.2,4.6,29.0,6.3
2025-06-02,SKU0163,6.9,0.0,29.0,6.3
2025-06-09,SKU0163,6.9,0.0,29.0,6.3
2025-06-16,SKU0163,4.9,4.6,29.0,6.3
2025-06-23,SKU0163,4.9,4.6,29.0,6.3
2025-06-30,SKU0163,2.9,4.6,29.0,6.3
2025-07-07,SKU0163,1.9,4.6,29.0,6.3
2025-07-14,SKU0163,4.5,4.6,29.0,6.3
2025-07-21,SKU0163,4.5,4.6,29.0,6.3
2025-07-28,SKU0163,4.5,4.6,29.0,6.3
2025-08-04,SKU0163,4.5,4.6,29.0,6.3
2025-08-11,SKU0163,9.2,0.0,29.0,6.3
2025-08-18,SKU0163,7.2,0.0,29.0,6.3
2025-08-25,SKU0163,4.2,4.6,29.0,6.3
2025-09-01,SKU0163,3.2,4.6,29.0,6.3
2025-09-08,SKU0163,3.2,4.6,29.0,6.3
2025-09-15,SKU0163,3.2,4.6,29.0,6.3
2025-09-22,SKU0163,6.8,0.0,29.0,6.3
2025-09-29,SKU0163,5.8,4.6,29.0,6.3
2025-10-06,SKU0163,4.8,4.6,29.0,6.3
2025-10-13,SKU0163,3.8,4.6,29.0,6.3
2025-10-20,SKU0163,2.8,4.6,29.0,6.3
2025-10-27,SKU0163,5.5,4.6,29.0,6.3
2025-11-03,SKU0163,3.5,4.6,29.0,6.3
2025-11-10,SKU0163,3.5,4.6,29.0,6.3
2025-11-17,SKU0163,1.5,4.6,29.0,6.3
2025-11-24,SKU0163,2.1,4.6,29.0,6.3
2025-12-01,SKU0163,0.1,4.6,29.0,6.3
2025-12-08,SKU0163,0.0,4.6,29.0,6.3
2025-12-15,SKU0163,0.0,4.6,29.0,6.3
2025-12-22,SKU0163,2.6,4.6,29.0,6.3
2025-12-29,SKU0163,0.6,4.6,29.0,6.3
2026-01-05,SKU0163,0.0,4.6,29.0,6.3
2026-01-12,SKU0163,0.0,4.6,29.0,6.3
2026-01-19,SKU0163,4.6,4.6,29.0,6.3
2026-01-26,SKU0163,3.6,4.6,29.0,6.3
2026-02-02,SKU0163,0.6,4.6,29.0,6.3
2026-02-09,SKU0163,0.0,4.6,29.0,6.3
2026-02-16,SKU0163,3.6,4.6,29.0,6.3
2026-02-23,SKU0163,2.6,4.6,29.0,6.3
2026-03-02,SKU0163,1.6,4.6,29.0,6.3
2026-03-09,SKU0163,0.0,4.6,29.0,6.3
2026-03-16,SKU0163,3.6,4.6,29.0,6.3
2026-03-23,SKU0163,2.6,4.6,29.0,6.3
2026-03-30,SKU0163,2.6,4.6,29.0,6.3
2026-04-06,SKU0163,2.6,4.6,29.0,6.3
2026-04-13,SKU0163,5.3,4.6,29.0,6.3
2026-04-20,SKU0163,4.3,4.6,29.0,6.3
2026-04-27,SKU0163,4.3,4.6,29.0,6.3
2026-05-04,SKU0163,1.3,4.6,29.0,6.3
2026-05-11,SKU0163,5.9,4.6,29.0,6.3
2026-05-18,SKU0163,2.9,4.6,29.0,6.3
2026-05-25,SKU0163,1.9,4.6,29.0,6.3
2026-06-01,SKU0163,1.9,4.6,29.0,6.3
2026-06-08,SKU0163,5.6,4.6,29.0,6.3
2026-06-15,SKU0163,4.6,4.6,29.0,6.3
2026-06-22,SKU0163,4.6,4.6,29.0,6.3
2026-06-29,SKU0163,3.6,4.6,29.0,6.3
2026-07-06,SKU0163,7.2,0.0,29.0,6.3
2026-07-13,SKU0163,6.2,4.6,29.0,6.3
2024-07-22,SKU0164,54.4,59.4,30.0,82.7
2024-07-29,SKU0164,40.4,59.4,30.0,82.7
2024-08-05,SKU0164,27.4,59.4,30.0,82.7
2024-08-12,SKU0164,15.4,59.4,30.0,82.7
2024-08-19,SKU0164,65.7,59.4,30.0,82.7
2024-08-26,SKU0164,47.7,59.4,30.0,82.7
2024-09-02,SKU0164,28.7,59.4,30.0,82.7
2024-09-09,SKU0164,20.7,59.4,30.0,82.7
2024-09-16,SKU0164,63.1,59.4,30.0,82.7
2024-09-23,SKU0164,53.1,59.4,30.0,82.7
2024-09-30,SKU0164,37.1,59.4,30.0,82.7
2024-10-07,SKU0164,18.1,59.4,30.0,82.7
2024-10-14,SKU0164,50.4,59.4,30.0,82.7
2024-10-21,SKU0164,20.4,59.4,30.0,82.7
2024-10-28,SKU0164,0.0,59.4,30.0,82.7
2024-11-04,SKU0164,0.0,59.4,30.0,82.7
2024-11-11,SKU0164,36.4,59.4,30.0,82.7
2024-11-18,SKU0164,19.4,59.4,30.0,82.7
2024-11-25,SKU0164,0.0,59.4,30.0,82.7
2024-12-02,SKU0164,0.0,59.4,30.0,82.7
2024-12-09,SKU0164,47.4,59.4,30.0,82.7
2024-12-16,SKU0164,18.4,59.4,30.0,82.7
2024-12-23,SKU0164,0.0,59.4,30.0,82.7
2024-12-30,SKU0164,0.0,59.4,30.0,82.7
2025-01-06,SKU0164,50.4,59.4,30.0,82.7
2025-01-13,SKU0164,38.4,59.4,30.0,82.7
2025-01-20,SKU0164,36.4,59.4,30.0,82.7
2025-01-27,SKU0164,23.4,59.4,30.0,82.7
2025-02-03,SKU0164,72.7,59.4,30.0,82.7
2025-02-10,SKU0164,63.7,59.4,30.0,82.7
2025-02-17,SKU0164,54.7,59.4,30.0,82.7
2025-02-24,SKU0164,48.7,59.4,30.0,82.7
2025-03-03,SKU0164,99.1,0.0,30.0,82.7
2025-03-10,SKU0164,96.1,0.0,30.0,82.7
2025-03-17,SKU0164,85.1,0.0,30.0,82.7
2025-03-24,SKU0164,71.1,59.4,30.0,82.7
2025-03-31,SKU0164,60.1,59.4,30.0,82.7
2025-04-07,SKU0164,42.1,59.4,30.0,82.7
2025-04-14,SKU0164,31.1,59.4,30.0,82.7
2025-04-21,SKU0164,78.4,59.4,30.0,82.7
2025-04-28,SKU0164,67.4,59.4,30.0,82.7
2025-05-05,SKU0164,51.4,59.4,30.0,82.7
2025-05-12,SKU0164,38.4,59.4,30.0,82.7
2025-05-19,SKU0164,89.8,0.0,30.0,82.7
2025-05-26,SKU0164,79.8,59.4,30.0,82.7
2025-06-02,SKU0164,66.8,59.4,30.0,82.7
2025-06-09,SKU0164,55.8,59.4,30.0,82.7
2025-06-16,SKU0164,41.8,59.4,30.0,82.7
2025-06-23,SKU0164,83.1,0.0,30.0,82.7
2025-06-30,SKU0164,71.1,59.4,30.0,82.7
2025-07-07,SKU0164,57.1,59.4,30.0,82.7
2025-07-14,SKU0164,47.1,59.4,30.0,82.7
2025-07-21,SKU0164,30.1,59.4,30.0,82.7
2025-07-28,SKU0164,77.5,59.4,30.0,82.7
2025-08-04,SKU0164,61.5,59.4,30.0,82.7
2025-08-11,SKU0164,54.5,59.4,30.0,82.7
2025-08-18,SKU0164,33.5,59.4,30.0,82.7
2025-08-25,SKU0164,83.8,0.0,30.0,82.7
2025-09-01,SKU0164,64.8,59.4,30.0,82.7
2025-09-08,SKU0164,48.8,59.4,30.0,82.7
2025-09-15,SKU0164,29.8,59.4,30.0,82.7
2025-09-22,SKU0164,16.8,59.4,30.0,82.7
2025-09-29,SKU0164,62.2,59.4,30.0,82.7
2025-10-06,SKU0164,50.2,59.4,30.0,82.7
2025-10-13,SKU0164,23.2,59.4,30.0,82.7
2025-10-20,SKU0164,7.2,59.4,30.0,82.7
2025-10-27,SKU0164,27.5,59.4,30.0,82.7
2025-11-03,SKU0164,4.5,59.4,30.0,82.7
2025-11-10,SKU0164,0.0,59.4,30.0,82.7
2025-11-17,SKU0164,0.0,59.4,30.0,82.7
2025-11-24,SKU0164,41.4,59.4,30.0,82.7
2025-12-01,SKU0164,19.4,59.4,30.0,82.7
2025-12-08,SKU0164,3.4,59.4,30.0,82.7
2025-12-15,SKU0164,0.0,59.4,30.0,82.7
2025-12-22,SKU0164,30.4,59.4,30.0,82.7
2025-12-29,SKU0164,13.4,59.4,30.0,82.7
2026-01-05,SKU0164,0.0,59.4,30.0,82.7
2026-01-12,SKU0164,0.0,59.4,30.0,82.7
2026-01-19,SKU0164,48.4,59.4,30.0,82.7
2026-01-26,SKU0164,38.4,59.4,30.0,82.7
2026-02-02,SKU0164,23.4,59.4,30.0,82.7
2026-02-09,SKU0164,14.4,59.4,30.0,82.7
2026-02-16,SKU0164,59.7,59.4,30.0,82.7
2026-02-23,SKU0164,52.7,59.4,30.0,82.7
2026-03-02,SKU0164,46.7,59.4,30.0,82.7
2026-03-09,SKU0164,30.7,59.4,30.0,82.7
2026-03-16,SKU0164,75.1,59.4,30.0,82.7
2026-03-23,SKU0164,68.1,59.4,30.0,82.7
2026-03-30,SKU0164,59.1,59.4,30.0,82.7
2026-04-06,SKU0164,41.1,59.4,30.0,82.7
2026-04-13,SKU0164,76.4,59.4,30.0,82.7
2026-04-20,SKU0164,59.4,59.4,30.0,82.7
2026-04-27,SKU0164,46.4,59.4,30.0,82.7
2026-05-04,SKU0164,35.4,59.4,30.0,82.7
2026-05-11,SKU0164,83.8,0.0,30.0,82.7
2026-05-18,SKU0164,66.8,59.4,30.0,82.7
2026-05-25,SKU0164,57.8,59.4,30.0,82.7
2026-06-01,SKU0164,49.8,59.4,30.0,82.7
2026-06-08,SKU0164,35.8,59.4,30.0,82.7
2026-06-15,SKU0164,77.1,59.4,30.0,82.7
2026-06-22,SKU0164,57.1,59.4,30.0,82.7
2026-06-29,SKU0164,46.1,59.4,30.0,82.7
2026-07-06,SKU0164,36.1,59.4,30.0,82.7
2026-07-13,SKU0164,85.5,0.0,30.0,82.7
2024-08-05,SKU0165,64.7,0.0,11.0,38.2
2024-08-12,SKU0165,53.7,0.0,11.0,38.2
2024-08-19,SKU0165,44.7,0.0,11.0,38.2
2024-08-26,SKU0165,18.7,74.7,11.0,38.2
2024-09-02,SKU0165,3.7,74.7,11.0,38.2
2024-09-09,SKU0165,70.4,0.0,11.0,38.2
2024-09-16,SKU0165,58.4,0.0,11.0,38.2
2024-09-23,SKU0165,48.4,0.0,11.0,38.2
2024-09-30,SKU0165,26.4,74.7,11.0,38.2
2024-10-07,SKU0165,8.4,74.7,11.0,38.2
2024-10-14,SKU0165,63.2,0.0,11.0,38.2
2024-10-21,SKU0165,26.2,74.7,11.0,38.2
2024-10-28,SKU0165,0.0,74.7,11.0,38.2
2024-11-04,SKU0165,50.7,0.0,11.0,38.2
2024-11-11,SKU0165,34.7,74.7,11.0,38.2
2024-11-18,SKU0165,18.7,74.7,11.0,38.2
2024-11-25,SKU0165,63.4,0.0,11.0,38.2
2024-12-02,SKU0165,47.4,0.0,11.0,38.2
2024-12-09,SKU0165,27.4,74.7,11.0,38.2
2024-12-16,SKU0165,0.4,74.7,11.0,38.2
2024-12-23,SKU0165,46.2,0.0,11.0,38.2
2024-12-30,SKU0165,12.2,74.7,11.0,38.2
2025-01-06,SKU0165,6.2,74.7,11.0,38.2
2025-01-13,SKU0165,64.9,0.0,11.0,38.2
2025-01-20,SKU0165,57.9,0.0,11.0,38.2
2025-01-27,SKU0165,44.9,0.0,11.0,38.2
2025-02-03,SKU0165,32.9,74.7,11.0,38.2
2025-02-10,SKU0165,23.9,74.7,11.0,38.2
2025-02-17,SKU0165,82.6,0.0,11.0,38.2
2025-02-24,SKU0165,72.6,0.0,11.0,38.2
2025-03-03,SKU0165,60.6,0.0,11.0,38.2
2025-03-10,SKU0165,41.6,0.0,11.0,38.2
2025-03-17,SKU0165,23.6,74.7,11.0,38.2
2025-03-24,SKU0165,15.6,74.7,11.0,38.2
2025-03-31,SKU0165,77.3,0.0,11.0,38.2
2025-04-07,SKU0165,65.3,0.0,11.0,38.2
2025-04-14,SKU0165,50.3,0.0,11.0,38.2
2025-04-21,SKU0165,38.3,0.0,11.0,38.2
2025-04-28,SKU0165,28.3,74.7,11.0,38.2
2025-05-05,SKU0165,20.3,74.7,11.0,38.2
2025-05-12,SKU0165,76.0,0.0,11.0,38.2
2025-05-19,SKU0165,63.0,0.0,11.0,38.2
2025-05-26,SKU0165,47.0,0.0,11.0,38.2
2025-06-02,SKU0165,31.0,74.7,11.0,38.2
2025-06-09,SKU0165,19.0,74.7,11.0,38.2
2025-06-16,SKU0165,57.7,0.0,11.0,38.2
2025-06-23,SKU0165,34.7,74.7,11.0,38.2
2025-06-30,SKU0165,15.7,74.7,11.0,38.2
2025-07-07,SKU0165,80.5,0.0,11.0,38.2
2025-07-14,SKU0165,66.5,0.0,11.0,38.2
2025-07-21,SKU0165,46.5,0.0,11.0,38.2
2025-07-28,SKU0165,36.5,74.7,11.0,38.2
2025-08-04,SKU0165,15.5,74.7,11.0,38.2
2025-08-11,SKU0165,67.2,0.0,11.0,38.2
2025-08-18,SKU0165,50.2,0.0,11.0,38.2
2025-08-25,SKU0165,40.2,0.0,11.0,38.2
2025-09-01,SKU0165,26.2,74.7,11.0,38.2
2025-09-08,SKU0165,2.2,74.7,11.0,38.2
2025-09-15,SKU0165,57.9,0.0,11.0,38.2
2025-09-22,SKU0165,41.9,0.0,11.0,38.2
2025-09-29,SKU0165,12.9,74.7,11.0,38.2
2025-10-06,SKU0165,0.0,74.7,11.0,38.2
2025-10-13,SKU0165,32.7,74.7,11.0,38.2
2025-10-20,SKU0165,0.0,74.7,11.0,38.2
2025-10-27,SKU0165,42.7,0.0,11.0,38.2
2025-11-03,SKU0165,9.7,74.7,11.0,38.2
2025-11-10,SKU0165,0.0,74.7,11.0,38.2
2025-11-17,SKU0165,55.7,0.0,11.0,38.2
2025-11-24,SKU0165,15.7,74.7,11.0,38.2
2025-12-01,SKU0165,0.0,74.7,11.0,38.2
2025-12-08,SKU0165,48.7,0.0,11.0,38.2
2025-12-15,SKU0165,20.7,74.7,11.0,38.2
2025-12-22,SKU0165,0.0,74.7,11.0,38.2
2025-12-29,SKU0165,41.7,0.0,11.0,38.2
2026-01-05,SKU0165,22.7,74.7,11.0,38.2
2026-01-12,SKU0165,13.7,74.7,11.0,38.2
2026-01-19,SKU0165,74.4,0.0,11.0,38.2
2026-01-26,SKU0165,58.4,0.0,11.0,38.2
2026-02-02,SKU0165,44.4,0.0,11.0,38.2
2026-02-09,SKU0165,39.4,0.0,11.0,38.2
2026-02-16,SKU0165,24.4,74.7,11.0,38.2
2026-02-23,SKU0165,10.4,74.7,11.0,38.2
2026-03-02,SKU0165,70.2,0.0,11.0,38.2
2026-03-09,SKU0165,55.2,0.0,11.0,38.2
2026-03-16,SKU0165,39.2,0.0,11.0,38.2
2026-03-23,SKU0165,24.2,74.7,11.0,38.2
2026-03-30,SKU0165,2.2,74.7,11.0,38.2
2026-04-06,SKU0165,60.9,0.0,11.0,38.2
2026-04-13,SKU0165,46.9,0.0,11.0,38.2
2026-04-20,SKU0165,23.9,74.7,11.0,38.2
2026-04-27,SKU0165,4.9,74.7,11.0,38.2
2026-05-04,SKU0165,55.6,0.0,11.0,38.2
2026-05-11,SKU0165,45.6,0.0,11.0,38.2
2026-05-18,SKU0165,28.6,74.7,11.0,38.2
2026-05-25,SKU0165,7.6,74.7,11.0,38.2
2026-06-01,SKU0165,69.3,0.0,11.0,38.2
2026-06-08,SKU0165,48.3,0.0,11.0,38.2
2026-06-15,SKU0165,13.3,74.7,11.0,38.2
2026-06-22,SKU0165,0.0,74.7,11.0,38.2
2026-06-29,SKU0165,48.7,0.0,11.0,38.2
2026-07-06,SKU0165,27.7,74.7,11.0,38.2
2026-07-13,SKU0165,17.7,74.7,11.0,38.2
2026-07-06,SKU0166,977.0,0.0,12.0,771.1
2026-07-13,SKU0166,639.0,1384.0,12.0,771.1
2024-08-05,SKU0167,783.0,0.0,15.0,681.1
2024-08-12,SKU0167,579.0,978.0,15.0,681.1
2024-08-19,SKU0167,385.0,978.0,15.0,681.1
2024-08-26,SKU0167,1191.0,0.0,15.0,681.1
2024-09-02,SKU0167,969.0,0.0,15.0,681.1
2024-09-09,SKU0167,803.0,0.0,15.0,681.1
2024-09-16,SKU0167,568.0,978.0,15.0,681.1
2024-09-23,SKU0167,354.0,978.0,15.0,681.1
2024-09-30,SKU0167,1059.1,0.0,15.0,681.1
2024-10-07,SKU0167,805.1,0.0,15.0,681.1
2024-10-14,SKU0167,396.1,978.0,15.0,681.1
2024-10-21,SKU0167,0.0,978.0,15.0,681.1
2024-10-28,SKU0167,556.0,978.0,15.0,681.1
2024-11-04,SKU0167,233.0,978.0,15.0,681.1
2024-11-11,SKU0167,927.0,0.0,15.0,681.1
2024-11-18,SKU0167,649.0,978.0,15.0,681.1
2024-11-25,SKU0167,243.0,978.0,15.0,681.1
2024-12-02,SKU0167,933.1,0.0,15.0,681.1
2024-12-09,SKU0167,641.1,978.0,15.0,681.1
2024-12-16,SKU0167,286.1,978.0,15.0,681.1
2024-12-23,SKU0167,850.1,0.0,15.0,681.1
2024-12-30,SKU0167,566.1,978.0,15.0,681.1
2025-01-06,SKU0167,368.1,978.0,15.0,681.1
2025-01-13,SKU0167,1170.1,0.0,15.0,681.1
2025-01-20,SKU0167,989.1,0.0,15.0,681.1
2025-01-27,SKU0167,828.1,0.0,15.0,681.1
2025-02-03,SKU0167,645.1,978.0,15.0,681.1
2025-02-10,SKU0167,473.1,978.0,15.0,681.1
2025-02-17,SKU0167,1297.1,0.0,15.0,681.1
2025-02-24,SKU0167,1093.1,0.0,15.0,681.1
2025-03-03,SKU0167,886.1,0.0,15.0,681.1
2025-03-10,SKU0167,679.1,978.0,15.0,681.1
2025-03-17,SKU0167,503.1,978.0,15.0,681.1
2025-03-24,SKU0167,1294.1,0.0,15.0,681.1
2025-03-31,SKU0167,1064.1,0.0,15.0,681.1
2025-04-07,SKU0167,862.1,0.0,15.0,681.1
2025-04-14,SKU0167,650.1,978.0,15.0,681.1
2025-04-21,SKU0167,450.1,978.0,15.0,681.1
2025-04-28,SKU0167,1208.2,0.0,15.0,681.1
2025-05-05,SKU0167,1020.2,0.0,15.0,681.1
2025-05-12,SKU0167,915.2,0.0,15.0,681.1
2025-05-19,SKU0167,708.2,0.0,15.0,681.1
2025-05-26,SKU0167,517.2,978.0,15.0,681.1
2025-06-02,SKU0167,323.2,978.0,15.0,681.1
2025-06-09,SKU0167,1064.2,0.0,15.0,681.1
2025-06-16,SKU0167,698.2,0.0,15.0,681.1
2025-06-23,SKU0167,401.2,978.0,15.0,681.1
2025-06-30,SKU0167,194.2,978.0,15.0,681.1
2025-07-07,SKU0167,949.2,0.0,15.0,681.1
2025-07-14,SKU0167,769.2,0.0,15.0,681.1
2025-07-21,SKU0167,556.2,978.0,15.0,681.1
2025-07-28,SKU0167,347.2,978.0,15.0,681.1
2025-08-04,SKU0167,1133.2,0.0,15.0,681.1
2025-08-11,SKU0167,911.2,0.0,15.0,681.1
2025-08-18,SKU0167,696.2,0.0,15.0,681.1
2025-08-25,SKU0167,481.2,978.0,15.0,681.1
2025-09-01,SKU0167,263.2,978.0,15.0,681.1
2025-09-08,SKU0167,1012.2,0.0,15.0,681.1
2025-09-15,SKU0167,803.2,0.0,15.0,681.1
2025-09-22,SKU0167,578.2,978.0,15.0,681.1
2025-09-29,SKU0167,306.2,978.0,15.0,681.1
2025-10-06,SKU0167,974.3,0.0,15.0,681.1
2025-10-13,SKU0167,556.3,978.0,15.0,681.1
2025-10-20,SKU0167,184.3,978.0,15.0,681.1
2025-10-27,SKU0167,632.3,978.0,15.0,681.1
2025-11-03,SKU0167,280.3,978.0,15.0,681.1
2025-11-10,SKU0167,960.3,0.0,15.0,681.1
2025-11-17,SKU0167,656.3,978.0,15.0,681.1
2025-11-24,SKU0167,257.3,978.0,15.0,681.1
2025-12-01,SKU0167,919.3,0.0,15.0,681.1
2025-12-08,SKU0167,634.3,978.0,15.0,681.1
2025-12-15,SKU0167,309.3,978.0,15.0,681.1
2025-12-22,SKU0167,796.3,0.0,15.0,681.1
2025-12-29,SKU0167,513.3,978.0,15.0,681.1
2026-01-05,SKU0167,304.3,978.0,15.0,681.1
2026-01-12,SKU0167,1101.3,0.0,15.0,681.1
2026-01-19,SKU0167,917.3,0.0,15.0,681.1
2026-01-26,SKU0167,725.3,0.0,15.0,681.1
2026-02-02,SKU0167,540.3,978.0,15.0,681.1
2026-02-09,SKU0167,362.3,978.0,15.0,681.1
2026-02-16,SKU0167,1139.4,0.0,15.0,681.1
2026-02-23,SKU0167,939.4,0.0,15.0,681.1
2026-03-02,SKU0167,737.4,0.0,15.0,681.1
2026-03-09,SKU0167,513.4,978.0,15.0,681.1
2026-03-16,SKU0167,318.4,978.0,15.0,681.1
2026-03-23,SKU0167,1086.4,0.0,15.0,681.1
2026-03-30,SKU0167,879.4,0.0,15.0,681.1
2026-04-06,SKU0167,728.4,0.0,15.0,681.1
2026-04-13,SKU0167,515.4,978.0,15.0,681.1
2026-04-20,SKU0167,302.4,978.0,15.0,681.1
2026-04-27,SKU0167,1076.4,0.0,15.0,681.1
2026-05-04,SKU0167,845.4,0.0,15.0,681.1
2026-05-11,SKU0167,626.4,978.0,15.0,681.1
2026-05-18,SKU0167,413.4,978.0,15.0,681.1
2026-05-25,SKU0167,1179.4,0.0,15.0,681.1
2026-06-01,SKU0167,967.4,0.0,15.0,681.1
2026-06-08,SKU0167,732.4,0.0,15.0,681.1
2026-06-15,SKU0167,360.4,978.0,15.0,681.1
2026-06-22,SKU0167,32.4,978.0,15.0,681.1
2026-06-29,SKU0167,763.4,0.0,15.0,681.1
2026-07-06,SKU0167,549.4,978.0,15.0,681.1
2026-07-13,SKU0167,368.4,978.0,15.0,681.1
2024-07-29,SKU0168,83.9,0.0,17.0,82.8
2024-08-05,SKU0168,57.9,104.9,17.0,82.8
2024-08-12,SKU0168,37.9,104.9,17.0,82.8
2024-08-19,SKU0168,122.8,0.0,17.0,82.8
2024-08-26,SKU0168,97.8,0.0,17.0,82.8
2024-09-02,SKU0168,77.8,104.9,17.0,82.8
2024-09-09,SKU0168,51.8,104.9,17.0,82.8
2024-09-16,SKU0168,144.8,0.0,17.0,82.8
2024-09-23,SKU0168,115.8,0.0,17.0,82.8
2024-09-30,SKU0168,88.8,0.0,17.0,82.8
2024-10-07,SKU0168,58.8,104.9,17.0,82.8
2024-10-14,SKU0168,18.8,104.9,17.0,82.8
2024-10-21,SKU0168,65.7,104.9,17.0,82.8
2024-10-28,SKU0168,27.7,104.9,17.0,82.8
2024-11-04,SKU0168,94.6,0.0,17.0,82.8
2024-11-11,SKU0168,66.6,104.9,17.0,82.8
2024-11-18,SKU0168,30.6,104.9,17.0,82.8
2024-11-25,SKU0168,93.5,0.0,17.0,82.8
2024-12-02,SKU0168,63.5,104.9,17.0,82.8
2024-12-09,SKU0168,39.5,104.9,17.0,82.8
2024-12-16,SKU0168,102.5,0.0,17.0,82.8
2024-12-23,SKU0168,61.5,104.9,17.0,82.8
2024-12-30,SKU0168,28.5,104.9,17.0,82.8
2025-01-06,SKU0168,123.4,0.0,17.0,82.8
2025-01-13,SKU0168,103.4,0.0,17.0,82.8
2025-01-20,SKU0168,86.4,0.0,17.0,82.8
2025-01-27,SKU0168,60.4,104.9,17.0,82.8
2025-02-03,SKU0168,44.4,104.9,17.0,82.8
2025-02-10,SKU0168,128.3,0.0,17.0,82.8
2025-02-17,SKU0168,107.3,0.0,17.0,82.8
2025-02-24,SKU0168,82.3,104.9,17.0,82.8
2025-03-03,SKU0168,57.3,104.9,17.0,82.8
2025-03-10,SKU0168,136.2,0.0,17.0,82.8
2025-03-17,SKU0168,110.2,0.0,17.0,82.8
2025-03-24,SKU0168,88.2,0.0,17.0,82.8
2025-03-31,SKU0168,69.2,104.9,17.0,82.8
2025-04-07,SKU0168,48.2,104.9,17.0,82.8
2025-04-14,SKU0168,125.2,0.0,17.0,82.8
2025-04-21,SKU0168,105.2,0.0,17.0,82.8
2025-04-28,SKU0168,90.2,0.0,17.0,82.8
2025-05-05,SKU0168,71.2,104.9,17.0,82.8
2025-05-12,SKU0168,46.2,104.9,17.0,82.8
2025-05-19,SKU0168,130.1,0.0,17.0,82.8
2025-05-26,SKU0168,113.1,0.0,17.0,82.8
2025-06-02,SKU0168,89.1,0.0,17.0,82.8
2025-06-09,SKU0168,61.1,104.9,17.0,82.8
2025-06-16,SKU0168,25.1,104.9,17.0,82.8
2025-06-23,SKU0168,87.0,0.0,17.0,82.8
2025-06-30,SKU0168,60.0,104.9,17.0,82.8
2025-07-07,SKU0168,44.0,104.9,17.0,82.8
2025-07-14,SKU0168,132.9,0.0,17.0,82.8
2025-07-21,SKU0168,109.9,0.0,17.0,82.8
2025-07-28,SKU0168,84.9,0.0,17.0,82.8
2025-08-04,SKU0168,68.9,104.9,17.0,82.8
2025-08-11,SKU0168,56.9,104.9,17.0,82.8
2025-08-18,SKU0168,132.8,0.0,17.0,82.8
2025-08-25,SKU0168,109.8,0.0,17.0,82.8
2025-09-01,SKU0168,82.8,0.0,17.0,82.8
2025-09-08,SKU0168,60.8,104.9,17.0,82.8
2025-09-15,SKU0168,35.8,104.9,17.0,82.8
2025-09-22,SKU0168,116.8,0.0,17.0,82.8
2025-09-29,SKU0168,86.8,0.0,17.0,82.8
2025-10-06,SKU0168,62.8,104.9,17.0,82.8
2025-10-13,SKU0168,18.8,104.9,17.0,82.8
2025-10-20,SKU0168,87.7,0.0,17.0,82.8
2025-10-27,SKU0168,40.7,104.9,17.0,82.8
2025-11-03,SKU0168,0.0,104.9,17.0,82.8
2025-11-10,SKU0168,70.9,104.9,17.0,82.8
2025-11-17,SKU0168,35.9,104.9,17.0,82.8
2025-11-24,SKU0168,98.8,0.0,17.0,82.8
2025-12-01,SKU0168,62.8,104.9,17.0,82.8
2025-12-08,SKU0168,27.8,104.9,17.0,82.8
2025-12-15,SKU0168,87.8,0.0,17.0,82.8
2025-12-22,SKU0168,25.8,104.9,17.0,82.8
2025-12-29,SKU0168,0.8,104.9,17.0,82.8
2026-01-05,SKU0168,95.7,0.0,17.0,82.8
2026-01-12,SKU0168,83.7,0.0,17.0,82.8
2026-01-19,SKU0168,64.7,104.9,17.0,82.8
2026-01-26,SKU0168,41.7,104.9,17.0,82.8
2026-02-02,SKU0168,127.6,0.0,17.0,82.8
2026-02-09,SKU0168,106.6,0.0,17.0,82.8
2026-02-16,SKU0168,84.6,0.0,17.0,82.8
2026-02-23,SKU0168,64.6,104.9,17.0,82.8
2026-03-02,SKU0168,44.6,104.9,17.0,82.8
2026-03-09,SKU0168,125.5,0.0,17.0,82.8
2026-03-16,SKU0168,98.5,0.0,17.0,82.8
2026-03-23,SKU0168,75.5,104.9,17.0,82.8
2026-03-30,SKU0168,51.5,104.9,17.0,82.8
2026-04-06,SKU0168,125.5,0.0,17.0,82.8
2026-04-13,SKU0168,103.5,0.0,17.0,82.8
2026-04-20,SKU0168,85.5,0.0,17.0,82.8
2026-04-27,SKU0168,60.5,104.9,17.0,82.8
2026-05-04,SKU0168,35.5,104.9,17.0,82.8
2026-05-11,SKU0168,112.4,0.0,17.0,82.8
2026-05-18,SKU0168,96.4,0.0,17.0,82.8
2026-05-25,SKU0168,67.4,104.9,17.0,82.8
2026-06-01,SKU0168,49.4,104.9,17.0,82.8
2026-06-08,SKU0168,140.3,0.0,17.0,82.8
2026-06-15,SKU0168,101.3,0.0,17.0,82.8
2026-06-22,SKU0168,77.3,104.9,17.0,82.8
2026-06-29,SKU0168,55.3,104.9,17.0,82.8
2026-07-06,SKU0168,137.2,0.0,17.0,82.8
2026-07-13,SKU0168,119.2,0.0,17.0,82.8
2024-08-12,SKU0169,100.9,0.0,12.0,66.8
2024-08-19,SKU0169,73.9,0.0,12.0,66.8
2024-08-26,SKU0169,58.9,119.9,12.0,66.8
2024-09-02,SKU0169,32.9,119.9,12.0,66.8
2024-09-09,SKU0169,119.8,0.0,12.0,66.8
2024-09-16,SKU0169,98.8,0.0,12.0,66.8
2024-09-23,SKU0169,79.8,0.0,12.0,66.8
2024-09-30,SKU0169,49.8,119.9,12.0,66.8
2024-10-07,SKU0169,21.8,119.9,12.0,66.8
2024-10-14,SKU0169,82.8,0.0,12.0,66.8
2024-10-21,SKU0169,29.8,119.9,12.0,66.8
2024-10-28,SKU0169,0.0,119.9,12.0,66.8
2024-11-04,SKU0169,89.9,0.0,12.0,66.8
2024-11-11,SKU0169,63.9,119.9,12.0,66.8
2024-11-18,SKU0169,23.9,119.9,12.0,66.8
2024-11-25,SKU0169,102.8,0.0,12.0,66.8
2024-12-02,SKU0169,61.8,119.9,12.0,66.8
2024-12-09,SKU0169,26.8,119.9,12.0,66.8
2024-12-16,SKU0169,103.8,0.0,12.0,66.8
2024-12-23,SKU0169,58.8,119.9,12.0,66.8
2024-12-30,SKU0169,23.8,119.9,12.0,66.8
2025-01-06,SKU0169,127.7,0.0,12.0,66.8
2025-01-13,SKU0169,100.7,0.0,12.0,66.8
2025-01-20,SKU0169,79.7,0.0,12.0,66.8
2025-01-27,SKU0169,57.7,119.9,12.0,66.8
2025-02-03,SKU0169,40.7,119.9,12.0,66.8
2025-02-10,SKU0169,140.6,0.0,12.0,66.8
2025-02-17,SKU0169,123.6,0.0,12.0,66.8
2025-02-24,SKU0169,99.6,0.0,12.0,66.8
2025-03-03,SKU0169,76.6,0.0,12.0,66.8
2025-03-10,SKU0169,47.6,119.9,12.0,66.8
2025-03-17,SKU0169,25.6,119.9,12.0,66.8
2025-03-24,SKU0169,122.5,0.0,12.0,66.8
2025-03-31,SKU0169,98.5,0.0,12.0,66.8
2025-04-07,SKU0169,78.5,0.0,12.0,66.8
2025-04-14,SKU0169,54.5,119.9,12.0,66.8
2025-04-21,SKU0169,32.5,119.9,12.0,66.8
2025-04-28,SKU0169,120.5,0.0,12.0,66.8
2025-05-05,SKU0169,99.5,0.0,12.0,66.8
2025-05-12,SKU0169,72.5,0.0,12.0,66.8
2025-05-19,SKU0169,53.5,119.9,12.0,66.8
2025-05-26,SKU0169,35.5,119.9,12.0,66.8
2025-06-02,SKU0169,138.4,0.0,12.0,66.8
2025-06-09,SKU0169,120.4,0.0,12.0,66.8
2025-06-16,SKU0169,82.4,0.0,12.0,66.8
2025-06-23,SKU0169,40.4,119.9,12.0,66.8
2025-06-30,SKU0169,17.4,119.9,12.0,66.8
2025-07-07,SKU0169,103.3,0.0,12.0,66.8
2025-07-14,SKU0169,86.3,0.0,12.0,66.8
2025-07-21,SKU0169,61.3,119.9,12.0,66.8
2025-07-28,SKU0169,43.3,119.9,12.0,66.8
2025-08-04,SKU0169,134.2,0.0,12.0,66.8
2025-08-11,SKU0169,110.2,0.0,12.0,66.8
2025-08-18,SKU0169,83.2,0.0,12.0,66.8
2025-08-25,SKU0169,40.2,119.9,12.0,66.8
2025-09-01,SKU0169,17.2,119.9,12.0,66.8
2025-09-08,SKU0169,107.1,0.0,12.0,66.8
2025-09-15,SKU0169,94.1,0.0,12.0,66.8
2025-09-22,SKU0169,67.1,0.0,12.0,66.8
2025-09-29,SKU0169,37.1,119.9,12.0,66.8
2025-10-06,SKU0169,0.0,119.9,12.0,66.8
2025-10-13,SKU0169,64.9,119.9,12.0,66.8
2025-10-20,SKU0169,5.9,119.9,12.0,66.8
2025-10-27,SKU0169,69.8,0.0,12.0,66.8
2025-11-03,SKU0169,28.8,119.9,12.0,66.8
2025-11-10,SKU0169,0.0,119.9,12.0,66.8
2025-11-17,SKU0169,82.9,0.0,12.0,66.8
2025-11-24,SKU0169,32.9,119.9,12.0,66.8
2025-12-01,SKU0169,0.0,119.9,12.0,66.8
2025-12-08,SKU0169,68.9,0.0,12.0,66.8
2025-12-15,SKU0169,31.9,119.9,12.0,66.8
2025-12-22,SKU0169,0.0,119.9,12.0,66.8
2025-12-29,SKU0169,69.9,0.0,12.0,66.8
2026-01-05,SKU0169,46.9,119.9,12.0,66.8
2026-01-12,SKU0169,24.9,119.9,12.0,66.8
2026-01-19,SKU0169,118.8,0.0,12.0,66.8
2026-01-26,SKU0169,102.8,0.0,12.0,66.8
2026-02-02,SKU0169,79.8,0.0,12.0,66.8
2026-02-09,SKU0169,55.8,119.9,12.0,66.8
2026-02-16,SKU0169,35.8,119.9,12.0,66.8
2026-02-23,SKU0169,144.8,0.0,12.0,66.8
2026-03-02,SKU0169,122.8,0.0,12.0,66.8
2026-03-09,SKU0169,98.8,0.0,12.0,66.8
2026-03-16,SKU0169,71.8,0.0,12.0,66.8
2026-03-23,SKU0169,39.8,119.9,12.0,66.8
2026-03-30,SKU0169,11.8,119.9,12.0,66.8
2026-04-06,SKU0169,108.7,0.0,12.0,66.8
2026-04-13,SKU0169,88.7,0.0,12.0,66.8
2026-04-20,SKU0169,60.7,119.9,12.0,66.8
2026-04-27,SKU0169,28.7,119.9,12.0,66.8
2026-05-04,SKU0169,115.6,0.0,12.0,66.8
2026-05-11,SKU0169,94.6,0.0,12.0,66.8
2026-05-18,SKU0169,60.6,119.9,12.0,66.8
2026-05-25,SKU0169,38.6,119.9,12.0,66.8
2026-06-01,SKU0169,120.5,0.0,12.0,66.8
2026-06-08,SKU0169,82.5,0.0,12.0,66.8
2026-06-15,SKU0169,44.5,119.9,12.0,66.8
2026-06-22,SKU0169,9.5,119.9,12.0,66.8
2026-06-29,SKU0169,101.5,0.0,12.0,66.8
2026-07-06,SKU0169,83.5,0.0,12.0,66.8
2026-07-13,SKU0169,62.5,119.9,12.0,66.8
2024-07-22,SKU0170,30.3,46.3,16.0,34.4
2024-07-29,SKU0170,16.3,46.3,16.0,34.4
2024-08-05,SKU0170,53.6,0.0,16.0,34.4
2024-08-12,SKU0170,39.6,0.0,16.0,34.4
2024-08-19,SKU0170,33.6,46.3,16.0,34.4
2024-08-26,SKU0170,17.6,46.3,16.0,34.4
2024-09-02,SKU0170,53.0,0.0,16.0,34.4
2024-09-09,SKU0170,45.0,0.0,16.0,34.4
2024-09-16,SKU0170,36.0,0.0,16.0,34.4
2024-09-23,SKU0170,23.0,46.3,16.0,34.4
2024-09-30,SKU0170,13.0,46.3,16.0,34.4
2024-10-07,SKU0170,46.3,0.0,16.0,34.4
2024-10-14,SKU0170,26.3,46.3,16.0,34.4
2024-10-21,SKU0170,3.3,46.3,16.0,34.4
2024-10-28,SKU0170,44.6,0.0,16.0,34.4
2024-11-04,SKU0170,20.6,46.3,16.0,34.4
2024-11-11,SKU0170,14.6,46.3,16.0,34.4
2024-11-18,SKU0170,52.9,0.0,16.0,34.4
2024-11-25,SKU0170,37.9,0.0,16.0,34.4
2024-12-02,SKU0170,24.9,46.3,16.0,34.4
2024-12-09,SKU0170,12.9,46.3,16.0,34.4
2024-12-16,SKU0170,47.3,0.0,16.0,34.4
2024-12-23,SKU0170,22.3,46.3,16.0,34.4
2024-12-30,SKU0170,13.3,46.3,16.0,34.4
2025-01-06,SKU0170,50.6,0.0,16.0,34.4
2025-01-13,SKU0170,42.6,0.0,16.0,34.4
2025-01-20,SKU0170,36.6,0.0,16.0,34.4
2025-01-27,SKU0170,21.6,46.3,16.0,34.4
2025-02-03,SKU0170,17.6,46.3,16.0,34.4
2025-02-10,SKU0170,55.9,0.0,16.0,34.4
2025-02-17,SKU0170,49.9,0.0,16.0,34.4
2025-02-24,SKU0170,41.9,0.0,16.0,34.4
2025-03-03,SKU0170,28.9,46.3,16.0,34.4
2025-03-10,SKU0170,18.9,46.3,16.0,34.4
2025-03-17,SKU0170,56.2,0.0,16.0,34.4
2025-03-24,SKU0170,47.2,0.0,16.0,34.4
2025-03-31,SKU0170,38.2,0.0,16.0,34.4
2025-04-07,SKU0170,32.2,46.3,16.0,34.4
2025-04-14,SKU0170,24.2,46.3,16.0,34.4
2025-04-21,SKU0170,65.6,0.0,16.0,34.4
2025-04-28,SKU0170,55.6,0.0,16.0,34.4
2025-05-05,SKU0170,48.6,0.0,16.0,34.4
2025-05-12,SKU0170,37.6,0.0,16.0,34.4
2025-05-19,SKU0170,20.6,46.3,16.0,34.4
2025-05-26,SKU0170,11.6,46.3,16.0,34.4
2025-06-02,SKU0170,50.9,0.0,16.0,34.4
2025-06-09,SKU0170,42.9,0.0,16.0,34.4
2025-06-16,SKU0170,33.9,46.3,16.0,34.4
2025-06-23,SKU0170,16.9,46.3,16.0,34.4
2025-06-30,SKU0170,54.2,0.0,16.0,34.4
2025-07-07,SKU0170,45.2,0.0,16.0,34.4
2025-07-14,SKU0170,34.2,46.3,16.0,34.4
2025-07-21,SKU0170,18.2,46.3,16.0,34.4
2025-07-28,SKU0170,58.5,0.0,16.0,34.4
2025-08-04,SKU0170,48.5,0.0,16.0,34.4
2025-08-11,SKU0170,35.5,0.0,16.0,34.4
2025-08-18,SKU0170,25.5,46.3,16.0,34.4
2025-08-25,SKU0170,14.5,46.3,16.0,34.4
2025-09-01,SKU0170,50.9,0.0,16.0,34.4
2025-09-08,SKU0170,40.9,0.0,16.0,34.4
2025-09-15,SKU0170,31.9,46.3,16.0,34.4
2025-09-22,SKU0170,17.9,46.3,16.0,34.4
2025-09-29,SKU0170,50.2,0.0,16.0,34.4
2025-10-06,SKU0170,36.2,0.0,16.0,34.4
2025-10-13,SKU0170,18.2,46.3,16.0,34.4
2025-10-20,SKU0170,0.0,46.3,16.0,34.4
2025-10-27,SKU0170,32.3,46.3,16.0,34.4
2025-11-03,SKU0170,16.3,46.3,16.0,34.4
2025-11-10,SKU0170,46.6,0.0,16.0,34.4
2025-11-17,SKU0170,29.6,46.3,16.0,34.4
2025-11-24,SKU0170,6.6,46.3,16.0,34.4
2025-12-01,SKU0170,37.0,0.0,16.0,34.4
2025-12-08,SKU0170,23.0,46.3,16.0,34.4
2025-12-15,SKU0170,2.0,46.3,16.0,34.4
2025-12-22,SKU0170,13.3,46.3,16.0,34.4
2025-12-29,SKU0170,0.3,46.3,16.0,34.4
2026-01-05,SKU0170,37.6,0.0,16.0,34.4
2026-01-12,SKU0170,26.6,46.3,16.0,34.4
2026-01-19,SKU0170,21.6,46.3,16.0,34.4
2026-01-26,SKU0170,59.9,0.0,16.0,34.4
2026-02-02,SKU0170,49.9,0.0,16.0,34.4
2026-02-09,SKU0170,34.9,0.0,16.0,34.4
2026-02-16,SKU0170,22.9,46.3,16.0,34.4
2026-02-23,SKU0170,13.9,46.3,16.0,34.4
2026-03-02,SKU0170,51.3,0.0,16.0,34.4
2026-03-09,SKU0170,38.3,0.0,16.0,34.4
2026-03-16,SKU0170,26.3,46.3,16.0,34.4
2026-03-23,SKU0170,17.3,46.3,16.0,34.4
2026-03-30,SKU0170,51.6,0.0,16.0,34.4
2026-04-06,SKU0170,39.6,0.0,16.0,34.4
2026-04-13,SKU0170,33.6,46.3,16.0,34.4
2026-04-20,SKU0170,25.6,46.3,16.0,34.4
2026-04-27,SKU0170,65.9,0.0,16.0,34.4
2026-05-04,SKU0170,52.9,0.0,16.0,34.4
2026-05-11,SKU0170,42.9,0.0,16.0,34.4
2026-05-18,SKU0170,31.9,46.3,16.0,34.4
2026-05-25,SKU0170,23.9,46.3,16.0,34.4
2026-06-01,SKU0170,65.2,0.0,16.0,34.4
2026-06-08,SKU0170,58.2,0.0,16.0,34.4
2026-06-15,SKU0170,41.2,0.0,16.0,34.4
2026-06-22,SKU0170,28.2,46.3,16.0,34.4
2026-06-29,SKU0170,19.2,46.3,16.0,34.4
2026-07-06,SKU0170,53.6,0.0,16.0,34.4
2026-07-13,SKU0170,44.6,0.0,16.0,34.4
2024-08-05,SKU0171,19.1,0.0,14.0,15.7
2024-08-12,SKU0171,11.1,24.1,14.0,15.7
2024-08-19,SKU0171,9.1,24.1,14.0,15.7
2024-08-26,SKU0171,31.2,0.0,14.0,15.7
2024-09-02,SKU0171,25.2,0.0,14.0,15.7
2024-09-09,SKU0171,22.2,0.0,14.0,15.7
2024-09-16,SKU0171,18.2,0.0,14.0,15.7
2024-09-23,SKU0171,11.2,24.1,14.0,15.7
2024-09-30,SKU0171,8.2,24.1,14.0,15.7
2024-10-07,SKU0171,26.3,0.0,14.0,15.7
2024-10-14,SKU0171,17.3,0.0,14.0,15.7
2024-10-21,SKU0171,9.3,24.1,14.0,15.7
2024-10-28,SKU0171,3.3,24.1,14.0,15.7
2024-11-04,SKU0171,21.5,0.0,14.0,15.7
2024-11-11,SKU0171,13.5,24.1,14.0,15.7
2024-11-18,SKU0171,6.5,24.1,14.0,15.7
2024-11-25,SKU0171,14.6,24.1,14.0,15.7
2024-12-02,SKU0171,6.6,24.1,14.0,15.7
2024-12-09,SKU0171,25.7,0.0,14.0,15.7
2024-12-16,SKU0171,21.7,0.0,14.0,15.7
2024-12-23,SKU0171,13.7,24.1,14.0,15.7
2024-12-30,SKU0171,7.7,24.1,14.0,15.7
2025-01-06,SKU0171,28.8,0.0,14.0,15.7
2025-01-13,SKU0171,24.8,0.0,14.0,15.7
2025-01-20,SKU0171,21.8,0.0,14.0,15.7
2025-01-27,SKU0171,18.8,0.0,14.0,15.7
2025-02-03,SKU0171,16.8,0.0,14.0,15.7
2025-02-10,SKU0171,10.8,24.1,14.0,15.7
2025-02-17,SKU0171,6.8,24.1,14.0,15.7
2025-02-24,SKU0171,25.9,0.0,14.0,15.7
2025-03-03,SKU0171,23.9,0.0,14.0,15.7
2025-03-10,SKU0171,19.9,0.0,14.0,15.7
2025-03-17,SKU0171,15.9,0.0,14.0,15.7
2025-03-24,SKU0171,10.9,24.1,14.0,15.7
2025-03-31,SKU0171,5.9,24.1,14.0,15.7
2025-04-07,SKU0171,24.0,0.0,14.0,15.7
2025-04-14,SKU0171,19.0,0.0,14.0,15.7
2025-04-21,SKU0171,12.0,24.1,14.0,15.7
2025-04-28,SKU0171,4.0,24.1,14.0,15.7
2025-05-05,SKU0171,20.2,0.0,14.0,15.7
2025-05-12,SKU0171,14.2,24.1,14.0,15.7
2025-05-19,SKU0171,10.2,24.1,14.0,15.7
2025-05-26,SKU0171,26.3,0.0,14.0,15.7
2025-06-02,SKU0171,19.3,0.0,14.0,15.7
2025-06-09,SKU0171,13.3,24.1,14.0,15.7
2025-06-16,SKU0171,8.3,24.1,14.0,15.7
2025-06-23,SKU0171,26.4,0.0,14.0,15.7
2025-06-30,SKU0171,22.4,0.0,14.0,15.7
2025-07-07,SKU0171,16.4,0.0,14.0,15.7
2025-07-14,SKU0171,12.4,24.1,14.0,15.7
2025-07-21,SKU0171,6.4,24.1,14.0,15.7
2025-07-28,SKU0171,24.5,0.0,14.0,15.7
2025-08-04,SKU0171,18.5,0.0,14.0,15.7
2025-08-11,SKU0171,10.5,24.1,14.0,15.7
2025-08-18,SKU0171,4.5,24.1,14.0,15.7
2025-08-25,SKU0171,24.6,0.0,14.0,15.7
2025-09-01,SKU0171,21.6,0.0,14.0,15.7
2025-09-08,SKU0171,18.6,0.0,14.0,15.7
2025-09-15,SKU0171,11.6,24.1,14.0,15.7
2025-09-22,SKU0171,7.6,24.1,14.0,15.7
2025-09-29,SKU0171,24.7,0.0,14.0,15.7
2025-10-06,SKU0171,11.7,24.1,14.0,15.7
2025-10-13,SKU0171,0.0,24.1,14.0,15.7
2025-10-20,SKU0171,13.1,24.1,14.0,15.7
2025-10-27,SKU0171,1.1,24.1,14.0,15.7
2025-11-03,SKU0171,14.2,24.1,14.0,15.7
2025-11-10,SKU0171,9.2,24.1,14.0,15.7
2025-11-17,SKU0171,30.3,0.0,14.0,15.7
2025-11-24,SKU0171,16.3,0.0,14.0,15.7
2025-12-01,SKU0171,10.3,24.1,14.0,15.7
2025-12-08,SKU0171,7.3,24.1,14.0,15.7
2025-12-15,SKU0171,18.5,0.0,14.0,15.7
2025-12-22,SKU0171,9.5,24.1,14.0,15.7
2025-12-29,SKU0171,0.0,24.1,14.0,15.7
2026-01-05,SKU0171,19.1,0.0,14.0,15.7
2026-01-12,SKU0171,16.1,0.0,14.0,15.7
2026-01-19,SKU0171,13.1,24.1,14.0,15.7
2026-01-26,SKU0171,9.1,24.1,14.0,15.7
2026-02-02,SKU0171,25.2,0.0,14.0,15.7
2026-02-09,SKU0171,21.2,0.0,14.0,15.7
2026-02-16,SKU0171,20.2,0.0,14.0,15.7
2026-02-23,SKU0171,14.2,24.1,14.0,15.7
2026-03-02,SKU0171,10.2,24.1,14.0,15.7
2026-03-09,SKU0171,28.3,0.0,14.0,15.7
2026-03-16,SKU0171,23.3,0.0,14.0,15.7
2026-03-23,SKU0171,15.3,24.1,14.0,15.7
2026-03-30,SKU0171,9.3,24.1,14.0,15.7
2026-04-06,SKU0171,28.5,0.0,14.0,15.7
2026-04-13,SKU0171,20.5,0.0,14.0,15.7
2026-04-20,SKU0171,14.5,24.1,14.0,15.7
2026-04-27,SKU0171,8.5,24.1,14.0,15.7
2026-05-04,SKU0171,22.6,0.0,14.0,15.7
2026-05-11,SKU0171,19.6,0.0,14.0,15.7
2026-05-18,SKU0171,9.6,24.1,14.0,15.7
2026-05-25,SKU0171,4.6,24.1,14.0,15.7
2026-06-01,SKU0171,20.7,0.0,14.0,15.7
2026-06-08,SKU0171,14.7,24.1,14.0,15.7
2026-06-15,SKU0171,3.7,24.1,14.0,15.7
2026-06-22,SKU0171,19.8,0.0,14.0,15.7
2026-06-29,SKU0171,15.8,0.0,14.0,15.7
2026-07-06,SKU0171,13.8,24.1,14.0,15.7
2026-07-13,SKU0171,10.8,24.1,14.0,15.7
2024-07-22,SKU0172,115.6,0.0,15.0,103.5
2024-07-29,SKU0172,77.6,148.6,15.0,103.5
2024-08-05,SKU0172,53.6,148.6,15.0,103.5
2024-08-12,SKU0172,186.2,0.0,15.0,103.5
2024-08-19,SKU0172,156.2,0.0,15.0,103.5
2024-08-26,SKU0172,131.2,0.0,15.0,103.5
2024-09-02,SKU0172,101.2,148.6,15.0,103.5
2024-09-09,SKU0172,69.2,148.6,15.0,103.5
2024-09-16,SKU0172,184.8,0.0,15.0,103.5
2024-09-23,SKU0172,158.8,0.0,15.0,103.5
2024-09-30,SKU0172,114.8,0.0,15.0,103.5
2024-10-07,SKU0172,69.8,148.6,15.0,103.5
2024-10-14,SKU0172,4.8,148.6,15.0,103.5
2024-10-21,SKU0172,76.4,148.6,15.0,103.5
2024-10-28,SKU0172,14.4,148.6,15.0,103.5
2024-11-04,SKU0172,106.0,0.0,15.0,103.5
2024-11-11,SKU0172,70.0,148.6,15.0,103.5
2024-11-18,SKU0172,14.0,148.6,15.0,103.5
2024-11-25,SKU0172,101.7,148.6,15.0,103.5
2024-12-02,SKU0172,69.7,148.6,15.0,103.5
2024-12-09,SKU0172,184.3,0.0,15.0,103.5
2024-12-16,SKU0172,128.3,0.0,15.0,103.5
2024-12-23,SKU0172,62.3,148.6,15.0,103.5
2024-12-30,SKU0172,0.0,148.6,15.0,103.5
2025-01-06,SKU0172,115.6,0.0,15.0,103.5
2025-01-13,SKU0172,89.6,148.6,15.0,103.5
2025-01-20,SKU0172,64.6,148.6,15.0,103.5
2025-01-27,SKU0172,186.2,0.0,15.0,103.5
2025-02-03,SKU0172,160.2,0.0,15.0,103.5
2025-02-10,SKU0172,130.2,0.0,15.0,103.5
2025-02-17,SKU0172,104.2,0.0,15.0,103.5
2025-02-24,SKU0172,77.2,148.6,15.0,103.5
2025-03-03,SKU0172,47.2,148.6,15.0,103.5
2025-03-10,SKU0172,163.8,0.0,15.0,103.5
2025-03-17,SKU0172,141.8,0.0,15.0,103.5
2025-03-24,SKU0172,109.8,0.0,15.0,103.5
2025-03-31,SKU0172,71.8,148.6,15.0,103.5
2025-04-07,SKU0172,28.8,148.6,15.0,103.5
2025-04-14,SKU0172,141.4,0.0,15.0,103.5
2025-04-21,SKU0172,115.4,0.0,15.0,103.5
2025-04-28,SKU0172,76.4,148.6,15.0,103.5
2025-05-05,SKU0172,52.4,148.6,15.0,103.5
2025-05-12,SKU0172,169.0,0.0,15.0,103.5
2025-05-19,SKU0172,134.0,0.0,15.0,103.5
2025-05-26,SKU0172,98.0,148.6,15.0,103.5
2025-06-02,SKU0172,72.0,148.6,15.0,103.5
2025-06-09,SKU0172,173.7,0.0,15.0,103.5
2025-06-16,SKU0172,125.7,0.0,15.0,103.5
2025-06-23,SKU0172,60.7,148.6,15.0,103.5
2025-06-30,SKU0172,40.7,148.6,15.0,103.5
2025-07-07,SKU0172,159.3,0.0,15.0,103.5
2025-07-14,SKU0172,135.3,0.0,15.0,103.5
2025-07-21,SKU0172,114.3,0.0,15.0,103.5
2025-07-28,SKU0172,79.3,148.6,15.0,103.5
2025-08-04,SKU0172,50.3,148.6,15.0,103.5
2025-08-11,SKU0172,172.9,0.0,15.0,103.5
2025-08-18,SKU0172,138.9,0.0,15.0,103.5
2025-08-25,SKU0172,109.9,0.0,15.0,103.5
2025-09-01,SKU0172,77.9,148.6,15.0,103.5
2025-09-08,SKU0172,51.9,148.6,15.0,103.5
2025-09-15,SKU0172,165.5,0.0,15.0,103.5
2025-09-22,SKU0172,130.5,0.0,15.0,103.5
2025-09-29,SKU0172,89.5,148.6,15.0,103.5
2025-10-06,SKU0172,41.5,148.6,15.0,103.5
2025-10-13,SKU0172,143.1,0.0,15.0,103.5
2025-10-20,SKU0172,63.1,148.6,15.0,103.5
2025-10-27,SKU0172,0.0,148.6,15.0,103.5
2025-11-03,SKU0172,102.6,148.6,15.0,103.5
2025-11-10,SKU0172,57.6,148.6,15.0,103.5
2025-11-17,SKU0172,173.2,0.0,15.0,103.5
2025-11-24,SKU0172,120.2,0.0,15.0,103.5
2025-12-01,SKU0172,80.2,148.6,15.0,103.5
2025-12-08,SKU0172,29.2,148.6,15.0,103.5
2025-12-15,SKU0172,146.8,0.0,15.0,103.5
2025-12-22,SKU0172,64.8,148.6,15.0,103.5
2025-12-29,SKU0172,22.8,148.6,15.0,103.5
2026-01-05,SKU0172,138.4,0.0,15.0,103.5
2026-01-12,SKU0172,115.4,0.0,15.0,103.5
2026-01-19,SKU0172,82.4,148.6,15.0,103.5
2026-01-26,SKU0172,54.4,148.6,15.0,103.5
2026-02-02,SKU0172,172.0,0.0,15.0,103.5
2026-02-09,SKU0172,151.0,0.0,15.0,103.5
2026-02-16,SKU0172,119.0,0.0,15.0,103.5
2026-02-23,SKU0172,82.0,148.6,15.0,103.5
2026-03-02,SKU0172,49.0,148.6,15.0,103.5
2026-03-09,SKU0172,162.7,0.0,15.0,103.5
2026-03-16,SKU0172,117.7,0.0,15.0,103.5
2026-03-23,SKU0172,83.7,148.6,15.0,103.5
2026-03-30,SKU0172,58.7,148.6,15.0,103.5
2026-04-06,SKU0172,172.3,0.0,15.0,103.5
2026-04-13,SKU0172,140.3,0.0,15.0,103.5
2026-04-20,SKU0172,107.3,0.0,15.0,103.5
2026-04-27,SKU0172,67.3,148.6,15.0,103.5
2026-05-04,SKU0172,31.3,148.6,15.0,103.5
2026-05-11,SKU0172,147.9,0.0,15.0,103.5
2026-05-18,SKU0172,119.9,0.0,15.0,103.5
2026-05-25,SKU0172,96.9,148.6,15.0,103.5
2026-06-01,SKU0172,65.9,148.6,15.0,103.5
2026-06-08,SKU0172,182.5,0.0,15.0,103.5
2026-06-15,SKU0172,130.5,0.0,15.0,103.5
2026-06-22,SKU0172,79.5,148.6,15.0,103.5
2026-06-29,SKU0172,35.5,148.6,15.0,103.5
2026-07-06,SKU0172,156.1,0.0,15.0,103.5
2026-07-13,SKU0172,122.1,0.0,15.0,103.5
2026-06-22,SKU0173,28.0,52.0,41.0,99.0
2026-06-29,SKU0173,22.0,52.0,41.0,99.0
2026-07-06,SKU0173,12.0,52.0,41.0,99.0
2026-07-13,SKU0173,0.0,52.0,41.0,99.0
2024-07-29,SKU0174,105.3,0.0,11.0,70.1
2024-08-05,SKU0174,79.3,0.0,11.0,70.1
2024-08-12,SKU0174,41.3,137.3,11.0,70.1
2024-08-19,SKU0174,16.3,137.3,11.0,70.1
2024-08-26,SKU0174,117.5,0.0,11.0,70.1
2024-09-02,SKU0174,89.5,0.0,11.0,70.1
2024-09-09,SKU0174,51.5,137.3,11.0,70.1
2024-09-16,SKU0174,23.5,137.3,11.0,70.1
2024-09-23,SKU0174,131.8,0.0,11.0,70.1
2024-09-30,SKU0174,85.8,0.0,11.0,70.1
2024-10-07,SKU0174,37.8,137.3,11.0,70.1
2024-10-14,SKU0174,0.0,137.3,11.0,70.1
2024-10-21,SKU0174,70.3,0.0,11.0,70.1
2024-10-28,SKU0174,0.0,137.3,11.0,70.1
2024-11-04,SKU0174,0.0,137.3,11.0,70.1
2024-11-11,SKU0174,96.3,0.0,11.0,70.1
2024-11-18,SKU0174,56.3,137.3,11.0,70.1
2024-11-25,SKU0174,5.3,137.3,11.0,70.1
2024-12-02,SKU0174,119.5,0.0,11.0,70.1
2024-12-09,SKU0174,74.5,0.0,11.0,70.1
2024-12-16,SKU0174,21.5,137.3,11.0,70.1
2024-12-23,SKU0174,0.0,137.3,11.0,70.1
2024-12-30,SKU0174,97.3,0.0,11.0,70.1
2025-01-06,SKU0174,69.3,137.3,11.0,70.1
2025-01-13,SKU0174,39.3,137.3,11.0,70.1
2025-01-20,SKU0174,149.5,0.0,11.0,70.1
2025-01-27,SKU0174,121.5,0.0,11.0,70.1
2025-02-03,SKU0174,100.5,0.0,11.0,70.1
2025-02-10,SKU0174,74.5,0.0,11.0,70.1
2025-02-17,SKU0174,47.5,137.3,11.0,70.1
2025-02-24,SKU0174,17.5,137.3,11.0,70.1
2025-03-03,SKU0174,127.8,0.0,11.0,70.1
2025-03-10,SKU0174,99.8,0.0,11.0,70.1
2025-03-17,SKU0174,71.8,0.0,11.0,70.1
2025-03-24,SKU0174,52.8,137.3,11.0,70.1
2025-03-31,SKU0174,24.8,137.3,11.0,70.1
2025-04-07,SKU0174,140.1,0.0,11.0,70.1
2025-04-14,SKU0174,116.1,0.0,11.0,70.1
2025-04-21,SKU0174,91.1,0.0,11.0,70.1
2025-04-28,SKU0174,54.1,137.3,11.0,70.1
2025-05-05,SKU0174,23.1,137.3,11.0,70.1
2025-05-12,SKU0174,134.3,0.0,11.0,70.1
2025-05-19,SKU0174,102.3,0.0,11.0,70.1
2025-05-26,SKU0174,81.3,0.0,11.0,70.1
2025-06-02,SKU0174,57.3,137.3,11.0,70.1
2025-06-09,SKU0174,32.3,137.3,11.0,70.1
2025-06-16,SKU0174,117.6,0.0,11.0,70.1
2025-06-23,SKU0174,62.6,137.3,11.0,70.1
2025-06-30,SKU0174,26.6,137.3,11.0,70.1
2025-07-07,SKU0174,131.9,0.0,11.0,70.1
2025-07-14,SKU0174,99.9,0.0,11.0,70.1
2025-07-21,SKU0174,65.9,137.3,11.0,70.1
2025-07-28,SKU0174,39.9,137.3,11.0,70.1
2025-08-04,SKU0174,150.2,0.0,11.0,70.1
2025-08-11,SKU0174,122.2,0.0,11.0,70.1
2025-08-18,SKU0174,101.2,0.0,11.0,70.1
2025-08-25,SKU0174,71.2,0.0,11.0,70.1
2025-09-01,SKU0174,37.2,137.3,11.0,70.1
2025-09-08,SKU0174,15.2,137.3,11.0,70.1
2025-09-15,SKU0174,128.4,0.0,11.0,70.1
2025-09-22,SKU0174,95.4,0.0,11.0,70.1
2025-09-29,SKU0174,65.4,137.3,11.0,70.1
2025-10-06,SKU0174,32.4,137.3,11.0,70.1
2025-10-13,SKU0174,97.7,0.0,11.0,70.1
2025-10-20,SKU0174,30.7,137.3,11.0,70.1
2025-10-27,SKU0174,0.0,137.3,11.0,70.1
2025-11-03,SKU0174,101.3,0.0,11.0,70.1
2025-11-10,SKU0174,62.3,137.3,11.0,70.1
2025-11-17,SKU0174,22.3,137.3,11.0,70.1
2025-11-24,SKU0174,96.5,0.0,11.0,70.1
2025-12-01,SKU0174,49.5,137.3,11.0,70.1
2025-12-08,SKU0174,5.5,137.3,11.0,70.1
2025-12-15,SKU0174,99.8,0.0,11.0,70.1
2025-12-22,SKU0174,31.8,137.3,11.0,70.1
2025-12-29,SKU0174,0.0,137.3,11.0,70.1
2026-01-05,SKU0174,114.3,0.0,11.0,70.1
2026-01-12,SKU0174,88.3,0.0,11.0,70.1
2026-01-19,SKU0174,65.3,137.3,11.0,70.1
2026-01-26,SKU0174,38.3,137.3,11.0,70.1
2026-02-02,SKU0174,156.5,0.0,11.0,70.1
2026-02-09,SKU0174,130.5,0.0,11.0,70.1
2026-02-16,SKU0174,106.5,0.0,11.0,70.1
2026-02-23,SKU0174,85.5,0.0,11.0,70.1
2026-03-02,SKU0174,60.5,137.3,11.0,70.1
2026-03-09,SKU0174,39.5,137.3,11.0,70.1
2026-03-16,SKU0174,150.8,0.0,11.0,70.1
2026-03-23,SKU0174,113.8,0.0,11.0,70.1
2026-03-30,SKU0174,83.8,0.0,11.0,70.1
2026-04-06,SKU0174,59.8,137.3,11.0,70.1
2026-04-13,SKU0174,22.8,137.3,11.0,70.1
2026-04-20,SKU0174,134.1,0.0,11.0,70.1
2026-04-27,SKU0174,110.1,0.0,11.0,70.1
2026-05-04,SKU0174,87.1,0.0,11.0,70.1
2026-05-11,SKU0174,51.1,137.3,11.0,70.1
2026-05-18,SKU0174,25.1,137.3,11.0,70.1
2026-05-25,SKU0174,138.3,0.0,11.0,70.1
2026-06-01,SKU0174,114.3,0.0,11.0,70.1
2026-06-08,SKU0174,97.3,0.0,11.0,70.1
2026-06-15,SKU0174,53.3,137.3,11.0,70.1
2026-06-22,SKU0174,16.3,137.3,11.0,70.1
2026-06-29,SKU0174,121.6,0.0,11.0,70.1
2026-07-06,SKU0174,101.6,0.0,11.0,70.1
2026-07-13,SKU0174,69.6,137.3,11.0,70.1
2024-07-29,SKU0175,25.4,31.4,45.0,65.6
2024-08-05,SKU0175,19.4,31.4,45.0,65.6
2024-08-12,SKU0175,16.4,31.4,45.0,65.6
2024-08-19,SKU0175,10.4,31.4,45.0,65.6
2024-08-26,SKU0175,2.4,31.4,45.0,65.6
2024-09-02,SKU0175,0.0,31.4,45.0,65.6
2024-09-09,SKU0175,20.4,31.4,45.0,65.6
2024-09-16,SKU0175,15.4,31.4,45.0,65.6
2024-09-23,SKU0175,8.4,31.4,45.0,65.6
2024-09-30,SKU0175,0.0,31.4,45.0,65.6
2024-10-07,SKU0175,0.0,31.4,45.0,65.6
2024-10-14,SKU0175,0.0,31.4,45.0,65.6
2024-10-21,SKU0175,20.4,31.4,45.0,65.6
2024-10-28,SKU0175,4.4,31.4,45.0,65.6
2024-11-04,SKU0175,0.0,31.4,45.0,65.6
2024-11-11,SKU0175,0.0,31.4,45.0,65.6
2024-11-18,SKU0175,0.0,31.4,45.0,65.6
2024-11-25,SKU0175,0.0,31.4,45.0,65.6
2024-12-02,SKU0175,22.4,31.4,45.0,65.6
2024-12-09,SKU0175,7.4,31.4,45.0,65.6
2024-12-16,SKU0175,0.0,31.4,45.0,65.6
2024-12-23,SKU0175,0.0,31.4,45.0,65.6
2024-12-30,SKU0175,0.0,31.4,45.0,65.6
2025-01-06,SKU0175,0.0,31.4,45.0,65.6
2025-01-13,SKU0175,28.4,31.4,45.0,65.6
2025-01-20,SKU0175,26.4,31.4,45.0,65.6
2025-01-27,SKU0175,18.4,31.4,45.0,65.6
2025-02-03,SKU0175,17.4,31.4,45.0,65.6
2025-02-10,SKU0175,9.4,31.4,45.0,65.6
2025-02-17,SKU0175,3.4,31.4,45.0,65.6
2025-02-24,SKU0175,27.8,31.4,45.0,65.6
2025-03-03,SKU0175,20.8,31.4,45.0,65.6
2025-03-10,SKU0175,14.8,31.4,45.0,65.6
2025-03-17,SKU0175,6.8,31.4,45.0,65.6
2025-03-24,SKU0175,0.0,31.4,45.0,65.6
2025-03-31,SKU0175,0.0,31.4,45.0,65.6
2025-04-07,SKU0175,22.4,31.4,45.0,65.6
2025-04-14,SKU0175,15.4,31.4,45.0,65.6
2025-04-21,SKU0175,6.4,31.4,45.0,65.6
2025-04-28,SKU0175,2.4,31.4,45.0,65.6
2025-05-05,SKU0175,0.0,31.4,45.0,65.6
2025-05-12,SKU0175,0.0,31.4,45.0,65.6
2025-05-19,SKU0175,24.4,31.4,45.0,65.6
2025-05-26,SKU0175,14.4,31.4,45.0,65.6
2025-06-02,SKU0175,7.4,31.4,45.0,65.6
2025-06-09,SKU0175,0.0,31.4,45.0,65.6
2025-06-16,SKU0175,0.0,31.4,45.0,65.6
2025-06-23,SKU0175,0.0,31.4,45.0,65.6
2025-06-30,SKU0175,24.4,31.4,45.0,65.6
2025-07-07,SKU0175,19.4,31.4,45.0,65.6
2025-07-14,SKU0175,7.4,31.4,45.0,65.6
2025-07-21,SKU0175,1.4,31.4,45.0,65.6
2025-07-28,SKU0175,0.0,31.4,45.0,65.6
2025-08-04,SKU0175,0.0,31.4,45.0,65.6
2025-08-11,SKU0175,26.4,31.4,45.0,65.6
2025-08-18,SKU0175,14.4,31.4,45.0,65.6
2025-08-25,SKU0175,12.4,31.4,45.0,65.6
2025-09-01,SKU0175,5.4,31.4,45.0,65.6
2025-09-08,SKU0175,0.4,31.4,45.0,65.6
2025-09-15,SKU0175,0.0,31.4,45.0,65.6
2025-09-22,SKU0175,24.4,31.4,45.0,65.6
2025-09-29,SKU0175,18.4,31.4,45.0,65.6
2025-10-06,SKU0175,12.4,31.4,45.0,65.6
2025-10-13,SKU0175,0.0,31.4,45.0,65.6
2025-10-20,SKU0175,0.0,31.4,45.0,65.6
2025-10-27,SKU0175,0.0,31.4,45.0,65.6
2025-11-03,SKU0175,17.4,31.4,45.0,65.6
2025-11-10,SKU0175,13.4,31.4,45.0,65.6
2025-11-17,SKU0175,5.4,31.4,45.0,65.6
2025-11-24,SKU0175,0.0,31.4,45.0,65.6
2025-12-01,SKU0175,0.0,31.4,45.0,65.6
2025-12-08,SKU0175,0.0,31.4,45.0,65.6
2025-12-15,SKU0175,21.4,31.4,45.0,65.6
2025-12-22,SKU0175,9.4,31.4,45.0,65.6
2025-12-29,SKU0175,0.0,31.4,45.0,65.6
2026-01-05,SKU0175,0.0,31.4,45.0,65.6
2026-01-12,SKU0175,0.0,31.4,45.0,65.6
2026-01-19,SKU0175,0.0,31.4,45.0,65.6
2026-01-26,SKU0175,27.4,31.4,45.0,65.6
2026-02-02,SKU0175,22.4,31.4,45.0,65.6
2026-02-09,SKU0175,12.4,31.4,45.0,65.6
2026-02-16,SKU0175,7.4,31.4,45.0,65.6
2026-02-23,SKU0175,1.4,31.4,45.0,65.6
2026-03-02,SKU0175,0.0,31.4,45.0,65.6
2026-03-09,SKU0175,23.4,31.4,45.0,65.6
2026-03-16,SKU0175,15.4,31.4,45.0,65.6
2026-03-23,SKU0175,6.4,31.4,45.0,65.6
2026-03-30,SKU0175,0.0,31.4,45.0,65.6
2026-04-06,SKU0175,0.0,31.4,45.0,65.6
2026-04-13,SKU0175,0.0,31.4,45.0,65.6
2026-04-20,SKU0175,26.4,31.4,45.0,65.6
2026-04-27,SKU0175,18.4,31.4,45.0,65.6
2026-05-04,SKU0175,13.4,31.4,45.0,65.6
2026-05-11,SKU0175,3.4,31.4,45.0,65.6
2026-05-18,SKU0175,0.0,31.4,45.0,65.6
2026-05-25,SKU0175,0.0,31.4,45.0,65.6
2026-06-01,SKU0175,25.4,31.4,45.0,65.6
2026-06-08,SKU0175,21.4,31.4,45.0,65.6
2026-06-15,SKU0175,6.4,31.4,45.0,65.6
2026-06-22,SKU0175,1.4,31.4,45.0,65.6
2026-06-29,SKU0175,0.0,31.4,45.0,65.6
2026-07-06,SKU0175,0.0,31.4,45.0,65.6
2026-07-13,SKU0175,22.4,31.4,45.0,65.6
2024-07-29,SKU0176,54.4,70.4,34.0,111.1
2024-08-05,SKU0176,40.4,70.4,34.0,111.1
2024-08-12,SKU0176,27.4,70.4,34.0,111.1
2024-08-19,SKU0176,12.4,70.4,34.0,111.1
2024-08-26,SKU0176,0.0,70.4,34.0,111.1
2024-09-02,SKU0176,54.4,70.4,34.0,111.1
2024-09-09,SKU0176,46.4,70.4,34.0,111.1
2024-09-16,SKU0176,28.4,70.4,34.0,111.1
2024-09-23,SKU0176,12.4,70.4,34.0,111.1
2024-09-30,SKU0176,0.0,70.4,34.0,111.1
2024-10-07,SKU0176,43.4,70.4,34.0,111.1
2024-10-14,SKU0176,12.4,70.4,34.0,111.1
2024-10-21,SKU0176,0.0,70.4,34.0,111.1
2024-10-28,SKU0176,0.0,70.4,34.0,111.1
2024-11-04,SKU0176,0.0,70.4,34.0,111.1
2024-11-11,SKU0176,52.4,70.4,34.0,111.1
2024-11-18,SKU0176,32.4,70.4,34.0,111.1
2024-11-25,SKU0176,2.4,70.4,34.0,111.1
2024-12-02,SKU0176,0.0,70.4,34.0,111.1
2024-12-09,SKU0176,0.0,70.4,34.0,111.1
2024-12-16,SKU0176,41.4,70.4,34.0,111.1
2024-12-23,SKU0176,2.4,70.4,34.0,111.1
2024-12-30,SKU0176,0.0,70.4,34.0,111.1
2025-01-06,SKU0176,0.0,70.4,34.0,111.1
2025-01-13,SKU0176,0.0,70.4,34.0,111.1
2025-01-20,SKU0176,59.4,70.4,34.0,111.1
2025-01-27,SKU0176,46.4,70.4,34.0,111.1
2025-02-03,SKU0176,34.4,70.4,34.0,111.1
2025-02-10,SKU0176,22.4,70.4,34.0,111.1
2025-02-17,SKU0176,13.4,70.4,34.0,111.1
2025-02-24,SKU0176,72.8,70.4,34.0,111.1
2025-03-03,SKU0176,52.8,70.4,34.0,111.1
2025-03-10,SKU0176,39.8,70.4,34.0,111.1
2025-03-17,SKU0176,27.8,70.4,34.0,111.1
2025-03-24,SKU0176,16.8,70.4,34.0,111.1
2025-03-31,SKU0176,74.2,70.4,34.0,111.1
2025-04-07,SKU0176,61.2,70.4,34.0,111.1
2025-04-14,SKU0176,45.2,70.4,34.0,111.1
2025-04-21,SKU0176,28.2,70.4,34.0,111.1
2025-04-28,SKU0176,15.2,70.4,34.0,111.1
2025-05-05,SKU0176,66.5,70.4,34.0,111.1
2025-05-12,SKU0176,51.5,70.4,34.0,111.1
2025-05-19,SKU0176,34.5,70.4,34.0,111.1
2025-05-26,SKU0176,22.5,70.4,34.0,111.1
2025-06-02,SKU0176,11.5,70.4,34.0,111.1
2025-06-09,SKU0176,68.9,70.4,34.0,111.1
2025-06-16,SKU0176,41.9,70.4,34.0,111.1
2025-06-23,SKU0176,23.9,70.4,34.0,111.1
2025-06-30,SKU0176,4.9,70.4,34.0,111.1
2025-07-07,SKU0176,0.0,70.4,34.0,111.1
2025-07-14,SKU0176,56.4,70.4,34.0,111.1
2025-07-21,SKU0176,49.4,70.4,34.0,111.1
2025-07-28,SKU0176,34.4,70.4,34.0,111.1
2025-08-04,SKU0176,16.4,70.4,34.0,111.1
2025-08-11,SKU0176,1.4,70.4,34.0,111.1
2025-08-18,SKU0176,55.8,70.4,34.0,111.1
2025-08-25,SKU0176,39.8,70.4,34.0,111.1
2025-09-01,SKU0176,25.8,70.4,34.0,111.1
2025-09-08,SKU0176,6.8,70.4,34.0,111.1
2025-09-15,SKU0176,0.0,70.4,34.0,111.1
2025-09-22,SKU0176,55.4,70.4,34.0,111.1
2025-09-29,SKU0176,35.4,70.4,34.0,111.1
2025-10-06,SKU0176,6.4,70.4,34.0,111.1
2025-10-13,SKU0176,0.0,70.4,34.0,111.1
2025-10-20,SKU0176,0.0,70.4,34.0,111.1
2025-10-27,SKU0176,35.4,70.4,34.0,111.1
2025-11-03,SKU0176,19.4,70.4,34.0,111.1
2025-11-10,SKU0176,0.0,70.4,34.0,111.1
2025-11-17,SKU0176,0.0,70.4,34.0,111.1
2025-11-24,SKU0176,0.0,70.4,34.0,111.1
2025-12-01,SKU0176,48.4,70.4,34.0,111.1
2025-12-08,SKU0176,28.4,70.4,34.0,111.1
2025-12-15,SKU0176,21.4,70.4,34.0,111.1
2025-12-22,SKU0176,0.0,70.4,34.0,111.1
2025-12-29,SKU0176,0.0,70.4,34.0,111.1
2026-01-05,SKU0176,57.4,70.4,34.0,111.1
2026-01-12,SKU0176,44.4,70.4,34.0,111.1
2026-01-19,SKU0176,38.4,70.4,34.0,111.1
2026-01-26,SKU0176,32.4,70.4,34.0,111.1
2026-02-02,SKU0176,15.4,70.4,34.0,111.1
2026-02-09,SKU0176,71.8,70.4,34.0,111.1
2026-02-16,SKU0176,58.8,70.4,34.0,111.1
2026-02-23,SKU0176,53.8,70.4,34.0,111.1
2026-03-02,SKU0176,38.8,70.4,34.0,111.1
2026-03-09,SKU0176,22.8,70.4,34.0,111.1
2026-03-16,SKU0176,70.2,70.4,34.0,111.1
2026-03-23,SKU0176,59.2,70.4,34.0,111.1
2026-03-30,SKU0176,38.2,70.4,34.0,111.1
2026-04-06,SKU0176,23.2,70.4,34.0,111.1
2026-04-13,SKU0176,1.2,70.4,34.0,111.1
2026-04-20,SKU0176,52.5,70.4,34.0,111.1
2026-04-27,SKU0176,37.5,70.4,34.0,111.1
2026-05-04,SKU0176,17.5,70.4,34.0,111.1
2026-05-11,SKU0176,4.5,70.4,34.0,111.1
2026-05-18,SKU0176,0.0,70.4,34.0,111.1
2026-05-25,SKU0176,63.4,70.4,34.0,111.1
2026-06-01,SKU0176,48.4,70.4,34.0,111.1
2026-06-08,SKU0176,36.4,70.4,34.0,111.1
2026-06-15,SKU0176,0.4,70.4,34.0,111.1
2026-06-22,SKU0176,0.0,70.4,34.0,111.1
2026-06-29,SKU0176,49.4,70.4,34.0,111.1
2026-07-06,SKU0176,29.4,70.4,34.0,111.1
2026-07-13,SKU0176,17.4,70.4,34.0,111.1
2024-07-22,SKU0177,153.3,0.0,9.0,79.9
2024-07-29,SKU0177,113.3,0.0,9.0,79.9
2024-08-05,SKU0177,87.3,0.0,9.0,79.9
2024-08-12,SKU0177,49.3,191.3,9.0,79.9
2024-08-19,SKU0177,198.6,0.0,9.0,79.9
2024-08-26,SKU0177,145.6,0.0,9.0,79.9
2024-09-02,SKU0177,103.6,0.0,9.0,79.9
2024-09-09,SKU0177,55.6,191.3,9.0,79.9
2024-09-16,SKU0177,209.8,0.0,9.0,79.9
2024-09-23,SKU0177,172.8,0.0,9.0,79.9
2024-09-30,SKU0177,120.8,0.0,9.0,79.9
2024-10-07,SKU0177,61.8,191.3,9.0,79.9
2024-10-14,SKU0177,162.1,0.0,9.0,79.9
2024-10-21,SKU0177,53.1,191.3,9.0,79.9
2024-10-28,SKU0177,174.4,0.0,9.0,79.9
2024-11-04,SKU0177,105.4,0.0,9.0,79.9
2024-11-11,SKU0177,47.4,191.3,9.0,79.9
2024-11-18,SKU0177,176.7,0.0,9.0,79.9
2024-11-25,SKU0177,96.7,0.0,9.0,79.9
2024-12-02,SKU0177,26.7,191.3,9.0,79.9
2024-12-09,SKU0177,174.9,0.0,9.0,79.9
2024-12-16,SKU0177,111.9,0.0,9.0,79.9
2024-12-23,SKU0177,16.9,191.3,9.0,79.9
2024-12-30,SKU0177,140.2,0.0,9.0,79.9
2025-01-06,SKU0177,117.2,0.0,9.0,79.9
2025-01-13,SKU0177,79.2,191.3,9.0,79.9
2025-01-20,SKU0177,247.5,0.0,9.0,79.9
2025-01-27,SKU0177,215.5,0.0,9.0,79.9
2025-02-03,SKU0177,183.5,0.0,9.0,79.9
2025-02-10,SKU0177,144.5,0.0,9.0,79.9
2025-02-17,SKU0177,102.5,0.0,9.0,79.9
2025-02-24,SKU0177,68.5,191.3,9.0,79.9
2025-03-03,SKU0177,229.8,0.0,9.0,79.9
2025-03-10,SKU0177,196.8,0.0,9.0,79.9
2025-03-17,SKU0177,174.8,0.0,9.0,79.9
2025-03-24,SKU0177,133.8,0.0,9.0,79.9
2025-03-31,SKU0177,94.8,0.0,9.0,79.9
2025-04-07,SKU0177,49.8,191.3,9.0,79.9
2025-04-14,SKU0177,212.0,0.0,9.0,79.9
2025-04-21,SKU0177,179.0,0.0,9.0,79.9
2025-04-28,SKU0177,135.0,0.0,9.0,79.9
2025-05-05,SKU0177,93.0,0.0,9.0,79.9
2025-05-12,SKU0177,56.0,191.3,9.0,79.9
2025-05-19,SKU0177,216.3,0.0,9.0,79.9
2025-05-26,SKU0177,179.3,0.0,9.0,79.9
2025-06-02,SKU0177,136.3,0.0,9.0,79.9
2025-06-09,SKU0177,94.3,0.0,9.0,79.9
2025-06-16,SKU0177,30.3,191.3,9.0,79.9
2025-06-23,SKU0177,158.6,0.0,9.0,79.9
2025-06-30,SKU0177,109.6,0.0,9.0,79.9
2025-07-07,SKU0177,79.6,191.3,9.0,79.9
2025-07-14,SKU0177,233.9,0.0,9.0,79.9
2025-07-21,SKU0177,191.9,0.0,9.0,79.9
2025-07-28,SKU0177,152.9,0.0,9.0,79.9
2025-08-04,SKU0177,116.9,0.0,9.0,79.9
2025-08-11,SKU0177,78.9,191.3,9.0,79.9
2025-08-18,SKU0177,226.1,0.0,9.0,79.9
2025-08-25,SKU0177,189.1,0.0,9.0,79.9
2025-09-01,SKU0177,146.1,0.0,9.0,79.9
2025-09-08,SKU0177,116.1,0.0,9.0,79.9
2025-09-15,SKU0177,77.1,191.3,9.0,79.9
2025-09-22,SKU0177,229.4,0.0,9.0,79.9
2025-09-29,SKU0177,176.4,0.0,9.0,79.9
2025-10-06,SKU0177,121.4,0.0,9.0,79.9
2025-10-13,SKU0177,30.4,191.3,9.0,79.9
2025-10-20,SKU0177,135.7,0.0,9.0,79.9
2025-10-27,SKU0177,50.7,191.3,9.0,79.9
2025-11-03,SKU0177,170.0,0.0,9.0,79.9
2025-11-10,SKU0177,120.0,0.0,9.0,79.9
2025-11-17,SKU0177,58.0,191.3,9.0,79.9
2025-11-24,SKU0177,145.2,0.0,9.0,79.9
2025-12-01,SKU0177,89.2,0.0,9.0,79.9
2025-12-08,SKU0177,35.2,191.3,9.0,79.9
2025-12-15,SKU0177,145.5,0.0,9.0,79.9
2025-12-22,SKU0177,59.5,191.3,9.0,79.9
2025-12-29,SKU0177,188.8,0.0,9.0,79.9
2026-01-05,SKU0177,148.8,0.0,9.0,79.9
2026-01-12,SKU0177,120.8,0.0,9.0,79.9
2026-01-19,SKU0177,84.8,0.0,9.0,79.9
2026-01-26,SKU0177,61.8,191.3,9.0,79.9
2026-02-02,SKU0177,224.1,0.0,9.0,79.9
2026-02-09,SKU0177,181.1,0.0,9.0,79.9
2026-02-16,SKU0177,152.1,0.0,9.0,79.9
2026-02-23,SKU0177,118.1,0.0,9.0,79.9
2026-03-02,SKU0177,82.1,0.0,9.0,79.9
2026-03-09,SKU0177,41.1,191.3,9.0,79.9
2026-03-16,SKU0177,185.4,0.0,9.0,79.9
2026-03-23,SKU0177,139.4,0.0,9.0,79.9
2026-03-30,SKU0177,95.4,0.0,9.0,79.9
2026-04-06,SKU0177,59.4,191.3,9.0,79.9
2026-04-13,SKU0177,214.6,0.0,9.0,79.9
2026-04-20,SKU0177,172.6,0.0,9.0,79.9
2026-04-27,SKU0177,124.6,0.0,9.0,79.9
2026-05-04,SKU0177,75.6,191.3,9.0,79.9
2026-05-11,SKU0177,221.9,0.0,9.0,79.9
2026-05-18,SKU0177,183.9,0.0,9.0,79.9
2026-05-25,SKU0177,143.9,0.0,9.0,79.9
2026-06-01,SKU0177,105.9,0.0,9.0,79.9
2026-06-08,SKU0177,62.9,191.3,9.0,79.9
2026-06-15,SKU0177,187.2,0.0,9.0,79.9
2026-06-22,SKU0177,123.2,0.0,9.0,79.9
2026-06-29,SKU0177,72.2,191.3,9.0,79.9
2026-07-06,SKU0177,219.5,0.0,9.0,79.9
2026-07-13,SKU0177,161.5,0.0,9.0,79.9
2024-07-29,SKU0178,179.3,0.0,10.0,104.6
2024-08-05,SKU0178,139.3,0.0,10.0,104.6
2024-08-12,SKU0178,95.3,225.3,10.0,104.6
2024-08-19,SKU0178,260.5,0.0,10.0,104.6
2024-08-26,SKU0178,204.5,0.0,10.0,104.6
2024-09-02,SKU0178,148.5,0.0,10.0,104.6
2024-09-09,SKU0178,109.5,0.0,10.0,104.6
2024-09-16,SKU0178,60.5,225.3,10.0,104.6
2024-09-23,SKU0178,224.8,0.0,10.0,104.6
2024-09-30,SKU0178,170.8,0.0,10.0,104.6
2024-10-07,SKU0178,71.8,225.3,10.0,104.6
2024-10-14,SKU0178,190.1,0.0,10.0,104.6
2024-10-21,SKU0178,73.1,225.3,10.0,104.6
2024-10-28,SKU0178,204.3,0.0,10.0,104.6
2024-11-04,SKU0178,133.3,0.0,10.0,104.6
2024-11-11,SKU0178,76.3,225.3,10.0,104.6
2024-11-18,SKU0178,235.6,0.0,10.0,104.6
2024-11-25,SKU0178,139.6,0.0,10.0,104.6
2024-12-02,SKU0178,78.6,225.3,10.0,104.6
2024-12-09,SKU0178,248.9,0.0,10.0,104.6
2024-12-16,SKU0178,154.9,0.0,10.0,104.6
2024-12-23,SKU0178,40.9,225.3,10.0,104.6
2024-12-30,SKU0178,176.2,0.0,10.0,104.6
2025-01-06,SKU0178,124.2,0.0,10.0,104.6
2025-01-13,SKU0178,100.2,225.3,10.0,104.6
2025-01-20,SKU0178,291.4,0.0,10.0,104.6
2025-01-27,SKU0178,250.4,0.0,10.0,104.6
2025-02-03,SKU0178,205.4,0.0,10.0,104.6
2025-02-10,SKU0178,179.4,0.0,10.0,104.6
2025-02-17,SKU0178,140.4,0.0,10.0,104.6
2025-02-24,SKU0178,95.4,225.3,10.0,104.6
2025-03-03,SKU0178,272.7,0.0,10.0,104.6
2025-03-10,SKU0178,213.7,0.0,10.0,104.6
2025-03-17,SKU0178,168.7,0.0,10.0,104.6
2025-03-24,SKU0178,110.7,0.0,10.0,104.6
2025-03-31,SKU0178,62.7,225.3,10.0,104.6
2025-04-07,SKU0178,244.0,0.0,10.0,104.6
2025-04-14,SKU0178,198.0,0.0,10.0,104.6
2025-04-21,SKU0178,163.0,0.0,10.0,104.6
2025-04-28,SKU0178,121.0,0.0,10.0,104.6
2025-05-05,SKU0178,82.0,225.3,10.0,104.6
2025-05-12,SKU0178,264.2,0.0,10.0,104.6
2025-05-19,SKU0178,224.2,0.0,10.0,104.6
2025-05-26,SKU0178,183.2,0.0,10.0,104.6
2025-06-02,SKU0178,145.2,0.0,10.0,104.6
2025-06-09,SKU0178,95.2,225.3,10.0,104.6
2025-06-16,SKU0178,249.5,0.0,10.0,104.6
2025-06-23,SKU0178,165.5,0.0,10.0,104.6
2025-06-30,SKU0178,115.5,0.0,10.0,104.6
2025-07-07,SKU0178,57.5,225.3,10.0,104.6
2025-07-14,SKU0178,244.8,0.0,10.0,104.6
2025-07-21,SKU0178,190.8,0.0,10.0,104.6
2025-07-28,SKU0178,138.8,0.0,10.0,104.6
2025-08-04,SKU0178,88.8,225.3,10.0,104.6
2025-08-11,SKU0178,270.0,0.0,10.0,104.6
2025-08-18,SKU0178,219.0,0.0,10.0,104.6
2025-08-25,SKU0178,181.0,0.0,10.0,104.6
2025-09-01,SKU0178,136.0,0.0,10.0,104.6
2025-09-08,SKU0178,98.0,225.3,10.0,104.6
2025-09-15,SKU0178,262.3,0.0,10.0,104.6
2025-09-22,SKU0178,209.3,0.0,10.0,104.6
2025-09-29,SKU0178,140.3,0.0,10.0,104.6
2025-10-06,SKU0178,73.3,225.3,10.0,104.6
2025-10-13,SKU0178,187.6,0.0,10.0,104.6
2025-10-20,SKU0178,90.6,225.3,10.0,104.6
2025-10-27,SKU0178,220.8,0.0,10.0,104.6
2025-11-03,SKU0178,127.8,0.0,10.0,104.6
2025-11-10,SKU0178,60.8,225.3,10.0,104.6
2025-11-17,SKU0178,224.1,0.0,10.0,104.6
2025-11-24,SKU0178,125.1,0.0,10.0,104.6
2025-12-01,SKU0178,77.1,225.3,10.0,104.6
2025-12-08,SKU0178,244.4,0.0,10.0,104.6
2025-12-15,SKU0178,172.4,0.0,10.0,104.6
2025-12-22,SKU0178,72.4,225.3,10.0,104.6
2025-12-29,SKU0178,226.7,0.0,10.0,104.6
2026-01-05,SKU0178,177.7,0.0,10.0,104.6
2026-01-12,SKU0178,142.7,0.0,10.0,104.6
2026-01-19,SKU0178,108.7,0.0,10.0,104.6
2026-01-26,SKU0178,64.7,225.3,10.0,104.6
2026-02-02,SKU0178,249.9,0.0,10.0,104.6
2026-02-09,SKU0178,195.9,0.0,10.0,104.6
2026-02-16,SKU0178,149.9,0.0,10.0,104.6
2026-02-23,SKU0178,100.9,225.3,10.0,104.6
2026-03-02,SKU0178,291.2,0.0,10.0,104.6
2026-03-09,SKU0178,242.2,0.0,10.0,104.6
2026-03-16,SKU0178,195.2,0.0,10.0,104.6
2026-03-23,SKU0178,151.2,0.0,10.0,104.6
2026-03-30,SKU0178,98.2,225.3,10.0,104.6
2026-04-06,SKU0178,271.5,0.0,10.0,104.6
2026-04-13,SKU0178,224.5,0.0,10.0,104.6
2026-04-20,SKU0178,177.5,0.0,10.0,104.6
2026-04-27,SKU0178,133.5,0.0,10.0,104.6
2026-05-04,SKU0178,93.5,225.3,10.0,104.6
2026-05-11,SKU0178,274.7,0.0,10.0,104.6
2026-05-18,SKU0178,226.7,0.0,10.0,104.6
2026-05-25,SKU0178,186.7,0.0,10.0,104.6
2026-06-01,SKU0178,134.7,0.0,10.0,104.6
2026-06-08,SKU0178,98.7,225.3,10.0,104.6
2026-06-15,SKU0178,241.0,0.0,10.0,104.6
2026-06-22,SKU0178,163.0,0.0,10.0,104.6
2026-06-29,SKU0178,130.0,0.0,10.0,104.6
2026-07-06,SKU0178,72.0,225.3,10.0,104.6
2026-07-13,SKU0178,245.3,0.0,10.0,104.6
2026-05-25,SKU0179,154.3,0.0,13.0,131.2
2026-06-01,SKU0179,115.3,217.3,13.0,131.2
2026-06-08,SKU0179,63.3,217.3,13.0,131.2
2026-06-15,SKU0179,206.7,0.0,13.0,131.2
2026-06-22,SKU0179,136.7,0.0,13.0,131.2
2026-06-29,SKU0179,81.7,217.3,13.0,131.2
2026-07-06,SKU0179,36.7,217.3,13.0,131.2
2026-07-13,SKU0179,202.0,0.0,13.0,131.2
2024-08-05,SKU0180,36.1,43.1,19.0,38.1
2024-08-12,SKU0180,28.1,43.1,19.0,38.1
2024-08-19,SKU0180,19.1,43.1,19.0,38.1
2024-08-26,SKU0180,59.3,0.0,19.0,38.1
2024-09-02,SKU0180,51.3,0.0,19.0,38.1
2024-09-09,SKU0180,44.3,0.0,19.0,38.1
2024-09-16,SKU0180,33.3,43.1,19.0,38.1
2024-09-23,SKU0180,18.3,43.1,19.0,38.1
2024-09-30,SKU0180,10.3,43.1,19.0,38.1
2024-10-07,SKU0180,44.4,0.0,19.0,38.1
2024-10-14,SKU0180,33.4,43.1,19.0,38.1
2024-10-21,SKU0180,14.4,43.1,19.0,38.1
2024-10-28,SKU0180,0.0,43.1,19.0,38.1
2024-11-04,SKU0180,28.1,43.1,19.0,38.1
2024-11-11,SKU0180,15.1,43.1,19.0,38.1
2024-11-18,SKU0180,2.1,43.1,19.0,38.1
2024-11-25,SKU0180,19.3,43.1,19.0,38.1
2024-12-02,SKU0180,8.3,43.1,19.0,38.1
2024-12-09,SKU0180,0.0,43.1,19.0,38.1
2024-12-16,SKU0180,21.1,43.1,19.0,38.1
2024-12-23,SKU0180,11.1,43.1,19.0,38.1
2024-12-30,SKU0180,0.0,43.1,19.0,38.1
2025-01-06,SKU0180,33.1,43.1,19.0,38.1
2025-01-13,SKU0180,23.1,43.1,19.0,38.1
2025-01-20,SKU0180,15.1,43.1,19.0,38.1
2025-01-27,SKU0180,48.3,0.0,19.0,38.1
2025-02-03,SKU0180,42.3,0.0,19.0,38.1
2025-02-10,SKU0180,35.3,43.1,19.0,38.1
2025-02-17,SKU0180,27.3,43.1,19.0,38.1
2025-02-24,SKU0180,14.3,43.1,19.0,38.1
2025-03-03,SKU0180,48.4,0.0,19.0,38.1
2025-03-10,SKU0180,37.4,43.1,19.0,38.1
2025-03-17,SKU0180,24.4,43.1,19.0,38.1
2025-03-24,SKU0180,14.4,43.1,19.0,38.1
2025-03-31,SKU0180,45.6,0.0,19.0,38.1
2025-04-07,SKU0180,31.6,43.1,19.0,38.1
2025-04-14,SKU0180,22.6,43.1,19.0,38.1
2025-04-21,SKU0180,18.6,43.1,19.0,38.1
2025-04-28,SKU0180,57.7,0.0,19.0,38.1
2025-05-05,SKU0180,49.7,0.0,19.0,38.1
2025-05-12,SKU0180,44.7,0.0,19.0,38.1
2025-05-19,SKU0180,39.7,0.0,19.0,38.1
2025-05-26,SKU0180,33.7,43.1,19.0,38.1
2025-06-02,SKU0180,26.7,43.1,19.0,38.1
2025-06-09,SKU0180,23.7,43.1,19.0,38.1
2025-06-16,SKU0180,55.9,0.0,19.0,38.1
2025-06-23,SKU0180,29.9,43.1,19.0,38.1
2025-06-30,SKU0180,25.9,43.1,19.0,38.1
2025-07-07,SKU0180,20.9,43.1,19.0,38.1
2025-07-14,SKU0180,52.0,0.0,19.0,38.1
2025-07-21,SKU0180,49.0,0.0,19.0,38.1
2025-07-28,SKU0180,41.0,0.0,19.0,38.1
2025-08-04,SKU0180,35.0,43.1,19.0,38.1
2025-08-11,SKU0180,25.0,43.1,19.0,38.1
2025-08-18,SKU0180,19.0,43.1,19.0,38.1
2025-08-25,SKU0180,51.2,0.0,19.0,38.1
2025-09-01,SKU0180,35.2,43.1,19.0,38.1
2025-09-08,SKU0180,24.2,43.1,19.0,38.1
2025-09-15,SKU0180,11.2,43.1,19.0,38.1
2025-09-22,SKU0180,42.3,0.0,19.0,38.1
2025-09-29,SKU0180,29.3,43.1,19.0,38.1
2025-10-06,SKU0180,18.3,43.1,19.0,38.1
2025-10-13,SKU0180,0.0,43.1,19.0,38.1
2025-10-20,SKU0180,13.1,43.1,19.0,38.1
2025-10-27,SKU0180,0.0,43.1,19.0,38.1
2025-11-03,SKU0180,0.0,43.1,19.0,38.1
2025-11-10,SKU0180,34.1,43.1,19.0,38.1
2025-11-17,SKU0180,19.1,43.1,19.0,38.1
2025-11-24,SKU0180,3.1,43.1,19.0,38.1
2025-12-01,SKU0180,35.3,43.1,19.0,38.1
2025-12-08,SKU0180,21.3,43.1,19.0,38.1
2025-12-15,SKU0180,10.3,43.1,19.0,38.1
2025-12-22,SKU0180,36.4,43.1,19.0,38.1
2025-12-29,SKU0180,28.4,43.1,19.0,38.1
2026-01-05,SKU0180,19.4,43.1,19.0,38.1
2026-01-12,SKU0180,59.6,0.0,19.0,38.1
2026-01-19,SKU0180,46.6,0.0,19.0,38.1
2026-01-26,SKU0180,38.6,0.0,19.0,38.1
2026-02-02,SKU0180,29.6,43.1,19.0,38.1
2026-02-09,SKU0180,19.6,43.1,19.0,38.1
2026-02-16,SKU0180,14.6,43.1,19.0,38.1
2026-02-23,SKU0180,46.7,0.0,19.0,38.1
2026-03-02,SKU0180,37.7,43.1,19.0,38.1
2026-03-09,SKU0180,28.7,43.1,19.0,38.1
2026-03-16,SKU0180,19.7,43.1,19.0,38.1
2026-03-23,SKU0180,45.9,0.0,19.0,38.1
2026-03-30,SKU0180,38.9,0.0,19.0,38.1
2026-04-06,SKU0180,30.9,43.1,19.0,38.1
2026-04-13,SKU0180,20.9,43.1,19.0,38.1
2026-04-20,SKU0180,10.9,43.1,19.0,38.1
2026-04-27,SKU0180,48.0,0.0,19.0,38.1
2026-05-04,SKU0180,33.0,43.1,19.0,38.1
2026-05-11,SKU0180,19.0,43.1,19.0,38.1
2026-05-18,SKU0180,8.0,43.1,19.0,38.1
2026-05-25,SKU0180,41.2,0.0,19.0,38.1
2026-06-01,SKU0180,31.2,43.1,19.0,38.1
2026-06-08,SKU0180,17.2,43.1,19.0,38.1
2026-06-15,SKU0180,7.2,43.1,19.0,38.1
2026-06-22,SKU0180,40.3,0.0,19.0,38.1
2026-06-29,SKU0180,29.3,43.1,19.0,38.1
2026-07-06,SKU0180,19.3,43.1,19.0,38.1
2026-07-13,SKU0180,13.3,43.1,19.0,38.1
2024-08-05,SKU0181,283.7,0.0,12.0,201.0
2024-08-12,SKU0181,211.7,0.0,12.0,201.0
2024-08-19,SKU0181,136.7,360.7,12.0,201.0
2024-08-26,SKU0181,56.7,360.7,12.0,201.0
2024-09-02,SKU0181,357.4,0.0,12.0,201.0
2024-09-09,SKU0181,288.4,0.0,12.0,201.0
2024-09-16,SKU0181,205.4,0.0,12.0,201.0
2024-09-23,SKU0181,126.4,360.7,12.0,201.0
2024-09-30,SKU0181,25.4,360.7,12.0,201.0
2024-10-07,SKU0181,290.1,0.0,12.0,201.0
2024-10-14,SKU0181,135.1,360.7,12.0,201.0
2024-10-21,SKU0181,0.0,360.7,12.0,201.0
2024-10-28,SKU0181,201.7,0.0,12.0,201.0
2024-11-04,SKU0181,81.7,360.7,12.0,201.0
2024-11-11,SKU0181,0.0,360.7,12.0,201.0
2024-11-18,SKU0181,262.7,0.0,12.0,201.0
2024-11-25,SKU0181,101.7,360.7,12.0,201.0
2024-12-02,SKU0181,0.0,360.7,12.0,201.0
2024-12-09,SKU0181,267.7,0.0,12.0,201.0
2024-12-16,SKU0181,145.7,360.7,12.0,201.0
2024-12-23,SKU0181,0.0,360.7,12.0,201.0
2024-12-30,SKU0181,245.7,0.0,12.0,201.0
2025-01-06,SKU0181,167.7,360.7,12.0,201.0
2025-01-13,SKU0181,106.7,360.7,12.0,201.0
2025-01-20,SKU0181,398.4,0.0,12.0,201.0
2025-01-27,SKU0181,324.4,0.0,12.0,201.0
2025-02-03,SKU0181,244.4,0.0,12.0,201.0
2025-02-10,SKU0181,185.4,360.7,12.0,201.0
2025-02-17,SKU0181,112.4,360.7,12.0,201.0
2025-02-24,SKU0181,396.1,0.0,12.0,201.0
2025-03-03,SKU0181,308.1,0.0,12.0,201.0
2025-03-10,SKU0181,234.1,0.0,12.0,201.0
2025-03-17,SKU0181,162.1,360.7,12.0,201.0
2025-03-24,SKU0181,89.1,360.7,12.0,201.0
2025-03-31,SKU0181,379.8,0.0,12.0,201.0
2025-04-07,SKU0181,302.8,0.0,12.0,201.0
2025-04-14,SKU0181,223.8,0.0,12.0,201.0
2025-04-21,SKU0181,146.8,360.7,12.0,201.0
2025-04-28,SKU0181,66.8,360.7,12.0,201.0
2025-05-05,SKU0181,358.5,0.0,12.0,201.0
2025-05-12,SKU0181,291.5,0.0,12.0,201.0
2025-05-19,SKU0181,209.5,0.0,12.0,201.0
2025-05-26,SKU0181,120.5,360.7,12.0,201.0
2025-06-02,SKU0181,53.5,360.7,12.0,201.0
2025-06-09,SKU0181,336.2,0.0,12.0,201.0
2025-06-16,SKU0181,218.2,0.0,12.0,201.0
2025-06-23,SKU0181,88.2,360.7,12.0,201.0
2025-06-30,SKU0181,0.0,360.7,12.0,201.0
2025-07-07,SKU0181,289.7,0.0,12.0,201.0
2025-07-14,SKU0181,205.7,0.0,12.0,201.0
2025-07-21,SKU0181,140.7,360.7,12.0,201.0
2025-07-28,SKU0181,66.7,360.7,12.0,201.0
2025-08-04,SKU0181,350.4,0.0,12.0,201.0
2025-08-11,SKU0181,293.4,0.0,12.0,201.0
2025-08-18,SKU0181,230.4,0.0,12.0,201.0
2025-08-25,SKU0181,164.4,360.7,12.0,201.0
2025-09-01,SKU0181,78.4,360.7,12.0,201.0
2025-09-08,SKU0181,368.1,0.0,12.0,201.0
2025-09-15,SKU0181,294.1,0.0,12.0,201.0
2025-09-22,SKU0181,225.1,0.0,12.0,201.0
2025-09-29,SKU0181,133.1,360.7,12.0,201.0
2025-10-06,SKU0181,27.1,360.7,12.0,201.0
2025-10-13,SKU0181,223.8,0.0,12.0,201.0
2025-10-20,SKU0181,70.8,360.7,12.0,201.0
2025-10-27,SKU0181,0.0,360.7,12.0,201.0
2025-11-03,SKU0181,239.7,0.0,12.0,201.0
2025-11-10,SKU0181,142.7,360.7,12.0,201.0
2025-11-17,SKU0181,25.7,360.7,12.0,201.0
2025-11-24,SKU0181,226.4,0.0,12.0,201.0
2025-12-01,SKU0181,128.4,360.7,12.0,201.0
2025-12-08,SKU0181,20.4,360.7,12.0,201.0
2025-12-15,SKU0181,272.1,0.0,12.0,201.0
2025-12-22,SKU0181,126.1,360.7,12.0,201.0
2025-12-29,SKU0181,22.1,360.7,12.0,201.0
2026-01-05,SKU0181,298.8,0.0,12.0,201.0
2026-01-12,SKU0181,235.8,0.0,12.0,201.0
2026-01-19,SKU0181,169.8,360.7,12.0,201.0
2026-01-26,SKU0181,97.8,360.7,12.0,201.0
2026-02-02,SKU0181,391.5,0.0,12.0,201.0
2026-02-09,SKU0181,329.5,0.0,12.0,201.0
2026-02-16,SKU0181,257.5,0.0,12.0,201.0
2026-02-23,SKU0181,194.5,360.7,12.0,201.0
2026-03-02,SKU0181,127.5,360.7,12.0,201.0
2026-03-09,SKU0181,402.2,0.0,12.0,201.0
2026-03-16,SKU0181,329.2,0.0,12.0,201.0
2026-03-23,SKU0181,249.2,0.0,12.0,201.0
2026-03-30,SKU0181,153.2,360.7,12.0,201.0
2026-04-06,SKU0181,74.2,360.7,12.0,201.0
2026-04-13,SKU0181,356.9,0.0,12.0,201.0
2026-04-20,SKU0181,288.9,0.0,12.0,201.0
2026-04-27,SKU0181,214.9,0.0,12.0,201.0
2026-05-04,SKU0181,134.9,360.7,12.0,201.0
2026-05-11,SKU0181,67.9,360.7,12.0,201.0
2026-05-18,SKU0181,349.6,0.0,12.0,201.0
2026-05-25,SKU0181,258.6,0.0,12.0,201.0
2026-06-01,SKU0181,195.6,360.7,12.0,201.0
2026-06-08,SKU0181,115.6,360.7,12.0,201.0
2026-06-15,SKU0181,385.4,0.0,12.0,201.0
2026-06-22,SKU0181,263.4,0.0,12.0,201.0
2026-06-29,SKU0181,177.4,360.7,12.0,201.0
2026-07-06,SKU0181,104.4,360.7,12.0,201.0
2026-07-13,SKU0181,372.1,0.0,12.0,201.0
2024-07-29,SKU0182,58.7,0.0,8.0,25.5
2024-08-05,SKU0182,42.7,0.0,8.0,25.5
2024-08-12,SKU0182,25.7,0.0,8.0,25.5
2024-08-19,SKU0182,9.7,68.7,8.0,25.5
2024-08-26,SKU0182,61.4,0.0,8.0,25.5
2024-09-02,SKU0182,49.4,0.0,8.0,25.5
2024-09-09,SKU0182,36.4,0.0,8.0,25.5
2024-09-16,SKU0182,21.4,68.7,8.0,25.5
2024-09-23,SKU0182,75.1,0.0,8.0,25.5
2024-09-30,SKU0182,56.1,0.0,8.0,25.5
2024-10-07,SKU0182,33.1,0.0,8.0,25.5
2024-10-14,SKU0182,0.0,68.7,8.0,25.5
2024-10-21,SKU0182,41.7,0.0,8.0,25.5
2024-10-28,SKU0182,0.0,68.7,8.0,25.5
2024-11-04,SKU0182,51.7,0.0,8.0,25.5
2024-11-11,SKU0182,29.7,0.0,8.0,25.5
2024-11-18,SKU0182,17.7,68.7,8.0,25.5
2024-11-25,SKU0182,59.4,0.0,8.0,25.5
2024-12-02,SKU0182,37.4,0.0,8.0,25.5
2024-12-09,SKU0182,16.4,68.7,8.0,25.5
2024-12-16,SKU0182,50.1,0.0,8.0,25.5
2024-12-23,SKU0182,14.1,68.7,8.0,25.5
2024-12-30,SKU0182,61.8,0.0,8.0,25.5
2025-01-06,SKU0182,51.8,0.0,8.0,25.5
2025-01-13,SKU0182,37.8,0.0,8.0,25.5
2025-01-20,SKU0182,22.8,68.7,8.0,25.5
2025-01-27,SKU0182,85.5,0.0,8.0,25.5
2025-02-03,SKU0182,74.5,0.0,8.0,25.5
2025-02-10,SKU0182,56.5,0.0,8.0,25.5
2025-02-17,SKU0182,43.5,0.0,8.0,25.5
2025-02-24,SKU0182,33.5,0.0,8.0,25.5
2025-03-03,SKU0182,18.5,68.7,8.0,25.5
2025-03-10,SKU0182,70.2,0.0,8.0,25.5
2025-03-17,SKU0182,57.2,0.0,8.0,25.5
2025-03-24,SKU0182,44.2,0.0,8.0,25.5
2025-03-31,SKU0182,29.2,0.0,8.0,25.5
2025-04-07,SKU0182,14.2,68.7,8.0,25.5
2025-04-14,SKU0182,68.8,0.0,8.0,25.5
2025-04-21,SKU0182,54.8,0.0,8.0,25.5
2025-04-28,SKU0182,35.8,0.0,8.0,25.5
2025-05-05,SKU0182,15.8,68.7,8.0,25.5
2025-05-12,SKU0182,72.5,0.0,8.0,25.5
2025-05-19,SKU0182,59.5,0.0,8.0,25.5
2025-05-26,SKU0182,43.5,0.0,8.0,25.5
2025-06-02,SKU0182,29.5,0.0,8.0,25.5
2025-06-09,SKU0182,19.5,68.7,8.0,25.5
2025-06-16,SKU0182,74.2,0.0,8.0,25.5
2025-06-23,SKU0182,52.2,0.0,8.0,25.5
2025-06-30,SKU0182,39.2,0.0,8.0,25.5
2025-07-07,SKU0182,24.2,68.7,8.0,25.5
2025-07-14,SKU0182,75.9,0.0,8.0,25.5
2025-07-21,SKU0182,64.9,0.0,8.0,25.5
2025-07-28,SKU0182,53.9,0.0,8.0,25.5
2025-08-04,SKU0182,40.9,0.0,8.0,25.5
2025-08-11,SKU0182,22.9,68.7,8.0,25.5
2025-08-18,SKU0182,77.6,0.0,8.0,25.5
2025-08-25,SKU0182,64.6,0.0,8.0,25.5
2025-09-01,SKU0182,50.6,0.0,8.0,25.5
2025-09-08,SKU0182,37.6,0.0,8.0,25.5
2025-09-15,SKU0182,20.6,68.7,8.0,25.5
2025-09-22,SKU0182,79.3,0.0,8.0,25.5
2025-09-29,SKU0182,59.3,0.0,8.0,25.5
2025-10-06,SKU0182,39.3,0.0,8.0,25.5
2025-10-13,SKU0182,0.3,68.7,8.0,25.5
2025-10-20,SKU0182,46.0,0.0,8.0,25.5
2025-10-27,SKU0182,10.0,68.7,8.0,25.5
2025-11-03,SKU0182,52.7,0.0,8.0,25.5
2025-11-10,SKU0182,32.7,0.0,8.0,25.5
2025-11-17,SKU0182,2.7,68.7,8.0,25.5
2025-11-24,SKU0182,44.4,0.0,8.0,25.5
2025-12-01,SKU0182,22.4,68.7,8.0,25.5
2025-12-08,SKU0182,66.1,0.0,8.0,25.5
2025-12-15,SKU0182,47.1,0.0,8.0,25.5
2025-12-22,SKU0182,18.1,68.7,8.0,25.5
2025-12-29,SKU0182,66.8,0.0,8.0,25.5
2026-01-05,SKU0182,48.8,0.0,8.0,25.5
2026-01-12,SKU0182,32.8,0.0,8.0,25.5
2026-01-19,SKU0182,20.8,68.7,8.0,25.5
2026-01-26,SKU0182,81.5,0.0,8.0,25.5
2026-02-02,SKU0182,69.5,0.0,8.0,25.5
2026-02-09,SKU0182,60.5,0.0,8.0,25.5
2026-02-16,SKU0182,51.5,0.0,8.0,25.5
2026-02-23,SKU0182,36.5,0.0,8.0,25.5
2026-03-02,SKU0182,24.5,68.7,8.0,25.5
2026-03-09,SKU0182,85.2,0.0,8.0,25.5
2026-03-16,SKU0182,63.2,0.0,8.0,25.5
2026-03-23,SKU0182,43.2,0.0,8.0,25.5
2026-03-30,SKU0182,33.2,0.0,8.0,25.5
2026-04-06,SKU0182,16.2,68.7,8.0,25.5
2026-04-13,SKU0182,73.8,0.0,8.0,25.5
2026-04-20,SKU0182,58.8,0.0,8.0,25.5
2026-04-27,SKU0182,48.8,0.0,8.0,25.5
2026-05-04,SKU0182,35.8,0.0,8.0,25.5
2026-05-11,SKU0182,27.8,0.0,8.0,25.5
2026-05-18,SKU0182,14.8,68.7,8.0,25.5
2026-05-25,SKU0182,66.5,0.0,8.0,25.5
2026-06-01,SKU0182,55.5,0.0,8.0,25.5
2026-06-08,SKU0182,39.5,0.0,8.0,25.5
2026-06-15,SKU0182,9.5,68.7,8.0,25.5
2026-06-22,SKU0182,53.2,0.0,8.0,25.5
2026-06-29,SKU0182,39.2,0.0,8.0,25.5
2026-07-06,SKU0182,26.2,0.0,8.0,25.5
2026-07-13,SKU0182,11.2,68.7,8.0,25.5
2024-08-12,SKU0183,258.0,0.0,15.0,220.1
2024-08-19,SKU0183,190.0,316.0,15.0,220.1
2024-08-26,SKU0183,115.0,316.0,15.0,220.1
2024-09-02,SKU0183,374.1,0.0,15.0,220.1
2024-09-09,SKU0183,300.1,0.0,15.0,220.1
2024-09-16,SKU0183,240.1,0.0,15.0,220.1
2024-09-23,SKU0183,175.1,316.0,15.0,220.1
2024-09-30,SKU0183,106.1,316.0,15.0,220.1
2024-10-07,SKU0183,320.1,0.0,15.0,220.1
2024-10-14,SKU0183,189.1,316.0,15.0,220.1
2024-10-21,SKU0183,61.1,316.0,15.0,220.1
2024-10-28,SKU0183,200.2,316.0,15.0,220.1
2024-11-04,SKU0183,103.2,316.0,15.0,220.1
2024-11-11,SKU0183,331.2,0.0,15.0,220.1
2024-11-18,SKU0183,239.2,0.0,15.0,220.1
2024-11-25,SKU0183,126.2,316.0,15.0,220.1
2024-12-02,SKU0183,46.2,316.0,15.0,220.1
2024-12-09,SKU0183,269.2,0.0,15.0,220.1
2024-12-16,SKU0183,157.2,316.0,15.0,220.1
2024-12-23,SKU0183,9.2,316.0,15.0,220.1
2024-12-30,SKU0183,226.3,0.0,15.0,220.1
2025-01-06,SKU0183,168.3,316.0,15.0,220.1
2025-01-13,SKU0183,124.3,316.0,15.0,220.1
2025-01-20,SKU0183,391.3,0.0,15.0,220.1
2025-01-27,SKU0183,321.3,0.0,15.0,220.1
2025-02-03,SKU0183,259.3,0.0,15.0,220.1
2025-02-10,SKU0183,212.3,316.0,15.0,220.1
2025-02-17,SKU0183,156.3,316.0,15.0,220.1
2025-02-24,SKU0183,404.4,0.0,15.0,220.1
2025-03-03,SKU0183,347.4,0.0,15.0,220.1
2025-03-10,SKU0183,270.4,0.0,15.0,220.1
2025-03-17,SKU0183,197.4,316.0,15.0,220.1
2025-03-24,SKU0183,138.4,316.0,15.0,220.1
2025-03-31,SKU0183,391.4,0.0,15.0,220.1
2025-04-07,SKU0183,328.4,0.0,15.0,220.1
2025-04-14,SKU0183,256.4,0.0,15.0,220.1
2025-04-21,SKU0183,195.4,316.0,15.0,220.1
2025-04-28,SKU0183,139.4,316.0,15.0,220.1
2025-05-05,SKU0183,371.4,0.0,15.0,220.1
2025-05-12,SKU0183,315.4,0.0,15.0,220.1
2025-05-19,SKU0183,245.4,0.0,15.0,220.1
2025-05-26,SKU0183,182.4,316.0,15.0,220.1
2025-06-02,SKU0183,112.4,316.0,15.0,220.1
2025-06-09,SKU0183,353.5,0.0,15.0,220.1
2025-06-16,SKU0183,254.5,0.0,15.0,220.1
2025-06-23,SKU0183,167.5,316.0,15.0,220.1
2025-06-30,SKU0183,83.5,316.0,15.0,220.1
2025-07-07,SKU0183,319.5,0.0,15.0,220.1
2025-07-14,SKU0183,250.5,0.0,15.0,220.1
2025-07-21,SKU0183,185.5,316.0,15.0,220.1
2025-07-28,SKU0183,115.5,316.0,15.0,220.1
2025-08-04,SKU0183,360.5,0.0,15.0,220.1
2025-08-11,SKU0183,287.5,0.0,15.0,220.1
2025-08-18,SKU0183,207.5,316.0,15.0,220.1
2025-08-25,SKU0183,142.5,316.0,15.0,220.1
2025-09-01,SKU0183,393.6,0.0,15.0,220.1
2025-09-08,SKU0183,341.6,0.0,15.0,220.1
2025-09-15,SKU0183,271.6,0.0,15.0,220.1
2025-09-22,SKU0183,199.6,316.0,15.0,220.1
2025-09-29,SKU0183,120.6,316.0,15.0,220.1
2025-10-06,SKU0183,338.6,0.0,15.0,220.1
2025-10-13,SKU0183,223.6,0.0,15.0,220.1
2025-10-20,SKU0183,82.6,316.0,15.0,220.1
2025-10-27,SKU0183,0.0,316.0,15.0,220.1
2025-11-03,SKU0183,200.0,316.0,15.0,220.1
2025-11-10,SKU0183,143.0,316.0,15.0,220.1
2025-11-17,SKU0183,362.1,0.0,15.0,220.1
2025-11-24,SKU0183,202.1,316.0,15.0,220.1
2025-12-01,SKU0183,116.1,316.0,15.0,220.1
2025-12-08,SKU0183,351.1,0.0,15.0,220.1
2025-12-15,SKU0183,234.1,0.0,15.0,220.1
2025-12-22,SKU0183,114.1,316.0,15.0,220.1
2025-12-29,SKU0183,14.1,316.0,15.0,220.1
2026-01-05,SKU0183,270.2,0.0,15.0,220.1
2026-01-12,SKU0183,209.2,316.0,15.0,220.1
2026-01-19,SKU0183,140.2,316.0,15.0,220.1
2026-01-26,SKU0183,398.2,0.0,15.0,220.1
2026-02-02,SKU0183,337.2,0.0,15.0,220.1
2026-02-09,SKU0183,279.2,0.0,15.0,220.1
2026-02-16,SKU0183,222.2,0.0,15.0,220.1
2026-02-23,SKU0183,160.2,316.0,15.0,220.1
2026-03-02,SKU0183,97.2,316.0,15.0,220.1
2026-03-09,SKU0183,348.2,0.0,15.0,220.1
2026-03-16,SKU0183,277.2,0.0,15.0,220.1
2026-03-23,SKU0183,213.2,316.0,15.0,220.1
2026-03-30,SKU0183,146.2,316.0,15.0,220.1
2026-04-06,SKU0183,386.3,0.0,15.0,220.1
2026-04-13,SKU0183,319.3,0.0,15.0,220.1
2026-04-20,SKU0183,249.3,0.0,15.0,220.1
2026-04-27,SKU0183,173.3,316.0,15.0,220.1
2026-05-04,SKU0183,102.3,316.0,15.0,220.1
2026-05-11,SKU0183,337.3,0.0,15.0,220.1
2026-05-18,SKU0183,272.3,0.0,15.0,220.1
2026-05-25,SKU0183,212.3,316.0,15.0,220.1
2026-06-01,SKU0183,157.3,316.0,15.0,220.1
2026-06-08,SKU0183,399.4,0.0,15.0,220.1
2026-06-15,SKU0183,278.4,0.0,15.0,220.1
2026-06-22,SKU0183,170.4,316.0,15.0,220.1
2026-06-29,SKU0183,113.4,316.0,15.0,220.1
2026-07-06,SKU0183,353.4,0.0,15.0,220.1
2026-07-13,SKU0183,279.4,0.0,15.0,220.1
2026-06-01,SKU0184,124.1,0.0,14.0,104.7
2026-06-08,SKU0184,89.1,161.1,14.0,104.7
2026-06-15,SKU0184,40.1,161.1,14.0,104.7
2026-06-22,SKU0184,147.3,0.0,14.0,104.7
2026-06-29,SKU0184,107.3,0.0,14.0,104.7
2026-07-06,SKU0184,66.3,161.1,14.0,104.7
2026-07-13,SKU0184,40.3,161.1,14.0,104.7
2024-07-29,SKU0185,31.9,0.0,16.0,30.3
2024-08-05,SKU0185,22.9,40.9,16.0,30.3
2024-08-12,SKU0185,18.9,40.9,16.0,30.3
2024-08-19,SKU0185,56.7,0.0,16.0,30.3
2024-08-26,SKU0185,48.7,0.0,16.0,30.3
2024-09-02,SKU0185,44.7,0.0,16.0,30.3
2024-09-09,SKU0185,29.7,40.9,16.0,30.3
2024-09-16,SKU0185,24.7,40.9,16.0,30.3
2024-09-23,SKU0185,54.6,0.0,16.0,30.3
2024-09-30,SKU0185,43.6,0.0,16.0,30.3
2024-10-07,SKU0185,34.6,0.0,16.0,30.3
2024-10-14,SKU0185,16.6,40.9,16.0,30.3
2024-10-21,SKU0185,1.6,40.9,16.0,30.3
2024-10-28,SKU0185,14.4,40.9,16.0,30.3
2024-11-04,SKU0185,1.4,40.9,16.0,30.3
2024-11-11,SKU0185,36.3,0.0,16.0,30.3
2024-11-18,SKU0185,28.3,40.9,16.0,30.3
2024-11-25,SKU0185,9.3,40.9,16.0,30.3
2024-12-02,SKU0185,42.1,0.0,16.0,30.3
2024-12-09,SKU0185,35.1,0.0,16.0,30.3
2024-12-16,SKU0185,15.1,40.9,16.0,30.3
2024-12-23,SKU0185,0.0,40.9,16.0,30.3
2024-12-30,SKU0185,27.9,40.9,16.0,30.3
2025-01-06,SKU0185,19.9,40.9,16.0,30.3
2025-01-13,SKU0185,53.7,0.0,16.0,30.3
2025-01-20,SKU0185,43.7,0.0,16.0,30.3
2025-01-27,SKU0185,36.7,0.0,16.0,30.3
2025-02-03,SKU0185,27.7,40.9,16.0,30.3
2025-02-10,SKU0185,23.7,40.9,16.0,30.3
2025-02-17,SKU0185,60.6,0.0,16.0,30.3
2025-02-24,SKU0185,55.6,0.0,16.0,30.3
2025-03-03,SKU0185,47.6,0.0,16.0,30.3
2025-03-10,SKU0185,40.6,0.0,16.0,30.3
2025-03-17,SKU0185,33.6,0.0,16.0,30.3
2025-03-24,SKU0185,27.6,40.9,16.0,30.3
2025-03-31,SKU0185,21.6,40.9,16.0,30.3
2025-04-07,SKU0185,48.4,0.0,16.0,30.3
2025-04-14,SKU0185,38.4,0.0,16.0,30.3
2025-04-21,SKU0185,29.4,40.9,16.0,30.3
2025-04-28,SKU0185,20.4,40.9,16.0,30.3
2025-05-05,SKU0185,57.3,0.0,16.0,30.3
2025-05-12,SKU0185,51.3,0.0,16.0,30.3
2025-05-19,SKU0185,45.3,0.0,16.0,30.3
2025-05-26,SKU0185,35.3,0.0,16.0,30.3
2025-06-02,SKU0185,26.3,40.9,16.0,30.3
2025-06-09,SKU0185,16.3,40.9,16.0,30.3
2025-06-16,SKU0185,43.1,0.0,16.0,30.3
2025-06-23,SKU0185,25.1,40.9,16.0,30.3
2025-06-30,SKU0185,18.1,40.9,16.0,30.3
2025-07-07,SKU0185,54.0,0.0,16.0,30.3
2025-07-14,SKU0185,49.0,0.0,16.0,30.3
2025-07-21,SKU0185,36.0,0.0,16.0,30.3
2025-07-28,SKU0185,31.0,0.0,16.0,30.3
2025-08-04,SKU0185,23.0,40.9,16.0,30.3
2025-08-11,SKU0185,15.0,40.9,16.0,30.3
2025-08-18,SKU0185,44.8,0.0,16.0,30.3
2025-08-25,SKU0185,40.8,0.0,16.0,30.3
2025-09-01,SKU0185,30.8,0.0,16.0,30.3
2025-09-08,SKU0185,25.8,40.9,16.0,30.3
2025-09-15,SKU0185,20.8,40.9,16.0,30.3
2025-09-22,SKU0185,52.7,0.0,16.0,30.3
2025-09-29,SKU0185,41.7,0.0,16.0,30.3
2025-10-06,SKU0185,33.7,0.0,16.0,30.3
2025-10-13,SKU0185,17.7,40.9,16.0,30.3
2025-10-20,SKU0185,0.0,40.9,16.0,30.3
2025-10-27,SKU0185,15.9,40.9,16.0,30.3
2025-11-03,SKU0185,0.0,40.9,16.0,30.3
2025-11-10,SKU0185,28.9,40.9,16.0,30.3
2025-11-17,SKU0185,17.9,40.9,16.0,30.3
2025-11-24,SKU0185,37.7,0.0,16.0,30.3
2025-12-01,SKU0185,27.7,40.9,16.0,30.3
2025-12-08,SKU0185,15.7,40.9,16.0,30.3
2025-12-15,SKU0185,40.6,0.0,16.0,30.3
2025-12-22,SKU0185,21.6,40.9,16.0,30.3
2025-12-29,SKU0185,1.6,40.9,16.0,30.3
2026-01-05,SKU0185,30.4,0.0,16.0,30.3
2026-01-12,SKU0185,23.4,40.9,16.0,30.3
2026-01-19,SKU0185,14.4,40.9,16.0,30.3
2026-01-26,SKU0185,48.3,0.0,16.0,30.3
2026-02-02,SKU0185,38.3,0.0,16.0,30.3
2026-02-09,SKU0185,32.3,0.0,16.0,30.3
2026-02-16,SKU0185,22.3,40.9,16.0,30.3
2026-02-23,SKU0185,15.3,40.9,16.0,30.3
2026-03-02,SKU0185,51.1,0.0,16.0,30.3
2026-03-09,SKU0185,37.1,0.0,16.0,30.3
2026-03-16,SKU0185,27.1,40.9,16.0,30.3
2026-03-23,SKU0185,18.1,40.9,16.0,30.3
2026-03-30,SKU0185,48.0,0.0,16.0,30.3
2026-04-06,SKU0185,39.0,0.0,16.0,30.3
2026-04-13,SKU0185,33.0,0.0,16.0,30.3
2026-04-20,SKU0185,21.0,40.9,16.0,30.3
2026-04-27,SKU0185,14.0,40.9,16.0,30.3
2026-05-04,SKU0185,42.8,0.0,16.0,30.3
2026-05-11,SKU0185,33.8,0.0,16.0,30.3
2026-05-18,SKU0185,19.8,40.9,16.0,30.3
2026-05-25,SKU0185,6.8,40.9,16.0,30.3
2026-06-01,SKU0185,36.7,0.0,16.0,30.3
2026-06-08,SKU0185,20.7,40.9,16.0,30.3
2026-06-15,SKU0185,9.7,40.9,16.0,30.3
2026-06-22,SKU0185,32.5,0.0,16.0,30.3
2026-06-29,SKU0185,24.5,40.9,16.0,30.3
2026-07-06,SKU0185,20.5,40.9,16.0,30.3
2026-07-13,SKU0185,52.4,0.0,16.0,30.3
2024-08-05,SKU0186,14.4,0.0,16.0,12.9
2024-08-12,SKU0186,9.4,17.4,16.0,12.9
2024-08-19,SKU0186,9.4,17.4,16.0,12.9
2024-08-26,SKU0186,24.7,0.0,16.0,12.9
2024-09-02,SKU0186,22.7,0.0,16.0,12.9
2024-09-09,SKU0186,14.7,0.0,16.0,12.9
2024-09-16,SKU0186,10.7,17.4,16.0,12.9
2024-09-23,SKU0186,4.7,17.4,16.0,12.9
2024-09-30,SKU0186,18.1,0.0,16.0,12.9
2024-10-07,SKU0186,7.1,17.4,16.0,12.9
2024-10-14,SKU0186,0.0,17.4,16.0,12.9
2024-10-21,SKU0186,8.4,17.4,16.0,12.9
2024-10-28,SKU0186,3.4,17.4,16.0,12.9
2024-11-04,SKU0186,12.7,17.4,16.0,12.9
2024-11-11,SKU0186,10.7,17.4,16.0,12.9
2024-11-18,SKU0186,23.1,0.0,16.0,12.9
2024-11-25,SKU0186,12.1,17.4,16.0,12.9
2024-12-02,SKU0186,5.1,17.4,16.0,12.9
2024-12-09,SKU0186,17.4,0.0,16.0,12.9
2024-12-16,SKU0186,9.4,17.4,16.0,12.9
2024-12-23,SKU0186,2.4,17.4,16.0,12.9
2024-12-30,SKU0186,11.8,17.4,16.0,12.9
2025-01-06,SKU0186,8.8,17.4,16.0,12.9
2025-01-13,SKU0186,17.2,0.0,16.0,12.9
2025-01-20,SKU0186,13.2,0.0,16.0,12.9
2025-01-27,SKU0186,12.2,17.4,16.0,12.9
2025-02-03,SKU0186,11.2,17.4,16.0,12.9
2025-02-10,SKU0186,27.5,0.0,16.0,12.9
2025-02-17,SKU0186,25.5,0.0,16.0,12.9
2025-02-24,SKU0186,23.5,0.0,16.0,12.9
2025-03-03,SKU0186,22.5,0.0,16.0,12.9
2025-03-10,SKU0186,18.5,0.0,16.0,12.9
2025-03-17,SKU0186,17.5,0.0,16.0,12.9
2025-03-24,SKU0186,14.5,0.0,16.0,12.9
2025-03-31,SKU0186,14.5,0.0,16.0,12.9
2025-04-07,SKU0186,11.5,17.4,16.0,12.9
2025-04-14,SKU0186,9.5,17.4,16.0,12.9
2025-04-21,SKU0186,22.9,0.0,16.0,12.9
2025-04-28,SKU0186,20.9,0.0,16.0,12.9
2025-05-05,SKU0186,18.9,0.0,16.0,12.9
2025-05-12,SKU0186,10.9,17.4,16.0,12.9
2025-05-19,SKU0186,8.9,17.4,16.0,12.9
2025-05-26,SKU0186,26.2,0.0,16.0,12.9
2025-06-02,SKU0186,20.2,0.0,16.0,12.9
2025-06-09,SKU0186,13.2,0.0,16.0,12.9
2025-06-16,SKU0186,5.2,17.4,16.0,12.9
2025-06-23,SKU0186,1.2,17.4,16.0,12.9
2025-06-30,SKU0186,12.6,17.4,16.0,12.9
2025-07-07,SKU0186,8.6,17.4,16.0,12.9
2025-07-14,SKU0186,25.0,0.0,16.0,12.9
2025-07-21,SKU0186,21.0,0.0,16.0,12.9
2025-07-28,SKU0186,17.0,0.0,16.0,12.9
2025-08-04,SKU0186,13.0,0.0,16.0,12.9
2025-08-11,SKU0186,11.0,17.4,16.0,12.9
2025-08-18,SKU0186,10.0,17.4,16.0,12.9
2025-08-25,SKU0186,25.3,0.0,16.0,12.9
2025-09-01,SKU0186,20.3,0.0,16.0,12.9
2025-09-08,SKU0186,19.3,0.0,16.0,12.9
2025-09-15,SKU0186,16.3,0.0,16.0,12.9
2025-09-22,SKU0186,14.3,0.0,16.0,12.9
2025-09-29,SKU0186,9.3,17.4,16.0,12.9
2025-10-06,SKU0186,5.3,17.4,16.0,12.9
2025-10-13,SKU0186,15.7,0.0,16.0,12.9
2025-10-20,SKU0186,7.7,17.4,16.0,12.9
2025-10-27,SKU0186,5.7,17.4,16.0,12.9
2025-11-03,SKU0186,14.0,0.0,16.0,12.9
2025-11-10,SKU0186,10.0,17.4,16.0,12.9
2025-11-17,SKU0186,4.0,17.4,16.0,12.9
2025-11-24,SKU0186,13.4,0.0,16.0,12.9
2025-12-01,SKU0186,6.4,17.4,16.0,12.9
2025-12-08,SKU0186,2.4,17.4,16.0,12.9
2025-12-15,SKU0186,15.7,0.0,16.0,12.9
2025-12-22,SKU0186,5.7,17.4,16.0,12.9
2025-12-29,SKU0186,0.0,17.4,16.0,12.9
2026-01-05,SKU0186,16.4,0.0,16.0,12.9
2026-01-12,SKU0186,11.4,17.4,16.0,12.9
2026-01-19,SKU0186,9.4,17.4,16.0,12.9
2026-01-26,SKU0186,23.7,0.0,16.0,12.9
2026-02-02,SKU0186,21.7,0.0,16.0,12.9
2026-02-09,SKU0186,18.7,0.0,16.0,12.9
2026-02-16,SKU0186,15.7,0.0,16.0,12.9
2026-02-23,SKU0186,9.7,17.4,16.0,12.9
2026-03-02,SKU0186,5.7,17.4,16.0,12.9
2026-03-09,SKU0186,20.1,0.0,16.0,12.9
2026-03-16,SKU0186,18.1,0.0,16.0,12.9
2026-03-23,SKU0186,10.1,17.4,16.0,12.9
2026-03-30,SKU0186,5.1,17.4,16.0,12.9
2026-04-06,SKU0186,18.4,0.0,16.0,12.9
2026-04-13,SKU0186,12.4,17.4,16.0,12.9
2026-04-20,SKU0186,10.4,17.4,16.0,12.9
2026-04-27,SKU0186,23.8,0.0,16.0,12.9
2026-05-04,SKU0186,19.8,0.0,16.0,12.9
2026-05-11,SKU0186,16.8,0.0,16.0,12.9
2026-05-18,SKU0186,15.8,0.0,16.0,12.9
2026-05-25,SKU0186,11.8,17.4,16.0,12.9
2026-06-01,SKU0186,4.8,17.4,16.0,12.9
2026-06-08,SKU0186,20.2,0.0,16.0,12.9
2026-06-15,SKU0186,9.2,17.4,16.0,12.9
2026-06-22,SKU0186,3.2,17.4,16.0,12.9
2026-06-29,SKU0186,17.5,0.0,16.0,12.9
2026-07-06,SKU0186,13.5,0.0,16.0,12.9
2026-07-13,SKU0186,8.5,17.4,16.0,12.9
2024-08-05,SKU0187,194.5,0.0,8.0,88.9
2024-08-12,SKU0187,150.5,0.0,8.0,88.9
2024-08-19,SKU0187,100.5,0.0,8.0,88.9
2024-08-26,SKU0187,65.5,239.5,8.0,88.9
2024-09-02,SKU0187,250.9,0.0,8.0,88.9
2024-09-09,SKU0187,195.9,0.0,8.0,88.9
2024-09-16,SKU0187,155.9,0.0,8.0,88.9
2024-09-23,SKU0187,114.9,0.0,8.0,88.9
2024-09-30,SKU0187,52.9,239.5,8.0,88.9
2024-10-07,SKU0187,230.4,0.0,8.0,88.9
2024-10-14,SKU0187,131.4,0.0,8.0,88.9
2024-10-21,SKU0187,59.4,239.5,8.0,88.9
2024-10-28,SKU0187,181.8,0.0,8.0,88.9
2024-11-04,SKU0187,120.8,0.0,8.0,88.9
2024-11-11,SKU0187,42.8,239.5,8.0,88.9
2024-11-18,SKU0187,202.3,0.0,8.0,88.9
2024-11-25,SKU0187,126.3,0.0,8.0,88.9
2024-12-02,SKU0187,66.3,239.5,8.0,88.9
2024-12-09,SKU0187,219.7,0.0,8.0,88.9
2024-12-16,SKU0187,127.7,0.0,8.0,88.9
2024-12-23,SKU0187,41.7,239.5,8.0,88.9
2024-12-30,SKU0187,206.2,0.0,8.0,88.9
2025-01-06,SKU0187,152.2,0.0,8.0,88.9
2025-01-13,SKU0187,122.2,0.0,8.0,88.9
2025-01-20,SKU0187,72.2,239.5,8.0,88.9
2025-01-27,SKU0187,271.7,0.0,8.0,88.9
2025-02-03,SKU0187,227.7,0.0,8.0,88.9
2025-02-10,SKU0187,185.7,0.0,8.0,88.9
2025-02-17,SKU0187,142.7,0.0,8.0,88.9
2025-02-24,SKU0187,81.7,239.5,8.0,88.9
2025-03-03,SKU0187,271.1,0.0,8.0,88.9
2025-03-10,SKU0187,230.1,0.0,8.0,88.9
2025-03-17,SKU0187,191.1,0.0,8.0,88.9
2025-03-24,SKU0187,154.1,0.0,8.0,88.9
2025-03-31,SKU0187,101.1,0.0,8.0,88.9
2025-04-07,SKU0187,47.1,239.5,8.0,88.9
2025-04-14,SKU0187,234.6,0.0,8.0,88.9
2025-04-21,SKU0187,195.6,0.0,8.0,88.9
2025-04-28,SKU0187,126.6,0.0,8.0,88.9
2025-05-05,SKU0187,86.6,239.5,8.0,88.9
2025-05-12,SKU0187,280.0,0.0,8.0,88.9
2025-05-19,SKU0187,232.0,0.0,8.0,88.9
2025-05-26,SKU0187,182.0,0.0,8.0,88.9
2025-06-02,SKU0187,128.0,0.0,8.0,88.9
2025-06-09,SKU0187,83.0,239.5,8.0,88.9
2025-06-16,SKU0187,245.5,0.0,8.0,88.9
2025-06-23,SKU0187,157.5,0.0,8.0,88.9
2025-06-30,SKU0187,112.5,0.0,8.0,88.9
2025-07-07,SKU0187,60.5,239.5,8.0,88.9
2025-07-14,SKU0187,255.9,0.0,8.0,88.9
2025-07-21,SKU0187,201.9,0.0,8.0,88.9
2025-07-28,SKU0187,146.9,0.0,8.0,88.9
2025-08-04,SKU0187,110.9,0.0,8.0,88.9
2025-08-11,SKU0187,59.9,239.5,8.0,88.9
2025-08-18,SKU0187,244.4,0.0,8.0,88.9
2025-08-25,SKU0187,198.4,0.0,8.0,88.9
2025-09-01,SKU0187,156.4,0.0,8.0,88.9
2025-09-08,SKU0187,115.4,0.0,8.0,88.9
2025-09-15,SKU0187,62.4,239.5,8.0,88.9
2025-09-22,SKU0187,249.8,0.0,8.0,88.9
2025-09-29,SKU0187,177.8,0.0,8.0,88.9
2025-10-06,SKU0187,99.8,0.0,8.0,88.9
2025-10-13,SKU0187,1.8,239.5,8.0,88.9
2025-10-20,SKU0187,128.3,0.0,8.0,88.9
2025-10-27,SKU0187,11.3,239.5,8.0,88.9
2025-11-03,SKU0187,141.8,0.0,8.0,88.9
2025-11-10,SKU0187,66.8,239.5,8.0,88.9
2025-11-17,SKU0187,240.2,0.0,8.0,88.9
2025-11-24,SKU0187,112.2,0.0,8.0,88.9
2025-12-01,SKU0187,43.2,239.5,8.0,88.9
2025-12-08,SKU0187,211.7,0.0,8.0,88.9
2025-12-15,SKU0187,111.7,0.0,8.0,88.9
2025-12-22,SKU0187,0.0,239.5,8.0,88.9
2025-12-29,SKU0187,151.5,0.0,8.0,88.9
2026-01-05,SKU0187,95.5,0.0,8.0,88.9
2026-01-12,SKU0187,46.5,239.5,8.0,88.9
2026-01-19,SKU0187,242.9,0.0,8.0,88.9
2026-01-26,SKU0187,196.9,0.0,8.0,88.9
2026-02-02,SKU0187,146.9,0.0,8.0,88.9
2026-02-09,SKU0187,98.9,0.0,8.0,88.9
2026-02-16,SKU0187,51.9,239.5,8.0,88.9
2026-02-23,SKU0187,243.4,0.0,8.0,88.9
2026-03-02,SKU0187,188.4,0.0,8.0,88.9
2026-03-09,SKU0187,136.4,0.0,8.0,88.9
2026-03-16,SKU0187,96.4,0.0,8.0,88.9
2026-03-23,SKU0187,48.4,239.5,8.0,88.9
2026-03-30,SKU0187,233.8,0.0,8.0,88.9
2026-04-06,SKU0187,187.8,0.0,8.0,88.9
2026-04-13,SKU0187,137.8,0.0,8.0,88.9
2026-04-20,SKU0187,82.8,239.5,8.0,88.9
2026-04-27,SKU0187,272.3,0.0,8.0,88.9
2026-05-04,SKU0187,217.3,0.0,8.0,88.9
2026-05-11,SKU0187,163.3,0.0,8.0,88.9
2026-05-18,SKU0187,108.3,0.0,8.0,88.9
2026-05-25,SKU0187,56.3,239.5,8.0,88.9
2026-06-01,SKU0187,250.7,0.0,8.0,88.9
2026-06-08,SKU0187,198.7,0.0,8.0,88.9
2026-06-15,SKU0187,111.7,0.0,8.0,88.9
2026-06-22,SKU0187,39.7,239.5,8.0,88.9
2026-06-29,SKU0187,220.2,0.0,8.0,88.9
2026-07-06,SKU0187,157.2,0.0,8.0,88.9
2026-07-13,SKU0187,108.2,0.0,8.0,88.9
2026-05-04,SKU0188,187.0,254.0,24.0,283.0
2026-05-11,SKU0188,124.0,254.0,24.0,283.0
2026-05-18,SKU0188,60.0,254.0,24.0,283.0
2026-05-25,SKU0188,250.0,254.0,24.0,283.0
2026-06-01,SKU0188,186.0,254.0,24.0,283.0
2026-06-08,SKU0188,128.0,254.0,24.0,283.0
2026-06-15,SKU0188,290.0,0.0,24.0,283.0
2026-06-22,SKU0188,204.0,254.0,24.0,283.0
2026-06-29,SKU0188,150.0,254.0,24.0,283.0
2026-07-06,SKU0188,89.0,254.0,24.0,283.0
2026-07-13,SKU0188,263.0,254.0,24.0,283.0
2024-08-05,SKU0189,98.1,139.1,16.0,103.3
2024-08-12,SKU0189,70.1,139.1,16.0,103.3
2024-08-19,SKU0189,187.2,0.0,16.0,103.3
2024-08-26,SKU0189,163.2,0.0,16.0,103.3
2024-09-02,SKU0189,128.2,0.0,16.0,103.3
2024-09-09,SKU0189,98.2,139.1,16.0,103.3
2024-09-16,SKU0189,59.2,139.1,16.0,103.3
2024-09-23,SKU0189,170.3,0.0,16.0,103.3
2024-09-30,SKU0189,132.3,0.0,16.0,103.3
2024-10-07,SKU0189,91.3,139.1,16.0,103.3
2024-10-14,SKU0189,28.3,139.1,16.0,103.3
2024-10-21,SKU0189,114.4,0.0,16.0,103.3
2024-10-28,SKU0189,56.4,139.1,16.0,103.3
2024-11-04,SKU0189,0.0,139.1,16.0,103.3
2024-11-11,SKU0189,96.1,139.1,16.0,103.3
2024-11-18,SKU0189,59.1,139.1,16.0,103.3
2024-11-25,SKU0189,138.2,0.0,16.0,103.3
2024-12-02,SKU0189,104.2,0.0,16.0,103.3
2024-12-09,SKU0189,56.2,139.1,16.0,103.3
2024-12-16,SKU0189,14.2,139.1,16.0,103.3
2024-12-23,SKU0189,73.3,139.1,16.0,103.3
2024-12-30,SKU0189,33.3,139.1,16.0,103.3
2025-01-06,SKU0189,149.4,0.0,16.0,103.3
2025-01-13,SKU0189,128.4,0.0,16.0,103.3
2025-01-20,SKU0189,105.4,0.0,16.0,103.3
2025-01-27,SKU0189,86.4,139.1,16.0,103.3
2025-02-03,SKU0189,69.4,139.1,16.0,103.3
2025-02-10,SKU0189,188.5,0.0,16.0,103.3
2025-02-17,SKU0189,172.5,0.0,16.0,103.3
2025-02-24,SKU0189,146.5,0.0,16.0,103.3
2025-03-03,SKU0189,113.5,0.0,16.0,103.3
2025-03-10,SKU0189,81.5,139.1,16.0,103.3
2025-03-17,SKU0189,58.5,139.1,16.0,103.3
2025-03-24,SKU0189,170.6,0.0,16.0,103.3
2025-03-31,SKU0189,147.6,0.0,16.0,103.3
2025-04-07,SKU0189,117.6,0.0,16.0,103.3
2025-04-14,SKU0189,78.6,139.1,16.0,103.3
2025-04-21,SKU0189,49.6,139.1,16.0,103.3
2025-04-28,SKU0189,164.7,0.0,16.0,103.3
2025-05-05,SKU0189,135.7,0.0,16.0,103.3
2025-05-12,SKU0189,116.7,0.0,16.0,103.3
2025-05-19,SKU0189,82.7,139.1,16.0,103.3
2025-05-26,SKU0189,46.7,139.1,16.0,103.3
2025-06-02,SKU0189,160.9,0.0,16.0,103.3
2025-06-09,SKU0189,107.9,0.0,16.0,103.3
2025-06-16,SKU0189,55.9,139.1,16.0,103.3
2025-06-23,SKU0189,31.9,139.1,16.0,103.3
2025-06-30,SKU0189,141.0,0.0,16.0,103.3
2025-07-07,SKU0189,105.0,0.0,16.0,103.3
2025-07-14,SKU0189,79.0,139.1,16.0,103.3
2025-07-21,SKU0189,48.0,139.1,16.0,103.3
2025-07-28,SKU0189,154.1,0.0,16.0,103.3
2025-08-04,SKU0189,123.1,0.0,16.0,103.3
2025-08-11,SKU0189,88.1,139.1,16.0,103.3
2025-08-18,SKU0189,60.1,139.1,16.0,103.3
2025-08-25,SKU0189,174.2,0.0,16.0,103.3
2025-09-01,SKU0189,146.2,0.0,16.0,103.3
2025-09-08,SKU0189,118.2,0.0,16.0,103.3
2025-09-15,SKU0189,93.2,139.1,16.0,103.3
2025-09-22,SKU0189,57.2,139.1,16.0,103.3
2025-09-29,SKU0189,149.3,0.0,16.0,103.3
2025-10-06,SKU0189,107.3,0.0,16.0,103.3
2025-10-13,SKU0189,49.3,139.1,16.0,103.3
2025-10-20,SKU0189,0.0,139.1,16.0,103.3
2025-10-27,SKU0189,68.1,139.1,16.0,103.3
2025-11-03,SKU0189,11.1,139.1,16.0,103.3
2025-11-10,SKU0189,109.2,0.0,16.0,103.3
2025-11-17,SKU0189,74.2,139.1,16.0,103.3
2025-11-24,SKU0189,16.2,139.1,16.0,103.3
2025-12-01,SKU0189,121.3,0.0,16.0,103.3
2025-12-08,SKU0189,75.3,139.1,16.0,103.3
2025-12-15,SKU0189,33.3,139.1,16.0,103.3
2025-12-22,SKU0189,97.4,139.1,16.0,103.3
2025-12-29,SKU0189,47.4,139.1,16.0,103.3
2026-01-05,SKU0189,154.5,0.0,16.0,103.3
2026-01-12,SKU0189,134.5,0.0,16.0,103.3
2026-01-19,SKU0189,111.5,0.0,16.0,103.3
2026-01-26,SKU0189,79.5,139.1,16.0,103.3
2026-02-02,SKU0189,53.5,139.1,16.0,103.3
2026-02-09,SKU0189,169.6,0.0,16.0,103.3
2026-02-16,SKU0189,150.6,0.0,16.0,103.3
2026-02-23,SKU0189,125.6,0.0,16.0,103.3
2026-03-02,SKU0189,92.6,139.1,16.0,103.3
2026-03-09,SKU0189,52.6,139.1,16.0,103.3
2026-03-16,SKU0189,163.7,0.0,16.0,103.3
2026-03-23,SKU0189,144.7,0.0,16.0,103.3
2026-03-30,SKU0189,117.7,0.0,16.0,103.3
2026-04-06,SKU0189,92.7,139.1,16.0,103.3
2026-04-13,SKU0189,63.7,139.1,16.0,103.3
2026-04-20,SKU0189,174.9,0.0,16.0,103.3
2026-04-27,SKU0189,144.9,0.0,16.0,103.3
2026-05-04,SKU0189,123.9,0.0,16.0,103.3
2026-05-11,SKU0189,95.9,139.1,16.0,103.3
2026-05-18,SKU0189,72.9,139.1,16.0,103.3
2026-05-25,SKU0189,171.0,0.0,16.0,103.3
2026-06-01,SKU0189,137.0,0.0,16.0,103.3
2026-06-08,SKU0189,102.0,139.1,16.0,103.3
2026-06-15,SKU0189,65.0,139.1,16.0,103.3
2026-06-22,SKU0189,152.1,0.0,16.0,103.3
2026-06-29,SKU0189,116.1,0.0,16.0,103.3
2026-07-06,SKU0189,89.1,139.1,16.0,103.3
2026-07-13,SKU0189,57.1,139.1,16.0,103.3
2024-07-22,SKU0190,585.5,730.5,40.0,1356.6
2024-07-29,SKU0190,443.5,730.5,40.0,1356.6
2024-08-05,SKU0190,301.5,730.5,40.0,1356.6
2024-08-12,SKU0190,149.5,730.5,40.0,1356.6
2024-08-19,SKU0190,13.5,730.5,40.0,1356.6
2024-08-26,SKU0190,0.0,730.5,40.0,1356.6
2024-09-02,SKU0190,560.5,730.5,40.0,1356.6
2024-09-09,SKU0190,400.5,730.5,40.0,1356.6
2024-09-16,SKU0190,247.5,730.5,40.0,1356.6
2024-09-23,SKU0190,109.5,730.5,40.0,1356.6
2024-09-30,SKU0190,0.0,730.5,40.0,1356.6
2024-10-07,SKU0190,0.0,730.5,40.0,1356.6
2024-10-14,SKU0190,384.5,730.5,40.0,1356.6
2024-10-21,SKU0190,104.5,730.5,40.0,1356.6
2024-10-28,SKU0190,0.0,730.5,40.0,1356.6
2024-11-04,SKU0190,0.0,730.5,40.0,1356.6
2024-11-11,SKU0190,0.0,730.5,40.0,1356.6
2024-11-18,SKU0190,0.0,730.5,40.0,1356.6
2024-11-25,SKU0190,429.5,730.5,40.0,1356.6
2024-12-02,SKU0190,195.5,730.5,40.0,1356.6
2024-12-09,SKU0190,0.0,730.5,40.0,1356.6
2024-12-16,SKU0190,0.0,730.5,40.0,1356.6
2024-12-23,SKU0190,0.0,730.5,40.0,1356.6
2024-12-30,SKU0190,0.0,730.5,40.0,1356.6
2025-01-06,SKU0190,578.5,730.5,40.0,1356.6
2025-01-13,SKU0190,475.5,730.5,40.0,1356.6
2025-01-20,SKU0190,351.5,730.5,40.0,1356.6
2025-01-27,SKU0190,224.5,730.5,40.0,1356.6
2025-02-03,SKU0190,124.5,730.5,40.0,1356.6
2025-02-10,SKU0190,0.0,730.5,40.0,1356.6
2025-02-17,SKU0190,589.5,730.5,40.0,1356.6
2025-02-24,SKU0190,448.5,730.5,40.0,1356.6
2025-03-03,SKU0190,290.5,730.5,40.0,1356.6
2025-03-10,SKU0190,163.5,730.5,40.0,1356.6
2025-03-17,SKU0190,19.5,730.5,40.0,1356.6
2025-03-24,SKU0190,0.0,730.5,40.0,1356.6
2025-03-31,SKU0190,593.5,730.5,40.0,1356.6
2025-04-07,SKU0190,435.5,730.5,40.0,1356.6
2025-04-14,SKU0190,291.5,730.5,40.0,1356.6
2025-04-21,SKU0190,117.5,730.5,40.0,1356.6
2025-04-28,SKU0190,0.0,730.5,40.0,1356.6
2025-05-05,SKU0190,0.0,730.5,40.0,1356.6
2025-05-12,SKU0190,557.5,730.5,40.0,1356.6
2025-05-19,SKU0190,407.5,730.5,40.0,1356.6
2025-05-26,SKU0190,266.5,730.5,40.0,1356.6
2025-06-02,SKU0190,116.5,730.5,40.0,1356.6
2025-06-09,SKU0190,0.0,730.5,40.0,1356.6
2025-06-16,SKU0190,0.0,730.5,40.0,1356.6
2025-06-23,SKU0190,500.5,730.5,40.0,1356.6
2025-06-30,SKU0190,339.5,730.5,40.0,1356.6
2025-07-07,SKU0190,179.5,730.5,40.0,1356.6
2025-07-14,SKU0190,31.5,730.5,40.0,1356.6
2025-07-21,SKU0190,0.0,730.5,40.0,1356.6
2025-07-28,SKU0190,0.0,730.5,40.0,1356.6
2025-08-04,SKU0190,564.5,730.5,40.0,1356.6
2025-08-11,SKU0190,429.5,730.5,40.0,1356.6
2025-08-18,SKU0190,296.5,730.5,40.0,1356.6
2025-08-25,SKU0190,149.5,730.5,40.0,1356.6
2025-09-01,SKU0190,0.0,730.5,40.0,1356.6
2025-09-08,SKU0190,0.0,730.5,40.0,1356.6
2025-09-15,SKU0190,586.5,730.5,40.0,1356.6
2025-09-22,SKU0190,447.5,730.5,40.0,1356.6
2025-09-29,SKU0190,222.5,730.5,40.0,1356.6
2025-10-06,SKU0190,24.5,730.5,40.0,1356.6
2025-10-13,SKU0190,0.0,730.5,40.0,1356.6
2025-10-20,SKU0190,0.0,730.5,40.0,1356.6
2025-10-27,SKU0190,385.5,730.5,40.0,1356.6
2025-11-03,SKU0190,129.5,730.5,40.0,1356.6
2025-11-10,SKU0190,0.0,730.5,40.0,1356.6
2025-11-17,SKU0190,0.0,730.5,40.0,1356.6
2025-11-24,SKU0190,0.0,730.5,40.0,1356.6
2025-12-01,SKU0190,0.0,730.5,40.0,1356.6
2025-12-08,SKU0190,522.5,730.5,40.0,1356.6
2025-12-15,SKU0190,270.5,730.5,40.0,1356.6
2025-12-22,SKU0190,0.0,730.5,40.0,1356.6
2025-12-29,SKU0190,0.0,730.5,40.0,1356.6
2026-01-05,SKU0190,0.0,730.5,40.0,1356.6
2026-01-12,SKU0190,0.0,730.5,40.0,1356.6
2026-01-19,SKU0190,583.5,730.5,40.0,1356.6
2026-01-26,SKU0190,454.5,730.5,40.0,1356.6
2026-02-02,SKU0190,327.5,730.5,40.0,1356.6
2026-02-09,SKU0190,198.5,730.5,40.0,1356.6
2026-02-16,SKU0190,71.5,730.5,40.0,1356.6
2026-02-23,SKU0190,0.0,730.5,40.0,1356.6
2026-03-02,SKU0190,573.5,730.5,40.0,1356.6
2026-03-09,SKU0190,414.5,730.5,40.0,1356.6
2026-03-16,SKU0190,259.5,730.5,40.0,1356.6
2026-03-23,SKU0190,109.5,730.5,40.0,1356.6
2026-03-30,SKU0190,0.0,730.5,40.0,1356.6
2026-04-06,SKU0190,0.0,730.5,40.0,1356.6
2026-04-13,SKU0190,575.5,730.5,40.0,1356.6
2026-04-20,SKU0190,405.5,730.5,40.0,1356.6
2026-04-27,SKU0190,256.5,730.5,40.0,1356.6
2026-05-04,SKU0190,108.5,730.5,40.0,1356.6
2026-05-11,SKU0190,0.0,730.5,40.0,1356.6
2026-05-18,SKU0190,0.0,730.5,40.0,1356.6
2026-05-25,SKU0190,568.5,730.5,40.0,1356.6
2026-06-01,SKU0190,402.5,730.5,40.0,1356.6
2026-06-08,SKU0190,287.5,730.5,40.0,1356.6
2026-06-15,SKU0190,50.5,730.5,40.0,1356.6
2026-06-22,SKU0190,0.0,730.5,40.0,1356.6
2026-06-29,SKU0190,0.0,730.5,40.0,1356.6
2026-07-06,SKU0190,608.5,730.5,40.0,1356.6
2026-07-13,SKU0190,450.5,730.5,40.0,1356.6
2024-08-05,SKU0191,359.5,0.0,16.0,315.3
2024-08-12,SKU0191,269.5,424.5,16.0,315.3
2024-08-19,SKU0191,168.5,424.5,16.0,315.3
2024-08-26,SKU0191,514.9,0.0,16.0,315.3
2024-09-02,SKU0191,429.9,0.0,16.0,315.3
2024-09-09,SKU0191,318.9,0.0,16.0,315.3
2024-09-16,SKU0191,215.9,424.5,16.0,315.3
2024-09-23,SKU0191,123.9,424.5,16.0,315.3
2024-09-30,SKU0191,440.4,0.0,16.0,315.3
2024-10-07,SKU0191,315.4,0.0,16.0,315.3
2024-10-14,SKU0191,119.4,424.5,16.0,315.3
2024-10-21,SKU0191,0.0,424.5,16.0,315.3
2024-10-28,SKU0191,219.5,424.5,16.0,315.3
2024-11-04,SKU0191,55.5,424.5,16.0,315.3
2024-11-11,SKU0191,350.9,0.0,16.0,315.3
2024-11-18,SKU0191,232.9,424.5,16.0,315.3
2024-11-25,SKU0191,31.9,424.5,16.0,315.3
2024-12-02,SKU0191,354.4,0.0,16.0,315.3
2024-12-09,SKU0191,278.4,424.5,16.0,315.3
2024-12-16,SKU0191,99.4,424.5,16.0,315.3
2024-12-23,SKU0191,331.9,0.0,16.0,315.3
2024-12-30,SKU0191,184.9,424.5,16.0,315.3
2025-01-06,SKU0191,101.9,424.5,16.0,315.3
2025-01-13,SKU0191,457.4,0.0,16.0,315.3
2025-01-20,SKU0191,367.4,0.0,16.0,315.3
2025-01-27,SKU0191,287.4,424.5,16.0,315.3
2025-02-03,SKU0191,200.4,424.5,16.0,315.3
2025-02-10,SKU0191,554.8,0.0,16.0,315.3
2025-02-17,SKU0191,475.8,0.0,16.0,315.3
2025-02-24,SKU0191,399.8,0.0,16.0,315.3
2025-03-03,SKU0191,310.8,424.5,16.0,315.3
2025-03-10,SKU0191,221.8,424.5,16.0,315.3
2025-03-17,SKU0191,561.3,0.0,16.0,315.3
2025-03-24,SKU0191,425.3,0.0,16.0,315.3
2025-03-31,SKU0191,331.3,0.0,16.0,315.3
2025-04-07,SKU0191,257.3,424.5,16.0,315.3
2025-04-14,SKU0191,166.3,424.5,16.0,315.3
2025-04-21,SKU0191,499.8,0.0,16.0,315.3
2025-04-28,SKU0191,427.8,0.0,16.0,315.3
2025-05-05,SKU0191,345.8,0.0,16.0,315.3
2025-05-12,SKU0191,252.8,424.5,16.0,315.3
2025-05-19,SKU0191,149.8,424.5,16.0,315.3
2025-05-26,SKU0191,505.2,0.0,16.0,315.3
2025-06-02,SKU0191,415.2,0.0,16.0,315.3
2025-06-09,SKU0191,317.2,0.0,16.0,315.3
2025-06-16,SKU0191,182.2,424.5,16.0,315.3
2025-06-23,SKU0191,32.2,424.5,16.0,315.3
2025-06-30,SKU0191,360.7,0.0,16.0,315.3
2025-07-07,SKU0191,261.7,424.5,16.0,315.3
2025-07-14,SKU0191,161.7,424.5,16.0,315.3
2025-07-21,SKU0191,492.2,0.0,16.0,315.3
2025-07-28,SKU0191,427.2,0.0,16.0,315.3
2025-08-04,SKU0191,337.2,0.0,16.0,315.3
2025-08-11,SKU0191,246.2,424.5,16.0,315.3
2025-08-18,SKU0191,142.2,424.5,16.0,315.3
2025-08-25,SKU0191,487.6,0.0,16.0,315.3
2025-09-01,SKU0191,382.6,0.0,16.0,315.3
2025-09-08,SKU0191,309.6,424.5,16.0,315.3
2025-09-15,SKU0191,214.6,424.5,16.0,315.3
2025-09-22,SKU0191,565.1,0.0,16.0,315.3
2025-09-29,SKU0191,446.1,0.0,16.0,315.3
2025-10-06,SKU0191,309.1,424.5,16.0,315.3
2025-10-13,SKU0191,136.1,424.5,16.0,315.3
2025-10-20,SKU0191,357.6,0.0,16.0,315.3
2025-10-27,SKU0191,138.6,424.5,16.0,315.3
2025-11-03,SKU0191,0.0,424.5,16.0,315.3
2025-11-10,SKU0191,302.5,424.5,16.0,315.3
2025-11-17,SKU0191,172.5,424.5,16.0,315.3
2025-11-24,SKU0191,404.9,0.0,16.0,315.3
2025-12-01,SKU0191,289.9,424.5,16.0,315.3
2025-12-08,SKU0191,177.9,424.5,16.0,315.3
2025-12-15,SKU0191,457.4,0.0,16.0,315.3
2025-12-22,SKU0191,266.4,424.5,16.0,315.3
2025-12-29,SKU0191,114.4,424.5,16.0,315.3
2026-01-05,SKU0191,437.9,0.0,16.0,315.3
2026-01-12,SKU0191,387.9,0.0,16.0,315.3
2026-01-19,SKU0191,308.9,424.5,16.0,315.3
2026-01-26,SKU0191,219.9,424.5,16.0,315.3
2026-02-02,SKU0191,571.4,0.0,16.0,315.3
2026-02-09,SKU0191,488.4,0.0,16.0,315.3
2026-02-16,SKU0191,442.4,0.0,16.0,315.3
2026-02-23,SKU0191,372.4,0.0,16.0,315.3
2026-03-02,SKU0191,309.4,424.5,16.0,315.3
2026-03-09,SKU0191,223.4,424.5,16.0,315.3
2026-03-16,SKU0191,558.8,0.0,16.0,315.3
2026-03-23,SKU0191,463.8,0.0,16.0,315.3
2026-03-30,SKU0191,386.8,0.0,16.0,315.3
2026-04-06,SKU0191,292.8,424.5,16.0,315.3
2026-04-13,SKU0191,207.8,424.5,16.0,315.3
2026-04-20,SKU0191,536.3,0.0,16.0,315.3
2026-04-27,SKU0191,469.3,0.0,16.0,315.3
2026-05-04,SKU0191,386.3,0.0,16.0,315.3
2026-05-11,SKU0191,293.3,424.5,16.0,315.3
2026-05-18,SKU0191,215.3,424.5,16.0,315.3
2026-05-25,SKU0191,568.8,0.0,16.0,315.3
2026-06-01,SKU0191,481.8,0.0,16.0,315.3
2026-06-08,SKU0191,398.8,0.0,16.0,315.3
2026-06-15,SKU0191,271.8,424.5,16.0,315.3
2026-06-22,SKU0191,165.8,424.5,16.0,315.3
2026-06-29,SKU0191,496.2,0.0,16.0,315.3
2026-07-06,SKU0191,416.2,0.0,16.0,315.3
2026-07-13,SKU0191,321.2,0.0,16.0,315.3
2024-07-22,SKU0192,108.5,124.5,22.0,127.1
2024-07-29,SKU0192,79.5,124.5,22.0,127.1
2024-08-05,SKU0192,42.5,124.5,22.0,127.1
2024-08-12,SKU0192,140.9,0.0,22.0,127.1
2024-08-19,SKU0192,112.9,124.5,22.0,127.1
2024-08-26,SKU0192,90.9,124.5,22.0,127.1
2024-09-02,SKU0192,67.9,124.5,22.0,127.1
2024-09-09,SKU0192,155.4,0.0,22.0,127.1
2024-09-16,SKU0192,123.4,124.5,22.0,127.1
2024-09-23,SKU0192,89.4,124.5,22.0,127.1
2024-09-30,SKU0192,59.4,124.5,22.0,127.1
2024-10-07,SKU0192,157.8,0.0,22.0,127.1
2024-10-14,SKU0192,108.8,124.5,22.0,127.1
2024-10-21,SKU0192,49.8,124.5,22.0,127.1
2024-10-28,SKU0192,0.0,124.5,22.0,127.1
2024-11-04,SKU0192,79.5,124.5,22.0,127.1
2024-11-11,SKU0192,48.5,124.5,22.0,127.1
2024-11-18,SKU0192,13.5,124.5,22.0,127.1
2024-11-25,SKU0192,94.9,124.5,22.0,127.1
2024-12-02,SKU0192,48.9,124.5,22.0,127.1
2024-12-09,SKU0192,22.9,124.5,22.0,127.1
2024-12-16,SKU0192,91.4,124.5,22.0,127.1
2024-12-23,SKU0192,32.4,124.5,22.0,127.1
2024-12-30,SKU0192,0.0,124.5,22.0,127.1
2025-01-06,SKU0192,93.5,124.5,22.0,127.1
2025-01-13,SKU0192,68.5,124.5,22.0,127.1
2025-01-20,SKU0192,48.5,124.5,22.0,127.1
2025-01-27,SKU0192,145.9,0.0,22.0,127.1
2025-02-03,SKU0192,120.9,124.5,22.0,127.1
2025-02-10,SKU0192,98.9,124.5,22.0,127.1
2025-02-17,SKU0192,72.9,124.5,22.0,127.1
2025-02-24,SKU0192,162.4,0.0,22.0,127.1
2025-03-03,SKU0192,142.4,0.0,22.0,127.1
2025-03-10,SKU0192,117.4,124.5,22.0,127.1
2025-03-17,SKU0192,80.4,124.5,22.0,127.1
2025-03-24,SKU0192,61.4,124.5,22.0,127.1
2025-03-31,SKU0192,147.8,0.0,22.0,127.1
2025-04-07,SKU0192,120.8,124.5,22.0,127.1
2025-04-14,SKU0192,97.8,124.5,22.0,127.1
2025-04-21,SKU0192,72.8,124.5,22.0,127.1
2025-04-28,SKU0192,180.3,0.0,22.0,127.1
2025-05-05,SKU0192,153.3,0.0,22.0,127.1
2025-05-12,SKU0192,135.3,0.0,22.0,127.1
2025-05-19,SKU0192,114.3,124.5,22.0,127.1
2025-05-26,SKU0192,93.3,124.5,22.0,127.1
2025-06-02,SKU0192,65.3,124.5,22.0,127.1
2025-06-09,SKU0192,160.8,0.0,22.0,127.1
2025-06-16,SKU0192,120.8,124.5,22.0,127.1
2025-06-23,SKU0192,73.8,124.5,22.0,127.1
2025-06-30,SKU0192,48.8,124.5,22.0,127.1
2025-07-07,SKU0192,144.2,0.0,22.0,127.1
2025-07-14,SKU0192,127.2,0.0,22.0,127.1
2025-07-21,SKU0192,99.2,124.5,22.0,127.1
2025-07-28,SKU0192,76.2,124.5,22.0,127.1
2025-08-04,SKU0192,59.2,124.5,22.0,127.1
2025-08-11,SKU0192,166.7,0.0,22.0,127.1
2025-08-18,SKU0192,143.7,0.0,22.0,127.1
2025-08-25,SKU0192,112.7,124.5,22.0,127.1
2025-09-01,SKU0192,81.7,124.5,22.0,127.1
2025-09-08,SKU0192,61.7,124.5,22.0,127.1
2025-09-15,SKU0192,161.2,0.0,22.0,127.1
2025-09-22,SKU0192,144.2,0.0,22.0,127.1
2025-09-29,SKU0192,122.2,124.5,22.0,127.1
2025-10-06,SKU0192,86.2,124.5,22.0,127.1
2025-10-13,SKU0192,39.2,124.5,22.0,127.1
2025-10-20,SKU0192,110.6,124.5,22.0,127.1
2025-10-27,SKU0192,49.6,124.5,22.0,127.1
2025-11-03,SKU0192,3.6,124.5,22.0,127.1
2025-11-10,SKU0192,83.1,124.5,22.0,127.1
2025-11-17,SKU0192,47.1,124.5,22.0,127.1
2025-11-24,SKU0192,0.0,124.5,22.0,127.1
2025-12-01,SKU0192,85.5,124.5,22.0,127.1
2025-12-08,SKU0192,54.5,124.5,22.0,127.1
2025-12-15,SKU0192,12.5,124.5,22.0,127.1
2025-12-22,SKU0192,86.9,124.5,22.0,127.1
2025-12-29,SKU0192,55.9,124.5,22.0,127.1
2026-01-05,SKU0192,33.9,124.5,22.0,127.1
2026-01-12,SKU0192,136.4,0.0,22.0,127.1
2026-01-19,SKU0192,118.4,124.5,22.0,127.1
2026-01-26,SKU0192,102.4,124.5,22.0,127.1
2026-02-02,SKU0192,84.4,124.5,22.0,127.1
2026-02-09,SKU0192,180.8,0.0,22.0,127.1
2026-02-16,SKU0192,162.8,0.0,22.0,127.1
2026-02-23,SKU0192,144.8,0.0,22.0,127.1
2026-03-02,SKU0192,114.8,124.5,22.0,127.1
2026-03-09,SKU0192,83.8,124.5,22.0,127.1
2026-03-16,SKU0192,59.8,124.5,22.0,127.1
2026-03-23,SKU0192,153.3,0.0,22.0,127.1
2026-03-30,SKU0192,124.3,124.5,22.0,127.1
2026-04-06,SKU0192,97.3,124.5,22.0,127.1
2026-04-13,SKU0192,66.3,124.5,22.0,127.1
2026-04-20,SKU0192,162.8,0.0,22.0,127.1
2026-04-27,SKU0192,139.8,0.0,22.0,127.1
2026-05-04,SKU0192,111.8,124.5,22.0,127.1
2026-05-11,SKU0192,79.8,124.5,22.0,127.1
2026-05-18,SKU0192,48.8,124.5,22.0,127.1
2026-05-25,SKU0192,142.2,0.0,22.0,127.1
2026-06-01,SKU0192,112.2,124.5,22.0,127.1
2026-06-08,SKU0192,81.2,124.5,22.0,127.1
2026-06-15,SKU0192,18.2,124.5,22.0,127.1
2026-06-22,SKU0192,112.7,124.5,22.0,127.1
2026-06-29,SKU0192,87.7,124.5,22.0,127.1
2026-07-06,SKU0192,57.7,124.5,22.0,127.1
2026-07-13,SKU0192,154.2,0.0,22.0,127.1
2024-07-29,SKU0193,266.8,338.8,25.0,393.2
2024-08-05,SKU0193,202.8,338.8,25.0,393.2
2024-08-12,SKU0193,139.8,338.8,25.0,393.2
2024-08-19,SKU0193,60.8,338.8,25.0,393.2
2024-08-26,SKU0193,333.5,338.8,25.0,393.2
2024-09-02,SKU0193,258.5,338.8,25.0,393.2
2024-09-09,SKU0193,204.5,338.8,25.0,393.2
2024-09-16,SKU0193,148.5,338.8,25.0,393.2
2024-09-23,SKU0193,424.3,0.0,25.0,393.2
2024-09-30,SKU0193,318.3,338.8,25.0,393.2
2024-10-07,SKU0193,209.3,338.8,25.0,393.2
2024-10-14,SKU0193,50.3,338.8,25.0,393.2
2024-10-21,SKU0193,0.0,338.8,25.0,393.2
2024-10-28,SKU0193,207.8,338.8,25.0,393.2
2024-11-04,SKU0193,97.8,338.8,25.0,393.2
2024-11-11,SKU0193,0.0,338.8,25.0,393.2
2024-11-18,SKU0193,0.0,338.8,25.0,393.2
2024-11-25,SKU0193,203.8,338.8,25.0,393.2
2024-12-02,SKU0193,107.8,338.8,25.0,393.2
2024-12-09,SKU0193,6.8,338.8,25.0,393.2
2024-12-16,SKU0193,0.0,338.8,25.0,393.2
2024-12-23,SKU0193,164.8,338.8,25.0,393.2
2024-12-30,SKU0193,46.8,338.8,25.0,393.2
2025-01-06,SKU0193,0.0,338.8,25.0,393.2
2025-01-13,SKU0193,0.0,338.8,25.0,393.2
2025-01-20,SKU0193,286.8,338.8,25.0,393.2
2025-01-27,SKU0193,228.8,338.8,25.0,393.2
2025-02-03,SKU0193,162.8,338.8,25.0,393.2
2025-02-10,SKU0193,102.8,338.8,25.0,393.2
2025-02-17,SKU0193,380.5,338.8,25.0,393.2
2025-02-24,SKU0193,310.5,338.8,25.0,393.2
2025-03-03,SKU0193,242.5,338.8,25.0,393.2
2025-03-10,SKU0193,183.5,338.8,25.0,393.2
2025-03-17,SKU0193,461.3,0.0,25.0,393.2
2025-03-24,SKU0193,383.3,338.8,25.0,393.2
2025-03-31,SKU0193,317.3,338.8,25.0,393.2
2025-04-07,SKU0193,230.3,338.8,25.0,393.2
2025-04-14,SKU0193,152.3,338.8,25.0,393.2
2025-04-21,SKU0193,427.1,0.0,25.0,393.2
2025-04-28,SKU0193,356.1,338.8,25.0,393.2
2025-05-05,SKU0193,294.1,338.8,25.0,393.2
2025-05-12,SKU0193,224.1,338.8,25.0,393.2
2025-05-19,SKU0193,158.1,338.8,25.0,393.2
2025-05-26,SKU0193,431.8,0.0,25.0,393.2
2025-06-02,SKU0193,354.8,338.8,25.0,393.2
2025-06-09,SKU0193,260.8,338.8,25.0,393.2
2025-06-16,SKU0193,142.8,338.8,25.0,393.2
2025-06-23,SKU0193,21.8,338.8,25.0,393.2
2025-06-30,SKU0193,292.6,338.8,25.0,393.2
2025-07-07,SKU0193,219.6,338.8,25.0,393.2
2025-07-14,SKU0193,144.6,338.8,25.0,393.2
2025-07-21,SKU0193,64.6,338.8,25.0,393.2
2025-07-28,SKU0193,320.4,338.8,25.0,393.2
2025-08-04,SKU0193,253.4,338.8,25.0,393.2
2025-08-11,SKU0193,182.4,338.8,25.0,393.2
2025-08-18,SKU0193,119.4,338.8,25.0,393.2
2025-08-25,SKU0193,376.2,338.8,25.0,393.2
2025-09-01,SKU0193,328.2,338.8,25.0,393.2
2025-09-08,SKU0193,264.2,338.8,25.0,393.2
2025-09-15,SKU0193,200.2,338.8,25.0,393.2
2025-09-22,SKU0193,467.9,0.0,25.0,393.2
2025-09-29,SKU0193,384.9,338.8,25.0,393.2
2025-10-06,SKU0193,293.9,338.8,25.0,393.2
2025-10-13,SKU0193,140.9,338.8,25.0,393.2
2025-10-20,SKU0193,0.0,338.8,25.0,393.2
2025-10-27,SKU0193,166.8,338.8,25.0,393.2
2025-11-03,SKU0193,64.8,338.8,25.0,393.2
2025-11-10,SKU0193,0.0,338.8,25.0,393.2
2025-11-17,SKU0193,0.0,338.8,25.0,393.2
2025-11-24,SKU0193,182.8,338.8,25.0,393.2
2025-12-01,SKU0193,74.8,338.8,25.0,393.2
2025-12-08,SKU0193,0.0,338.8,25.0,393.2
2025-12-15,SKU0193,0.0,338.8,25.0,393.2
2025-12-22,SKU0193,169.8,338.8,25.0,393.2
2025-12-29,SKU0193,55.8,338.8,25.0,393.2
2026-01-05,SKU0193,0.0,338.8,25.0,393.2
2026-01-12,SKU0193,0.0,338.8,25.0,393.2
2026-01-19,SKU0193,270.8,338.8,25.0,393.2
2026-01-26,SKU0193,201.8,338.8,25.0,393.2
2026-02-02,SKU0193,149.8,338.8,25.0,393.2
2026-02-09,SKU0193,92.8,338.8,25.0,393.2
2026-02-16,SKU0193,367.5,338.8,25.0,393.2
2026-02-23,SKU0193,300.5,338.8,25.0,393.2
2026-03-02,SKU0193,215.5,338.8,25.0,393.2
2026-03-09,SKU0193,148.5,338.8,25.0,393.2
2026-03-16,SKU0193,427.3,0.0,25.0,393.2
2026-03-23,SKU0193,353.3,338.8,25.0,393.2
2026-03-30,SKU0193,281.3,338.8,25.0,393.2
2026-04-06,SKU0193,218.3,338.8,25.0,393.2
2026-04-13,SKU0193,140.3,338.8,25.0,393.2
2026-04-20,SKU0193,407.1,0.0,25.0,393.2
2026-04-27,SKU0193,319.1,338.8,25.0,393.2
2026-05-04,SKU0193,258.1,338.8,25.0,393.2
2026-05-11,SKU0193,187.1,338.8,25.0,393.2
2026-05-18,SKU0193,114.1,338.8,25.0,393.2
2026-05-25,SKU0193,383.8,338.8,25.0,393.2
2026-06-01,SKU0193,324.8,338.8,25.0,393.2
2026-06-08,SKU0193,256.8,338.8,25.0,393.2
2026-06-15,SKU0193,152.8,338.8,25.0,393.2
2026-06-22,SKU0193,379.6,338.8,25.0,393.2
2026-06-29,SKU0193,300.6,338.8,25.0,393.2
2026-07-06,SKU0193,222.6,338.8,25.0,393.2
2026-07-13,SKU0193,138.6,338.8,25.0,393.2
2024-08-05,SKU0194,895.7,0.0,15.0,795.1
2024-08-12,SKU0194,695.7,1141.7,15.0,795.1
2024-08-19,SKU0194,443.7,1141.7,15.0,795.1
2024-08-26,SKU0194,1375.4,0.0,15.0,795.1
2024-09-02,SKU0194,1156.4,0.0,15.0,795.1
2024-09-09,SKU0194,923.4,0.0,15.0,795.1
2024-09-16,SKU0194,669.4,1141.7,15.0,795.1
2024-09-23,SKU0194,466.4,1141.7,15.0,795.1
2024-09-30,SKU0194,1281.1,0.0,15.0,795.1
2024-10-07,SKU0194,947.1,0.0,15.0,795.1
2024-10-14,SKU0194,510.1,1141.7,15.0,795.1
2024-10-21,SKU0194,0.0,1141.7,15.0,795.1
2024-10-28,SKU0194,622.7,1141.7,15.0,795.1
2024-11-04,SKU0194,227.7,1141.7,15.0,795.1
2024-11-11,SKU0194,1045.4,0.0,15.0,795.1
2024-11-18,SKU0194,714.4,1141.7,15.0,795.1
2024-11-25,SKU0194,267.4,1141.7,15.0,795.1
2024-12-02,SKU0194,1084.1,0.0,15.0,795.1
2024-12-09,SKU0194,755.1,1141.7,15.0,795.1
2024-12-16,SKU0194,352.1,1141.7,15.0,795.1
2024-12-23,SKU0194,933.8,0.0,15.0,795.1
2024-12-30,SKU0194,565.8,1141.7,15.0,795.1
2025-01-06,SKU0194,318.8,1141.7,15.0,795.1
2025-01-13,SKU0194,1254.5,0.0,15.0,795.1
2025-01-20,SKU0194,1063.5,0.0,15.0,795.1
2025-01-27,SKU0194,831.5,0.0,15.0,795.1
2025-02-03,SKU0194,641.5,1141.7,15.0,795.1
2025-02-10,SKU0194,434.5,1141.7,15.0,795.1
2025-02-17,SKU0194,1383.3,0.0,15.0,795.1
2025-02-24,SKU0194,1181.3,0.0,15.0,795.1
2025-03-03,SKU0194,916.3,0.0,15.0,795.1
2025-03-10,SKU0194,668.3,1141.7,15.0,795.1
2025-03-17,SKU0194,426.3,1141.7,15.0,795.1
2025-03-24,SKU0194,1340.0,0.0,15.0,795.1
2025-03-31,SKU0194,1128.0,0.0,15.0,795.1
2025-04-07,SKU0194,876.0,0.0,15.0,795.1
2025-04-14,SKU0194,669.0,1141.7,15.0,795.1
2025-04-21,SKU0194,435.0,1141.7,15.0,795.1
2025-04-28,SKU0194,1329.7,0.0,15.0,795.1
2025-05-05,SKU0194,1059.7,0.0,15.0,795.1
2025-05-12,SKU0194,811.7,0.0,15.0,795.1
2025-05-19,SKU0194,581.7,1141.7,15.0,795.1
2025-05-26,SKU0194,384.7,1141.7,15.0,795.1
2025-06-02,SKU0194,1280.4,0.0,15.0,795.1
2025-06-09,SKU0194,1016.4,0.0,15.0,795.1
2025-06-16,SKU0194,669.4,1141.7,15.0,795.1
2025-06-23,SKU0194,315.4,1141.7,15.0,795.1
2025-06-30,SKU0194,1205.1,0.0,15.0,795.1
2025-07-07,SKU0194,981.1,0.0,15.0,795.1
2025-07-14,SKU0194,743.1,1141.7,15.0,795.1
2025-07-21,SKU0194,530.1,1141.7,15.0,795.1
2025-07-28,SKU0194,1451.8,0.0,15.0,795.1
2025-08-04,SKU0194,1247.8,0.0,15.0,795.1
2025-08-11,SKU0194,992.8,0.0,15.0,795.1
2025-08-18,SKU0194,765.8,1141.7,15.0,795.1
2025-08-25,SKU0194,532.8,1141.7,15.0,795.1
2025-09-01,SKU0194,1405.5,0.0,15.0,795.1
2025-09-08,SKU0194,1178.5,0.0,15.0,795.1
2025-09-15,SKU0194,966.5,0.0,15.0,795.1
2025-09-22,SKU0194,720.5,1141.7,15.0,795.1
2025-09-29,SKU0194,390.5,1141.7,15.0,795.1
2025-10-06,SKU0194,1208.2,0.0,15.0,795.1
2025-10-13,SKU0194,698.2,1141.7,15.0,795.1
2025-10-20,SKU0194,213.2,1141.7,15.0,795.1
2025-10-27,SKU0194,814.9,0.0,15.0,795.1
2025-11-03,SKU0194,399.9,1141.7,15.0,795.1
2025-11-10,SKU0194,67.9,1141.7,15.0,795.1
2025-11-17,SKU0194,881.6,0.0,15.0,795.1
2025-11-24,SKU0194,358.6,1141.7,15.0,795.1
2025-12-01,SKU0194,1.6,1141.7,15.0,795.1
2025-12-08,SKU0194,811.3,0.0,15.0,795.1
2025-12-15,SKU0194,407.3,1141.7,15.0,795.1
2025-12-22,SKU0194,0.0,1141.7,15.0,795.1
2025-12-29,SKU0194,729.7,1141.7,15.0,795.1
2026-01-05,SKU0194,499.7,1141.7,15.0,795.1
2026-01-12,SKU0194,1438.4,0.0,15.0,795.1
2026-01-19,SKU0194,1234.4,0.0,15.0,795.1
2026-01-26,SKU0194,1033.4,0.0,15.0,795.1
2026-02-02,SKU0194,831.4,0.0,15.0,795.1
2026-02-09,SKU0194,613.4,1141.7,15.0,795.1
2026-02-16,SKU0194,396.4,1141.7,15.0,795.1
2026-02-23,SKU0194,1301.1,0.0,15.0,795.1
2026-03-02,SKU0194,1063.1,0.0,15.0,795.1
2026-03-09,SKU0194,840.1,0.0,15.0,795.1
2026-03-16,SKU0194,610.1,1141.7,15.0,795.1
2026-03-23,SKU0194,362.1,1141.7,15.0,795.1
2026-03-30,SKU0194,1256.8,0.0,15.0,795.1
2026-04-06,SKU0194,1008.8,0.0,15.0,795.1
2026-04-13,SKU0194,740.8,1141.7,15.0,795.1
2026-04-20,SKU0194,498.8,1141.7,15.0,795.1
2026-04-27,SKU0194,1412.5,0.0,15.0,795.1
2026-05-04,SKU0194,1159.5,0.0,15.0,795.1
2026-05-11,SKU0194,909.5,0.0,15.0,795.1
2026-05-18,SKU0194,635.5,1141.7,15.0,795.1
2026-05-25,SKU0194,366.5,1141.7,15.0,795.1
2026-06-01,SKU0194,1238.3,0.0,15.0,795.1
2026-06-08,SKU0194,986.3,0.0,15.0,795.1
2026-06-15,SKU0194,625.3,1141.7,15.0,795.1
2026-06-22,SKU0194,254.3,1141.7,15.0,795.1
2026-06-29,SKU0194,1116.0,0.0,15.0,795.1
2026-07-06,SKU0194,874.0,0.0,15.0,795.1
2026-07-13,SKU0194,618.0,1141.7,15.0,795.1
2024-07-29,SKU0195,911.4,1151.4,29.0,1550.3
2024-08-05,SKU0195,674.4,1151.4,29.0,1550.3
2024-08-12,SKU0195,454.4,1151.4,29.0,1550.3
2024-08-19,SKU0195,235.4,1151.4,29.0,1550.3
2024-08-26,SKU0195,1130.8,1151.4,29.0,1550.3
2024-09-02,SKU0195,857.8,1151.4,29.0,1550.3
2024-09-09,SKU0195,618.8,1151.4,29.0,1550.3
2024-09-16,SKU0195,377.8,1151.4,29.0,1550.3
2024-09-23,SKU0195,1297.3,1151.4,29.0,1550.3
2024-09-30,SKU0195,990.3,1151.4,29.0,1550.3
2024-10-07,SKU0195,651.3,1151.4,29.0,1550.3
2024-10-14,SKU0195,116.3,1151.4,29.0,1550.3
2024-10-21,SKU0195,761.7,1151.4,29.0,1550.3
2024-10-28,SKU0195,188.7,1151.4,29.0,1550.3
2024-11-04,SKU0195,0.0,1151.4,29.0,1550.3
2024-11-11,SKU0195,0.0,1151.4,29.0,1550.3
2024-11-18,SKU0195,843.4,1151.4,29.0,1550.3
2024-11-25,SKU0195,347.4,1151.4,29.0,1550.3
2024-12-02,SKU0195,23.4,1151.4,29.0,1550.3
2024-12-09,SKU0195,0.0,1151.4,29.0,1550.3
2024-12-16,SKU0195,741.4,1151.4,29.0,1550.3
2024-12-23,SKU0195,219.4,1151.4,29.0,1550.3
2024-12-30,SKU0195,0.0,1151.4,29.0,1550.3
2025-01-06,SKU0195,0.0,1151.4,29.0,1550.3
2025-01-13,SKU0195,952.4,1151.4,29.0,1550.3
2025-01-20,SKU0195,758.4,1151.4,29.0,1550.3
2025-01-27,SKU0195,554.4,1151.4,29.0,1550.3
2025-02-03,SKU0195,353.4,1151.4,29.0,1550.3
2025-02-10,SKU0195,1275.8,1151.4,29.0,1550.3
2025-02-17,SKU0195,1084.8,1151.4,29.0,1550.3
2025-02-24,SKU0195,861.8,1151.4,29.0,1550.3
2025-03-03,SKU0195,605.8,1151.4,29.0,1550.3
2025-03-10,SKU0195,1539.3,1151.4,29.0,1550.3
2025-03-17,SKU0195,1286.3,1151.4,29.0,1550.3
2025-03-24,SKU0195,1051.3,1151.4,29.0,1550.3
2025-03-31,SKU0195,774.3,1151.4,29.0,1550.3
2025-04-07,SKU0195,1688.7,0.0,29.0,1550.3
2025-04-14,SKU0195,1416.7,1151.4,29.0,1550.3
2025-04-21,SKU0195,1165.7,1151.4,29.0,1550.3
2025-04-28,SKU0195,896.7,1151.4,29.0,1550.3
2025-05-05,SKU0195,659.7,1151.4,29.0,1550.3
2025-05-12,SKU0195,1578.1,0.0,29.0,1550.3
2025-05-19,SKU0195,1332.1,1151.4,29.0,1550.3
2025-05-26,SKU0195,1085.1,1151.4,29.0,1550.3
2025-06-02,SKU0195,849.1,1151.4,29.0,1550.3
2025-06-09,SKU0195,585.1,1151.4,29.0,1550.3
2025-06-16,SKU0195,1355.5,1151.4,29.0,1550.3
2025-06-23,SKU0195,973.5,1151.4,29.0,1550.3
2025-06-30,SKU0195,677.5,1151.4,29.0,1550.3
2025-07-07,SKU0195,433.5,1151.4,29.0,1550.3
2025-07-14,SKU0195,1344.0,1151.4,29.0,1550.3
2025-07-21,SKU0195,1106.0,1151.4,29.0,1550.3
2025-07-28,SKU0195,868.0,1151.4,29.0,1550.3
2025-08-04,SKU0195,618.0,1151.4,29.0,1550.3
2025-08-11,SKU0195,1515.4,1151.4,29.0,1550.3
2025-08-18,SKU0195,1289.4,1151.4,29.0,1550.3
2025-08-25,SKU0195,1030.4,1151.4,29.0,1550.3
2025-09-01,SKU0195,821.4,1151.4,29.0,1550.3
2025-09-08,SKU0195,1739.8,0.0,29.0,1550.3
2025-09-15,SKU0195,1527.8,1151.4,29.0,1550.3
2025-09-22,SKU0195,1301.8,1151.4,29.0,1550.3
2025-09-29,SKU0195,993.8,1151.4,29.0,1550.3
2025-10-06,SKU0195,651.8,1151.4,29.0,1550.3
2025-10-13,SKU0195,1330.2,1151.4,29.0,1550.3
2025-10-20,SKU0195,818.2,1151.4,29.0,1550.3
2025-10-27,SKU0195,275.2,1151.4,29.0,1550.3
2025-11-03,SKU0195,0.0,1151.4,29.0,1550.3
2025-11-10,SKU0195,790.4,1151.4,29.0,1550.3
2025-11-17,SKU0195,485.4,1151.4,29.0,1550.3
2025-11-24,SKU0195,0.0,1151.4,29.0,1550.3
2025-12-01,SKU0195,0.0,1151.4,29.0,1550.3
2025-12-08,SKU0195,836.4,1151.4,29.0,1550.3
2025-12-15,SKU0195,417.4,1151.4,29.0,1550.3
2025-12-22,SKU0195,0.0,1151.4,29.0,1550.3
2025-12-29,SKU0195,0.0,1151.4,29.0,1550.3
2026-01-05,SKU0195,874.4,1151.4,29.0,1550.3
2026-01-12,SKU0195,681.4,1151.4,29.0,1550.3
2026-01-19,SKU0195,453.4,1151.4,29.0,1550.3
2026-01-26,SKU0195,269.4,1151.4,29.0,1550.3
2026-02-02,SKU0195,1192.8,1151.4,29.0,1550.3
2026-02-09,SKU0195,1015.8,1151.4,29.0,1550.3
2026-02-16,SKU0195,820.8,1151.4,29.0,1550.3
2026-02-23,SKU0195,596.8,1151.4,29.0,1550.3
2026-03-02,SKU0195,1509.3,1151.4,29.0,1550.3
2026-03-09,SKU0195,1249.3,1151.4,29.0,1550.3
2026-03-16,SKU0195,1016.3,1151.4,29.0,1550.3
2026-03-23,SKU0195,775.3,1151.4,29.0,1550.3
2026-03-30,SKU0195,1669.7,0.0,29.0,1550.3
2026-04-06,SKU0195,1474.7,1151.4,29.0,1550.3
2026-04-13,SKU0195,1245.7,1151.4,29.0,1550.3
2026-04-20,SKU0195,1024.7,1151.4,29.0,1550.3
2026-04-27,SKU0195,789.7,1151.4,29.0,1550.3
2026-05-04,SKU0195,1710.1,0.0,29.0,1550.3
2026-05-11,SKU0195,1475.1,1151.4,29.0,1550.3
2026-05-18,SKU0195,1238.1,1151.4,29.0,1550.3
2026-05-25,SKU0195,1026.1,1151.4,29.0,1550.3
2026-06-01,SKU0195,783.1,1151.4,29.0,1550.3
2026-06-08,SKU0195,1666.5,0.0,29.0,1550.3
2026-06-15,SKU0195,1316.5,1151.4,29.0,1550.3
2026-06-22,SKU0195,941.5,1151.4,29.0,1550.3
2026-06-29,SKU0195,662.5,1151.4,29.0,1550.3
2026-07-06,SKU0195,455.5,1151.4,29.0,1550.3
2026-07-13,SKU0195,1403.0,1151.4,29.0,1550.3
2024-07-22,SKU0196,34.8,44.8,27.0,56.2
2024-07-29,SKU0196,25.8,44.8,27.0,56.2
2024-08-05,SKU0196,21.8,44.8,27.0,56.2
2024-08-12,SKU0196,8.8,44.8,27.0,56.2
2024-08-19,SKU0196,42.6,44.8,27.0,56.2
2024-08-26,SKU0196,31.6,44.8,27.0,56.2
2024-09-02,SKU0196,26.6,44.8,27.0,56.2
2024-09-09,SKU0196,17.6,44.8,27.0,56.2
2024-09-16,SKU0196,56.4,0.0,27.0,56.2
2024-09-23,SKU0196,46.4,44.8,27.0,56.2
2024-09-30,SKU0196,37.4,44.8,27.0,56.2
2024-10-07,SKU0196,25.4,44.8,27.0,56.2
2024-10-14,SKU0196,7.4,44.8,27.0,56.2
2024-10-21,SKU0196,35.2,44.8,27.0,56.2
2024-10-28,SKU0196,16.2,44.8,27.0,56.2
2024-11-04,SKU0196,9.2,44.8,27.0,56.2
2024-11-11,SKU0196,0.0,44.8,27.0,56.2
2024-11-18,SKU0196,34.8,44.8,27.0,56.2
2024-11-25,SKU0196,8.8,44.8,27.0,56.2
2024-12-02,SKU0196,0.0,44.8,27.0,56.2
2024-12-09,SKU0196,0.0,44.8,27.0,56.2
2024-12-16,SKU0196,29.8,44.8,27.0,56.2
2024-12-23,SKU0196,0.0,44.8,27.0,56.2
2024-12-30,SKU0196,0.0,44.8,27.0,56.2
2025-01-06,SKU0196,0.0,44.8,27.0,56.2
2025-01-13,SKU0196,36.8,44.8,27.0,56.2
2025-01-20,SKU0196,29.8,44.8,27.0,56.2
2025-01-27,SKU0196,22.8,44.8,27.0,56.2
2025-02-03,SKU0196,16.8,44.8,27.0,56.2
2025-02-10,SKU0196,53.6,44.8,27.0,56.2
2025-02-17,SKU0196,45.6,44.8,27.0,56.2
2025-02-24,SKU0196,35.6,44.8,27.0,56.2
2025-03-03,SKU0196,24.6,44.8,27.0,56.2
2025-03-10,SKU0196,59.4,0.0,27.0,56.2
2025-03-17,SKU0196,50.4,44.8,27.0,56.2
2025-03-24,SKU0196,38.4,44.8,27.0,56.2
2025-03-31,SKU0196,26.4,44.8,27.0,56.2
2025-04-07,SKU0196,14.4,44.8,27.0,56.2
2025-04-14,SKU0196,44.2,44.8,27.0,56.2
2025-04-21,SKU0196,37.2,44.8,27.0,56.2
2025-04-28,SKU0196,31.2,44.8,27.0,56.2
2025-05-05,SKU0196,21.2,44.8,27.0,56.2
2025-05-12,SKU0196,52.0,44.8,27.0,56.2
2025-05-19,SKU0196,39.0,44.8,27.0,56.2
2025-05-26,SKU0196,31.0,44.8,27.0,56.2
2025-06-02,SKU0196,13.0,44.8,27.0,56.2
2025-06-09,SKU0196,50.8,44.8,27.0,56.2
2025-06-16,SKU0196,36.8,44.8,27.0,56.2
2025-06-23,SKU0196,14.8,44.8,27.0,56.2
2025-06-30,SKU0196,4.8,44.8,27.0,56.2
2025-07-07,SKU0196,35.6,44.8,27.0,56.2
2025-07-14,SKU0196,28.6,44.8,27.0,56.2
2025-07-21,SKU0196,23.6,44.8,27.0,56.2
2025-07-28,SKU0196,19.6,44.8,27.0,56.2
2025-08-04,SKU0196,53.4,44.8,27.0,56.2
2025-08-11,SKU0196,46.4,44.8,27.0,56.2
2025-08-18,SKU0196,37.4,44.8,27.0,56.2
2025-08-25,SKU0196,29.4,44.8,27.0,56.2
2025-09-01,SKU0196,63.2,0.0,27.0,56.2
2025-09-08,SKU0196,57.2,0.0,27.0,56.2
2025-09-15,SKU0196,45.2,44.8,27.0,56.2
2025-09-22,SKU0196,35.2,44.8,27.0,56.2
2025-09-29,SKU0196,20.2,44.8,27.0,56.2
2025-10-06,SKU0196,9.2,44.8,27.0,56.2
2025-10-13,SKU0196,36.0,44.8,27.0,56.2
2025-10-20,SKU0196,20.0,44.8,27.0,56.2
2025-10-27,SKU0196,0.0,44.8,27.0,56.2
2025-11-03,SKU0196,0.0,44.8,27.0,56.2
2025-11-10,SKU0196,25.8,44.8,27.0,56.2
2025-11-17,SKU0196,11.8,44.8,27.0,56.2
2025-11-24,SKU0196,0.0,44.8,27.0,56.2
2025-12-01,SKU0196,0.0,44.8,27.0,56.2
2025-12-08,SKU0196,33.8,44.8,27.0,56.2
2025-12-15,SKU0196,22.8,44.8,27.0,56.2
2025-12-22,SKU0196,3.8,44.8,27.0,56.2
2025-12-29,SKU0196,0.0,44.8,27.0,56.2
2026-01-05,SKU0196,34.8,44.8,27.0,56.2
2026-01-12,SKU0196,26.8,44.8,27.0,56.2
2026-01-19,SKU0196,16.8,44.8,27.0,56.2
2026-01-26,SKU0196,11.8,44.8,27.0,56.2
2026-02-02,SKU0196,52.6,44.8,27.0,56.2
2026-02-09,SKU0196,45.6,44.8,27.0,56.2
2026-02-16,SKU0196,31.6,44.8,27.0,56.2
2026-02-23,SKU0196,18.6,44.8,27.0,56.2
2026-03-02,SKU0196,55.4,44.8,27.0,56.2
2026-03-09,SKU0196,52.4,44.8,27.0,56.2
2026-03-16,SKU0196,40.4,44.8,27.0,56.2
2026-03-23,SKU0196,33.4,44.8,27.0,56.2
2026-03-30,SKU0196,67.2,0.0,27.0,56.2
2026-04-06,SKU0196,61.2,0.0,27.0,56.2
2026-04-13,SKU0196,54.2,44.8,27.0,56.2
2026-04-20,SKU0196,46.2,44.8,27.0,56.2
2026-04-27,SKU0196,44.2,44.8,27.0,56.2
2026-05-04,SKU0196,37.2,44.8,27.0,56.2
2026-05-11,SKU0196,71.0,0.0,27.0,56.2
2026-05-18,SKU0196,61.0,0.0,27.0,56.2
2026-05-25,SKU0196,53.0,44.8,27.0,56.2
2026-06-01,SKU0196,43.0,44.8,27.0,56.2
2026-06-08,SKU0196,33.0,44.8,27.0,56.2
2026-06-15,SKU0196,21.0,44.8,27.0,56.2
2026-06-22,SKU0196,51.8,44.8,27.0,56.2
2026-06-29,SKU0196,37.8,44.8,27.0,56.2
2026-07-06,SKU0196,26.8,44.8,27.0,56.2
2026-07-13,SKU0196,15.8,44.8,27.0,56.2
2024-07-29,SKU0197,56.1,0.0,16.0,54.3
2024-08-05,SKU0197,40.1,73.1,16.0,54.3
2024-08-12,SKU0197,27.1,73.1,16.0,54.3
2024-08-19,SKU0197,87.2,0.0,16.0,54.3
2024-08-26,SKU0197,73.2,0.0,16.0,54.3
2024-09-02,SKU0197,53.2,73.1,16.0,54.3
2024-09-09,SKU0197,39.2,73.1,16.0,54.3
2024-09-16,SKU0197,88.3,0.0,16.0,54.3
2024-09-23,SKU0197,74.3,0.0,16.0,54.3
2024-09-30,SKU0197,59.3,0.0,16.0,54.3
2024-10-07,SKU0197,40.3,73.1,16.0,54.3
2024-10-14,SKU0197,10.3,73.1,16.0,54.3
2024-10-21,SKU0197,44.5,73.1,16.0,54.3
2024-10-28,SKU0197,7.5,73.1,16.0,54.3
2024-11-04,SKU0197,61.6,0.0,16.0,54.3
2024-11-11,SKU0197,45.6,73.1,16.0,54.3
2024-11-18,SKU0197,28.6,73.1,16.0,54.3
2024-11-25,SKU0197,70.7,0.0,16.0,54.3
2024-12-02,SKU0197,57.7,0.0,16.0,54.3
2024-12-09,SKU0197,36.7,73.1,16.0,54.3
2024-12-16,SKU0197,2.7,73.1,16.0,54.3
2024-12-23,SKU0197,42.8,73.1,16.0,54.3
2024-12-30,SKU0197,20.8,73.1,16.0,54.3
2025-01-06,SKU0197,75.9,0.0,16.0,54.3
2025-01-13,SKU0197,66.9,0.0,16.0,54.3
2025-01-20,SKU0197,51.9,73.1,16.0,54.3
2025-01-27,SKU0197,34.9,73.1,16.0,54.3
2025-02-03,SKU0197,94.0,0.0,16.0,54.3
2025-02-10,SKU0197,85.0,0.0,16.0,54.3
2025-02-17,SKU0197,76.0,0.0,16.0,54.3
2025-02-24,SKU0197,66.0,0.0,16.0,54.3
2025-03-03,SKU0197,52.0,73.1,16.0,54.3
2025-03-10,SKU0197,45.0,73.1,16.0,54.3
2025-03-17,SKU0197,102.2,0.0,16.0,54.3
2025-03-24,SKU0197,93.2,0.0,16.0,54.3
2025-03-31,SKU0197,78.2,0.0,16.0,54.3
2025-04-07,SKU0197,65.2,0.0,16.0,54.3
2025-04-14,SKU0197,49.2,73.1,16.0,54.3
2025-04-21,SKU0197,38.2,73.1,16.0,54.3
2025-04-28,SKU0197,97.3,0.0,16.0,54.3
2025-05-05,SKU0197,86.3,0.0,16.0,54.3
2025-05-12,SKU0197,80.3,0.0,16.0,54.3
2025-05-19,SKU0197,66.3,0.0,16.0,54.3
2025-05-26,SKU0197,54.3,73.1,16.0,54.3
2025-06-02,SKU0197,35.3,73.1,16.0,54.3
2025-06-09,SKU0197,89.4,0.0,16.0,54.3
2025-06-16,SKU0197,65.4,0.0,16.0,54.3
2025-06-23,SKU0197,36.4,73.1,16.0,54.3
2025-06-30,SKU0197,18.4,73.1,16.0,54.3
2025-07-07,SKU0197,72.5,0.0,16.0,54.3
2025-07-14,SKU0197,60.5,0.0,16.0,54.3
2025-07-21,SKU0197,44.5,73.1,16.0,54.3
2025-07-28,SKU0197,29.5,73.1,16.0,54.3
2025-08-04,SKU0197,86.6,0.0,16.0,54.3
2025-08-11,SKU0197,71.6,0.0,16.0,54.3
2025-08-18,SKU0197,60.6,0.0,16.0,54.3
2025-08-25,SKU0197,47.6,73.1,16.0,54.3
2025-09-01,SKU0197,35.6,73.1,16.0,54.3
2025-09-08,SKU0197,89.7,0.0,16.0,54.3
2025-09-15,SKU0197,77.7,0.0,16.0,54.3
2025-09-22,SKU0197,58.7,0.0,16.0,54.3
2025-09-29,SKU0197,35.7,73.1,16.0,54.3
2025-10-06,SKU0197,8.7,73.1,16.0,54.3
2025-10-13,SKU0197,45.8,73.1,16.0,54.3
2025-10-20,SKU0197,13.8,73.1,16.0,54.3
2025-10-27,SKU0197,59.0,0.0,16.0,54.3
2025-11-03,SKU0197,34.0,73.1,16.0,54.3
2025-11-10,SKU0197,14.0,73.1,16.0,54.3
2025-11-17,SKU0197,63.1,0.0,16.0,54.3
2025-11-24,SKU0197,26.1,73.1,16.0,54.3
2025-12-01,SKU0197,4.1,73.1,16.0,54.3
2025-12-08,SKU0197,54.2,73.1,16.0,54.3
2025-12-15,SKU0197,28.2,73.1,16.0,54.3
2025-12-22,SKU0197,69.3,0.0,16.0,54.3
2025-12-29,SKU0197,41.3,73.1,16.0,54.3
2026-01-05,SKU0197,25.3,73.1,16.0,54.3
2026-01-12,SKU0197,86.4,0.0,16.0,54.3
2026-01-19,SKU0197,70.4,0.0,16.0,54.3
2026-01-26,SKU0197,56.4,0.0,16.0,54.3
2026-02-02,SKU0197,45.4,73.1,16.0,54.3
2026-02-09,SKU0197,29.4,73.1,16.0,54.3
2026-02-16,SKU0197,90.5,0.0,16.0,54.3
2026-02-23,SKU0197,75.5,0.0,16.0,54.3
2026-03-02,SKU0197,56.5,0.0,16.0,54.3
2026-03-09,SKU0197,42.5,73.1,16.0,54.3
2026-03-16,SKU0197,26.5,73.1,16.0,54.3
2026-03-23,SKU0197,75.7,0.0,16.0,54.3
2026-03-30,SKU0197,54.7,0.0,16.0,54.3
2026-04-06,SKU0197,33.7,73.1,16.0,54.3
2026-04-13,SKU0197,22.7,73.1,16.0,54.3
2026-04-20,SKU0197,80.8,0.0,16.0,54.3
2026-04-27,SKU0197,67.8,0.0,16.0,54.3
2026-05-04,SKU0197,47.8,73.1,16.0,54.3
2026-05-11,SKU0197,31.8,73.1,16.0,54.3
2026-05-18,SKU0197,87.9,0.0,16.0,54.3
2026-05-25,SKU0197,65.9,0.0,16.0,54.3
2026-06-01,SKU0197,55.9,0.0,16.0,54.3
2026-06-08,SKU0197,35.9,73.1,16.0,54.3
2026-06-15,SKU0197,8.9,73.1,16.0,54.3
2026-06-22,SKU0197,51.0,73.1,16.0,54.3
2026-06-29,SKU0197,33.0,73.1,16.0,54.3
2026-07-06,SKU0197,89.1,0.0,16.0,54.3
2026-07-13,SKU0197,76.1,0.0,16.0,54.3
2024-07-22,SKU0198,604.7,729.7,24.0,813.1
2024-07-29,SKU0198,471.7,729.7,24.0,813.1
2024-08-05,SKU0198,299.7,729.7,24.0,813.1
2024-08-12,SKU0198,853.5,0.0,24.0,813.1
2024-08-19,SKU0198,704.5,729.7,24.0,813.1
2024-08-26,SKU0198,561.5,729.7,24.0,813.1
2024-09-02,SKU0198,417.5,729.7,24.0,813.1
2024-09-09,SKU0198,1002.2,0.0,24.0,813.1
2024-09-16,SKU0198,838.2,0.0,24.0,813.1
2024-09-23,SKU0198,703.2,729.7,24.0,813.1
2024-09-30,SKU0198,513.2,729.7,24.0,813.1
2024-10-07,SKU0198,319.2,729.7,24.0,813.1
2024-10-14,SKU0198,711.9,729.7,24.0,813.1
2024-10-21,SKU0198,395.9,729.7,24.0,813.1
2024-10-28,SKU0198,33.9,729.7,24.0,813.1
2024-11-04,SKU0198,531.7,729.7,24.0,813.1
2024-11-11,SKU0198,300.7,729.7,24.0,813.1
2024-11-18,SKU0198,157.7,729.7,24.0,813.1
2024-11-25,SKU0198,585.4,729.7,24.0,813.1
2024-12-02,SKU0198,386.4,729.7,24.0,813.1
2024-12-09,SKU0198,145.4,729.7,24.0,813.1
2024-12-16,SKU0198,600.1,729.7,24.0,813.1
2024-12-23,SKU0198,255.1,729.7,24.0,813.1
2024-12-30,SKU0198,26.1,729.7,24.0,813.1
2025-01-06,SKU0198,592.8,729.7,24.0,813.1
2025-01-13,SKU0198,462.8,729.7,24.0,813.1
2025-01-20,SKU0198,326.8,729.7,24.0,813.1
2025-01-27,SKU0198,922.6,0.0,24.0,813.1
2025-02-03,SKU0198,807.6,729.7,24.0,813.1
2025-02-10,SKU0198,665.6,729.7,24.0,813.1
2025-02-17,SKU0198,534.6,729.7,24.0,813.1
2025-02-24,SKU0198,1145.3,0.0,24.0,813.1
2025-03-03,SKU0198,994.3,0.0,24.0,813.1
2025-03-10,SKU0198,855.3,0.0,24.0,813.1
2025-03-17,SKU0198,685.3,729.7,24.0,813.1
2025-03-24,SKU0198,540.3,729.7,24.0,813.1
2025-03-31,SKU0198,401.3,729.7,24.0,813.1
2025-04-07,SKU0198,950.0,0.0,24.0,813.1
2025-04-14,SKU0198,807.0,729.7,24.0,813.1
2025-04-21,SKU0198,659.0,729.7,24.0,813.1
2025-04-28,SKU0198,534.0,729.7,24.0,813.1
2025-05-05,SKU0198,1101.8,0.0,24.0,813.1
2025-05-12,SKU0198,947.8,0.0,24.0,813.1
2025-05-19,SKU0198,795.8,729.7,24.0,813.1
2025-05-26,SKU0198,647.8,729.7,24.0,813.1
2025-06-02,SKU0198,503.8,729.7,24.0,813.1
2025-06-09,SKU0198,1062.5,0.0,24.0,813.1
2025-06-16,SKU0198,815.5,0.0,24.0,813.1
2025-06-23,SKU0198,601.5,729.7,24.0,813.1
2025-06-30,SKU0198,458.5,729.7,24.0,813.1
2025-07-07,SKU0198,311.5,729.7,24.0,813.1
2025-07-14,SKU0198,905.2,0.0,24.0,813.1
2025-07-21,SKU0198,754.2,729.7,24.0,813.1
2025-07-28,SKU0198,605.2,729.7,24.0,813.1
2025-08-04,SKU0198,458.2,729.7,24.0,813.1
2025-08-11,SKU0198,1043.0,0.0,24.0,813.1
2025-08-18,SKU0198,886.0,0.0,24.0,813.1
2025-08-25,SKU0198,729.0,729.7,24.0,813.1
2025-09-01,SKU0198,566.0,729.7,24.0,813.1
2025-09-08,SKU0198,403.0,729.7,24.0,813.1
2025-09-15,SKU0198,970.7,0.0,24.0,813.1
2025-09-22,SKU0198,803.7,729.7,24.0,813.1
2025-09-29,SKU0198,590.7,729.7,24.0,813.1
2025-10-06,SKU0198,366.7,729.7,24.0,813.1
2025-10-13,SKU0198,779.4,729.7,24.0,813.1
2025-10-20,SKU0198,407.4,729.7,24.0,813.1
2025-10-27,SKU0198,63.4,729.7,24.0,813.1
2025-11-03,SKU0198,528.2,729.7,24.0,813.1
2025-11-10,SKU0198,304.2,729.7,24.0,813.1
2025-11-17,SKU0198,73.2,729.7,24.0,813.1
2025-11-24,SKU0198,482.9,729.7,24.0,813.1
2025-12-01,SKU0198,269.9,729.7,24.0,813.1
2025-12-08,SKU0198,60.9,729.7,24.0,813.1
2025-12-15,SKU0198,541.6,729.7,24.0,813.1
2025-12-22,SKU0198,206.6,729.7,24.0,813.1
2025-12-29,SKU0198,0.0,729.7,24.0,813.1
2026-01-05,SKU0198,564.7,729.7,24.0,813.1
2026-01-12,SKU0198,442.7,729.7,24.0,813.1
2026-01-19,SKU0198,310.7,729.7,24.0,813.1
2026-01-26,SKU0198,905.5,0.0,24.0,813.1
2026-02-02,SKU0198,785.5,729.7,24.0,813.1
2026-02-09,SKU0198,665.5,729.7,24.0,813.1
2026-02-16,SKU0198,533.5,729.7,24.0,813.1
2026-02-23,SKU0198,1145.2,0.0,24.0,813.1
2026-03-02,SKU0198,978.2,0.0,24.0,813.1
2026-03-09,SKU0198,858.2,0.0,24.0,813.1
2026-03-16,SKU0198,695.2,729.7,24.0,813.1
2026-03-23,SKU0198,563.2,729.7,24.0,813.1
2026-03-30,SKU0198,415.2,729.7,24.0,813.1
2026-04-06,SKU0198,984.9,0.0,24.0,813.1
2026-04-13,SKU0198,821.9,0.0,24.0,813.1
2026-04-20,SKU0198,667.9,729.7,24.0,813.1
2026-04-27,SKU0198,532.9,729.7,24.0,813.1
2026-05-04,SKU0198,358.9,729.7,24.0,813.1
2026-05-11,SKU0198,942.7,0.0,24.0,813.1
2026-05-18,SKU0198,794.7,729.7,24.0,813.1
2026-05-25,SKU0198,627.7,729.7,24.0,813.1
2026-06-01,SKU0198,458.7,729.7,24.0,813.1
2026-06-08,SKU0198,1014.4,0.0,24.0,813.1
2026-06-15,SKU0198,750.4,729.7,24.0,813.1
2026-06-22,SKU0198,554.4,729.7,24.0,813.1
2026-06-29,SKU0198,388.4,729.7,24.0,813.1
2026-07-06,SKU0198,944.1,0.0,24.0,813.1
2026-07-13,SKU0198,780.1,729.7,24.0,813.1
2024-07-22,SKU0199,46.0,56.0,29.0,75.4
2024-07-29,SKU0199,33.0,56.0,29.0,75.4
2024-08-05,SKU0199,23.0,56.0,29.0,75.4
2024-08-12,SKU0199,8.0,56.0,29.0,75.4
2024-08-19,SKU0199,54.0,56.0,29.0,75.4
2024-08-26,SKU0199,42.0,56.0,29.0,75.4
2024-09-02,SKU0199,31.0,56.0,29.0,75.4
2024-09-09,SKU0199,12.0,56.0,29.0,75.4
2024-09-16,SKU0199,57.0,56.0,29.0,75.4
2024-09-23,SKU0199,46.0,56.0,29.0,75.4
2024-09-30,SKU0199,34.0,56.0,29.0,75.4
2024-10-07,SKU0199,14.0,56.0,29.0,75.4
2024-10-14,SKU0199,49.0,56.0,29.0,75.4
2024-10-21,SKU0199,23.0,56.0,29.0,75.4
2024-10-28,SKU0199,0.0,56.0,29.0,75.4
2024-11-04,SKU0199,0.0,56.0,29.0,75.4
2024-11-11,SKU0199,35.0,56.0,29.0,75.4
2024-11-18,SKU0199,16.0,56.0,29.0,75.4
2024-11-25,SKU0199,0.0,56.0,29.0,75.4
2024-12-02,SKU0199,-0.0,56.0,29.0,75.4
2024-12-09,SKU0199,42.0,56.0,29.0,75.4
2024-12-16,SKU0199,21.0,56.0,29.0,75.4
2024-12-23,SKU0199,0.0,56.0,29.0,75.4
2024-12-30,SKU0199,0.0,56.0,29.0,75.4
2025-01-06,SKU0199,47.0,56.0,29.0,75.4
2025-01-13,SKU0199,35.0,56.0,29.0,75.4
2025-01-20,SKU0199,30.0,56.0,29.0,75.4
2025-01-27,SKU0199,18.0,56.0,29.0,75.4
2025-02-03,SKU0199,61.0,56.0,29.0,75.4
2025-02-10,SKU0199,54.0,56.0,29.0,75.4
2025-02-17,SKU0199,45.0,56.0,29.0,75.4
2025-02-24,SKU0199,41.0,56.0,29.0,75.4
2025-03-03,SKU0199,77.0,0.0,29.0,75.4
2025-03-10,SKU0199,64.0,56.0,29.0,75.4
2025-03-17,SKU0199,51.0,56.0,29.0,75.4
2025-03-24,SKU0199,45.0,56.0,29.0,75.4
2025-03-31,SKU0199,34.0,56.0,29.0,75.4
2025-04-07,SKU0199,81.0,0.0,29.0,75.4
2025-04-14,SKU0199,73.0,56.0,29.0,75.4
2025-04-21,SKU0199,60.0,56.0,29.0,75.4
2025-04-28,SKU0199,53.0,56.0,29.0,75.4
2025-05-05,SKU0199,46.0,56.0,29.0,75.4
2025-05-12,SKU0199,89.0,0.0,29.0,75.4
2025-05-19,SKU0199,85.0,0.0,29.0,75.4
2025-05-26,SKU0199,65.0,56.0,29.0,75.4
2025-06-02,SKU0199,55.0,56.0,29.0,75.4
2025-06-09,SKU0199,42.0,56.0,29.0,75.4
2025-06-16,SKU0199,29.0,56.0,29.0,75.4
2025-06-23,SKU0199,58.0,56.0,29.0,75.4
2025-06-30,SKU0199,44.0,56.0,29.0,75.4
2025-07-07,SKU0199,28.0,56.0,29.0,75.4
2025-07-14,SKU0199,16.0,56.0,29.0,75.4
2025-07-21,SKU0199,54.0,56.0,29.0,75.4
2025-07-28,SKU0199,41.0,56.0,29.0,75.4
2025-08-04,SKU0199,32.0,56.0,29.0,75.4
2025-08-11,SKU0199,24.0,56.0,29.0,75.4
2025-08-18,SKU0199,69.0,56.0,29.0,75.4
2025-08-25,SKU0199,55.0,56.0,29.0,75.4
2025-09-01,SKU0199,37.0,56.0,29.0,75.4
2025-09-08,SKU0199,24.0,56.0,29.0,75.4
2025-09-15,SKU0199,64.0,56.0,29.0,75.4
2025-09-22,SKU0199,59.0,56.0,29.0,75.4
2025-09-29,SKU0199,47.0,56.0,29.0,75.4
2025-10-06,SKU0199,29.0,56.0,29.0,75.4
2025-10-13,SKU0199,59.0,56.0,29.0,75.4
2025-10-20,SKU0199,35.0,56.0,29.0,75.4
2025-10-27,SKU0199,14.0,56.0,29.0,75.4
2025-11-03,SKU0199,0.0,56.0,29.0,75.4
2025-11-10,SKU0199,36.0,56.0,29.0,75.4
2025-11-17,SKU0199,18.0,56.0,29.0,75.4
2025-11-24,SKU0199,0.0,56.0,29.0,75.4
2025-12-01,SKU0199,0.0,56.0,29.0,75.4
2025-12-08,SKU0199,46.0,56.0,29.0,75.4
2025-12-15,SKU0199,24.0,56.0,29.0,75.4
2025-12-22,SKU0199,0.0,56.0,29.0,75.4
2025-12-29,SKU0199,0.0,56.0,29.0,75.4
2026-01-05,SKU0199,33.0,56.0,29.0,75.4
2026-01-12,SKU0199,26.0,56.0,29.0,75.4
2026-01-19,SKU0199,15.0,56.0,29.0,75.4
2026-01-26,SKU0199,6.0,56.0,29.0,75.4
2026-02-02,SKU0199,55.0,56.0,29.0,75.4
2026-02-09,SKU0199,41.0,56.0,29.0,75.4
2026-02-16,SKU0199,33.0,56.0,29.0,75.4
2026-02-23,SKU0199,25.0,56.0,29.0,75.4
2026-03-02,SKU0199,68.0,56.0,29.0,75.4
2026-03-09,SKU0199,63.0,56.0,29.0,75.4
2026-03-16,SKU0199,48.0,56.0,29.0,75.4
2026-03-23,SKU0199,36.0,56.0,29.0,75.4
2026-03-30,SKU0199,82.0,0.0,29.0,75.4
2026-04-06,SKU0199,72.0,56.0,29.0,75.4
2026-04-13,SKU0199,61.0,56.0,29.0,75.4
2026-04-20,SKU0199,49.0,56.0,29.0,75.4
2026-04-27,SKU0199,37.0,56.0,29.0,75.4
2026-05-04,SKU0199,83.0,0.0,29.0,75.4
2026-05-11,SKU0199,70.0,56.0,29.0,75.4
2026-05-18,SKU0199,57.0,56.0,29.0,75.4
2026-05-25,SKU0199,49.0,56.0,29.0,75.4
2026-06-01,SKU0199,31.0,56.0,29.0,75.4
2026-06-08,SKU0199,78.0,0.0,29.0,75.4
2026-06-15,SKU0199,63.0,56.0,29.0,75.4
2026-06-22,SKU0199,45.0,56.0,29.0,75.4
2026-06-29,SKU0199,29.0,56.0,29.0,75.4
2026-07-06,SKU0199,20.0,56.0,29.0,75.4
2026-07-13,SKU0199,70.0,56.0,29.0,75.4
2024-07-29,SKU0200,37.1,0.0,12.0,26.2
2024-08-05,SKU0200,32.1,0.0,12.0,26.2
2024-08-12,SKU0200,25.1,47.1,12.0,26.2
2024-08-19,SKU0200,16.1,47.1,12.0,26.2
2024-08-26,SKU0200,55.2,0.0,12.0,26.2
2024-09-02,SKU0200,52.2,0.0,12.0,26.2
2024-09-09,SKU0200,40.2,0.0,12.0,26.2
2024-09-16,SKU0200,30.2,0.0,12.0,26.2
2024-09-23,SKU0200,23.2,47.1,12.0,26.2
2024-09-30,SKU0200,13.2,47.1,12.0,26.2
2024-10-07,SKU0200,48.2,0.0,12.0,26.2
2024-10-14,SKU0200,31.2,0.0,12.0,26.2
2024-10-21,SKU0200,8.2,47.1,12.0,26.2
2024-10-28,SKU0200,0.0,47.1,12.0,26.2
2024-11-04,SKU0200,29.1,0.0,12.0,26.2
2024-11-11,SKU0200,17.1,47.1,12.0,26.2
2024-11-18,SKU0200,7.1,47.1,12.0,26.2
2024-11-25,SKU0200,39.2,0.0,12.0,26.2
2024-12-02,SKU0200,25.2,47.1,12.0,26.2
2024-12-09,SKU0200,8.2,47.1,12.0,26.2
2024-12-16,SKU0200,38.2,0.0,12.0,26.2
2024-12-23,SKU0200,14.2,47.1,12.0,26.2
2024-12-30,SKU0200,0.0,47.1,12.0,26.2
2025-01-06,SKU0200,35.1,0.0,12.0,26.2
2025-01-13,SKU0200,27.1,0.0,12.0,26.2
2025-01-20,SKU0200,18.1,47.1,12.0,26.2
2025-01-27,SKU0200,6.1,47.1,12.0,26.2
2025-02-03,SKU0200,44.2,0.0,12.0,26.2
2025-02-10,SKU0200,32.2,0.0,12.0,26.2
2025-02-17,SKU0200,27.2,0.0,12.0,26.2
2025-02-24,SKU0200,21.2,47.1,12.0,26.2
2025-03-03,SKU0200,8.2,47.1,12.0,26.2
2025-03-10,SKU0200,47.2,0.0,12.0,26.2
2025-03-17,SKU0200,33.2,0.0,12.0,26.2
2025-03-24,SKU0200,23.2,47.1,12.0,26.2
2025-03-31,SKU0200,12.2,47.1,12.0,26.2
2025-04-07,SKU0200,51.3,0.0,12.0,26.2
2025-04-14,SKU0200,41.3,0.0,12.0,26.2
2025-04-21,SKU0200,31.3,0.0,12.0,26.2
2025-04-28,SKU0200,18.3,47.1,12.0,26.2
2025-05-05,SKU0200,9.3,47.1,12.0,26.2
2025-05-12,SKU0200,47.4,0.0,12.0,26.2
2025-05-19,SKU0200,41.4,0.0,12.0,26.2
2025-05-26,SKU0200,35.4,0.0,12.0,26.2
2025-06-02,SKU0200,22.4,47.1,12.0,26.2
2025-06-09,SKU0200,10.4,47.1,12.0,26.2
2025-06-16,SKU0200,41.5,0.0,12.0,26.2
2025-06-23,SKU0200,33.5,0.0,12.0,26.2
2025-06-30,SKU0200,20.5,47.1,12.0,26.2
2025-07-07,SKU0200,1.5,47.1,12.0,26.2
2025-07-14,SKU0200,33.5,0.0,12.0,26.2
2025-07-21,SKU0200,22.5,47.1,12.0,26.2
2025-07-28,SKU0200,9.5,47.1,12.0,26.2
2025-08-04,SKU0200,44.6,0.0,12.0,26.2
2025-08-11,SKU0200,37.6,0.0,12.0,26.2
2025-08-18,SKU0200,24.6,47.1,12.0,26.2
2025-08-25,SKU0200,14.6,47.1,12.0,26.2
2025-09-01,SKU0200,50.7,0.0,12.0,26.2
2025-09-08,SKU0200,45.7,0.0,12.0,26.2
2025-09-15,SKU0200,37.7,0.0,12.0,26.2
2025-09-22,SKU0200,26.7,0.0,12.0,26.2
2025-09-29,SKU0200,15.7,47.1,12.0,26.2
2025-10-06,SKU0200,1.7,47.1,12.0,26.2
2025-10-13,SKU0200,29.8,0.0,12.0,26.2
2025-10-20,SKU0200,10.8,47.1,12.0,26.2
2025-10-27,SKU0200,0.0,47.1,12.0,26.2
2025-11-03,SKU0200,29.1,0.0,12.0,26.2
2025-11-10,SKU0200,16.1,47.1,12.0,26.2
2025-11-17,SKU0200,0.0,47.1,12.0,26.2
2025-11-24,SKU0200,30.1,0.0,12.0,26.2
2025-12-01,SKU0200,18.1,47.1,12.0,26.2
2025-12-08,SKU0200,3.1,47.1,12.0,26.2
2025-12-15,SKU0200,32.2,0.0,12.0,26.2
2025-12-22,SKU0200,13.2,47.1,12.0,26.2
2025-12-29,SKU0200,0.0,47.1,12.0,26.2
2026-01-05,SKU0200,38.1,0.0,12.0,26.2
2026-01-12,SKU0200,28.1,0.0,12.0,26.2
2026-01-19,SKU0200,20.1,47.1,12.0,26.2
2026-01-26,SKU0200,11.1,47.1,12.0,26.2
2026-02-02,SKU0200,49.2,0.0,12.0,26.2
2026-02-09,SKU0200,41.2,0.0,12.0,26.2
2026-02-16,SKU0200,32.2,0.0,12.0,26.2
2026-02-23,SKU0200,25.2,47.1,12.0,26.2
2026-03-02,SKU0200,18.2,47.1,12.0,26.2
2026-03-09,SKU0200,57.2,0.0,12.0,26.2
2026-03-16,SKU0200,47.2,0.0,12.0,26.2
2026-03-23,SKU0200,41.2,0.0,12.0,26.2
2026-03-30,SKU0200,30.2,0.0,12.0,26.2
2026-04-06,SKU0200,16.2,47.1,12.0,26.2
2026-04-13,SKU0200,8.2,47.1,12.0,26.2
2026-04-20,SKU0200,41.3,0.0,12.0,26.2
2026-04-27,SKU0200,30.3,0.0,12.0,26.2
2026-05-04,SKU0200,21.3,47.1,12.0,26.2
2026-05-11,SKU0200,12.3,47.1,12.0,26.2
2026-05-18,SKU0200,49.4,0.0,12.0,26.2
2026-05-25,SKU0200,39.4,0.0,12.0,26.2
2026-06-01,SKU0200,33.4,0.0,12.0,26.2
2026-06-08,SKU0200,19.4,47.1,12.0,26.2
2026-06-15,SKU0200,8.4,47.1,12.0,26.2
2026-06-22,SKU0200,28.5,0.0,12.0,26.2
2026-06-29,SKU0200,8.5,47.1,12.0,26.2
2026-07-06,SKU0200,4.5,47.1,12.0,26.2
2026-07-13,SKU0200,40.5,0.0,12.0,26.2
