sku_id,week_start,units_sold
SKU0001,2026-06-08,1.0
SKU0001,2026-06-15,19.0
SKU0001,2026-06-22,26.0
SKU0001,2026-06-29,24.0
SKU0001,2026-07-06,18.0
SKU0001,2026-07-13,15.0
SKU0001,2026-07-20,14.0
SKU0002,2024-08-05,17.0
SKU0002,2024-08-12,23.0
SKU0002,2024-08-19,27.0
SKU0002,2024-08-26,23.0
SKU0002,2024-09-02,30.0
SKU0002,2024-09-09,23.0
SKU0002,2024-09-16,23.0
SKU0002,2024-09-23,20.0
SKU0002,2024-09-30,33.0
SKU0002,2024-10-07,34.0
SKU0002,2024-10-14,25.0
SKU0002,2024-10-21,46.0
SKU0002,2024-10-28,56.0
SKU0002,2024-11-04,48.0
SKU0002,2024-11-11,38.0
SKU0002,2024-11-18,31.0
SKU0002,2024-11-25,33.0
SKU0002,2024-12-02,35.0
SKU0002,2024-12-09,34.0
SKU0002,2024-12-16,34.0
SKU0002,2024-12-23,43.0
SKU0002,2024-12-30,52.0
SKU0002,2025-01-06,24.0
SKU0002,2025-01-13,18.0
SKU0002,2025-01-20,12.0
SKU0002,2025-01-27,21.0
SKU0002,2025-02-03,25.0
SKU0002,2025-02-10,18.0
SKU0002,2025-02-17,20.0
SKU0002,2025-02-24,21.0
SKU0002,2025-03-03,25.0
SKU0002,2025-03-10,21.0
SKU0002,2025-03-17,28.0
SKU0002,2025-03-24,32.0
SKU0002,2025-03-31,34.0
SKU0002,2025-04-07,22.0
SKU0002,2025-04-14,20.0
SKU0002,2025-04-21,27.0
SKU0002,2025-04-28,17.0
SKU0002,2025-05-05,22.0
SKU0002,2025-05-12,20.0
SKU0002,2025-05-19,17.0
SKU0002,2025-05-26,20.0
SKU0002,2025-06-02,21.0
SKU0002,2025-06-09,22.0
SKU0002,2025-06-16,31.0
SKU0002,2025-06-23,38.0
SKU0002,2025-06-30,42.0
SKU0002,2025-07-07,16.0
SKU0002,2025-07-14,19.0
SKU0002,2025-07-21,17.0
SKU0002,2025-07-28,22.0
SKU0002,2025-08-04,24.0
SKU0002,2025-08-11,21.0
SKU0002,2025-08-18,19.0
SKU0002,2025-08-25,20.0
SKU0002,2025-09-01,22.0
SKU0002,2025-09-08,25.0
SKU0002,2025-09-15,24.0
SKU0002,2025-09-22,21.0
SKU0002,2025-09-29,32.0
SKU0002,2025-10-06,38.0
SKU0002,2025-10-13,45.0
SKU0002,2025-10-20,48.0
SKU0002,2025-10-27,42.0
SKU0002,2025-11-03,65.0
SKU0002,2025-11-10,40.0
SKU0002,2025-11-17,34.0
SKU0002,2025-11-24,30.0
SKU0002,2025-12-01,54.0
SKU0002,2025-12-08,26.0
SKU0002,2025-12-15,25.0
SKU0002,2025-12-22,51.0
SKU0002,2025-12-29,63.0
SKU0002,2026-01-05,38.0
SKU0002,2026-01-12,18.0
SKU0002,2026-01-19,14.0
SKU0002,2026-01-26,21.0
SKU0002,2026-02-02,21.0
SKU0002,2026-02-09,15.0
SKU0002,2026-02-16,17.0
SKU0002,2026-02-23,22.0
SKU0002,2026-03-02,15.0
SKU0002,2026-03-09,20.0
SKU0002,2026-03-16,19.0
SKU0002,2026-03-23,22.0
SKU0002,2026-03-30,28.0
SKU0002,2026-04-06,28.0
SKU0002,2026-04-13,16.0
SKU0002,2026-04-20,29.0
SKU0002,2026-04-27,27.0
SKU0002,2026-05-04,15.0
SKU0002,2026-05-11,17.0
SKU0002,2026-05-18,27.0
SKU0002,2026-05-25,22.0
SKU0002,2026-06-01,23.0
SKU0002,2026-06-08,17.0
SKU0002,2026-06-15,32.0
SKU0002,2026-06-22,30.0
SKU0002,2026-06-29,44.0
SKU0002,2026-07-06,31.0
SKU0002,2026-07-13,20.0
SKU0002,2026-07-20,19.0
SKU0003,2024-08-12,57.0
SKU0003,2024-08-19,55.0
SKU0003,2024-08-26,64.0
SKU0003,2024-09-02,55.0
SKU0003,2024-09-09,55.0
SKU0003,2024-09-16,43.0
SKU0003,2024-09-23,65.0
SKU0003,2024-09-30,69.0
SKU0003,2024-10-07,86.0
SKU0003,2024-10-14,86.0
SKU0003,2024-10-21,154.0
SKU0003,2024-10-28,151.0
SKU0003,2024-11-04,139.0
SKU0003,2024-11-11,100.0
SKU0003,2024-11-18,86.0
SKU0003,2024-11-25,82.0
SKU0003,2024-12-02,110.0
SKU0003,2024-12-09,80.0
SKU0003,2024-12-16,83.0
SKU0003,2024-12-23,140.0
SKU0003,2024-12-30,148.0
SKU0003,2025-01-06,76.0
SKU0003,2025-01-13,66.0
SKU0003,2025-01-20,48.0
SKU0003,2025-01-27,57.0
SKU0003,2025-02-03,67.0
SKU0003,2025-02-10,50.0
SKU0003,2025-02-17,47.0
SKU0003,2025-02-24,46.0
SKU0003,2025-03-03,46.0
SKU0003,2025-03-10,52.0
SKU0003,2025-03-17,46.0
SKU0003,2025-03-24,54.0
SKU0003,2025-03-31,68.0
SKU0003,2025-04-07,59.0
SKU0003,2025-04-14,54.0
SKU0003,2025-04-21,69.0
SKU0003,2025-04-28,78.0
SKU0003,2025-05-05,63.0
SKU0003,2025-05-12,61.0
SKU0003,2025-05-19,73.0
SKU0003,2025-05-26,46.0
SKU0003,2025-06-02,75.0
SKU0003,2025-06-09,46.0
SKU0003,2025-06-16,65.0
SKU0003,2025-06-23,105.0
SKU0003,2025-06-30,100.0
SKU0003,2025-07-07,63.0
SKU0003,2025-07-14,70.0
SKU0003,2025-07-21,61.0
SKU0003,2025-07-28,57.0
SKU0003,2025-08-04,62.0
SKU0003,2025-08-11,84.0
SKU0003,2025-08-18,55.0
SKU0003,2025-08-25,66.0
SKU0003,2025-09-01,48.0
SKU0003,2025-09-08,64.0
SKU0003,2025-09-15,70.0
SKU0003,2025-09-22,66.0
SKU0003,2025-09-29,62.0
SKU0003,2025-10-06,96.0
SKU0003,2025-10-13,98.0
SKU0003,2025-10-20,146.0
SKU0003,2025-10-27,130.0
SKU0003,2025-11-03,141.0
SKU0003,2025-11-10,106.0
SKU0003,2025-11-17,83.0
SKU0003,2025-11-24,88.0
SKU0003,2025-12-01,148.0
SKU0003,2025-12-08,90.0
SKU0003,2025-12-15,101.0
SKU0003,2025-12-22,113.0
SKU0003,2025-12-29,137.0
SKU0003,2026-01-05,97.0
SKU0003,2026-01-12,57.0
SKU0003,2026-01-19,67.0
SKU0003,2026-01-26,60.0
SKU0003,2026-02-02,60.0
SKU0003,2026-02-09,61.0
SKU0003,2026-02-16,49.0
SKU0003,2026-02-23,55.0
SKU0003,2026-03-02,63.0
SKU0003,2026-03-09,85.0
SKU0003,2026-03-16,50.0
SKU0003,2026-03-23,70.0
SKU0003,2026-03-30,82.0
SKU0003,2026-04-06,78.0
SKU0003,2026-04-13,69.0
SKU0003,2026-04-20,58.0
SKU0003,2026-04-27,69.0
SKU0003,2026-05-04,71.0
SKU0003,2026-05-11,81.0
SKU0003,2026-05-18,67.0
SKU0003,2026-05-25,70.0
SKU0003,2026-06-01,73.0
SKU0003,2026-06-08,58.0
SKU0003,2026-06-15,69.0
SKU0003,2026-06-22,97.0
SKU0003,2026-06-29,99.0
SKU0003,2026-07-06,80.0
SKU0003,2026-07-13,65.0
SKU0003,2026-07-20,60.0
SKU0004,2024-07-29,6.0
SKU0004,2024-08-05,28.0
SKU0004,2024-08-12,32.0
SKU0004,2024-08-19,35.0
SKU0004,2024-08-26,33.0
SKU0004,2024-09-02,39.0
SKU0004,2024-09-09,35.0
SKU0004,2024-09-16,41.0
SKU0004,2024-09-23,32.0
SKU0004,2024-09-30,28.0
SKU0004,2024-10-07,62.0
SKU0004,2024-10-14,41.0
SKU0004,2024-10-21,85.0
SKU0004,2024-10-28,89.0
SKU0004,2024-11-04,86.0
SKU0004,2024-11-11,52.0
SKU0004,2024-11-18,51.0
SKU0004,2024-11-25,61.0
SKU0004,2024-12-02,55.0
SKU0004,2024-12-09,51.0
SKU0004,2024-12-16,34.0
SKU0004,2024-12-23,67.0
SKU0004,2024-12-30,62.0
SKU0004,2025-01-06,60.0
SKU0004,2025-01-13,24.0
SKU0004,2025-01-20,25.0
SKU0004,2025-01-27,34.0
SKU0004,2025-02-03,35.0
SKU0004,2025-02-10,25.0
SKU0004,2025-02-17,20.0
SKU0004,2025-02-24,23.0
SKU0004,2025-03-03,29.0
SKU0004,2025-03-10,32.0
SKU0004,2025-03-17,43.0
SKU0004,2025-03-24,36.0
SKU0004,2025-03-31,32.0
SKU0004,2025-04-07,28.0
SKU0004,2025-04-14,38.0
SKU0004,2025-04-21,35.0
SKU0004,2025-04-28,49.0
SKU0004,2025-05-05,48.0
SKU0004,2025-05-12,38.0
SKU0004,2025-05-19,45.0
SKU0004,2025-05-26,40.0
SKU0004,2025-06-02,33.0
SKU0004,2025-06-09,39.0
SKU0004,2025-06-16,39.0
SKU0004,2025-06-23,64.0
SKU0004,2025-06-30,70.0
SKU0004,2025-07-07,56.0
SKU0004,2025-07-14,44.0
SKU0004,2025-07-21,30.0
SKU0004,2025-07-28,37.0
SKU0004,2025-08-04,33.0
SKU0004,2025-08-11,31.0
SKU0004,2025-08-18,36.0
SKU0004,2025-08-25,32.0
SKU0004,2025-09-01,41.0
SKU0004,2025-09-08,34.0
SKU0004,2025-09-15,32.0
SKU0004,2025-09-22,34.0
SKU0004,2025-09-29,43.0
SKU0004,2025-10-06,46.0
SKU0004,2025-10-13,65.0
SKU0004,2025-10-20,70.0
SKU0004,2025-10-27,94.0
SKU0004,2025-11-03,98.0
SKU0004,2025-11-10,46.0
SKU0004,2025-11-17,58.0
SKU0004,2025-11-24,58.0
SKU0004,2025-12-01,85.0
SKU0004,2025-12-08,52.0
SKU0004,2025-12-15,55.0
SKU0004,2025-12-22,77.0
SKU0004,2025-12-29,71.0
SKU0004,2026-01-05,69.0
SKU0004,2026-01-12,33.0
SKU0004,2026-01-19,35.0
SKU0004,2026-01-26,36.0
SKU0004,2026-02-02,33.0
SKU0004,2026-02-09,35.0
SKU0004,2026-02-16,35.0
SKU0004,2026-02-23,31.0
SKU0004,2026-03-02,36.0
SKU0004,2026-03-09,34.0
SKU0004,2026-03-16,52.0
SKU0004,2026-03-23,43.0
SKU0004,2026-03-30,42.0
SKU0004,2026-04-06,44.0
SKU0004,2026-04-13,36.0
SKU0004,2026-04-20,40.0
SKU0004,2026-04-27,46.0
SKU0004,2026-05-04,46.0
SKU0004,2026-05-11,38.0
SKU0004,2026-05-18,36.0
SKU0004,2026-05-25,39.0
SKU0004,2026-06-01,35.0
SKU0004,2026-06-08,37.0
SKU0004,2026-06-15,46.0
SKU0004,2026-06-22,56.0
SKU0004,2026-06-29,62.0
SKU0004,2026-07-06,39.0
SKU0004,2026-07-13,40.0
SKU0004,2026-07-20,40.0
SKU0005,2024-07-29,27.0
SKU0005,2024-08-05,46.0
SKU0005,2024-08-12,51.0
SKU0005,2024-08-19,41.0
SKU0005,2024-08-26,39.0
SKU0005,2024-09-02,54.0
SKU0005,2024-09-09,46.0
SKU0005,2024-09-16,58.0
SKU0005,2024-09-23,55.0
SKU0005,2024-09-30,53.0
SKU0005,2024-10-07,88.0
SKU0005,2024-10-14,71.0
SKU0005,2024-10-21,109.0
SKU0005,2024-10-28,118.0
SKU0005,2024-11-04,109.0
SKU0005,2024-11-11,79.0
SKU0005,2024-11-18,75.0
SKU0005,2024-11-25,67.0
SKU0005,2024-12-02,92.0
SKU0005,2024-12-09,67.0
SKU0005,2024-12-16,50.0
SKU0005,2024-12-23,102.0
SKU0005,2024-12-30,117.0
SKU0005,2025-01-06,75.0
SKU0005,2025-01-13,48.0
SKU0005,2025-01-20,41.0
SKU0005,2025-01-27,45.0
SKU0005,2025-02-03,43.0
SKU0005,2025-02-10,42.0
SKU0005,2025-02-17,48.0
SKU0005,2025-02-24,34.0
SKU0005,2025-03-03,38.0
SKU0005,2025-03-10,42.0
SKU0005,2025-03-17,41.0
SKU0005,2025-03-24,63.0
SKU0005,2025-03-31,49.0
SKU0005,2025-04-07,47.0
SKU0005,2025-04-14,48.0
SKU0005,2025-04-21,51.0
SKU0005,2025-04-28,38.0
SKU0005,2025-05-05,48.0
SKU0005,2025-05-12,47.0
SKU0005,2025-05-19,49.0
SKU0005,2025-05-26,45.0
SKU0005,2025-06-02,53.0
SKU0005,2025-06-09,33.0
SKU0005,2025-06-16,60.0
SKU0005,2025-06-23,67.0
SKU0005,2025-06-30,79.0
SKU0005,2025-07-07,41.0
SKU0005,2025-07-14,54.0
SKU0005,2025-07-21,47.0
SKU0005,2025-07-28,47.0
SKU0005,2025-08-04,49.0
SKU0005,2025-08-11,47.0
SKU0005,2025-08-18,47.0
SKU0005,2025-08-25,43.0
SKU0005,2025-09-01,47.0
SKU0005,2025-09-08,45.0
SKU0005,2025-09-15,51.0
SKU0005,2025-09-22,54.0
SKU0005,2025-09-29,43.0
SKU0005,2025-10-06,67.0
SKU0005,2025-10-13,62.0
SKU0005,2025-10-20,98.0
SKU0005,2025-10-27,99.0
SKU0005,2025-11-03,121.0
SKU0005,2025-11-10,72.0
SKU0005,2025-11-17,75.0
SKU0005,2025-11-24,78.0
SKU0005,2025-12-01,93.0
SKU0005,2025-12-08,77.0
SKU0005,2025-12-15,67.0
SKU0005,2025-12-22,74.0
SKU0005,2025-12-29,96.0
SKU0005,2026-01-05,70.0
SKU0005,2026-01-12,49.0
SKU0005,2026-01-19,36.0
SKU0005,2026-01-26,34.0
SKU0005,2026-02-02,48.0
SKU0005,2026-02-09,43.0
SKU0005,2026-02-16,44.0
SKU0005,2026-02-23,35.0
SKU0005,2026-03-02,36.0
SKU0005,2026-03-09,38.0
SKU0005,2026-03-16,46.0
SKU0005,2026-03-23,43.0
SKU0005,2026-03-30,43.0
SKU0005,2026-04-06,43.0
SKU0005,2026-04-13,45.0
SKU0005,2026-04-20,60.0
SKU0005,2026-04-27,49.0
SKU0005,2026-05-04,48.0
SKU0005,2026-05-11,57.0
SKU0005,2026-05-18,63.0
SKU0005,2026-05-25,56.0
SKU0005,2026-06-01,51.0
SKU0005,2026-06-08,53.0
SKU0005,2026-06-15,56.0
SKU0005,2026-06-22,82.0
SKU0005,2026-06-29,74.0
SKU0005,2026-07-06,42.0
SKU0005,2026-07-13,42.0
SKU0005,2026-07-20,40.0
SKU0006,2024-08-12,55.0
SKU0006,2024-08-19,70.0
SKU0006,2024-08-26,74.0
SKU0006,2024-09-02,54.0
SKU0006,2024-09-09,60.0
SKU0006,2024-09-16,66.0
SKU0006,2024-09-23,59.0
SKU0006,2024-09-30,65.0
SKU0006,2024-10-07,86.0
SKU0006,2024-10-14,100.0
SKU0006,2024-10-21,149.0
SKU0006,2024-10-28,145.0
SKU0006,2024-11-04,155.0
SKU0006,2024-11-11,81.0
SKU0006,2024-11-18,84.0
SKU0006,2024-11-25,91.0
SKU0006,2024-12-02,143.0
SKU0006,2024-12-09,97.0
SKU0006,2024-12-16,109.0
SKU0006,2024-12-23,121.0
SKU0006,2024-12-30,120.0
SKU0006,2025-01-06,111.0
SKU0006,2025-01-13,56.0
SKU0006,2025-01-20,52.0
SKU0006,2025-01-27,76.0
SKU0006,2025-02-03,51.0
SKU0006,2025-02-10,49.0
SKU0006,2025-02-17,55.0
SKU0006,2025-02-24,58.0
SKU0006,2025-03-03,60.0
SKU0006,2025-03-10,71.0
SKU0006,2025-03-17,60.0
SKU0006,2025-03-24,66.0
SKU0006,2025-03-31,63.0
SKU0006,2025-04-07,62.0
SKU0006,2025-04-14,65.0
SKU0006,2025-04-21,57.0
SKU0006,2025-04-28,65.0
SKU0006,2025-05-05,85.0
SKU0006,2025-05-12,60.0
SKU0006,2025-05-19,75.0
SKU0006,2025-05-26,62.0
SKU0006,2025-06-02,54.0
SKU0006,2025-06-09,49.0
SKU0006,2025-06-16,82.0
SKU0006,2025-06-23,99.0
SKU0006,2025-06-30,86.0
SKU0006,2025-07-07,73.0
SKU0006,2025-07-14,65.0
SKU0006,2025-07-21,56.0
SKU0006,2025-07-28,58.0
SKU0006,2025-08-04,66.0
SKU0006,2025-08-11,70.0
SKU0006,2025-08-18,71.0
SKU0006,2025-08-25,69.0
SKU0006,2025-09-01,53.0
SKU0006,2025-09-08,56.0
SKU0006,2025-09-15,73.0
SKU0006,2025-09-22,67.0
SKU0006,2025-09-29,73.0
SKU0006,2025-10-06,91.0
SKU0006,2025-10-13,97.0
SKU0006,2025-10-20,130.0
SKU0006,2025-10-27,171.0
SKU0006,2025-11-03,147.0
SKU0006,2025-11-10,111.0
SKU0006,2025-11-17,75.0
SKU0006,2025-11-24,81.0
SKU0006,2025-12-01,142.0
SKU0006,2025-12-08,102.0
SKU0006,2025-12-15,95.0
SKU0006,2025-12-22,118.0
SKU0006,2025-12-29,140.0
SKU0006,2026-01-05,102.0
SKU0006,2026-01-12,73.0
SKU0006,2026-01-19,51.0
SKU0006,2026-01-26,52.0
SKU0006,2026-02-02,47.0
SKU0006,2026-02-09,53.0
SKU0006,2026-02-16,60.0
SKU0006,2026-02-23,65.0
SKU0006,2026-03-02,60.0
SKU0006,2026-03-09,65.0
SKU0006,2026-03-16,54.0
SKU0006,2026-03-23,52.0
SKU0006,2026-03-30,62.0
SKU0006,2026-04-06,68.0
SKU0006,2026-04-13,65.0
SKU0006,2026-04-20,76.0
SKU0006,2026-04-27,51.0
SKU0006,2026-05-04,71.0
SKU0006,2026-05-11,59.0
SKU0006,2026-05-18,57.0
SKU0006,2026-05-25,55.0
SKU0006,2026-06-01,69.0
SKU0006,2026-06-08,75.0
SKU0006,2026-06-15,70.0
SKU0006,2026-06-22,120.0
SKU0006,2026-06-29,107.0
SKU0006,2026-07-06,68.0
SKU0006,2026-07-13,62.0
SKU0006,2026-07-20,46.0
SKU0007,2024-07-29,6.0
SKU0007,2024-08-05,21.0
SKU0007,2024-08-12,23.0
SKU0007,2024-08-19,28.0
SKU0007,2024-08-26,24.0
SKU0007,2024-09-02,30.0
SKU0007,2024-09-09,25.0
SKU0007,2024-09-16,13.0
SKU0007,2024-09-23,25.0
SKU0007,2024-09-30,29.0
SKU0007,2024-10-07,33.0
SKU0007,2024-10-14,33.0
SKU0007,2024-10-21,45.0
SKU0007,2024-10-28,55.0
SKU0007,2024-11-04,48.0
SKU0007,2024-11-11,39.0
SKU0007,2024-11-18,43.0
SKU0007,2024-11-25,27.0
SKU0007,2024-12-02,41.0
SKU0007,2024-12-09,24.0
SKU0007,2024-12-16,35.0
SKU0007,2024-12-23,52.0
SKU0007,2024-12-30,48.0
SKU0007,2025-01-06,32.0
SKU0007,2025-01-13,24.0
SKU0007,2025-01-20,25.0
SKU0007,2025-01-27,24.0
SKU0007,2025-02-03,14.0
SKU0007,2025-02-10,17.0
SKU0007,2025-02-17,16.0
SKU0007,2025-02-24,23.0
SKU0007,2025-03-03,17.0
SKU0007,2025-03-10,17.0
SKU0007,2025-03-17,20.0
SKU0007,2025-03-24,24.0
SKU0007,2025-03-31,19.0
SKU0007,2025-04-07,28.0
SKU0007,2025-04-14,17.0
SKU0007,2025-04-21,15.0
SKU0007,2025-04-28,25.0
SKU0007,2025-05-05,20.0
SKU0007,2025-05-12,23.0
SKU0007,2025-05-19,26.0
SKU0007,2025-05-26,22.0
SKU0007,2025-06-02,21.0
SKU0007,2025-06-09,16.0
SKU0007,2025-06-16,24.0
SKU0007,2025-06-23,32.0
SKU0007,2025-06-30,48.0
SKU0007,2025-07-07,20.0
SKU0007,2025-07-14,27.0
SKU0007,2025-07-21,27.0
SKU0007,2025-07-28,22.0
SKU0007,2025-08-04,14.0
SKU0007,2025-08-11,25.0
SKU0007,2025-08-18,14.0
SKU0007,2025-08-25,16.0
SKU0007,2025-09-01,22.0
SKU0007,2025-09-08,22.0
SKU0007,2025-09-15,18.0
SKU0007,2025-09-22,24.0
SKU0007,2025-09-29,24.0
SKU0007,2025-10-06,29.0
SKU0007,2025-10-13,34.0
SKU0007,2025-10-20,33.0
SKU0007,2025-10-27,64.0
SKU0007,2025-11-03,67.0
SKU0007,2025-11-10,33.0
SKU0007,2025-11-17,31.0
SKU0007,2025-11-24,39.0
SKU0007,2025-12-01,55.0
SKU0007,2025-12-08,25.0
SKU0007,2025-12-15,28.0
SKU0007,2025-12-22,39.0
SKU0007,2025-12-29,55.0
SKU0007,2026-01-05,27.0
SKU0007,2026-01-12,23.0
SKU0007,2026-01-19,15.0
SKU0007,2026-01-26,24.0
SKU0007,2026-02-02,14.0
SKU0007,2026-02-09,15.0
SKU0007,2026-02-16,22.0
SKU0007,2026-02-23,22.0
SKU0007,2026-03-02,21.0
SKU0007,2026-03-09,21.0
SKU0007,2026-03-16,22.0
SKU0007,2026-03-23,33.0
SKU0007,2026-03-30,26.0
SKU0007,2026-04-06,21.0
SKU0007,2026-04-13,27.0
SKU0007,2026-04-20,22.0
SKU0007,2026-04-27,37.0
SKU0007,2026-05-04,19.0
SKU0007,2026-05-11,21.0
SKU0007,2026-05-18,11.0
SKU0007,2026-05-25,25.0
SKU0007,2026-06-01,16.0
SKU0007,2026-06-08,15.0
SKU0007,2026-06-15,33.0
SKU0007,2026-06-22,43.0
SKU0007,2026-06-29,40.0
SKU0007,2026-07-06,25.0
SKU0007,2026-07-13,24.0
SKU0007,2026-07-20,27.0
SKU0008,2024-08-05,20.0
SKU0008,2024-08-12,66.0
SKU0008,2024-08-19,78.0
SKU0008,2024-08-26,66.0
SKU0008,2024-09-02,93.0
SKU0008,2024-09-09,51.0
SKU0008,2024-09-16,67.0
SKU0008,2024-09-23,67.0
SKU0008,2024-09-30,70.0
SKU0008,2024-10-07,94.0
SKU0008,2024-10-14,89.0
SKU0008,2024-10-21,174.0
SKU0008,2024-10-28,164.0
SKU0008,2024-11-04,151.0
SKU0008,2024-11-11,91.0
SKU0008,2024-11-18,94.0
SKU0008,2024-11-25,111.0
SKU0008,2024-12-02,155.0
SKU0008,2024-12-09,96.0
SKU0008,2024-12-16,99.0
SKU0008,2024-12-23,152.0
SKU0008,2024-12-30,183.0
SKU0008,2025-01-06,96.0
SKU0008,2025-01-13,71.0
SKU0008,2025-01-20,69.0
SKU0008,2025-01-27,74.0
SKU0008,2025-02-03,63.0
SKU0008,2025-02-10,61.0
SKU0008,2025-02-17,72.0
SKU0008,2025-02-24,77.0
SKU0008,2025-03-03,67.0
SKU0008,2025-03-10,71.0
SKU0008,2025-03-17,77.0
SKU0008,2025-03-24,69.0
SKU0008,2025-03-31,74.0
SKU0008,2025-04-07,88.0
SKU0008,2025-04-14,86.0
SKU0008,2025-04-21,83.0
SKU0008,2025-04-28,72.0
SKU0008,2025-05-05,74.0
SKU0008,2025-05-12,76.0
SKU0008,2025-05-19,68.0
SKU0008,2025-05-26,98.0
SKU0008,2025-06-02,73.0
SKU0008,2025-06-09,68.0
SKU0008,2025-06-16,104.0
SKU0008,2025-06-23,110.0
SKU0008,2025-06-30,112.0
SKU0008,2025-07-07,71.0
SKU0008,2025-07-14,81.0
SKU0008,2025-07-21,85.0
SKU0008,2025-07-28,76.0
SKU0008,2025-08-04,75.0
SKU0008,2025-08-11,78.0
SKU0008,2025-08-18,76.0
SKU0008,2025-08-25,68.0
SKU0008,2025-09-01,88.0
SKU0008,2025-09-08,69.0
SKU0008,2025-09-15,80.0
SKU0008,2025-09-22,65.0
SKU0008,2025-09-29,77.0
SKU0008,2025-10-06,85.0
SKU0008,2025-10-13,94.0
SKU0008,2025-10-20,159.0
SKU0008,2025-10-27,172.0
SKU0008,2025-11-03,176.0
SKU0008,2025-11-10,125.0
SKU0008,2025-11-17,97.0
SKU0008,2025-11-24,105.0
SKU0008,2025-12-01,170.0
SKU0008,2025-12-08,102.0
SKU0008,2025-12-15,113.0
SKU0008,2025-12-22,131.0
SKU0008,2025-12-29,154.0
SKU0008,2026-01-05,123.0
SKU0008,2026-01-12,66.0
SKU0008,2026-01-19,59.0
SKU0008,2026-01-26,77.0
SKU0008,2026-02-02,63.0
SKU0008,2026-02-09,53.0
SKU0008,2026-02-16,59.0
SKU0008,2026-02-23,53.0
SKU0008,2026-03-02,62.0
SKU0008,2026-03-09,72.0
SKU0008,2026-03-16,72.0
SKU0008,2026-03-23,80.0
SKU0008,2026-03-30,53.0
SKU0008,2026-04-06,69.0
SKU0008,2026-04-13,85.0
SKU0008,2026-04-20,89.0
SKU0008,2026-04-27,74.0
SKU0008,2026-05-04,74.0
SKU0008,2026-05-11,79.0
SKU0008,2026-05-18,63.0
SKU0008,2026-05-25,74.0
SKU0008,2026-06-01,79.0
SKU0008,2026-06-08,81.0
SKU0008,2026-06-15,89.0
SKU0008,2026-06-22,112.0
SKU0008,2026-06-29,113.0
SKU0008,2026-07-06,79.0
SKU0008,2026-07-13,70.0
SKU0008,2026-07-20,71.0
SKU0009,2024-08-05,1.0
SKU0009,2024-08-12,46.0
SKU0009,2024-08-19,43.0
SKU0009,2024-08-26,54.0
SKU0009,2024-09-02,54.0
SKU0009,2024-09-09,47.0
SKU0009,2024-09-16,47.0
SKU0009,2024-09-23,38.0
SKU0009,2024-09-30,51.0
SKU0009,2024-10-07,70.0
SKU0009,2024-10-14,76.0
SKU0009,2024-10-21,93.0
SKU0009,2024-10-28,107.0
SKU0009,2024-11-04,130.0
SKU0009,2024-11-11,75.0
SKU0009,2024-11-18,73.0
SKU0009,2024-11-25,76.0
SKU0009,2024-12-02,103.0
SKU0009,2024-12-09,69.0
SKU0009,2024-12-16,57.0
SKU0009,2024-12-23,102.0
SKU0009,2024-12-30,106.0
SKU0009,2025-01-06,78.0
SKU0009,2025-01-13,59.0
SKU0009,2025-01-20,38.0
SKU0009,2025-01-27,44.0
SKU0009,2025-02-03,42.0
SKU0009,2025-02-10,32.0
SKU0009,2025-02-17,58.0
SKU0009,2025-02-24,45.0
SKU0009,2025-03-03,46.0
SKU0009,2025-03-10,56.0
SKU0009,2025-03-17,42.0
SKU0009,2025-03-24,53.0
SKU0009,2025-03-31,30.0
SKU0009,2025-04-07,46.0
SKU0009,2025-04-14,58.0
SKU0009,2025-04-21,56.0
SKU0009,2025-04-28,54.0
SKU0009,2025-05-05,51.0
SKU0009,2025-05-12,59.0
SKU0009,2025-05-19,51.0
SKU0009,2025-05-26,35.0
SKU0009,2025-06-02,37.0
SKU0009,2025-06-09,43.0
SKU0009,2025-06-16,60.0
SKU0009,2025-06-23,82.0
SKU0009,2025-06-30,68.0
SKU0009,2025-07-07,52.0
SKU0009,2025-07-14,54.0
SKU0009,2025-07-21,59.0
SKU0009,2025-07-28,50.0
SKU0009,2025-08-04,52.0
SKU0009,2025-08-11,51.0
SKU0009,2025-08-18,36.0
SKU0009,2025-08-25,46.0
SKU0009,2025-09-01,48.0
SKU0009,2025-09-08,39.0
SKU0009,2025-09-15,45.0
SKU0009,2025-09-22,58.0
SKU0009,2025-09-29,50.0
SKU0009,2025-10-06,59.0
SKU0009,2025-10-13,70.0
SKU0009,2025-10-20,87.0
SKU0009,2025-10-27,115.0
SKU0009,2025-11-03,106.0
SKU0009,2025-11-10,91.0
SKU0009,2025-11-17,80.0
SKU0009,2025-11-24,68.0
SKU0009,2025-12-01,110.0
SKU0009,2025-12-08,66.0
SKU0009,2025-12-15,69.0
SKU0009,2025-12-22,83.0
SKU0009,2025-12-29,122.0
SKU0009,2026-01-05,79.0
SKU0009,2026-01-12,40.0
SKU0009,2026-01-19,39.0
SKU0009,2026-01-26,31.0
SKU0009,2026-02-02,46.0
SKU0009,2026-02-09,42.0
SKU0009,2026-02-16,50.0
SKU0009,2026-02-23,40.0
SKU0009,2026-03-02,46.0
SKU0009,2026-03-09,39.0
SKU0009,2026-03-16,51.0
SKU0009,2026-03-23,47.0
SKU0009,2026-03-30,42.0
SKU0009,2026-04-06,46.0
SKU0009,2026-04-13,63.0
SKU0009,2026-04-20,50.0
SKU0009,2026-04-27,34.0
SKU0009,2026-05-04,49.0
SKU0009,2026-05-11,52.0
SKU0009,2026-05-18,42.0
SKU0009,2026-05-25,39.0
SKU0009,2026-06-01,33.0
SKU0009,2026-06-08,54.0
SKU0009,2026-06-15,54.0
SKU0009,2026-06-22,80.0
SKU0009,2026-06-29,72.0
SKU0009,2026-07-06,54.0
SKU0009,2026-07-13,50.0
SKU0009,2026-07-20,40.0
SKU0010,2024-07-29,3.0
SKU0010,2024-08-05,15.0
SKU0010,2024-08-12,8.0
SKU0010,2024-08-19,12.0
SKU0010,2024-08-26,6.0
SKU0010,2024-09-02,8.0
SKU0010,2024-09-09,5.0
SKU0010,2024-09-16,7.0
SKU0010,2024-09-23,9.0
SKU0010,2024-09-30,11.0
SKU0010,2024-10-07,13.0
SKU0010,2024-10-14,13.0
SKU0010,2024-10-21,25.0
SKU0010,2024-10-28,22.0
SKU0010,2024-11-04,34.0
SKU0010,2024-11-11,14.0
SKU0010,2024-11-18,11.0
SKU0010,2024-11-25,16.0
SKU0010,2024-12-02,20.0
SKU0010,2024-12-09,12.0
SKU0010,2024-12-16,10.0
SKU0010,2024-12-23,22.0
SKU0010,2024-12-30,25.0
SKU0010,2025-01-06,17.0
SKU0010,2025-01-13,12.0
SKU0010,2025-01-20,10.0
SKU0010,2025-01-27,6.0
SKU0010,2025-02-03,6.0
SKU0010,2025-02-10,10.0
SKU0010,2025-02-17,11.0
SKU0010,2025-02-24,8.0
SKU0010,2025-03-03,7.0
SKU0010,2025-03-10,11.0
SKU0010,2025-03-17,13.0
SKU0010,2025-03-24,12.0
SKU0010,2025-03-31,11.0
SKU0010,2025-04-07,7.0
SKU0010,2025-04-14,8.0
SKU0010,2025-04-21,7.0
SKU0010,2025-04-28,10.0
SKU0010,2025-05-05,8.0
SKU0010,2025-05-12,10.0
SKU0010,2025-05-19,11.0
SKU0010,2025-05-26,10.0
SKU0010,2025-06-02,10.0
SKU0010,2025-06-09,9.0
SKU0010,2025-06-16,9.0
SKU0010,2025-06-23,17.0
SKU0010,2025-06-30,19.0
SKU0010,2025-07-07,14.0
SKU0010,2025-07-14,6.0
SKU0010,2025-07-21,6.0
SKU0010,2025-07-28,10.0
SKU0010,2025-08-04,10.0
SKU0010,2025-08-11,13.0
SKU0010,2025-08-18,13.0
SKU0010,2025-08-25,16.0
SKU0010,2025-09-01,11.0
SKU0010,2025-09-08,10.0
SKU0010,2025-09-15,10.0
SKU0010,2025-09-22,17.0
SKU0010,2025-09-29,11.0
SKU0010,2025-10-06,10.0
SKU0010,2025-10-13,14.0
SKU0010,2025-10-20,16.0
SKU0010,2025-10-27,28.0
SKU0010,2025-11-03,28.0
SKU0010,2025-11-10,15.0
SKU0010,2025-11-17,15.0
SKU0010,2025-11-24,13.0
SKU0010,2025-12-01,24.0
SKU0010,2025-12-08,14.0
SKU0010,2025-12-15,22.0
SKU0010,2025-12-22,12.0
SKU0010,2025-12-29,23.0
SKU0010,2026-01-05,18.0
SKU0010,2026-01-12,6.0
SKU0010,2026-01-19,14.0
SKU0010,2026-01-26,9.0
SKU0010,2026-02-02,12.0
SKU0010,2026-02-09,9.0
SKU0010,2026-02-16,12.0
SKU0010,2026-02-23,7.0
SKU0010,2026-03-02,11.0
SKU0010,2026-03-09,11.0
SKU0010,2026-03-16,12.0
SKU0010,2026-03-23,11.0
SKU0010,2026-03-30,12.0
SKU0010,2026-04-06,15.0
SKU0010,2026-04-13,7.0
SKU0010,2026-04-20,11.0
SKU0010,2026-04-27,10.0
SKU0010,2026-05-04,12.0
SKU0010,2026-05-11,9.0
SKU0010,2026-05-18,12.0
SKU0010,2026-05-25,15.0
SKU0010,2026-06-01,10.0
SKU0010,2026-06-08,7.0
SKU0010,2026-06-15,13.0
SKU0010,2026-06-22,18.0
SKU0010,2026-06-29,16.0
SKU0010,2026-07-06,11.0
SKU0010,2026-07-13,11.0
SKU0010,2026-07-20,12.0
SKU0011,2026-04-06,0.0
SKU0011,2026-04-13,1.0
SKU0011,2026-04-20,2.0
SKU0011,2026-04-27,1.0
SKU0011,2026-05-04,0.0
SKU0011,2026-05-11,1.0
SKU0011,2026-05-18,0.0
SKU0011,2026-05-25,0.0
SKU0011,2026-06-01,3.0
SKU0011,2026-06-08,0.0
SKU0011,2026-06-15,7.0
SKU0011,2026-06-22,5.0
SKU0011,2026-06-29,5.0
SKU0011,2026-07-06,2.0
SKU0011,2026-07-13,1.0
SKU0011,2026-07-20,1.0
SKU0012,2024-07-22,8.0
SKU0012,2024-07-29,26.0
SKU0012,2024-08-05,22.0
SKU0012,2024-08-12,16.0
SKU0012,2024-08-19,20.0
SKU0012,2024-08-26,26.0
SKU0012,2024-09-02,14.0
SKU0012,2024-09-09,15.0
SKU0012,2024-09-16,14.0
SKU0012,2024-09-23,19.0
SKU0012,2024-09-30,24.0
SKU0012,2024-10-07,28.0
SKU0012,2024-10-14,29.0
SKU0012,2024-10-21,32.0
SKU0012,2024-10-28,49.0
SKU0012,2024-11-04,46.0
SKU0012,2024-11-11,33.0
SKU0012,2024-11-18,33.0
SKU0012,2024-11-25,19.0
SKU0012,2024-12-02,49.0
SKU0012,2024-12-09,30.0
SKU0012,2024-12-16,35.0
SKU0012,2024-12-23,43.0
SKU0012,2024-12-30,45.0
SKU0012,2025-01-06,28.0
SKU0012,2025-01-13,21.0
SKU0012,2025-01-20,14.0
SKU0012,2025-01-27,10.0
SKU0012,2025-02-03,14.0
SKU0012,2025-02-10,21.0
SKU0012,2025-02-17,15.0
SKU0012,2025-02-24,16.0
SKU0012,2025-03-03,15.0
SKU0012,2025-03-10,33.0
SKU0012,2025-03-17,20.0
SKU0012,2025-03-24,20.0
SKU0012,2025-03-31,16.0
SKU0012,2025-04-07,21.0
SKU0012,2025-04-14,16.0
SKU0012,2025-04-21,13.0
SKU0012,2025-04-28,18.0
SKU0012,2025-05-05,21.0
SKU0012,2025-05-12,13.0
SKU0012,2025-05-19,31.0
SKU0012,2025-05-26,20.0
SKU0012,2025-06-02,29.0
SKU0012,2025-06-09,21.0
SKU0012,2025-06-16,23.0
SKU0012,2025-06-23,34.0
SKU0012,2025-06-30,22.0
SKU0012,2025-07-07,23.0
SKU0012,2025-07-14,17.0
SKU0012,2025-07-21,24.0
SKU0012,2025-07-28,16.0
SKU0012,2025-08-04,22.0
SKU0012,2025-08-11,19.0
SKU0012,2025-08-18,17.0
SKU0012,2025-08-25,17.0
SKU0012,2025-09-01,20.0
SKU0012,2025-09-08,17.0
SKU0012,2025-09-15,21.0
SKU0012,2025-09-22,20.0
SKU0012,2025-09-29,28.0
SKU0012,2025-10-06,34.0
SKU0012,2025-10-13,25.0
SKU0012,2025-10-20,44.0
SKU0012,2025-10-27,37.0
SKU0012,2025-11-03,52.0
SKU0012,2025-11-10,40.0
SKU0012,2025-11-17,28.0
SKU0012,2025-11-24,24.0
SKU0012,2025-12-01,41.0
SKU0012,2025-12-08,38.0
SKU0012,2025-12-15,26.0
SKU0012,2025-12-22,27.0
SKU0012,2025-12-29,47.0
SKU0012,2026-01-05,37.0
SKU0012,2026-01-12,22.0
SKU0012,2026-01-19,19.0
SKU0012,2026-01-26,20.0
SKU0012,2026-02-02,19.0
SKU0012,2026-02-09,14.0
SKU0012,2026-02-16,17.0
SKU0012,2026-02-23,19.0
SKU0012,2026-03-02,21.0
SKU0012,2026-03-09,14.0
SKU0012,2026-03-16,16.0
SKU0012,2026-03-23,22.0
SKU0012,2026-03-30,16.0
SKU0012,2026-04-06,23.0
SKU0012,2026-04-13,22.0
SKU0012,2026-04-20,22.0
SKU0012,2026-04-27,14.0
SKU0012,2026-05-04,25.0
SKU0012,2026-05-11,22.0
SKU0012,2026-05-18,24.0
SKU0012,2026-05-25,30.0
SKU0012,2026-06-01,26.0
SKU0012,2026-06-08,20.0
SKU0012,2026-06-15,21.0
SKU0012,2026-06-22,29.0
SKU0012,2026-06-29,25.0
SKU0012,2026-07-06,22.0
SKU0012,2026-07-13,23.0
SKU0012,2026-07-20,18.0
SKU0013,2024-07-22,2.0
SKU0013,2024-07-29,7.0
SKU0013,2024-08-05,8.0
SKU0013,2024-08-12,7.0
SKU0013,2024-08-19,5.0
SKU0013,2024-08-26,7.0
SKU0013,2024-09-02,3.0
SKU0013,2024-09-09,6.0
SKU0013,2024-09-16,7.0
SKU0013,2024-09-23,7.0
SKU0013,2024-09-30,4.0
SKU0013,2024-10-07,5.0
SKU0013,2024-10-14,7.0
SKU0013,2024-10-21,16.0
SKU0013,2024-10-28,15.0
SKU0013,2024-11-04,18.0
SKU0013,2024-11-11,10.0
SKU0013,2024-11-18,6.0
SKU0013,2024-11-25,9.0
SKU0013,2024-12-02,21.0
SKU0013,2024-12-09,14.0
SKU0013,2024-12-16,13.0
SKU0013,2024-12-23,10.0
SKU0013,2024-12-30,14.0
SKU0013,2025-01-06,12.0
SKU0013,2025-01-13,9.0
SKU0013,2025-01-20,7.0
SKU0013,2025-01-27,2.0
SKU0013,2025-02-03,3.0
SKU0013,2025-02-10,6.0
SKU0013,2025-02-17,6.0
SKU0013,2025-02-24,5.0
SKU0013,2025-03-03,7.0
SKU0013,2025-03-10,5.0
SKU0013,2025-03-17,7.0
SKU0013,2025-03-24,7.0
SKU0013,2025-03-31,5.0
SKU0013,2025-04-07,5.0
SKU0013,2025-04-14,12.0
SKU0013,2025-04-21,9.0
SKU0013,2025-04-28,8.0
SKU0013,2025-05-05,10.0
SKU0013,2025-05-12,10.0
SKU0013,2025-05-19,14.0
SKU0013,2025-05-26,4.0
SKU0013,2025-06-02,11.0
SKU0013,2025-06-09,3.0
SKU0013,2025-06-16,11.0
SKU0013,2025-06-23,11.0
SKU0013,2025-06-30,13.0
SKU0013,2025-07-07,6.0
SKU0013,2025-07-14,10.0
SKU0013,2025-07-21,6.0
SKU0013,2025-07-28,7.0
SKU0013,2025-08-04,4.0
SKU0013,2025-08-11,8.0
SKU0013,2025-08-18,10.0
SKU0013,2025-08-25,5.0
SKU0013,2025-09-01,9.0
SKU0013,2025-09-08,9.0
SKU0013,2025-09-15,7.0
SKU0013,2025-09-22,7.0
SKU0013,2025-09-29,8.0
SKU0013,2025-10-06,9.0
SKU0013,2025-10-13,14.0
SKU0013,2025-10-20,22.0
SKU0013,2025-10-27,22.0
SKU0013,2025-11-03,16.0
SKU0013,2025-11-10,12.0
SKU0013,2025-11-17,6.0
SKU0013,2025-11-24,11.0
SKU0013,2025-12-01,17.0
SKU0013,2025-12-08,11.0
SKU0013,2025-12-15,8.0
SKU0013,2025-12-22,13.0
SKU0013,2025-12-29,13.0
SKU0013,2026-01-05,8.0
SKU0013,2026-01-12,4.0
SKU0013,2026-01-19,4.0
SKU0013,2026-01-26,2.0
SKU0013,2026-02-02,4.0
SKU0013,2026-02-09,8.0
SKU0013,2026-02-16,7.0
SKU0013,2026-02-23,6.0
SKU0013,2026-03-02,8.0
SKU0013,2026-03-09,9.0
SKU0013,2026-03-16,10.0
SKU0013,2026-03-23,7.0
SKU0013,2026-03-30,5.0
SKU0013,2026-04-06,11.0
SKU0013,2026-04-13,13.0
SKU0013,2026-04-20,8.0
SKU0013,2026-04-27,8.0
SKU0013,2026-05-04,5.0
SKU0013,2026-05-11,16.0
SKU0013,2026-05-18,15.0
SKU0013,2026-05-25,8.0
SKU0013,2026-06-01,5.0
SKU0013,2026-06-08,10.0
SKU0013,2026-06-15,6.0
SKU0013,2026-06-22,10.0
SKU0013,2026-06-29,21.0
SKU0013,2026-07-06,8.0
SKU0013,2026-07-13,8.0
SKU0013,2026-07-20,3.0
SKU0014,2024-08-05,10.0
SKU0014,2024-08-12,11.0
SKU0014,2024-08-19,14.0
SKU0014,2024-08-26,12.0
SKU0014,2024-09-02,16.0
SKU0014,2024-09-09,11.0
SKU0014,2024-09-16,16.0
SKU0014,2024-09-23,16.0
SKU0014,2024-09-30,11.0
SKU0014,2024-10-07,14.0
SKU0014,2024-10-14,12.0
SKU0014,2024-10-21,24.0
SKU0014,2024-10-28,29.0
SKU0014,2024-11-04,27.0
SKU0014,2024-11-11,19.0
SKU0014,2024-11-18,17.0
SKU0014,2024-11-25,21.0
SKU0014,2024-12-02,23.0
SKU0014,2024-12-09,22.0
SKU0014,2024-12-16,17.0
SKU0014,2024-12-23,25.0
SKU0014,2024-12-30,25.0
SKU0014,2025-01-06,14.0
SKU0014,2025-01-13,8.0
SKU0014,2025-01-20,8.0
SKU0014,2025-01-27,16.0
SKU0014,2025-02-03,11.0
SKU0014,2025-02-10,12.0
SKU0014,2025-02-17,12.0
SKU0014,2025-02-24,16.0
SKU0014,2025-03-03,13.0
SKU0014,2025-03-10,7.0
SKU0014,2025-03-17,6.0
SKU0014,2025-03-24,7.0
SKU0014,2025-03-31,13.0
SKU0014,2025-04-07,10.0
SKU0014,2025-04-14,20.0
SKU0014,2025-04-21,9.0
SKU0014,2025-04-28,7.0
SKU0014,2025-05-05,14.0
SKU0014,2025-05-12,10.0
SKU0014,2025-05-19,10.0
SKU0014,2025-05-26,17.0
SKU0014,2025-06-02,17.0
SKU0014,2025-06-09,15.0
SKU0014,2025-06-16,8.0
SKU0014,2025-06-23,15.0
SKU0014,2025-06-30,19.0
SKU0014,2025-07-07,21.0
SKU0014,2025-07-14,11.0
SKU0014,2025-07-21,17.0
SKU0014,2025-07-28,14.0
SKU0014,2025-08-04,13.0
SKU0014,2025-08-11,15.0
SKU0014,2025-08-18,13.0
SKU0014,2025-08-25,17.0
SKU0014,2025-09-01,11.0
SKU0014,2025-09-08,14.0
SKU0014,2025-09-15,13.0
SKU0014,2025-09-22,13.0
SKU0014,2025-09-29,11.0
SKU0014,2025-10-06,14.0
SKU0014,2025-10-13,11.0
SKU0014,2025-10-20,27.0
SKU0014,2025-10-27,36.0
SKU0014,2025-11-03,28.0
SKU0014,2025-11-10,20.0
SKU0014,2025-11-17,11.0
SKU0014,2025-11-24,23.0
SKU0014,2025-12-01,21.0
SKU0014,2025-12-08,12.0
SKU0014,2025-12-15,23.0
SKU0014,2025-12-22,20.0
SKU0014,2025-12-29,35.0
SKU0014,2026-01-05,19.0
SKU0014,2026-01-12,11.0
SKU0014,2026-01-19,14.0
SKU0014,2026-01-26,9.0
SKU0014,2026-02-02,10.0
SKU0014,2026-02-09,17.0
SKU0014,2026-02-16,7.0
SKU0014,2026-02-23,7.0
SKU0014,2026-03-02,8.0
SKU0014,2026-03-09,11.0
SKU0014,2026-03-16,16.0
SKU0014,2026-03-23,13.0
SKU0014,2026-03-30,15.0
SKU0014,2026-04-06,17.0
SKU0014,2026-04-13,10.0
SKU0014,2026-04-20,13.0
SKU0014,2026-04-27,13.0
SKU0014,2026-05-04,8.0
SKU0014,2026-05-11,9.0
SKU0014,2026-05-18,12.0
SKU0014,2026-05-25,16.0
SKU0014,2026-06-01,10.0
SKU0014,2026-06-08,14.0
SKU0014,2026-06-15,10.0
SKU0014,2026-06-22,27.0
SKU0014,2026-06-29,11.0
SKU0014,2026-07-06,11.0
SKU0014,2026-07-13,9.0
SKU0014,2026-07-20,10.0
SKU0015,2024-08-05,0.0
SKU0015,2024-08-12,2.0
SKU0015,2024-08-19,4.0
SKU0015,2024-08-26,3.0
SKU0015,2024-09-02,0.0
SKU0015,2024-09-09,5.0
SKU0015,2024-09-16,2.0
SKU0015,2024-09-23,1.0
SKU0015,2024-09-30,1.0
SKU0015,2024-10-07,1.0
SKU0015,2024-10-14,5.0
SKU0015,2024-10-21,4.0
SKU0015,2024-10-28,5.0
SKU0015,2024-11-04,8.0
SKU0015,2024-11-11,3.0
SKU0015,2024-11-18,5.0
SKU0015,2024-11-25,2.0
SKU0015,2024-12-02,2.0
SKU0015,2024-12-09,4.0
SKU0015,2024-12-16,0.0
SKU0015,2024-12-23,6.0
SKU0015,2024-12-30,4.0
SKU0015,2025-01-06,3.0
SKU0015,2025-01-13,2.0
SKU0015,2025-01-20,1.0
SKU0015,2025-01-27,0.0
SKU0015,2025-02-03,1.0
SKU0015,2025-02-10,0.0
SKU0015,2025-02-17,1.0
SKU0015,2025-02-24,2.0
SKU0015,2025-03-03,2.0
SKU0015,2025-03-10,1.0
SKU0015,2025-03-17,5.0
SKU0015,2025-03-24,0.0
SKU0015,2025-03-31,4.0
SKU0015,2025-04-07,0.0
SKU0015,2025-04-14,2.0
SKU0015,2025-04-21,1.0
SKU0015,2025-04-28,2.0
SKU0015,2025-05-05,4.0
SKU0015,2025-05-12,0.0
SKU0015,2025-05-19,4.0
SKU0015,2025-05-26,1.0
SKU0015,2025-06-02,0.0
SKU0015,2025-06-09,1.0
SKU0015,2025-06-16,2.0
SKU0015,2025-06-23,2.0
SKU0015,2025-06-30,5.0
SKU0015,2025-07-07,0.0
SKU0015,2025-07-14,5.0
SKU0015,2025-07-21,4.0
SKU0015,2025-07-28,3.0
SKU0015,2025-08-04,2.0
SKU0015,2025-08-11,4.0
SKU0015,2025-08-18,2.0
SKU0015,2025-08-25,4.0
SKU0015,2025-09-01,3.0
SKU0015,2025-09-08,3.0
SKU0015,2025-09-15,1.0
SKU0015,2025-09-22,1.0
SKU0015,2025-09-29,2.0
SKU0015,2025-10-06,2.0
SKU0015,2025-10-13,2.0
SKU0015,2025-10-20,5.0
SKU0015,2025-10-27,4.0
SKU0015,2025-11-03,6.0
SKU0015,2025-11-10,4.0
SKU0015,2025-11-17,3.0
SKU0015,2025-11-24,3.0
SKU0015,2025-12-01,2.0
SKU0015,2025-12-08,4.0
SKU0015,2025-12-15,4.0
SKU0015,2025-12-22,2.0
SKU0015,2025-12-29,4.0
SKU0015,2026-01-05,5.0
SKU0015,2026-01-12,4.0
SKU0015,2026-01-19,3.0
SKU0015,2026-01-26,1.0
SKU0015,2026-02-02,3.0
SKU0015,2026-02-09,2.0
SKU0015,2026-02-16,0.0
SKU0015,2026-02-23,0.0
SKU0015,2026-03-02,2.0
SKU0015,2026-03-09,2.0
SKU0015,2026-03-16,2.0
SKU0015,2026-03-23,2.0
SKU0015,2026-03-30,2.0
SKU0015,2026-04-06,1.0
SKU0015,2026-04-13,0.0
SKU0015,2026-04-20,0.0
SKU0015,2026-04-27,2.0
SKU0015,2026-05-04,5.0
SKU0015,2026-05-11,1.0
SKU0015,2026-05-18,7.0
SKU0015,2026-05-25,2.0
SKU0015,2026-06-01,2.0
SKU0015,2026-06-08,2.0
SKU0015,2026-06-15,1.0
SKU0015,2026-06-22,3.0
SKU0015,2026-06-29,4.0
SKU0015,2026-07-06,1.0
SKU0015,2026-07-13,4.0
SKU0015,2026-07-20,3.0
SKU0016,2024-08-05,14.0
SKU0016,2024-08-12,41.0
SKU0016,2024-08-19,41.0
SKU0016,2024-08-26,33.0
SKU0016,2024-09-02,40.0
SKU0016,2024-09-09,34.0
SKU0016,2024-09-16,33.0
SKU0016,2024-09-23,40.0
SKU0016,2024-09-30,34.0
SKU0016,2024-10-07,52.0
SKU0016,2024-10-14,50.0
SKU0016,2024-10-21,82.0
SKU0016,2024-10-28,78.0
SKU0016,2024-11-04,66.0
SKU0016,2024-11-11,61.0
SKU0016,2024-11-18,48.0
SKU0016,2024-11-25,57.0
SKU0016,2024-12-02,73.0
SKU0016,2024-12-09,50.0
SKU0016,2024-12-16,49.0
SKU0016,2024-12-23,69.0
SKU0016,2024-12-30,94.0
SKU0016,2025-01-06,60.0
SKU0016,2025-01-13,36.0
SKU0016,2025-01-20,36.0
SKU0016,2025-01-27,32.0
SKU0016,2025-02-03,32.0
SKU0016,2025-02-10,36.0
SKU0016,2025-02-17,27.0
SKU0016,2025-02-24,30.0
SKU0016,2025-03-03,39.0
SKU0016,2025-03-10,45.0
SKU0016,2025-03-17,27.0
SKU0016,2025-03-24,36.0
SKU0016,2025-03-31,33.0
SKU0016,2025-04-07,42.0
SKU0016,2025-04-14,32.0
SKU0016,2025-04-21,35.0
SKU0016,2025-04-28,38.0
SKU0016,2025-05-05,33.0
SKU0016,2025-05-12,40.0
SKU0016,2025-05-19,23.0
SKU0016,2025-05-26,48.0
SKU0016,2025-06-02,36.0
SKU0016,2025-06-09,34.0
SKU0016,2025-06-16,45.0
SKU0016,2025-06-23,55.0
SKU0016,2025-06-30,53.0
SKU0016,2025-07-07,28.0
SKU0016,2025-07-14,42.0
SKU0016,2025-07-21,35.0
SKU0016,2025-07-28,26.0
SKU0016,2025-08-04,37.0
SKU0016,2025-08-11,36.0
SKU0016,2025-08-18,37.0
SKU0016,2025-08-25,30.0
SKU0016,2025-09-01,38.0
SKU0016,2025-09-08,29.0
SKU0016,2025-09-15,29.0
SKU0016,2025-09-22,35.0
SKU0016,2025-09-29,37.0
SKU0016,2025-10-06,45.0
SKU0016,2025-10-13,46.0
SKU0016,2025-10-20,67.0
SKU0016,2025-10-27,69.0
SKU0016,2025-11-03,89.0
SKU0016,2025-11-10,42.0
SKU0016,2025-11-17,55.0
SKU0016,2025-11-24,55.0
SKU0016,2025-12-01,58.0
SKU0016,2025-12-08,61.0
SKU0016,2025-12-15,50.0
SKU0016,2025-12-22,53.0
SKU0016,2025-12-29,84.0
SKU0016,2026-01-05,71.0
SKU0016,2026-01-12,32.0
SKU0016,2026-01-19,35.0
SKU0016,2026-01-26,29.0
SKU0016,2026-02-02,34.0
SKU0016,2026-02-09,36.0
SKU0016,2026-02-16,33.0
SKU0016,2026-02-23,37.0
SKU0016,2026-03-02,43.0
SKU0016,2026-03-09,31.0
SKU0016,2026-03-16,35.0
SKU0016,2026-03-23,34.0
SKU0016,2026-03-30,38.0
SKU0016,2026-04-06,41.0
SKU0016,2026-04-13,38.0
SKU0016,2026-04-20,31.0
SKU0016,2026-04-27,28.0
SKU0016,2026-05-04,24.0
SKU0016,2026-05-11,28.0
SKU0016,2026-05-18,26.0
SKU0016,2026-05-25,40.0
SKU0016,2026-06-01,36.0
SKU0016,2026-06-08,30.0
SKU0016,2026-06-15,28.0
SKU0016,2026-06-22,53.0
SKU0016,2026-06-29,70.0
SKU0016,2026-07-06,31.0
SKU0016,2026-07-13,47.0
SKU0016,2026-07-20,31.0
SKU0017,2026-03-30,17.0
SKU0017,2026-04-06,40.0
SKU0017,2026-04-13,32.0
SKU0017,2026-04-20,35.0
SKU0017,2026-04-27,36.0
SKU0017,2026-05-04,33.0
SKU0017,2026-05-11,25.0
SKU0017,2026-05-18,27.0
SKU0017,2026-05-25,27.0
SKU0017,2026-06-01,29.0
SKU0017,2026-06-08,29.0
SKU0017,2026-06-15,16.0
SKU0017,2026-06-22,50.0
SKU0017,2026-06-29,39.0
SKU0017,2026-07-06,35.0
SKU0017,2026-07-13,46.0
SKU0017,2026-07-20,14.0
SKU0018,2024-07-22,8.0
SKU0018,2024-07-29,27.0
SKU0018,2024-08-05,32.0
SKU0018,2024-08-12,19.0
SKU0018,2024-08-19,22.0
SKU0018,2024-08-26,19.0
SKU0018,2024-09-02,25.0
SKU0018,2024-09-09,31.0
SKU0018,2024-09-16,24.0
SKU0018,2024-09-23,28.0
SKU0018,2024-09-30,27.0
SKU0018,2024-10-07,32.0
SKU0018,2024-10-14,26.0
SKU0018,2024-10-21,38.0
SKU0018,2024-10-28,55.0
SKU0018,2024-11-04,69.0
SKU0018,2024-11-11,35.0
SKU0018,2024-11-18,30.0
SKU0018,2024-11-25,47.0
SKU0018,2024-12-02,40.0
SKU0018,2024-12-09,37.0
SKU0018,2024-12-16,31.0
SKU0018,2024-12-23,43.0
SKU0018,2024-12-30,64.0
SKU0018,2025-01-06,40.0
SKU0018,2025-01-13,20.0
SKU0018,2025-01-20,23.0
SKU0018,2025-01-27,25.0
SKU0018,2025-02-03,19.0
SKU0018,2025-02-10,25.0
SKU0018,2025-02-17,22.0
SKU0018,2025-02-24,19.0
SKU0018,2025-03-03,27.0
SKU0018,2025-03-10,27.0
SKU0018,2025-03-17,16.0
SKU0018,2025-03-24,23.0
SKU0018,2025-03-31,21.0
SKU0018,2025-04-07,18.0
SKU0018,2025-04-14,20.0
SKU0018,2025-04-21,24.0
SKU0018,2025-04-28,22.0
SKU0018,2025-05-05,25.0
SKU0018,2025-05-12,20.0
SKU0018,2025-05-19,21.0
SKU0018,2025-05-26,26.0
SKU0018,2025-06-02,39.0
SKU0018,2025-06-09,30.0
SKU0018,2025-06-16,26.0
SKU0018,2025-06-23,44.0
SKU0018,2025-06-30,57.0
SKU0018,2025-07-07,25.0
SKU0018,2025-07-14,26.0
SKU0018,2025-07-21,23.0
SKU0018,2025-07-28,16.0
SKU0018,2025-08-04,25.0
SKU0018,2025-08-11,25.0
SKU0018,2025-08-18,27.0
SKU0018,2025-08-25,28.0
SKU0018,2025-09-01,20.0
SKU0018,2025-09-08,10.0
SKU0018,2025-09-15,28.0
SKU0018,2025-09-22,25.0
SKU0018,2025-09-29,27.0
SKU0018,2025-10-06,33.0
SKU0018,2025-10-13,33.0
SKU0018,2025-10-20,56.0
SKU0018,2025-10-27,48.0
SKU0018,2025-11-03,68.0
SKU0018,2025-11-10,36.0
SKU0018,2025-11-17,34.0
SKU0018,2025-11-24,42.0
SKU0018,2025-12-01,51.0
SKU0018,2025-12-08,31.0
SKU0018,2025-12-15,30.0
SKU0018,2025-12-22,25.0
SKU0018,2025-12-29,56.0
SKU0018,2026-01-05,34.0
SKU0018,2026-01-12,22.0
SKU0018,2026-01-19,28.0
SKU0018,2026-01-26,28.0
SKU0018,2026-02-02,17.0
SKU0018,2026-02-09,18.0
SKU0018,2026-02-16,23.0
SKU0018,2026-02-23,19.0
SKU0018,2026-03-02,16.0
SKU0018,2026-03-09,28.0
SKU0018,2026-03-16,20.0
SKU0018,2026-03-23,13.0
SKU0018,2026-03-30,19.0
SKU0018,2026-04-06,24.0
SKU0018,2026-04-13,17.0
SKU0018,2026-04-20,23.0
SKU0018,2026-04-27,28.0
SKU0018,2026-05-04,28.0
SKU0018,2026-05-11,35.0
SKU0018,2026-05-18,33.0
SKU0018,2026-05-25,25.0
SKU0018,2026-06-01,20.0
SKU0018,2026-06-08,24.0
SKU0018,2026-06-15,27.0
SKU0018,2026-06-22,23.0
SKU0018,2026-06-29,42.0
SKU0018,2026-07-06,28.0
SKU0018,2026-07-13,24.0
SKU0018,2026-07-20,18.0
SKU0019,2024-07-22,10.0
SKU0019,2024-07-29,65.0
SKU0019,2024-08-05,67.0
SKU0019,2024-08-12,50.0
SKU0019,2024-08-19,63.0
SKU0019,2024-08-26,49.0
SKU0019,2024-09-02,57.0
SKU0019,2024-09-09,54.0
SKU0019,2024-09-16,56.0
SKU0019,2024-09-23,59.0
SKU0019,2024-09-30,65.0
SKU0019,2024-10-07,79.0
SKU0019,2024-10-14,82.0
SKU0019,2024-10-21,140.0
SKU0019,2024-10-28,134.0
SKU0019,2024-11-04,121.0
SKU0019,2024-11-11,96.0
SKU0019,2024-11-18,104.0
SKU0019,2024-11-25,105.0
SKU0019,2024-12-02,135.0
SKU0019,2024-12-09,97.0
SKU0019,2024-12-16,78.0
SKU0019,2024-12-23,106.0
SKU0019,2024-12-30,125.0
SKU0019,2025-01-06,101.0
SKU0019,2025-01-13,62.0
SKU0019,2025-01-20,64.0
SKU0019,2025-01-27,45.0
SKU0019,2025-02-03,56.0
SKU0019,2025-02-10,50.0
SKU0019,2025-02-17,55.0
SKU0019,2025-02-24,44.0
SKU0019,2025-03-03,52.0
SKU0019,2025-03-10,48.0
SKU0019,2025-03-17,64.0
SKU0019,2025-03-24,66.0
SKU0019,2025-03-31,54.0
SKU0019,2025-04-07,54.0
SKU0019,2025-04-14,64.0
SKU0019,2025-04-21,61.0
SKU0019,2025-04-28,65.0
SKU0019,2025-05-05,59.0
SKU0019,2025-05-12,59.0
SKU0019,2025-05-19,70.0
SKU0019,2025-05-26,72.0
SKU0019,2025-06-02,68.0
SKU0019,2025-06-09,64.0
SKU0019,2025-06-16,90.0
SKU0019,2025-06-23,104.0
SKU0019,2025-06-30,100.0
SKU0019,2025-07-07,65.0
SKU0019,2025-07-14,44.0
SKU0019,2025-07-21,65.0
SKU0019,2025-07-28,70.0
SKU0019,2025-08-04,61.0
SKU0019,2025-08-11,71.0
SKU0019,2025-08-18,55.0
SKU0019,2025-08-25,55.0
SKU0019,2025-09-01,64.0
SKU0019,2025-09-08,66.0
SKU0019,2025-09-15,62.0
SKU0019,2025-09-22,77.0
SKU0019,2025-09-29,63.0
SKU0019,2025-10-06,92.0
SKU0019,2025-10-13,87.0
SKU0019,2025-10-20,123.0
SKU0019,2025-10-27,126.0
SKU0019,2025-11-03,148.0
SKU0019,2025-11-10,102.0
SKU0019,2025-11-17,83.0
SKU0019,2025-11-24,89.0
SKU0019,2025-12-01,143.0
SKU0019,2025-12-08,98.0
SKU0019,2025-12-15,90.0
SKU0019,2025-12-22,115.0
SKU0019,2025-12-29,120.0
SKU0019,2026-01-05,100.0
SKU0019,2026-01-12,50.0
SKU0019,2026-01-19,58.0
SKU0019,2026-01-26,53.0
SKU0019,2026-02-02,60.0
SKU0019,2026-02-09,59.0
SKU0019,2026-02-16,52.0
SKU0019,2026-02-23,63.0
SKU0019,2026-03-02,58.0
SKU0019,2026-03-09,73.0
SKU0019,2026-03-16,74.0
SKU0019,2026-03-23,55.0
SKU0019,2026-03-30,76.0
SKU0019,2026-04-06,63.0
SKU0019,2026-04-13,61.0
SKU0019,2026-04-20,67.0
SKU0019,2026-04-27,61.0
SKU0019,2026-05-04,63.0
SKU0019,2026-05-11,89.0
SKU0019,2026-05-18,62.0
SKU0019,2026-05-25,71.0
SKU0019,2026-06-01,83.0
SKU0019,2026-06-08,63.0
SKU0019,2026-06-15,70.0
SKU0019,2026-06-22,111.0
SKU0019,2026-06-29,97.0
SKU0019,2026-07-06,67.0
SKU0019,2026-07-13,62.0
SKU0019,2026-07-20,69.0
SKU0020,2024-08-05,0.0
SKU0020,2024-08-12,5.0
SKU0020,2024-08-19,2.0
SKU0020,2024-08-26,4.0
SKU0020,2024-09-02,5.0
SKU0020,2024-09-09,4.0
SKU0020,2024-09-16,2.0
SKU0020,2024-09-23,4.0
SKU0020,2024-09-30,2.0
SKU0020,2024-10-07,6.0
SKU0020,2024-10-14,3.0
SKU0020,2024-10-21,7.0
SKU0020,2024-10-28,7.0
SKU0020,2024-11-04,6.0
SKU0020,2024-11-11,5.0
SKU0020,2024-11-18,4.0
SKU0020,2024-11-25,3.0
SKU0020,2024-12-02,8.0
SKU0020,2024-12-09,6.0
SKU0020,2024-12-16,3.0
SKU0020,2024-12-23,11.0
SKU0020,2024-12-30,9.0
SKU0020,2025-01-06,4.0
SKU0020,2025-01-13,2.0
SKU0020,2025-01-20,5.0
SKU0020,2025-01-27,5.0
SKU0020,2025-02-03,1.0
SKU0020,2025-02-10,0.0
SKU0020,2025-02-17,1.0
SKU0020,2025-02-24,5.0
SKU0020,2025-03-03,2.0
SKU0020,2025-03-10,6.0
SKU0020,2025-03-17,4.0
SKU0020,2025-03-24,3.0
SKU0020,2025-03-31,3.0
SKU0020,2025-04-07,5.0
SKU0020,2025-04-14,4.0
SKU0020,2025-04-21,5.0
SKU0020,2025-04-28,4.0
SKU0020,2025-05-05,8.0
SKU0020,2025-05-12,6.0
SKU0020,2025-05-19,7.0
SKU0020,2025-05-26,6.0
SKU0020,2025-06-02,4.0
SKU0020,2025-06-09,5.0
SKU0020,2025-06-16,3.0
SKU0020,2025-06-23,9.0
SKU0020,2025-06-30,4.0
SKU0020,2025-07-07,4.0
SKU0020,2025-07-14,4.0
SKU0020,2025-07-21,6.0
SKU0020,2025-07-28,2.0
SKU0020,2025-08-04,1.0
SKU0020,2025-08-11,2.0
SKU0020,2025-08-18,5.0
SKU0020,2025-08-25,3.0
SKU0020,2025-09-01,5.0
SKU0020,2025-09-08,2.0
SKU0020,2025-09-15,1.0
SKU0020,2025-09-22,4.0
SKU0020,2025-09-29,3.0
SKU0020,2025-10-06,7.0
SKU0020,2025-10-13,3.0
SKU0020,2025-10-20,6.0
SKU0020,2025-10-27,12.0
SKU0020,2025-11-03,13.0
SKU0020,2025-11-10,8.0
SKU0020,2025-11-17,5.0
SKU0020,2025-11-24,8.0
SKU0020,2025-12-01,10.0
SKU0020,2025-12-08,5.0
SKU0020,2025-12-15,6.0
SKU0020,2025-12-22,10.0
SKU0020,2025-12-29,5.0
SKU0020,2026-01-05,6.0
SKU0020,2026-01-12,7.0
SKU0020,2026-01-19,3.0
SKU0020,2026-01-26,1.0
SKU0020,2026-02-02,5.0
SKU0020,2026-02-09,2.0
SKU0020,2026-02-16,3.0
SKU0020,2026-02-23,5.0
SKU0020,2026-03-02,3.0
SKU0020,2026-03-09,2.0
SKU0020,2026-03-16,3.0
SKU0020,2026-03-23,2.0
SKU0020,2026-03-30,4.0
SKU0020,2026-04-06,4.0
SKU0020,2026-04-13,5.0
SKU0020,2026-04-20,8.0
SKU0020,2026-04-27,7.0
SKU0020,2026-05-04,2.0
SKU0020,2026-05-11,4.0
SKU0020,2026-05-18,8.0
SKU0020,2026-05-25,3.0
SKU0020,2026-06-01,4.0
SKU0020,2026-06-08,1.0
SKU0020,2026-06-15,7.0
SKU0020,2026-06-22,4.0
SKU0020,2026-06-29,11.0
SKU0020,2026-07-06,4.0
SKU0020,2026-07-13,3.0
SKU0020,2026-07-20,1.0
SKU0021,2024-08-12,52.0
SKU0021,2024-08-19,53.0
SKU0021,2024-08-26,63.0
SKU0021,2024-09-02,52.0
SKU0021,2024-09-09,46.0
SKU0021,2024-09-16,44.0
SKU0021,2024-09-23,43.0
SKU0021,2024-09-30,55.0
SKU0021,2024-10-07,67.0
SKU0021,2024-10-14,64.0
SKU0021,2024-10-21,108.0
SKU0021,2024-10-28,112.0
SKU0021,2024-11-04,113.0
SKU0021,2024-11-11,84.0
SKU0021,2024-11-18,54.0
SKU0021,2024-11-25,60.0
SKU0021,2024-12-02,88.0
SKU0021,2024-12-09,70.0
SKU0021,2024-12-16,67.0
SKU0021,2024-12-23,98.0
SKU0021,2024-12-30,106.0
SKU0021,2025-01-06,75.0
SKU0021,2025-01-13,31.0
SKU0021,2025-01-20,34.0
SKU0021,2025-01-27,43.0
SKU0021,2025-02-03,42.0
SKU0021,2025-02-10,32.0
SKU0021,2025-02-17,46.0
SKU0021,2025-02-24,42.0
SKU0021,2025-03-03,43.0
SKU0021,2025-03-10,44.0
SKU0021,2025-03-17,46.0
SKU0021,2025-03-24,57.0
SKU0021,2025-03-31,39.0
SKU0021,2025-04-07,52.0
SKU0021,2025-04-14,51.0
SKU0021,2025-04-21,48.0
SKU0021,2025-04-28,48.0
SKU0021,2025-05-05,54.0
SKU0021,2025-05-12,47.0
SKU0021,2025-05-19,38.0
SKU0021,2025-05-26,53.0
SKU0021,2025-06-02,39.0
SKU0021,2025-06-09,56.0
SKU0021,2025-06-16,55.0
SKU0021,2025-06-23,93.0
SKU0021,2025-06-30,79.0
SKU0021,2025-07-07,48.0
SKU0021,2025-07-14,60.0
SKU0021,2025-07-21,49.0
SKU0021,2025-07-28,30.0
SKU0021,2025-08-04,59.0
SKU0021,2025-08-11,55.0
SKU0021,2025-08-18,47.0
SKU0021,2025-08-25,47.0
SKU0021,2025-09-01,39.0
SKU0021,2025-09-08,50.0
SKU0021,2025-09-15,47.0
SKU0021,2025-09-22,40.0
SKU0021,2025-09-29,42.0
SKU0021,2025-10-06,59.0
SKU0021,2025-10-13,65.0
SKU0021,2025-10-20,96.0
SKU0021,2025-10-27,120.0
SKU0021,2025-11-03,104.0
SKU0021,2025-11-10,78.0
SKU0021,2025-11-17,57.0
SKU0021,2025-11-24,59.0
SKU0021,2025-12-01,134.0
SKU0021,2025-12-08,61.0
SKU0021,2025-12-15,60.0
SKU0021,2025-12-22,90.0
SKU0021,2025-12-29,101.0
SKU0021,2026-01-05,74.0
SKU0021,2026-01-12,45.0
SKU0021,2026-01-19,49.0
SKU0021,2026-01-26,39.0
SKU0021,2026-02-02,40.0
SKU0021,2026-02-09,32.0
SKU0021,2026-02-16,34.0
SKU0021,2026-02-23,42.0
SKU0021,2026-03-02,45.0
SKU0021,2026-03-09,48.0
SKU0021,2026-03-16,60.0
SKU0021,2026-03-23,44.0
SKU0021,2026-03-30,48.0
SKU0021,2026-04-06,46.0
SKU0021,2026-04-13,48.0
SKU0021,2026-04-20,47.0
SKU0021,2026-04-27,47.0
SKU0021,2026-05-04,59.0
SKU0021,2026-05-11,39.0
SKU0021,2026-05-18,43.0
SKU0021,2026-05-25,52.0
SKU0021,2026-06-01,61.0
SKU0021,2026-06-08,42.0
SKU0021,2026-06-15,44.0
SKU0021,2026-06-22,74.0
SKU0021,2026-06-29,77.0
SKU0021,2026-07-06,41.0
SKU0021,2026-07-13,60.0
SKU0021,2026-07-20,41.0
SKU0022,2026-05-18,55.0
SKU0022,2026-05-25,50.0
SKU0022,2026-06-01,47.0
SKU0022,2026-06-08,54.0
SKU0022,2026-06-15,60.0
SKU0022,2026-06-22,75.0
SKU0022,2026-06-29,100.0
SKU0022,2026-07-06,58.0
SKU0022,2026-07-13,59.0
SKU0022,2026-07-20,49.0
SKU0023,2026-03-09,18.0
SKU0023,2026-03-16,77.0
SKU0023,2026-03-23,62.0
SKU0023,2026-03-30,54.0
SKU0023,2026-04-06,67.0
SKU0023,2026-04-13,68.0
SKU0023,2026-04-20,58.0
SKU0023,2026-04-27,68.0
SKU0023,2026-05-04,61.0
SKU0023,2026-05-11,59.0
SKU0023,2026-05-18,57.0
SKU0023,2026-05-25,72.0
SKU0023,2026-06-01,74.0
SKU0023,2026-06-08,61.0
SKU0023,2026-06-15,64.0
SKU0023,2026-06-22,95.0
SKU0023,2026-06-29,95.0
SKU0023,2026-07-06,63.0
SKU0023,2026-07-13,74.0
SKU0023,2026-07-20,62.0
SKU0024,2024-07-22,3.0
SKU0024,2024-07-29,2.0
SKU0024,2024-08-05,4.0
SKU0024,2024-08-12,5.0
SKU0024,2024-08-19,2.0
SKU0024,2024-08-26,8.0
SKU0024,2024-09-02,5.0
SKU0024,2024-09-09,3.0
SKU0024,2024-09-16,3.0
SKU0024,2024-09-23,3.0
SKU0024,2024-09-30,5.0
SKU0024,2024-10-07,9.0
SKU0024,2024-10-14,8.0
SKU0024,2024-10-21,12.0
SKU0024,2024-10-28,10.0
SKU0024,2024-11-04,11.0
SKU0024,2024-11-11,7.0
SKU0024,2024-11-18,6.0
SKU0024,2024-11-25,4.0
SKU0024,2024-12-02,6.0
SKU0024,2024-12-09,4.0
SKU0024,2024-12-16,6.0
SKU0024,2024-12-23,6.0
SKU0024,2024-12-30,8.0
SKU0024,2025-01-06,1.0
SKU0024,2025-01-13,4.0
SKU0024,2025-01-20,8.0
SKU0024,2025-01-27,1.0
SKU0024,2025-02-03,7.0
SKU0024,2025-02-10,3.0
SKU0024,2025-02-17,6.0
SKU0024,2025-02-24,2.0
SKU0024,2025-03-03,4.0
SKU0024,2025-03-10,3.0
SKU0024,2025-03-17,1.0
SKU0024,2025-03-24,8.0
SKU0024,2025-03-31,7.0
SKU0024,2025-04-07,3.0
SKU0024,2025-04-14,6.0
SKU0024,2025-04-21,6.0
SKU0024,2025-04-28,4.0
SKU0024,2025-05-05,3.0
SKU0024,2025-05-12,5.0
SKU0024,2025-05-19,6.0
SKU0024,2025-05-26,5.0
SKU0024,2025-06-02,5.0
SKU0024,2025-06-09,6.0
SKU0024,2025-06-16,4.0
SKU0024,2025-06-23,7.0
SKU0024,2025-06-30,7.0
SKU0024,2025-07-07,0.0
SKU0024,2025-07-14,6.0
SKU0024,2025-07-21,3.0
SKU0024,2025-07-28,1.0
SKU0024,2025-08-04,3.0
SKU0024,2025-08-11,1.0
SKU0024,2025-08-18,4.0
SKU0024,2025-08-25,4.0
SKU0024,2025-09-01,4.0
SKU0024,2025-09-08,4.0
SKU0024,2025-09-15,1.0
SKU0024,2025-09-22,4.0
SKU0024,2025-09-29,5.0
SKU0024,2025-10-06,9.0
SKU0024,2025-10-13,7.0
SKU0024,2025-10-20,6.0
SKU0024,2025-10-27,4.0
SKU0024,2025-11-03,7.0
SKU0024,2025-11-10,1.0
SKU0024,2025-11-17,4.0
SKU0024,2025-11-24,2.0
SKU0024,2025-12-01,16.0
SKU0024,2025-12-08,7.0
SKU0024,2025-12-15,6.0
SKU0024,2025-12-22,10.0
SKU0024,2025-12-29,7.0
SKU0024,2026-01-05,1.0
SKU0024,2026-01-12,4.0
SKU0024,2026-01-19,1.0
SKU0024,2026-01-26,3.0
SKU0024,2026-02-02,5.0
SKU0024,2026-02-09,3.0
SKU0024,2026-02-16,6.0
SKU0024,2026-02-23,0.0
SKU0024,2026-03-02,3.0
SKU0024,2026-03-09,0.0
SKU0024,2026-03-16,4.0
SKU0024,2026-03-23,5.0
SKU0024,2026-03-30,7.0
SKU0024,2026-04-06,4.0
SKU0024,2026-04-13,4.0
SKU0024,2026-04-20,4.0
SKU0024,2026-04-27,2.0
SKU0024,2026-05-04,6.0
SKU0024,2026-05-11,5.0
SKU0024,2026-05-18,4.0
SKU0024,2026-05-25,2.0
SKU0024,2026-06-01,6.0
SKU0024,2026-06-08,4.0
SKU0024,2026-06-15,2.0
SKU0024,2026-06-22,9.0
SKU0024,2026-06-29,5.0
SKU0024,2026-07-06,3.0
SKU0024,2026-07-13,4.0
SKU0024,2026-07-20,6.0
SKU0025,2026-03-09,18.0
SKU0025,2026-03-16,21.0
SKU0025,2026-03-23,25.0
SKU0025,2026-03-30,32.0
SKU0025,2026-04-06,23.0
SKU0025,2026-04-13,18.0
SKU0025,2026-04-20,22.0
SKU0025,2026-04-27,24.0
SKU0025,2026-05-04,13.0
SKU0025,2026-05-11,31.0
SKU0025,2026-05-18,29.0
SKU0025,2026-05-25,23.0
SKU0025,2026-06-01,25.0
SKU0025,2026-06-08,32.0
SKU0025,2026-06-15,26.0
SKU0025,2026-06-22,37.0
SKU0025,2026-06-29,40.0
SKU0025,2026-07-06,22.0
SKU0025,2026-07-13,21.0
SKU0025,2026-07-20,20.0
SKU0026,2024-07-29,0.0
SKU0026,2024-08-05,2.0
SKU0026,2024-08-12,2.0
SKU0026,2024-08-19,2.0
SKU0026,2024-08-26,3.0
SKU0026,2024-09-02,4.0
SKU0026,2024-09-09,0.0
SKU0026,2024-09-16,0.0
SKU0026,2024-09-23,0.0
SKU0026,2024-09-30,2.0
SKU0026,2024-10-07,5.0
SKU0026,2024-10-14,5.0
SKU0026,2024-10-21,4.0
SKU0026,2024-10-28,0.0
SKU0026,2024-11-04,3.0
SKU0026,2024-11-11,1.0
SKU0026,2024-11-18,2.0
SKU0026,2024-11-25,1.0
SKU0026,2024-12-02,3.0
SKU0026,2024-12-09,4.0
SKU0026,2024-12-16,0.0
SKU0026,2024-12-23,1.0
SKU0026,2024-12-30,3.0
SKU0026,2025-01-06,4.0
SKU0026,2025-01-13,1.0
SKU0026,2025-01-20,2.0
SKU0026,2025-01-27,1.0
SKU0026,2025-02-03,1.0
SKU0026,2025-02-10,3.0
SKU0026,2025-02-17,0.0
SKU0026,2025-02-24,2.0
SKU0026,2025-03-03,1.0
SKU0026,2025-03-10,2.0
SKU0026,2025-03-17,1.0
SKU0026,2025-03-24,0.0
SKU0026,2025-03-31,0.0
SKU0026,2025-04-07,0.0
SKU0026,2025-04-14,2.0
SKU0026,2025-04-21,1.0
SKU0026,2025-04-28,2.0
SKU0026,2025-05-05,1.0
SKU0026,2025-05-12,0.0
SKU0026,2025-05-19,3.0
SKU0026,2025-05-26,1.0
SKU0026,2025-06-02,3.0
SKU0026,2025-06-09,1.0
SKU0026,2025-06-16,5.0
SKU0026,2025-06-23,1.0
SKU0026,2025-06-30,1.0
SKU0026,2025-07-07,0.0
SKU0026,2025-07-14,1.0
SKU0026,2025-07-21,3.0
SKU0026,2025-07-28,1.0
SKU0026,2025-08-04,1.0
SKU0026,2025-08-11,4.0
SKU0026,2025-08-18,2.0
SKU0026,2025-08-25,2.0
SKU0026,2025-09-01,1.0
SKU0026,2025-09-08,1.0
SKU0026,2025-09-15,2.0
SKU0026,2025-09-22,1.0
SKU0026,2025-09-29,1.0
SKU0026,2025-10-06,4.0
SKU0026,2025-10-13,1.0
SKU0026,2025-10-20,4.0
SKU0026,2025-10-27,2.0
SKU0026,2025-11-03,5.0
SKU0026,2025-11-10,4.0
SKU0026,2025-11-17,2.0
SKU0026,2025-11-24,1.0
SKU0026,2025-12-01,2.0
SKU0026,2025-12-08,2.0
SKU0026,2025-12-15,2.0
SKU0026,2025-12-22,0.0
SKU0026,2025-12-29,4.0
SKU0026,2026-01-05,1.0
SKU0026,2026-01-12,0.0
SKU0026,2026-01-19,2.0
SKU0026,2026-01-26,1.0
SKU0026,2026-02-02,2.0
SKU0026,2026-02-09,2.0
SKU0026,2026-02-16,1.0
SKU0026,2026-02-23,2.0
SKU0026,2026-03-02,1.0
SKU0026,2026-03-09,2.0
SKU0026,2026-03-16,2.0
SKU0026,2026-03-23,0.0
SKU0026,2026-03-30,3.0
SKU0026,2026-04-06,1.0
SKU0026,2026-04-13,1.0
SKU0026,2026-04-20,3.0
SKU0026,2026-04-27,1.0
SKU0026,2026-05-04,2.0
SKU0026,2026-05-11,2.0
SKU0026,2026-05-18,1.0
SKU0026,2026-05-25,3.0
SKU0026,2026-06-01,1.0
SKU0026,2026-06-08,0.0
SKU0026,2026-06-15,0.0
SKU0026,2026-06-22,2.0
SKU0026,2026-06-29,4.0
SKU0026,2026-07-06,1.0
SKU0026,2026-07-13,0.0
SKU0026,2026-07-20,1.0
SKU0027,2024-07-22,13.0
SKU0027,2024-07-29,23.0
SKU0027,2024-08-05,25.0
SKU0027,2024-08-12,42.0
SKU0027,2024-08-19,37.0
SKU0027,2024-08-26,33.0
SKU0027,2024-09-02,38.0
SKU0027,2024-09-09,31.0
SKU0027,2024-09-16,29.0
SKU0027,2024-09-23,41.0
SKU0027,2024-09-30,42.0
SKU0027,2024-10-07,52.0
SKU0027,2024-10-14,45.0
SKU0027,2024-10-21,73.0
SKU0027,2024-10-28,77.0
SKU0027,2024-11-04,64.0
SKU0027,2024-11-11,42.0
SKU0027,2024-11-18,45.0
SKU0027,2024-11-25,54.0
SKU0027,2024-12-02,64.0
SKU0027,2024-12-09,42.0
SKU0027,2024-12-16,44.0
SKU0027,2024-12-23,74.0
SKU0027,2024-12-30,91.0
SKU0027,2025-01-06,52.0
SKU0027,2025-01-13,34.0
SKU0027,2025-01-20,29.0
SKU0027,2025-01-27,34.0
SKU0027,2025-02-03,38.0
SKU0027,2025-02-10,32.0
SKU0027,2025-02-17,43.0
SKU0027,2025-02-24,39.0
SKU0027,2025-03-03,26.0
SKU0027,2025-03-10,40.0
SKU0027,2025-03-17,42.0
SKU0027,2025-03-24,36.0
SKU0027,2025-03-31,36.0
SKU0027,2025-04-07,36.0
SKU0027,2025-04-14,23.0
SKU0027,2025-04-21,42.0
SKU0027,2025-04-28,21.0
SKU0027,2025-05-05,35.0
SKU0027,2025-05-12,46.0
SKU0027,2025-05-19,46.0
SKU0027,2025-05-26,36.0
SKU0027,2025-06-02,38.0
SKU0027,2025-06-09,36.0
SKU0027,2025-06-16,58.0
SKU0027,2025-06-23,63.0
SKU0027,2025-06-30,47.0
SKU0027,2025-07-07,36.0
SKU0027,2025-07-14,53.0
SKU0027,2025-07-21,32.0
SKU0027,2025-07-28,35.0
SKU0027,2025-08-04,34.0
SKU0027,2025-08-11,33.0
SKU0027,2025-08-18,37.0
SKU0027,2025-08-25,32.0
SKU0027,2025-09-01,37.0
SKU0027,2025-09-08,19.0
SKU0027,2025-09-15,42.0
SKU0027,2025-09-22,33.0
SKU0027,2025-09-29,39.0
SKU0027,2025-10-06,58.0
SKU0027,2025-10-13,53.0
SKU0027,2025-10-20,73.0
SKU0027,2025-10-27,90.0
SKU0027,2025-11-03,101.0
SKU0027,2025-11-10,50.0
SKU0027,2025-11-17,42.0
SKU0027,2025-11-24,59.0
SKU0027,2025-12-01,74.0
SKU0027,2025-12-08,55.0
SKU0027,2025-12-15,65.0
SKU0027,2025-12-22,79.0
SKU0027,2025-12-29,95.0
SKU0027,2026-01-05,60.0
SKU0027,2026-01-12,35.0
SKU0027,2026-01-19,48.0
SKU0027,2026-01-26,37.0
SKU0027,2026-02-02,34.0
SKU0027,2026-02-09,26.0
SKU0027,2026-02-16,25.0
SKU0027,2026-02-23,27.0
SKU0027,2026-03-02,33.0
SKU0027,2026-03-09,32.0
SKU0027,2026-03-16,37.0
SKU0027,2026-03-23,41.0
SKU0027,2026-03-30,49.0
SKU0027,2026-04-06,33.0
SKU0027,2026-04-13,31.0
SKU0027,2026-04-20,29.0
SKU0027,2026-04-27,31.0
SKU0027,2026-05-04,53.0
SKU0027,2026-05-11,46.0
SKU0027,2026-05-18,46.0
SKU0027,2026-05-25,39.0
SKU0027,2026-06-01,42.0
SKU0027,2026-06-08,32.0
SKU0027,2026-06-15,45.0
SKU0027,2026-06-22,48.0
SKU0027,2026-06-29,52.0
SKU0027,2026-07-06,37.0
SKU0027,2026-07-13,27.0
SKU0027,2026-07-20,39.0
SKU0028,2024-07-22,24.0
SKU0028,2024-07-29,28.0
SKU0028,2024-08-05,26.0
SKU0028,2024-08-12,34.0
SKU0028,2024-08-19,45.0
SKU0028,2024-08-26,34.0
SKU0028,2024-09-02,25.0
SKU0028,2024-09-09,33.0
SKU0028,2024-09-16,37.0
SKU0028,2024-09-23,28.0
SKU0028,2024-09-30,28.0
SKU0028,2024-10-07,57.0
SKU0028,2024-10-14,71.0
SKU0028,2024-10-21,83.0
SKU0028,2024-10-28,76.0
SKU0028,2024-11-04,70.0
SKU0028,2024-11-11,43.0
SKU0028,2024-11-18,58.0
SKU0028,2024-11-25,42.0
SKU0028,2024-12-02,64.0
SKU0028,2024-12-09,52.0
SKU0028,2024-12-16,38.0
SKU0028,2024-12-23,70.0
SKU0028,2024-12-30,68.0
SKU0028,2025-01-06,58.0
SKU0028,2025-01-13,36.0
SKU0028,2025-01-20,30.0
SKU0028,2025-01-27,21.0
SKU0028,2025-02-03,30.0
SKU0028,2025-02-10,28.0
SKU0028,2025-02-17,32.0
SKU0028,2025-02-24,24.0
SKU0028,2025-03-03,31.0
SKU0028,2025-03-10,44.0
SKU0028,2025-03-17,28.0
SKU0028,2025-03-24,46.0
SKU0028,2025-03-31,31.0
SKU0028,2025-04-07,27.0
SKU0028,2025-04-14,33.0
SKU0028,2025-04-21,27.0
SKU0028,2025-04-28,39.0
SKU0028,2025-05-05,37.0
SKU0028,2025-05-12,42.0
SKU0028,2025-05-19,46.0
SKU0028,2025-05-26,34.0
SKU0028,2025-06-02,24.0
SKU0028,2025-06-09,35.0
SKU0028,2025-06-16,42.0
SKU0028,2025-06-23,55.0
SKU0028,2025-06-30,59.0
SKU0028,2025-07-07,27.0
SKU0028,2025-07-14,29.0
SKU0028,2025-07-21,33.0
SKU0028,2025-07-28,36.0
SKU0028,2025-08-04,26.0
SKU0028,2025-08-11,27.0
SKU0028,2025-08-18,30.0
SKU0028,2025-08-25,29.0
SKU0028,2025-09-01,35.0
SKU0028,2025-09-08,34.0
SKU0028,2025-09-15,27.0
SKU0028,2025-09-22,26.0
SKU0028,2025-09-29,37.0
SKU0028,2025-10-06,44.0
SKU0028,2025-10-13,46.0
SKU0028,2025-10-20,69.0
SKU0028,2025-10-27,98.0
SKU0028,2025-11-03,70.0
SKU0028,2025-11-10,53.0
SKU0028,2025-11-17,42.0
SKU0028,2025-11-24,42.0
SKU0028,2025-12-01,70.0
SKU0028,2025-12-08,39.0
SKU0028,2025-12-15,60.0
SKU0028,2025-12-22,61.0
SKU0028,2025-12-29,83.0
SKU0028,2026-01-05,67.0
SKU0028,2026-01-12,21.0
SKU0028,2026-01-19,36.0
SKU0028,2026-01-26,25.0
SKU0028,2026-02-02,32.0
SKU0028,2026-02-09,29.0
SKU0028,2026-02-16,32.0
SKU0028,2026-02-23,33.0
SKU0028,2026-03-02,25.0
SKU0028,2026-03-09,31.0
SKU0028,2026-03-16,43.0
SKU0028,2026-03-23,29.0
SKU0028,2026-03-30,28.0
SKU0028,2026-04-06,47.0
SKU0028,2026-04-13,31.0
SKU0028,2026-04-20,38.0
SKU0028,2026-04-27,35.0
SKU0028,2026-05-04,28.0
SKU0028,2026-05-11,39.0
SKU0028,2026-05-18,30.0
SKU0028,2026-05-25,37.0
SKU0028,2026-06-01,24.0
SKU0028,2026-06-08,29.0
SKU0028,2026-06-15,42.0
SKU0028,2026-06-22,66.0
SKU0028,2026-06-29,44.0
SKU0028,2026-07-06,38.0
SKU0028,2026-07-13,35.0
SKU0028,2026-07-20,31.0
SKU0029,2024-08-05,53.0
SKU0029,2024-08-12,86.0
SKU0029,2024-08-19,90.0
SKU0029,2024-08-26,93.0
SKU0029,2024-09-02,93.0
SKU0029,2024-09-09,71.0
SKU0029,2024-09-16,79.0
SKU0029,2024-09-23,82.0
SKU0029,2024-09-30,102.0
SKU0029,2024-10-07,122.0
SKU0029,2024-10-14,121.0
SKU0029,2024-10-21,214.0
SKU0029,2024-10-28,215.0
SKU0029,2024-11-04,201.0
SKU0029,2024-11-11,152.0
SKU0029,2024-11-18,124.0
SKU0029,2024-11-25,140.0
SKU0029,2024-12-02,177.0
SKU0029,2024-12-09,117.0
SKU0029,2024-12-16,126.0
SKU0029,2024-12-23,212.0
SKU0029,2024-12-30,216.0
SKU0029,2025-01-06,141.0
SKU0029,2025-01-13,93.0
SKU0029,2025-01-20,91.0
SKU0029,2025-01-27,87.0
SKU0029,2025-02-03,90.0
SKU0029,2025-02-10,83.0
SKU0029,2025-02-17,79.0
SKU0029,2025-02-24,73.0
SKU0029,2025-03-03,80.0
SKU0029,2025-03-10,84.0
SKU0029,2025-03-17,99.0
SKU0029,2025-03-24,96.0
SKU0029,2025-03-31,93.0
SKU0029,2025-04-07,87.0
SKU0029,2025-04-14,84.0
SKU0029,2025-04-21,90.0
SKU0029,2025-04-28,110.0
SKU0029,2025-05-05,86.0
SKU0029,2025-05-12,110.0
SKU0029,2025-05-19,89.0
SKU0029,2025-05-26,101.0
SKU0029,2025-06-02,103.0
SKU0029,2025-06-09,113.0
SKU0029,2025-06-16,95.0
SKU0029,2025-06-23,140.0
SKU0029,2025-06-30,163.0
SKU0029,2025-07-07,92.0
SKU0029,2025-07-14,102.0
SKU0029,2025-07-21,82.0
SKU0029,2025-07-28,110.0
SKU0029,2025-08-04,90.0
SKU0029,2025-08-11,77.0
SKU0029,2025-08-18,108.0
SKU0029,2025-08-25,99.0
SKU0029,2025-09-01,91.0
SKU0029,2025-09-08,89.0
SKU0029,2025-09-15,95.0
SKU0029,2025-09-22,104.0
SKU0029,2025-09-29,86.0
SKU0029,2025-10-06,126.0
SKU0029,2025-10-13,137.0
SKU0029,2025-10-20,191.0
SKU0029,2025-10-27,223.0
SKU0029,2025-11-03,212.0
SKU0029,2025-11-10,142.0
SKU0029,2025-11-17,130.0
SKU0029,2025-11-24,130.0
SKU0029,2025-12-01,202.0
SKU0029,2025-12-08,124.0
SKU0029,2025-12-15,142.0
SKU0029,2025-12-22,193.0
SKU0029,2025-12-29,215.0
SKU0029,2026-01-05,155.0
SKU0029,2026-01-12,92.0
SKU0029,2026-01-19,71.0
SKU0029,2026-01-26,79.0
SKU0029,2026-02-02,80.0
SKU0029,2026-02-09,80.0
SKU0029,2026-02-16,78.0
SKU0029,2026-02-23,87.0
SKU0029,2026-03-02,89.0
SKU0029,2026-03-09,90.0
SKU0029,2026-03-16,89.0
SKU0029,2026-03-23,96.0
SKU0029,2026-03-30,98.0
SKU0029,2026-04-06,95.0
SKU0029,2026-04-13,107.0
SKU0029,2026-04-20,99.0
SKU0029,2026-04-27,101.0
SKU0029,2026-05-04,105.0
SKU0029,2026-05-11,95.0
SKU0029,2026-05-18,83.0
SKU0029,2026-05-25,102.0
SKU0029,2026-06-01,106.0
SKU0029,2026-06-08,93.0
SKU0029,2026-06-15,87.0
SKU0029,2026-06-22,161.0
SKU0029,2026-06-29,132.0
SKU0029,2026-07-06,105.0
SKU0029,2026-07-13,97.0
SKU0029,2026-07-20,81.0
SKU0030,2024-08-05,92.0
SKU0030,2024-08-12,128.0
SKU0030,2024-08-19,104.0
SKU0030,2024-08-26,113.0
SKU0030,2024-09-02,107.0
SKU0030,2024-09-09,112.0
SKU0030,2024-09-16,94.0
SKU0030,2024-09-23,111.0
SKU0030,2024-09-30,112.0
SKU0030,2024-10-07,154.0
SKU0030,2024-10-14,162.0
SKU0030,2024-10-21,273.0
SKU0030,2024-10-28,245.0
SKU0030,2024-11-04,267.0
SKU0030,2024-11-11,174.0
SKU0030,2024-11-18,178.0
SKU0030,2024-11-25,185.0
SKU0030,2024-12-02,211.0
SKU0030,2024-12-09,159.0
SKU0030,2024-12-16,131.0
SKU0030,2024-12-23,226.0
SKU0030,2024-12-30,238.0
SKU0030,2025-01-06,163.0
SKU0030,2025-01-13,106.0
SKU0030,2025-01-20,117.0
SKU0030,2025-01-27,112.0
SKU0030,2025-02-03,112.0
SKU0030,2025-02-10,89.0
SKU0030,2025-02-17,89.0
SKU0030,2025-02-24,87.0
SKU0030,2025-03-03,93.0
SKU0030,2025-03-10,111.0
SKU0030,2025-03-17,95.0
SKU0030,2025-03-24,110.0
SKU0030,2025-03-31,119.0
SKU0030,2025-04-07,138.0
SKU0030,2025-04-14,111.0
SKU0030,2025-04-21,110.0
SKU0030,2025-04-28,112.0
SKU0030,2025-05-05,113.0
SKU0030,2025-05-12,126.0
SKU0030,2025-05-19,123.0
SKU0030,2025-05-26,110.0
SKU0030,2025-06-02,114.0
SKU0030,2025-06-09,126.0
SKU0030,2025-06-16,154.0
SKU0030,2025-06-23,188.0
SKU0030,2025-06-30,225.0
SKU0030,2025-07-07,135.0
SKU0030,2025-07-14,127.0
SKU0030,2025-07-21,106.0
SKU0030,2025-07-28,107.0
SKU0030,2025-08-04,133.0
SKU0030,2025-08-11,137.0
SKU0030,2025-08-18,110.0
SKU0030,2025-08-25,107.0
SKU0030,2025-09-01,125.0
SKU0030,2025-09-08,116.0
SKU0030,2025-09-15,124.0
SKU0030,2025-09-22,129.0
SKU0030,2025-09-29,142.0
SKU0030,2025-10-06,184.0
SKU0030,2025-10-13,167.0
SKU0030,2025-10-20,253.0
SKU0030,2025-10-27,275.0
SKU0030,2025-11-03,273.0
SKU0030,2025-11-10,195.0
SKU0030,2025-11-17,161.0
SKU0030,2025-11-24,179.0
SKU0030,2025-12-01,276.0
SKU0030,2025-12-08,187.0
SKU0030,2025-12-15,202.0
SKU0030,2025-12-22,206.0
SKU0030,2025-12-29,277.0
SKU0030,2026-01-05,205.0
SKU0030,2026-01-12,114.0
SKU0030,2026-01-19,117.0
SKU0030,2026-01-26,95.0
SKU0030,2026-02-02,111.0
SKU0030,2026-02-09,123.0
SKU0030,2026-02-16,114.0
SKU0030,2026-02-23,105.0
SKU0030,2026-03-02,118.0
SKU0030,2026-03-09,117.0
SKU0030,2026-03-16,137.0
SKU0030,2026-03-23,134.0
SKU0030,2026-03-30,141.0
SKU0030,2026-04-06,148.0
SKU0030,2026-04-13,119.0
SKU0030,2026-04-20,132.0
SKU0030,2026-04-27,153.0
SKU0030,2026-05-04,120.0
SKU0030,2026-05-11,127.0
SKU0030,2026-05-18,122.0
SKU0030,2026-05-25,135.0
SKU0030,2026-06-01,129.0
SKU0030,2026-06-08,122.0
SKU0030,2026-06-15,134.0
SKU0030,2026-06-22,219.0
SKU0030,2026-06-29,211.0
SKU0030,2026-07-06,136.0
SKU0030,2026-07-13,150.0
SKU0030,2026-07-20,129.0
SKU0031,2024-07-29,26.0
SKU0031,2024-08-05,34.0
SKU0031,2024-08-12,47.0
SKU0031,2024-08-19,34.0
SKU0031,2024-08-26,48.0
SKU0031,2024-09-02,34.0
SKU0031,2024-09-09,34.0
SKU0031,2024-09-16,49.0
SKU0031,2024-09-23,44.0
SKU0031,2024-09-30,29.0
SKU0031,2024-10-07,58.0
SKU0031,2024-10-14,57.0
SKU0031,2024-10-21,100.0
SKU0031,2024-10-28,78.0
SKU0031,2024-11-04,78.0
SKU0031,2024-11-11,63.0
SKU0031,2024-11-18,58.0
SKU0031,2024-11-25,58.0
SKU0031,2024-12-02,73.0
SKU0031,2024-12-09,55.0
SKU0031,2024-12-16,59.0
SKU0031,2024-12-23,98.0
SKU0031,2024-12-30,99.0
SKU0031,2025-01-06,52.0
SKU0031,2025-01-13,37.0
SKU0031,2025-01-20,30.0
SKU0031,2025-01-27,40.0
SKU0031,2025-02-03,41.0
SKU0031,2025-02-10,36.0
SKU0031,2025-02-17,44.0
SKU0031,2025-02-24,41.0
SKU0031,2025-03-03,40.0
SKU0031,2025-03-10,40.0
SKU0031,2025-03-17,45.0
SKU0031,2025-03-24,47.0
SKU0031,2025-03-31,43.0
SKU0031,2025-04-07,35.0
SKU0031,2025-04-14,39.0
SKU0031,2025-04-21,44.0
SKU0031,2025-04-28,30.0
SKU0031,2025-05-05,35.0
SKU0031,2025-05-12,36.0
SKU0031,2025-05-19,43.0
SKU0031,2025-05-26,45.0
SKU0031,2025-06-02,59.0
SKU0031,2025-06-09,36.0
SKU0031,2025-06-16,41.0
SKU0031,2025-06-23,72.0
SKU0031,2025-06-30,60.0
SKU0031,2025-07-07,38.0
SKU0031,2025-07-14,51.0
SKU0031,2025-07-21,46.0
SKU0031,2025-07-28,50.0
SKU0031,2025-08-04,34.0
SKU0031,2025-08-11,43.0
SKU0031,2025-08-18,49.0
SKU0031,2025-08-25,33.0
SKU0031,2025-09-01,37.0
SKU0031,2025-09-08,42.0
SKU0031,2025-09-15,40.0
SKU0031,2025-09-22,46.0
SKU0031,2025-09-29,59.0
SKU0031,2025-10-06,66.0
SKU0031,2025-10-13,44.0
SKU0031,2025-10-20,99.0
SKU0031,2025-10-27,86.0
SKU0031,2025-11-03,104.0
SKU0031,2025-11-10,64.0
SKU0031,2025-11-17,63.0
SKU0031,2025-11-24,60.0
SKU0031,2025-12-01,80.0
SKU0031,2025-12-08,62.0
SKU0031,2025-12-15,44.0
SKU0031,2025-12-22,102.0
SKU0031,2025-12-29,108.0
SKU0031,2026-01-05,50.0
SKU0031,2026-01-12,47.0
SKU0031,2026-01-19,33.0
SKU0031,2026-01-26,38.0
SKU0031,2026-02-02,38.0
SKU0031,2026-02-09,39.0
SKU0031,2026-02-16,39.0
SKU0031,2026-02-23,34.0
SKU0031,2026-03-02,29.0
SKU0031,2026-03-09,33.0
SKU0031,2026-03-16,42.0
SKU0031,2026-03-23,43.0
SKU0031,2026-03-30,65.0
SKU0031,2026-04-06,42.0
SKU0031,2026-04-13,40.0
SKU0031,2026-04-20,41.0
SKU0031,2026-04-27,42.0
SKU0031,2026-05-04,50.0
SKU0031,2026-05-11,30.0
SKU0031,2026-05-18,44.0
SKU0031,2026-05-25,40.0
SKU0031,2026-06-01,44.0
SKU0031,2026-06-08,35.0
SKU0031,2026-06-15,53.0
SKU0031,2026-06-22,67.0
SKU0031,2026-06-29,56.0
SKU0031,2026-07-06,50.0
SKU0031,2026-07-13,42.0
SKU0031,2026-07-20,39.0
SKU0032,2024-08-12,18.0
SKU0032,2024-08-19,26.0
SKU0032,2024-08-26,23.0
SKU0032,2024-09-02,22.0
SKU0032,2024-09-09,22.0
SKU0032,2024-09-16,12.0
SKU0032,2024-09-23,22.0
SKU0032,2024-09-30,19.0
SKU0032,2024-10-07,31.0
SKU0032,2024-10-14,22.0
SKU0032,2024-10-21,53.0
SKU0032,2024-10-28,41.0
SKU0032,2024-11-04,46.0
SKU0032,2024-11-11,35.0
SKU0032,2024-11-18,36.0
SKU0032,2024-11-25,28.0
SKU0032,2024-12-02,47.0
SKU0032,2024-12-09,31.0
SKU0032,2024-12-16,29.0
SKU0032,2024-12-23,37.0
SKU0032,2024-12-30,50.0
SKU0032,2025-01-06,24.0
SKU0032,2025-01-13,20.0
SKU0032,2025-01-20,14.0
SKU0032,2025-01-27,13.0
SKU0032,2025-02-03,15.0
SKU0032,2025-02-10,16.0
SKU0032,2025-02-17,19.0
SKU0032,2025-02-24,15.0
SKU0032,2025-03-03,28.0
SKU0032,2025-03-10,22.0
SKU0032,2025-03-17,19.0
SKU0032,2025-03-24,18.0
SKU0032,2025-03-31,17.0
SKU0032,2025-04-07,29.0
SKU0032,2025-04-14,22.0
SKU0032,2025-04-21,10.0
SKU0032,2025-04-28,23.0
SKU0032,2025-05-05,30.0
SKU0032,2025-05-12,27.0
SKU0032,2025-05-19,20.0
SKU0032,2025-05-26,11.0
SKU0032,2025-06-02,14.0
SKU0032,2025-06-09,17.0
SKU0032,2025-06-16,22.0
SKU0032,2025-06-23,29.0
SKU0032,2025-06-30,25.0
SKU0032,2025-07-07,20.0
SKU0032,2025-07-14,23.0
SKU0032,2025-07-21,21.0
SKU0032,2025-07-28,19.0
SKU0032,2025-08-04,27.0
SKU0032,2025-08-11,25.0
SKU0032,2025-08-18,11.0
SKU0032,2025-08-25,20.0
SKU0032,2025-09-01,20.0
SKU0032,2025-09-08,18.0
SKU0032,2025-09-15,22.0
SKU0032,2025-09-22,18.0
SKU0032,2025-09-29,19.0
SKU0032,2025-10-06,27.0
SKU0032,2025-10-13,21.0
SKU0032,2025-10-20,34.0
SKU0032,2025-10-27,22.0
SKU0032,2025-11-03,53.0
SKU0032,2025-11-10,32.0
SKU0032,2025-11-17,22.0
SKU0032,2025-11-24,26.0
SKU0032,2025-12-01,36.0
SKU0032,2025-12-08,22.0
SKU0032,2025-12-15,19.0
SKU0032,2025-12-22,39.0
SKU0032,2025-12-29,37.0
SKU0032,2026-01-05,34.0
SKU0032,2026-01-12,16.0
SKU0032,2026-01-19,13.0
SKU0032,2026-01-26,18.0
SKU0032,2026-02-02,12.0
SKU0032,2026-02-09,16.0
SKU0032,2026-02-16,15.0
SKU0032,2026-02-23,9.0
SKU0032,2026-03-02,15.0
SKU0032,2026-03-09,20.0
SKU0032,2026-03-16,27.0
SKU0032,2026-03-23,20.0
SKU0032,2026-03-30,22.0
SKU0032,2026-04-06,18.0
SKU0032,2026-04-13,17.0
SKU0032,2026-04-20,18.0
SKU0032,2026-04-27,16.0
SKU0032,2026-05-04,27.0
SKU0032,2026-05-11,22.0
SKU0032,2026-05-18,23.0
SKU0032,2026-05-25,18.0
SKU0032,2026-06-01,11.0
SKU0032,2026-06-08,20.0
SKU0032,2026-06-15,22.0
SKU0032,2026-06-22,29.0
SKU0032,2026-06-29,28.0
SKU0032,2026-07-06,16.0
SKU0032,2026-07-13,19.0
SKU0032,2026-07-20,18.0
SKU0033,2024-08-05,4.0
SKU0033,2024-08-12,5.0
SKU0033,2024-08-19,2.0
SKU0033,2024-08-26,5.0
SKU0033,2024-09-02,2.0
SKU0033,2024-09-09,2.0
SKU0033,2024-09-16,4.0
SKU0033,2024-09-23,1.0
SKU0033,2024-09-30,0.0
SKU0033,2024-10-07,4.0
SKU0033,2024-10-14,2.0
SKU0033,2024-10-21,9.0
SKU0033,2024-10-28,8.0
SKU0033,2024-11-04,6.0
SKU0033,2024-11-11,6.0
SKU0033,2024-11-18,3.0
SKU0033,2024-11-25,4.0
SKU0033,2024-12-02,6.0
SKU0033,2024-12-09,2.0
SKU0033,2024-12-16,6.0
SKU0033,2024-12-23,5.0
SKU0033,2024-12-30,5.0
SKU0033,2025-01-06,4.0
SKU0033,2025-01-13,4.0
SKU0033,2025-01-20,2.0
SKU0033,2025-01-27,1.0
SKU0033,2025-02-03,2.0
SKU0033,2025-02-10,3.0
SKU0033,2025-02-17,2.0
SKU0033,2025-02-24,2.0
SKU0033,2025-03-03,2.0
SKU0033,2025-03-10,4.0
SKU0033,2025-03-17,3.0
SKU0033,2025-03-24,1.0
SKU0033,2025-03-31,4.0
SKU0033,2025-04-07,3.0
SKU0033,2025-04-14,2.0
SKU0033,2025-04-21,0.0
SKU0033,2025-04-28,2.0
SKU0033,2025-05-05,5.0
SKU0033,2025-05-12,1.0
SKU0033,2025-05-19,1.0
SKU0033,2025-05-26,5.0
SKU0033,2025-06-02,4.0
SKU0033,2025-06-09,1.0
SKU0033,2025-06-16,1.0
SKU0033,2025-06-23,3.0
SKU0033,2025-06-30,6.0
SKU0033,2025-07-07,3.0
SKU0033,2025-07-14,3.0
SKU0033,2025-07-21,3.0
SKU0033,2025-07-28,4.0
SKU0033,2025-08-04,1.0
SKU0033,2025-08-11,4.0
SKU0033,2025-08-18,5.0
SKU0033,2025-08-25,0.0
SKU0033,2025-09-01,4.0
SKU0033,2025-09-08,4.0
SKU0033,2025-09-15,4.0
SKU0033,2025-09-22,4.0
SKU0033,2025-09-29,2.0
SKU0033,2025-10-06,8.0
SKU0033,2025-10-13,8.0
SKU0033,2025-10-20,5.0
SKU0033,2025-10-27,5.0
SKU0033,2025-11-03,7.0
SKU0033,2025-11-10,7.0
SKU0033,2025-11-17,4.0
SKU0033,2025-11-24,1.0
SKU0033,2025-12-01,7.0
SKU0033,2025-12-08,4.0
SKU0033,2025-12-15,3.0
SKU0033,2025-12-22,2.0
SKU0033,2025-12-29,8.0
SKU0033,2026-01-05,5.0
SKU0033,2026-01-12,1.0
SKU0033,2026-01-19,1.0
SKU0033,2026-01-26,1.0
SKU0033,2026-02-02,1.0
SKU0033,2026-02-09,4.0
SKU0033,2026-02-16,0.0
SKU0033,2026-02-23,0.0
SKU0033,2026-03-02,3.0
SKU0033,2026-03-09,3.0
SKU0033,2026-03-16,1.0
SKU0033,2026-03-23,6.0
SKU0033,2026-03-30,1.0
SKU0033,2026-04-06,3.0
SKU0033,2026-04-13,1.0
SKU0033,2026-04-20,4.0
SKU0033,2026-04-27,0.0
SKU0033,2026-05-04,4.0
SKU0033,2026-05-11,2.0
SKU0033,2026-05-18,2.0
SKU0033,2026-05-25,6.0
SKU0033,2026-06-01,3.0
SKU0033,2026-06-08,1.0
SKU0033,2026-06-15,1.0
SKU0033,2026-06-22,4.0
SKU0033,2026-06-29,3.0
SKU0033,2026-07-06,3.0
SKU0033,2026-07-13,3.0
SKU0033,2026-07-20,2.0
SKU0034,2026-04-20,11.0
SKU0034,2026-04-27,15.0
SKU0034,2026-05-04,27.0
SKU0034,2026-05-11,22.0
SKU0034,2026-05-18,17.0
SKU0034,2026-05-25,17.0
SKU0034,2026-06-01,22.0
SKU0034,2026-06-08,17.0
SKU0034,2026-06-15,21.0
SKU0034,2026-06-22,30.0
SKU0034,2026-06-29,27.0
SKU0034,2026-07-06,17.0
SKU0034,2026-07-13,26.0
SKU0034,2026-07-20,20.0
SKU0035,2024-07-29,0.0
SKU0035,2024-08-05,5.0
SKU0035,2024-08-12,6.0
SKU0035,2024-08-19,1.0
SKU0035,2024-08-26,4.0
SKU0035,2024-09-02,1.0
SKU0035,2024-09-09,1.0
SKU0035,2024-09-16,2.0
SKU0035,2024-09-23,2.0
SKU0035,2024-09-30,2.0
SKU0035,2024-10-07,3.0
SKU0035,2024-10-14,5.0
SKU0035,2024-10-21,8.0
SKU0035,2024-10-28,3.0
SKU0035,2024-11-04,7.0
SKU0035,2024-11-11,0.0
SKU0035,2024-11-18,2.0
SKU0035,2024-11-25,7.0
SKU0035,2024-12-02,6.0
SKU0035,2024-12-09,2.0
SKU0035,2024-12-16,1.0
SKU0035,2024-12-23,4.0
SKU0035,2024-12-30,0.0
SKU0035,2025-01-06,3.0
SKU0035,2025-01-13,1.0
SKU0035,2025-01-20,2.0
SKU0035,2025-01-27,2.0
SKU0035,2025-02-03,1.0
SKU0035,2025-02-10,1.0
SKU0035,2025-02-17,1.0
SKU0035,2025-02-24,0.0
SKU0035,2025-03-03,2.0
SKU0035,2025-03-10,0.0
SKU0035,2025-03-17,3.0
SKU0035,2025-03-24,1.0
SKU0035,2025-03-31,3.0
SKU0035,2025-04-07,2.0
SKU0035,2025-04-14,3.0
SKU0035,2025-04-21,1.0
SKU0035,2025-04-28,1.0
SKU0035,2025-05-05,2.0
SKU0035,2025-05-12,2.0
SKU0035,2025-05-19,0.0
SKU0035,2025-05-26,1.0
SKU0035,2025-06-02,6.0
SKU0035,2025-06-09,2.0
SKU0035,2025-06-16,6.0
SKU0035,2025-06-23,3.0
SKU0035,2025-06-30,4.0
SKU0035,2025-07-07,3.0
SKU0035,2025-07-14,3.0
SKU0035,2025-07-21,1.0
SKU0035,2025-07-28,1.0
SKU0035,2025-08-04,2.0
SKU0035,2025-08-11,0.0
SKU0035,2025-08-18,4.0
SKU0035,2025-08-25,3.0
SKU0035,2025-09-01,3.0
SKU0035,2025-09-08,1.0
SKU0035,2025-09-15,4.0
SKU0035,2025-09-22,4.0
SKU0035,2025-09-29,5.0
SKU0035,2025-10-06,0.0
SKU0035,2025-10-13,2.0
SKU0035,2025-10-20,7.0
SKU0035,2025-10-27,5.0
SKU0035,2025-11-03,4.0
SKU0035,2025-11-10,5.0
SKU0035,2025-11-17,3.0
SKU0035,2025-11-24,2.0
SKU0035,2025-12-01,2.0
SKU0035,2025-12-08,4.0
SKU0035,2025-12-15,2.0
SKU0035,2025-12-22,1.0
SKU0035,2025-12-29,2.0
SKU0035,2026-01-05,4.0
SKU0035,2026-01-12,1.0
SKU0035,2026-01-19,3.0
SKU0035,2026-01-26,3.0
SKU0035,2026-02-02,5.0
SKU0035,2026-02-09,6.0
SKU0035,2026-02-16,3.0
SKU0035,2026-02-23,0.0
SKU0035,2026-03-02,0.0
SKU0035,2026-03-09,4.0
SKU0035,2026-03-16,1.0
SKU0035,2026-03-23,0.0
SKU0035,2026-03-30,1.0
SKU0035,2026-04-06,4.0
SKU0035,2026-04-13,0.0
SKU0035,2026-04-20,2.0
SKU0035,2026-04-27,2.0
SKU0035,2026-05-04,5.0
SKU0035,2026-05-11,3.0
SKU0035,2026-05-18,4.0
SKU0035,2026-05-25,3.0
SKU0035,2026-06-01,3.0
SKU0035,2026-06-08,2.0
SKU0035,2026-06-15,1.0
SKU0035,2026-06-22,2.0
SKU0035,2026-06-29,3.0
SKU0035,2026-07-06,3.0
SKU0035,2026-07-13,4.0
SKU0035,2026-07-20,1.0
SKU0036,2026-05-04,99.0
SKU0036,2026-05-11,88.0
SKU0036,2026-05-18,97.0
SKU0036,2026-05-25,95.0
SKU0036,2026-06-01,90.0
SKU0036,2026-06-08,90.0
SKU0036,2026-06-15,83.0
SKU0036,2026-06-22,151.0
SKU0036,2026-06-29,149.0
SKU0036,2026-07-06,111.0
SKU0036,2026-07-13,91.0
SKU0036,2026-07-20,77.0
SKU0037,2024-07-29,15.0
SKU0037,2024-08-05,9.0
SKU0037,2024-08-12,17.0
SKU0037,2024-08-19,21.0
SKU0037,2024-08-26,20.0
SKU0037,2024-09-02,17.0
SKU0037,2024-09-09,28.0
SKU0037,2024-09-16,20.0
SKU0037,2024-09-23,15.0
SKU0037,2024-09-30,14.0
SKU0037,2024-10-07,20.0
SKU0037,2024-10-14,25.0
SKU0037,2024-10-21,34.0
SKU0037,2024-10-28,39.0
SKU0037,2024-11-04,54.0
SKU0037,2024-11-11,28.0
SKU0037,2024-11-18,27.0
SKU0037,2024-11-25,34.0
SKU0037,2024-12-02,52.0
SKU0037,2024-12-09,36.0
SKU0037,2024-12-16,20.0
SKU0037,2024-12-23,40.0
SKU0037,2024-12-30,33.0
SKU0037,2025-01-06,31.0
SKU0037,2025-01-13,22.0
SKU0037,2025-01-20,14.0
SKU0037,2025-01-27,17.0
SKU0037,2025-02-03,12.0
SKU0037,2025-02-10,14.0
SKU0037,2025-02-17,14.0
SKU0037,2025-02-24,19.0
SKU0037,2025-03-03,20.0
SKU0037,2025-03-10,21.0
SKU0037,2025-03-17,18.0
SKU0037,2025-03-24,16.0
SKU0037,2025-03-31,17.0
SKU0037,2025-04-07,24.0
SKU0037,2025-04-14,21.0
SKU0037,2025-04-21,22.0
SKU0037,2025-04-28,22.0
SKU0037,2025-05-05,14.0
SKU0037,2025-05-12,12.0
SKU0037,2025-05-19,20.0
SKU0037,2025-05-26,18.0
SKU0037,2025-06-02,19.0
SKU0037,2025-06-09,29.0
SKU0037,2025-06-16,23.0
SKU0037,2025-06-23,32.0
SKU0037,2025-06-30,32.0
SKU0037,2025-07-07,24.0
SKU0037,2025-07-14,17.0
SKU0037,2025-07-21,16.0
SKU0037,2025-07-28,21.0
SKU0037,2025-08-04,21.0
SKU0037,2025-08-11,22.0
SKU0037,2025-08-18,20.0
SKU0037,2025-08-25,19.0
SKU0037,2025-09-01,21.0
SKU0037,2025-09-08,16.0
SKU0037,2025-09-15,24.0
SKU0037,2025-09-22,20.0
SKU0037,2025-09-29,28.0
SKU0037,2025-10-06,23.0
SKU0037,2025-10-13,20.0
SKU0037,2025-10-20,52.0
SKU0037,2025-10-27,46.0
SKU0037,2025-11-03,34.0
SKU0037,2025-11-10,41.0
SKU0037,2025-11-17,30.0
SKU0037,2025-11-24,32.0
SKU0037,2025-12-01,41.0
SKU0037,2025-12-08,26.0
SKU0037,2025-12-15,31.0
SKU0037,2025-12-22,28.0
SKU0037,2025-12-29,46.0
SKU0037,2026-01-05,24.0
SKU0037,2026-01-12,15.0
SKU0037,2026-01-19,14.0
SKU0037,2026-01-26,13.0
SKU0037,2026-02-02,10.0
SKU0037,2026-02-09,14.0
SKU0037,2026-02-16,9.0
SKU0037,2026-02-23,14.0
SKU0037,2026-03-02,15.0
SKU0037,2026-03-09,24.0
SKU0037,2026-03-16,18.0
SKU0037,2026-03-23,21.0
SKU0037,2026-03-30,27.0
SKU0037,2026-04-06,19.0
SKU0037,2026-04-13,26.0
SKU0037,2026-04-20,24.0
SKU0037,2026-04-27,14.0
SKU0037,2026-05-04,27.0
SKU0037,2026-05-11,19.0
SKU0037,2026-05-18,17.0
SKU0037,2026-05-25,21.0
SKU0037,2026-06-01,21.0
SKU0037,2026-06-08,28.0
SKU0037,2026-06-15,17.0
SKU0037,2026-06-22,28.0
SKU0037,2026-06-29,22.0
SKU0037,2026-07-06,19.0
SKU0037,2026-07-13,16.0
SKU0037,2026-07-20,20.0
SKU0038,2024-07-22,14.0
SKU0038,2024-07-29,76.0
SKU0038,2024-08-05,61.0
SKU0038,2024-08-12,71.0
SKU0038,2024-08-19,82.0
SKU0038,2024-08-26,63.0
SKU0038,2024-09-02,60.0
SKU0038,2024-09-09,86.0
SKU0038,2024-09-16,88.0
SKU0038,2024-09-23,69.0
SKU0038,2024-09-30,88.0
SKU0038,2024-10-07,93.0
SKU0038,2024-10-14,124.0
SKU0038,2024-10-21,155.0
SKU0038,2024-10-28,157.0
SKU0038,2024-11-04,150.0
SKU0038,2024-11-11,107.0
SKU0038,2024-11-18,115.0
SKU0038,2024-11-25,112.0
SKU0038,2024-12-02,148.0
SKU0038,2024-12-09,98.0
SKU0038,2024-12-16,81.0
SKU0038,2024-12-23,152.0
SKU0038,2024-12-30,198.0
SKU0038,2025-01-06,103.0
SKU0038,2025-01-13,61.0
SKU0038,2025-01-20,65.0
SKU0038,2025-01-27,58.0
SKU0038,2025-02-03,60.0
SKU0038,2025-02-10,46.0
SKU0038,2025-02-17,75.0
SKU0038,2025-02-24,82.0
SKU0038,2025-03-03,70.0
SKU0038,2025-03-10,85.0
SKU0038,2025-03-17,85.0
SKU0038,2025-03-24,76.0
SKU0038,2025-03-31,81.0
SKU0038,2025-04-07,72.0
SKU0038,2025-04-14,67.0
SKU0038,2025-04-21,79.0
SKU0038,2025-04-28,78.0
SKU0038,2025-05-05,84.0
SKU0038,2025-05-12,85.0
SKU0038,2025-05-19,64.0
SKU0038,2025-05-26,77.0
SKU0038,2025-06-02,85.0
SKU0038,2025-06-09,77.0
SKU0038,2025-06-16,91.0
SKU0038,2025-06-23,133.0
SKU0038,2025-06-30,117.0
SKU0038,2025-07-07,78.0
SKU0038,2025-07-14,66.0
SKU0038,2025-07-21,88.0
SKU0038,2025-07-28,77.0
SKU0038,2025-08-04,97.0
SKU0038,2025-08-11,85.0
SKU0038,2025-08-18,55.0
SKU0038,2025-08-25,77.0
SKU0038,2025-09-01,87.0
SKU0038,2025-09-08,93.0
SKU0038,2025-09-15,76.0
SKU0038,2025-09-22,79.0
SKU0038,2025-09-29,86.0
SKU0038,2025-10-06,123.0
SKU0038,2025-10-13,128.0
SKU0038,2025-10-20,153.0
SKU0038,2025-10-27,175.0
SKU0038,2025-11-03,169.0
SKU0038,2025-11-10,137.0
SKU0038,2025-11-17,116.0
SKU0038,2025-11-24,113.0
SKU0038,2025-12-01,143.0
SKU0038,2025-12-08,105.0
SKU0038,2025-12-15,112.0
SKU0038,2025-12-22,128.0
SKU0038,2025-12-29,180.0
SKU0038,2026-01-05,120.0
SKU0038,2026-01-12,80.0
SKU0038,2026-01-19,51.0
SKU0038,2026-01-26,81.0
SKU0038,2026-02-02,64.0
SKU0038,2026-02-09,71.0
SKU0038,2026-02-16,68.0
SKU0038,2026-02-23,69.0
SKU0038,2026-03-02,86.0
SKU0038,2026-03-09,91.0
SKU0038,2026-03-16,75.0
SKU0038,2026-03-23,75.0
SKU0038,2026-03-30,73.0
SKU0038,2026-04-06,88.0
SKU0038,2026-04-13,61.0
SKU0038,2026-04-20,75.0
SKU0038,2026-04-27,75.0
SKU0038,2026-05-04,80.0
SKU0038,2026-05-11,75.0
SKU0038,2026-05-18,92.0
SKU0038,2026-05-25,71.0
SKU0038,2026-06-01,79.0
SKU0038,2026-06-08,70.0
SKU0038,2026-06-15,71.0
SKU0038,2026-06-22,101.0
SKU0038,2026-06-29,133.0
SKU0038,2026-07-06,76.0
SKU0038,2026-07-13,75.0
SKU0038,2026-07-20,78.0
SKU0039,2024-08-05,56.0
SKU0039,2024-08-12,64.0
SKU0039,2024-08-19,68.0
SKU0039,2024-08-26,54.0
SKU0039,2024-09-02,66.0
SKU0039,2024-09-09,71.0
SKU0039,2024-09-16,79.0
SKU0039,2024-09-23,50.0
SKU0039,2024-09-30,61.0
SKU0039,2024-10-07,88.0
SKU0039,2024-10-14,88.0
SKU0039,2024-10-21,136.0
SKU0039,2024-10-28,157.0
SKU0039,2024-11-04,145.0
SKU0039,2024-11-11,91.0
SKU0039,2024-11-18,98.0
SKU0039,2024-11-25,107.0
SKU0039,2024-12-02,127.0
SKU0039,2024-12-09,100.0
SKU0039,2024-12-16,77.0
SKU0039,2024-12-23,117.0
SKU0039,2024-12-30,156.0
SKU0039,2025-01-06,91.0
SKU0039,2025-01-13,55.0
SKU0039,2025-01-20,58.0
SKU0039,2025-01-27,60.0
SKU0039,2025-02-03,82.0
SKU0039,2025-02-10,68.0
SKU0039,2025-02-17,57.0
SKU0039,2025-02-24,64.0
SKU0039,2025-03-03,53.0
SKU0039,2025-03-10,58.0
SKU0039,2025-03-17,78.0
SKU0039,2025-03-24,62.0
SKU0039,2025-03-31,69.0
SKU0039,2025-04-07,83.0
SKU0039,2025-04-14,79.0
SKU0039,2025-04-21,66.0
SKU0039,2025-04-28,71.0
SKU0039,2025-05-05,64.0
SKU0039,2025-05-12,89.0
SKU0039,2025-05-19,81.0
SKU0039,2025-05-26,69.0
SKU0039,2025-06-02,81.0
SKU0039,2025-06-09,66.0
SKU0039,2025-06-16,71.0
SKU0039,2025-06-23,93.0
SKU0039,2025-06-30,107.0
SKU0039,2025-07-07,65.0
SKU0039,2025-07-14,60.0
SKU0039,2025-07-21,90.0
SKU0039,2025-07-28,75.0
SKU0039,2025-08-04,71.0
SKU0039,2025-08-11,72.0
SKU0039,2025-08-18,51.0
SKU0039,2025-08-25,71.0
SKU0039,2025-09-01,87.0
SKU0039,2025-09-08,79.0
SKU0039,2025-09-15,63.0
SKU0039,2025-09-22,55.0
SKU0039,2025-09-29,70.0
SKU0039,2025-10-06,82.0
SKU0039,2025-10-13,96.0
SKU0039,2025-10-20,157.0
SKU0039,2025-10-27,134.0
SKU0039,2025-11-03,137.0
SKU0039,2025-11-10,102.0
SKU0039,2025-11-17,92.0
SKU0039,2025-11-24,98.0
SKU0039,2025-12-01,132.0
SKU0039,2025-12-08,94.0
SKU0039,2025-12-15,92.0
SKU0039,2025-12-22,126.0
SKU0039,2025-12-29,148.0
SKU0039,2026-01-05,95.0
SKU0039,2026-01-12,64.0
SKU0039,2026-01-19,51.0
SKU0039,2026-01-26,52.0
SKU0039,2026-02-02,47.0
SKU0039,2026-02-09,61.0
SKU0039,2026-02-16,63.0
SKU0039,2026-02-23,57.0
SKU0039,2026-03-02,54.0
SKU0039,2026-03-09,68.0
SKU0039,2026-03-16,76.0
SKU0039,2026-03-23,72.0
SKU0039,2026-03-30,68.0
SKU0039,2026-04-06,86.0
SKU0039,2026-04-13,67.0
SKU0039,2026-04-20,57.0
SKU0039,2026-04-27,65.0
SKU0039,2026-05-04,69.0
SKU0039,2026-05-11,75.0
SKU0039,2026-05-18,63.0
SKU0039,2026-05-25,71.0
SKU0039,2026-06-01,81.0
SKU0039,2026-06-08,68.0
SKU0039,2026-06-15,89.0
SKU0039,2026-06-22,96.0
SKU0039,2026-06-29,99.0
SKU0039,2026-07-06,65.0
SKU0039,2026-07-13,70.0
SKU0039,2026-07-20,66.0
SKU0040,2024-07-29,9.0
SKU0040,2024-08-05,9.0
SKU0040,2024-08-12,11.0
SKU0040,2024-08-19,8.0
SKU0040,2024-08-26,19.0
SKU0040,2024-09-02,19.0
SKU0040,2024-09-09,7.0
SKU0040,2024-09-16,14.0
SKU0040,2024-09-23,20.0
SKU0040,2024-09-30,22.0
SKU0040,2024-10-07,20.0
SKU0040,2024-10-14,19.0
SKU0040,2024-10-21,32.0
SKU0040,2024-10-28,34.0
SKU0040,2024-11-04,32.0
SKU0040,2024-11-11,20.0
SKU0040,2024-11-18,15.0
SKU0040,2024-11-25,20.0
SKU0040,2024-12-02,29.0
SKU0040,2024-12-09,21.0
SKU0040,2024-12-16,16.0
SKU0040,2024-12-23,23.0
SKU0040,2024-12-30,25.0
SKU0040,2025-01-06,25.0
SKU0040,2025-01-13,17.0
SKU0040,2025-01-20,8.0
SKU0040,2025-01-27,11.0
SKU0040,2025-02-03,10.0
SKU0040,2025-02-10,14.0
SKU0040,2025-02-17,13.0
SKU0040,2025-02-24,10.0
SKU0040,2025-03-03,12.0
SKU0040,2025-03-10,18.0
SKU0040,2025-03-17,11.0
SKU0040,2025-03-24,16.0
SKU0040,2025-03-31,18.0
SKU0040,2025-04-07,19.0
SKU0040,2025-04-14,7.0
SKU0040,2025-04-21,14.0
SKU0040,2025-04-28,22.0
SKU0040,2025-05-05,10.0
SKU0040,2025-05-12,10.0
SKU0040,2025-05-19,10.0
SKU0040,2025-05-26,18.0
SKU0040,2025-06-02,16.0
SKU0040,2025-06-09,11.0
SKU0040,2025-06-16,12.0
SKU0040,2025-06-23,25.0
SKU0040,2025-06-30,32.0
SKU0040,2025-07-07,14.0
SKU0040,2025-07-14,11.0
SKU0040,2025-07-21,18.0
SKU0040,2025-07-28,16.0
SKU0040,2025-08-04,13.0
SKU0040,2025-08-11,18.0
SKU0040,2025-08-18,13.0
SKU0040,2025-08-25,11.0
SKU0040,2025-09-01,18.0
SKU0040,2025-09-08,13.0
SKU0040,2025-09-15,11.0
SKU0040,2025-09-22,16.0
SKU0040,2025-09-29,13.0
SKU0040,2025-10-06,21.0
SKU0040,2025-10-13,24.0
SKU0040,2025-10-20,30.0
SKU0040,2025-10-27,48.0
SKU0040,2025-11-03,27.0
SKU0040,2025-11-10,23.0
SKU0040,2025-11-17,25.0
SKU0040,2025-11-24,21.0
SKU0040,2025-12-01,33.0
SKU0040,2025-12-08,17.0
SKU0040,2025-12-15,23.0
SKU0040,2025-12-22,32.0
SKU0040,2025-12-29,44.0
SKU0040,2026-01-05,15.0
SKU0040,2026-01-12,22.0
SKU0040,2026-01-19,13.0
SKU0040,2026-01-26,15.0
SKU0040,2026-02-02,10.0
SKU0040,2026-02-09,22.0
SKU0040,2026-02-16,12.0
SKU0040,2026-02-23,16.0
SKU0040,2026-03-02,19.0
SKU0040,2026-03-09,17.0
SKU0040,2026-03-16,11.0
SKU0040,2026-03-23,17.0
SKU0040,2026-03-30,20.0
SKU0040,2026-04-06,15.0
SKU0040,2026-04-13,18.0
SKU0040,2026-04-20,15.0
SKU0040,2026-04-27,20.0
SKU0040,2026-05-04,12.0
SKU0040,2026-05-11,16.0
SKU0040,2026-05-18,19.0
SKU0040,2026-05-25,15.0
SKU0040,2026-06-01,17.0
SKU0040,2026-06-08,12.0
SKU0040,2026-06-15,13.0
SKU0040,2026-06-22,22.0
SKU0040,2026-06-29,19.0
SKU0040,2026-07-06,16.0
SKU0040,2026-07-13,16.0
SKU0040,2026-07-20,12.0
SKU0041,2024-08-05,10.0
SKU0041,2024-08-12,88.0
SKU0041,2024-08-19,80.0
SKU0041,2024-08-26,90.0
SKU0041,2024-09-02,95.0
SKU0041,2024-09-09,90.0
SKU0041,2024-09-16,90.0
SKU0041,2024-09-23,104.0
SKU0041,2024-09-30,90.0
SKU0041,2024-10-07,126.0
SKU0041,2024-10-14,131.0
SKU0041,2024-10-21,206.0
SKU0041,2024-10-28,172.0
SKU0041,2024-11-04,206.0
SKU0041,2024-11-11,128.0
SKU0041,2024-11-18,139.0
SKU0041,2024-11-25,140.0
SKU0041,2024-12-02,186.0
SKU0041,2024-12-09,111.0
SKU0041,2024-12-16,118.0
SKU0041,2024-12-23,181.0
SKU0041,2024-12-30,199.0
SKU0041,2025-01-06,134.0
SKU0041,2025-01-13,90.0
SKU0041,2025-01-20,52.0
SKU0041,2025-01-27,90.0
SKU0041,2025-02-03,84.0
SKU0041,2025-02-10,89.0
SKU0041,2025-02-17,76.0
SKU0041,2025-02-24,88.0
SKU0041,2025-03-03,82.0
SKU0041,2025-03-10,87.0
SKU0041,2025-03-17,78.0
SKU0041,2025-03-24,101.0
SKU0041,2025-03-31,89.0
SKU0041,2025-04-07,77.0
SKU0041,2025-04-14,91.0
SKU0041,2025-04-21,86.0
SKU0041,2025-04-28,93.0
SKU0041,2025-05-05,102.0
SKU0041,2025-05-12,104.0
SKU0041,2025-05-19,94.0
SKU0041,2025-05-26,90.0
SKU0041,2025-06-02,86.0
SKU0041,2025-06-09,82.0
SKU0041,2025-06-16,112.0
SKU0041,2025-06-23,163.0
SKU0041,2025-06-30,140.0
SKU0041,2025-07-07,102.0
SKU0041,2025-07-14,89.0
SKU0041,2025-07-21,107.0
SKU0041,2025-07-28,94.0
SKU0041,2025-08-04,97.0
SKU0041,2025-08-11,93.0
SKU0041,2025-08-18,97.0
SKU0041,2025-08-25,88.0
SKU0041,2025-09-01,84.0
SKU0041,2025-09-08,91.0
SKU0041,2025-09-15,90.0
SKU0041,2025-09-22,103.0
SKU0041,2025-09-29,89.0
SKU0041,2025-10-06,126.0
SKU0041,2025-10-13,135.0
SKU0041,2025-10-20,207.0
SKU0041,2025-10-27,221.0
SKU0041,2025-11-03,208.0
SKU0041,2025-11-10,163.0
SKU0041,2025-11-17,142.0
SKU0041,2025-11-24,139.0
SKU0041,2025-12-01,174.0
SKU0041,2025-12-08,129.0
SKU0041,2025-12-15,140.0
SKU0041,2025-12-22,161.0
SKU0041,2025-12-29,231.0
SKU0041,2026-01-05,157.0
SKU0041,2026-01-12,71.0
SKU0041,2026-01-19,79.0
SKU0041,2026-01-26,91.0
SKU0041,2026-02-02,80.0
SKU0041,2026-02-09,89.0
SKU0041,2026-02-16,77.0
SKU0041,2026-02-23,94.0
SKU0041,2026-03-02,89.0
SKU0041,2026-03-09,88.0
SKU0041,2026-03-16,104.0
SKU0041,2026-03-23,106.0
SKU0041,2026-03-30,108.0
SKU0041,2026-04-06,97.0
SKU0041,2026-04-13,104.0
SKU0041,2026-04-20,87.0
SKU0041,2026-04-27,84.0
SKU0041,2026-05-04,93.0
SKU0041,2026-05-11,79.0
SKU0041,2026-05-18,108.0
SKU0041,2026-05-25,74.0
SKU0041,2026-06-01,103.0
SKU0041,2026-06-08,83.0
SKU0041,2026-06-15,105.0
SKU0041,2026-06-22,166.0
SKU0041,2026-06-29,128.0
SKU0041,2026-07-06,100.0
SKU0041,2026-07-13,102.0
SKU0041,2026-07-20,92.0
SKU0042,2024-08-12,59.0
SKU0042,2024-08-19,80.0
SKU0042,2024-08-26,77.0
SKU0042,2024-09-02,72.0
SKU0042,2024-09-09,69.0
SKU0042,2024-09-16,83.0
SKU0042,2024-09-23,64.0
SKU0042,2024-09-30,73.0
SKU0042,2024-10-07,94.0
SKU0042,2024-10-14,100.0
SKU0042,2024-10-21,149.0
SKU0042,2024-10-28,155.0
SKU0042,2024-11-04,135.0
SKU0042,2024-11-11,115.0
SKU0042,2024-11-18,109.0
SKU0042,2024-11-25,102.0
SKU0042,2024-12-02,140.0
SKU0042,2024-12-09,89.0
SKU0042,2024-12-16,100.0
SKU0042,2024-12-23,133.0
SKU0042,2024-12-30,154.0
SKU0042,2025-01-06,99.0
SKU0042,2025-01-13,58.0
SKU0042,2025-01-20,49.0
SKU0042,2025-01-27,54.0
SKU0042,2025-02-03,55.0
SKU0042,2025-02-10,65.0
SKU0042,2025-02-17,60.0
SKU0042,2025-02-24,51.0
SKU0042,2025-03-03,61.0
SKU0042,2025-03-10,72.0
SKU0042,2025-03-17,71.0
SKU0042,2025-03-24,85.0
SKU0042,2025-03-31,59.0
SKU0042,2025-04-07,87.0
SKU0042,2025-04-14,62.0
SKU0042,2025-04-21,78.0
SKU0042,2025-04-28,69.0
SKU0042,2025-05-05,61.0
SKU0042,2025-05-12,76.0
SKU0042,2025-05-19,72.0
SKU0042,2025-05-26,69.0
SKU0042,2025-06-02,52.0
SKU0042,2025-06-09,67.0
SKU0042,2025-06-16,77.0
SKU0042,2025-06-23,108.0
SKU0042,2025-06-30,124.0
SKU0042,2025-07-07,76.0
SKU0042,2025-07-14,64.0
SKU0042,2025-07-21,67.0
SKU0042,2025-07-28,70.0
SKU0042,2025-08-04,77.0
SKU0042,2025-08-11,69.0
SKU0042,2025-08-18,76.0
SKU0042,2025-08-25,71.0
SKU0042,2025-09-01,59.0
SKU0042,2025-09-08,68.0
SKU0042,2025-09-15,60.0
SKU0042,2025-09-22,85.0
SKU0042,2025-09-29,73.0
SKU0042,2025-10-06,115.0
SKU0042,2025-10-13,97.0
SKU0042,2025-10-20,131.0
SKU0042,2025-10-27,181.0
SKU0042,2025-11-03,151.0
SKU0042,2025-11-10,103.0
SKU0042,2025-11-17,101.0
SKU0042,2025-11-24,118.0
SKU0042,2025-12-01,140.0
SKU0042,2025-12-08,121.0
SKU0042,2025-12-15,97.0
SKU0042,2025-12-22,129.0
SKU0042,2025-12-29,168.0
SKU0042,2026-01-05,118.0
SKU0042,2026-01-12,57.0
SKU0042,2026-01-19,53.0
SKU0042,2026-01-26,63.0
SKU0042,2026-02-02,60.0
SKU0042,2026-02-09,53.0
SKU0042,2026-02-16,50.0
SKU0042,2026-02-23,59.0
SKU0042,2026-03-02,61.0
SKU0042,2026-03-09,77.0
SKU0042,2026-03-16,65.0
SKU0042,2026-03-23,60.0
SKU0042,2026-03-30,66.0
SKU0042,2026-04-06,62.0
SKU0042,2026-04-13,71.0
SKU0042,2026-04-20,56.0
SKU0042,2026-04-27,67.0
SKU0042,2026-05-04,87.0
SKU0042,2026-05-11,81.0
SKU0042,2026-05-18,73.0
SKU0042,2026-05-25,62.0
SKU0042,2026-06-01,78.0
SKU0042,2026-06-08,69.0
SKU0042,2026-06-15,68.0
SKU0042,2026-06-22,115.0
SKU0042,2026-06-29,113.0
SKU0042,2026-07-06,80.0
SKU0042,2026-07-13,55.0
SKU0042,2026-07-20,53.0
SKU0043,2024-07-29,13.0
SKU0043,2024-08-05,33.0
SKU0043,2024-08-12,30.0
SKU0043,2024-08-19,35.0
SKU0043,2024-08-26,33.0
SKU0043,2024-09-02,28.0
SKU0043,2024-09-09,30.0
SKU0043,2024-09-16,28.0
SKU0043,2024-09-23,36.0
SKU0043,2024-09-30,34.0
SKU0043,2024-10-07,48.0
SKU0043,2024-10-14,53.0
SKU0043,2024-10-21,81.0
SKU0043,2024-10-28,80.0
SKU0043,2024-11-04,63.0
SKU0043,2024-11-11,51.0
SKU0043,2024-11-18,53.0
SKU0043,2024-11-25,68.0
SKU0043,2024-12-02,66.0
SKU0043,2024-12-09,54.0
SKU0043,2024-12-16,70.0
SKU0043,2024-12-23,76.0
SKU0043,2024-12-30,92.0
SKU0043,2025-01-06,41.0
SKU0043,2025-01-13,24.0
SKU0043,2025-01-20,41.0
SKU0043,2025-01-27,41.0
SKU0043,2025-02-03,34.0
SKU0043,2025-02-10,33.0
SKU0043,2025-02-17,39.0
SKU0043,2025-02-24,37.0
SKU0043,2025-03-03,44.0
SKU0043,2025-03-10,40.0
SKU0043,2025-03-17,36.0
SKU0043,2025-03-24,38.0
SKU0043,2025-03-31,29.0
SKU0043,2025-04-07,46.0
SKU0043,2025-04-14,43.0
SKU0043,2025-04-21,43.0
SKU0043,2025-04-28,52.0
SKU0043,2025-05-05,36.0
SKU0043,2025-05-12,39.0
SKU0043,2025-05-19,42.0
SKU0043,2025-05-26,31.0
SKU0043,2025-06-02,38.0
SKU0043,2025-06-09,41.0
SKU0043,2025-06-16,45.0
SKU0043,2025-06-23,72.0
SKU0043,2025-06-30,66.0
SKU0043,2025-07-07,36.0
SKU0043,2025-07-14,52.0
SKU0043,2025-07-21,42.0
SKU0043,2025-07-28,49.0
SKU0043,2025-08-04,44.0
SKU0043,2025-08-11,49.0
SKU0043,2025-08-18,49.0
SKU0043,2025-08-25,40.0
SKU0043,2025-09-01,46.0
SKU0043,2025-09-08,51.0
SKU0043,2025-09-15,49.0
SKU0043,2025-09-22,48.0
SKU0043,2025-09-29,41.0
SKU0043,2025-10-06,63.0
SKU0043,2025-10-13,58.0
SKU0043,2025-10-20,87.0
SKU0043,2025-10-27,87.0
SKU0043,2025-11-03,123.0
SKU0043,2025-11-10,83.0
SKU0043,2025-11-17,56.0
SKU0043,2025-11-24,65.0
SKU0043,2025-12-01,96.0
SKU0043,2025-12-08,65.0
SKU0043,2025-12-15,63.0
SKU0043,2025-12-22,83.0
SKU0043,2025-12-29,108.0
SKU0043,2026-01-05,61.0
SKU0043,2026-01-12,41.0
SKU0043,2026-01-19,35.0
SKU0043,2026-01-26,37.0
SKU0043,2026-02-02,38.0
SKU0043,2026-02-09,37.0
SKU0043,2026-02-16,30.0
SKU0043,2026-02-23,50.0
SKU0043,2026-03-02,37.0
SKU0043,2026-03-09,42.0
SKU0043,2026-03-16,43.0
SKU0043,2026-03-23,62.0
SKU0043,2026-03-30,42.0
SKU0043,2026-04-06,36.0
SKU0043,2026-04-13,50.0
SKU0043,2026-04-20,48.0
SKU0043,2026-04-27,37.0
SKU0043,2026-05-04,51.0
SKU0043,2026-05-11,33.0
SKU0043,2026-05-18,39.0
SKU0043,2026-05-25,63.0
SKU0043,2026-06-01,30.0
SKU0043,2026-06-08,33.0
SKU0043,2026-06-15,39.0
SKU0043,2026-06-22,60.0
SKU0043,2026-06-29,80.0
SKU0043,2026-07-06,49.0
SKU0043,2026-07-13,50.0
SKU0043,2026-07-20,35.0
SKU0044,2026-02-09,2.0
SKU0044,2026-02-16,16.0
SKU0044,2026-02-23,18.0
SKU0044,2026-03-02,12.0
SKU0044,2026-03-09,11.0
SKU0044,2026-03-16,19.0
SKU0044,2026-03-23,12.0
SKU0044,2026-03-30,17.0
SKU0044,2026-04-06,17.0
SKU0044,2026-04-13,18.0
SKU0044,2026-04-20,15.0
SKU0044,2026-04-27,16.0
SKU0044,2026-05-04,21.0
SKU0044,2026-05-11,22.0
SKU0044,2026-05-18,10.0
SKU0044,2026-05-25,22.0
SKU0044,2026-06-01,13.0
SKU0044,2026-06-08,17.0
SKU0044,2026-06-15,14.0
SKU0044,2026-06-22,32.0
SKU0044,2026-06-29,26.0
SKU0044,2026-07-06,20.0
SKU0044,2026-07-13,16.0
SKU0044,2026-07-20,12.0
SKU0045,2024-07-29,7.0
SKU0045,2024-08-05,14.0
SKU0045,2024-08-12,15.0
SKU0045,2024-08-19,16.0
SKU0045,2024-08-26,19.0
SKU0045,2024-09-02,8.0
SKU0045,2024-09-09,17.0
SKU0045,2024-09-16,12.0
SKU0045,2024-09-23,13.0
SKU0045,2024-09-30,17.0
SKU0045,2024-10-07,18.0
SKU0045,2024-10-14,30.0
SKU0045,2024-10-21,28.0
SKU0045,2024-10-28,37.0
SKU0045,2024-11-04,29.0
SKU0045,2024-11-11,21.0
SKU0045,2024-11-18,19.0
SKU0045,2024-11-25,23.0
SKU0045,2024-12-02,28.0
SKU0045,2024-12-09,20.0
SKU0045,2024-12-16,16.0
SKU0045,2024-12-23,26.0
SKU0045,2024-12-30,34.0
SKU0045,2025-01-06,17.0
SKU0045,2025-01-13,15.0
SKU0045,2025-01-20,11.0
SKU0045,2025-01-27,11.0
SKU0045,2025-02-03,14.0
SKU0045,2025-02-10,17.0
SKU0045,2025-02-17,15.0
SKU0045,2025-02-24,10.0
SKU0045,2025-03-03,18.0
SKU0045,2025-03-10,15.0
SKU0045,2025-03-17,12.0
SKU0045,2025-03-24,12.0
SKU0045,2025-03-31,14.0
SKU0045,2025-04-07,14.0
SKU0045,2025-04-14,15.0
SKU0045,2025-04-21,14.0
SKU0045,2025-04-28,12.0
SKU0045,2025-05-05,13.0
SKU0045,2025-05-12,15.0
SKU0045,2025-05-19,13.0
SKU0045,2025-05-26,7.0
SKU0045,2025-06-02,19.0
SKU0045,2025-06-09,15.0
SKU0045,2025-06-16,19.0
SKU0045,2025-06-23,17.0
SKU0045,2025-06-30,24.0
SKU0045,2025-07-07,12.0
SKU0045,2025-07-14,18.0
SKU0045,2025-07-21,11.0
SKU0045,2025-07-28,7.0
SKU0045,2025-08-04,20.0
SKU0045,2025-08-11,16.0
SKU0045,2025-08-18,14.0
SKU0045,2025-08-25,16.0
SKU0045,2025-09-01,16.0
SKU0045,2025-09-08,12.0
SKU0045,2025-09-15,10.0
SKU0045,2025-09-22,6.0
SKU0045,2025-09-29,11.0
SKU0045,2025-10-06,19.0
SKU0045,2025-10-13,18.0
SKU0045,2025-10-20,19.0
SKU0045,2025-10-27,39.0
SKU0045,2025-11-03,32.0
SKU0045,2025-11-10,25.0
SKU0045,2025-11-17,26.0
SKU0045,2025-11-24,20.0
SKU0045,2025-12-01,34.0
SKU0045,2025-12-08,19.0
SKU0045,2025-12-15,19.0
SKU0045,2025-12-22,31.0
SKU0045,2025-12-29,33.0
SKU0045,2026-01-05,25.0
SKU0045,2026-01-12,16.0
SKU0045,2026-01-19,20.0
SKU0045,2026-01-26,18.0
SKU0045,2026-02-02,12.0
SKU0045,2026-02-09,13.0
SKU0045,2026-02-16,16.0
SKU0045,2026-02-23,14.0
SKU0045,2026-03-02,13.0
SKU0045,2026-03-09,12.0
SKU0045,2026-03-16,10.0
SKU0045,2026-03-23,7.0
SKU0045,2026-03-30,13.0
SKU0045,2026-04-06,17.0
SKU0045,2026-04-13,21.0
SKU0045,2026-04-20,16.0
SKU0045,2026-04-27,20.0
SKU0045,2026-05-04,18.0
SKU0045,2026-05-11,11.0
SKU0045,2026-05-18,14.0
SKU0045,2026-05-25,14.0
SKU0045,2026-06-01,15.0
SKU0045,2026-06-08,19.0
SKU0045,2026-06-15,24.0
SKU0045,2026-06-22,20.0
SKU0045,2026-06-29,35.0
SKU0045,2026-07-06,16.0
SKU0045,2026-07-13,21.0
SKU0045,2026-07-20,18.0
SKU0046,2024-07-29,9.0
SKU0046,2024-08-05,23.0
SKU0046,2024-08-12,17.0
SKU0046,2024-08-19,19.0
SKU0046,2024-08-26,14.0
SKU0046,2024-09-02,27.0
SKU0046,2024-09-09,15.0
SKU0046,2024-09-16,26.0
SKU0046,2024-09-23,17.0
SKU0046,2024-09-30,21.0
SKU0046,2024-10-07,20.0
SKU0046,2024-10-14,20.0
SKU0046,2024-10-21,38.0
SKU0046,2024-10-28,45.0
SKU0046,2024-11-04,38.0
SKU0046,2024-11-11,21.0
SKU0046,2024-11-18,39.0
SKU0046,2024-11-25,35.0
SKU0046,2024-12-02,40.0
SKU0046,2024-12-09,35.0
SKU0046,2024-12-16,29.0
SKU0046,2024-12-23,40.0
SKU0046,2024-12-30,46.0
SKU0046,2025-01-06,32.0
SKU0046,2025-01-13,8.0
SKU0046,2025-01-20,23.0
SKU0046,2025-01-27,7.0
SKU0046,2025-02-03,16.0
SKU0046,2025-02-10,18.0
SKU0046,2025-02-17,12.0
SKU0046,2025-02-24,15.0
SKU0046,2025-03-03,19.0
SKU0046,2025-03-10,12.0
SKU0046,2025-03-17,21.0
SKU0046,2025-03-24,19.0
SKU0046,2025-03-31,17.0
SKU0046,2025-04-07,33.0
SKU0046,2025-04-14,22.0
SKU0046,2025-04-21,20.0
SKU0046,2025-04-28,18.0
SKU0046,2025-05-05,25.0
SKU0046,2025-05-12,14.0
SKU0046,2025-05-19,27.0
SKU0046,2025-05-26,15.0
SKU0046,2025-06-02,17.0
SKU0046,2025-06-09,24.0
SKU0046,2025-06-16,30.0
SKU0046,2025-06-23,38.0
SKU0046,2025-06-30,37.0
SKU0046,2025-07-07,11.0
SKU0046,2025-07-14,24.0
SKU0046,2025-07-21,27.0
SKU0046,2025-07-28,15.0
SKU0046,2025-08-04,21.0
SKU0046,2025-08-11,17.0
SKU0046,2025-08-18,24.0
SKU0046,2025-08-25,19.0
SKU0046,2025-09-01,16.0
SKU0046,2025-09-08,23.0
SKU0046,2025-09-15,17.0
SKU0046,2025-09-22,16.0
SKU0046,2025-09-29,23.0
SKU0046,2025-10-06,21.0
SKU0046,2025-10-13,31.0
SKU0046,2025-10-20,39.0
SKU0046,2025-10-27,46.0
SKU0046,2025-11-03,36.0
SKU0046,2025-11-10,32.0
SKU0046,2025-11-17,27.0
SKU0046,2025-11-24,35.0
SKU0046,2025-12-01,43.0
SKU0046,2025-12-08,40.0
SKU0046,2025-12-15,35.0
SKU0046,2025-12-22,37.0
SKU0046,2025-12-29,51.0
SKU0046,2026-01-05,35.0
SKU0046,2026-01-12,19.0
SKU0046,2026-01-19,18.0
SKU0046,2026-01-26,12.0
SKU0046,2026-02-02,14.0
SKU0046,2026-02-09,12.0
SKU0046,2026-02-16,18.0
SKU0046,2026-02-23,16.0
SKU0046,2026-03-02,18.0
SKU0046,2026-03-09,12.0
SKU0046,2026-03-16,18.0
SKU0046,2026-03-23,17.0
SKU0046,2026-03-30,27.0
SKU0046,2026-04-06,28.0
SKU0046,2026-04-13,25.0
SKU0046,2026-04-20,22.0
SKU0046,2026-04-27,22.0
SKU0046,2026-05-04,27.0
SKU0046,2026-05-11,21.0
SKU0046,2026-05-18,14.0
SKU0046,2026-05-25,22.0
SKU0046,2026-06-01,15.0
SKU0046,2026-06-08,20.0
SKU0046,2026-06-15,18.0
SKU0046,2026-06-22,38.0
SKU0046,2026-06-29,35.0
SKU0046,2026-07-06,18.0
SKU0046,2026-07-13,30.0
SKU0046,2026-07-20,19.0
SKU0047,2024-08-12,54.0
SKU0047,2024-08-19,56.0
SKU0047,2024-08-26,62.0
SKU0047,2024-09-02,62.0
SKU0047,2024-09-09,54.0
SKU0047,2024-09-16,61.0
SKU0047,2024-09-23,60.0
SKU0047,2024-09-30,50.0
SKU0047,2024-10-07,70.0
SKU0047,2024-10-14,59.0
SKU0047,2024-10-21,126.0
SKU0047,2024-10-28,135.0
SKU0047,2024-11-04,124.0
SKU0047,2024-11-11,91.0
SKU0047,2024-11-18,74.0
SKU0047,2024-11-25,95.0
SKU0047,2024-12-02,128.0
SKU0047,2024-12-09,83.0
SKU0047,2024-12-16,70.0
SKU0047,2024-12-23,119.0
SKU0047,2024-12-30,116.0
SKU0047,2025-01-06,79.0
SKU0047,2025-01-13,62.0
SKU0047,2025-01-20,61.0
SKU0047,2025-01-27,59.0
SKU0047,2025-02-03,44.0
SKU0047,2025-02-10,55.0
SKU0047,2025-02-17,56.0
SKU0047,2025-02-24,55.0
SKU0047,2025-03-03,53.0
SKU0047,2025-03-10,57.0
SKU0047,2025-03-17,65.0
SKU0047,2025-03-24,70.0
SKU0047,2025-03-31,51.0
SKU0047,2025-04-07,56.0
SKU0047,2025-04-14,57.0
SKU0047,2025-04-21,57.0
SKU0047,2025-04-28,64.0
SKU0047,2025-05-05,55.0
SKU0047,2025-05-12,60.0
SKU0047,2025-05-19,55.0
SKU0047,2025-05-26,53.0
SKU0047,2025-06-02,57.0
SKU0047,2025-06-09,53.0
SKU0047,2025-06-16,67.0
SKU0047,2025-06-23,99.0
SKU0047,2025-06-30,97.0
SKU0047,2025-07-07,62.0
SKU0047,2025-07-14,64.0
SKU0047,2025-07-21,55.0
SKU0047,2025-07-28,72.0
SKU0047,2025-08-04,61.0
SKU0047,2025-08-11,49.0
SKU0047,2025-08-18,65.0
SKU0047,2025-08-25,68.0
SKU0047,2025-09-01,71.0
SKU0047,2025-09-08,62.0
SKU0047,2025-09-15,62.0
SKU0047,2025-09-22,55.0
SKU0047,2025-09-29,79.0
SKU0047,2025-10-06,78.0
SKU0047,2025-10-13,88.0
SKU0047,2025-10-20,129.0
SKU0047,2025-10-27,140.0
SKU0047,2025-11-03,136.0
SKU0047,2025-11-10,109.0
SKU0047,2025-11-17,70.0
SKU0047,2025-11-24,93.0
SKU0047,2025-12-01,125.0
SKU0047,2025-12-08,83.0
SKU0047,2025-12-15,80.0
SKU0047,2025-12-22,101.0
SKU0047,2025-12-29,141.0
SKU0047,2026-01-05,104.0
SKU0047,2026-01-12,54.0
SKU0047,2026-01-19,66.0
SKU0047,2026-01-26,54.0
SKU0047,2026-02-02,57.0
SKU0047,2026-02-09,51.0
SKU0047,2026-02-16,55.0
SKU0047,2026-02-23,52.0
SKU0047,2026-03-02,55.0
SKU0047,2026-03-09,85.0
SKU0047,2026-03-16,70.0
SKU0047,2026-03-23,75.0
SKU0047,2026-03-30,62.0
SKU0047,2026-04-06,56.0
SKU0047,2026-04-13,48.0
SKU0047,2026-04-20,60.0
SKU0047,2026-04-27,80.0
SKU0047,2026-05-04,63.0
SKU0047,2026-05-11,58.0
SKU0047,2026-05-18,85.0
SKU0047,2026-05-25,54.0
SKU0047,2026-06-01,77.0
SKU0047,2026-06-08,61.0
SKU0047,2026-06-15,67.0
SKU0047,2026-06-22,114.0
SKU0047,2026-06-29,108.0
SKU0047,2026-07-06,59.0
SKU0047,2026-07-13,64.0
SKU0047,2026-07-20,63.0
SKU0048,2024-07-22,0.0
SKU0048,2024-07-29,3.0
SKU0048,2024-08-05,1.0
SKU0048,2024-08-12,0.0
SKU0048,2024-08-19,2.0
SKU0048,2024-08-26,2.0
SKU0048,2024-09-02,2.0
SKU0048,2024-09-09,3.0
SKU0048,2024-09-16,3.0
SKU0048,2024-09-23,3.0
SKU0048,2024-09-30,2.0
SKU0048,2024-10-07,0.0
SKU0048,2024-10-14,5.0
SKU0048,2024-10-21,0.0
SKU0048,2024-10-28,2.0
SKU0048,2024-11-04,4.0
SKU0048,2024-11-11,4.0
SKU0048,2024-11-18,3.0
SKU0048,2024-11-25,6.0
SKU0048,2024-12-02,2.0
SKU0048,2024-12-09,1.0
SKU0048,2024-12-16,0.0
SKU0048,2024-12-23,4.0
SKU0048,2024-12-30,2.0
SKU0048,2025-01-06,1.0
SKU0048,2025-01-13,0.0
SKU0048,2025-01-20,2.0
SKU0048,2025-01-27,0.0
SKU0048,2025-02-03,3.0
SKU0048,2025-02-10,0.0
SKU0048,2025-02-17,0.0
SKU0048,2025-02-24,0.0
SKU0048,2025-03-03,1.0
SKU0048,2025-03-10,4.0
SKU0048,2025-03-17,2.0
SKU0048,2025-03-24,1.0
SKU0048,2025-03-31,4.0
SKU0048,2025-04-07,1.0
SKU0048,2025-04-14,0.0
SKU0048,2025-04-21,1.0
SKU0048,2025-04-28,1.0
SKU0048,2025-05-05,4.0
SKU0048,2025-05-12,1.0
SKU0048,2025-05-19,3.0
SKU0048,2025-05-26,0.0
SKU0048,2025-06-02,1.0
SKU0048,2025-06-09,2.0
SKU0048,2025-06-16,2.0
SKU0048,2025-06-23,5.0
SKU0048,2025-06-30,4.0
SKU0048,2025-07-07,4.0
SKU0048,2025-07-14,1.0
SKU0048,2025-07-21,1.0
SKU0048,2025-07-28,2.0
SKU0048,2025-08-04,5.0
SKU0048,2025-08-11,2.0
SKU0048,2025-08-18,0.0
SKU0048,2025-08-25,3.0
SKU0048,2025-09-01,1.0
SKU0048,2025-09-08,2.0
SKU0048,2025-09-15,2.0
SKU0048,2025-09-22,1.0
SKU0048,2025-09-29,1.0
SKU0048,2025-10-06,2.0
SKU0048,2025-10-13,1.0
SKU0048,2025-10-20,6.0
SKU0048,2025-10-27,4.0
SKU0048,2025-11-03,4.0
SKU0048,2025-11-10,5.0
SKU0048,2025-11-17,2.0
SKU0048,2025-11-24,2.0
SKU0048,2025-12-01,4.0
SKU0048,2025-12-08,2.0
SKU0048,2025-12-15,3.0
SKU0048,2025-12-22,3.0
SKU0048,2025-12-29,3.0
SKU0048,2026-01-05,6.0
SKU0048,2026-01-12,3.0
SKU0048,2026-01-19,1.0
SKU0048,2026-01-26,0.0
SKU0048,2026-02-02,0.0
SKU0048,2026-02-09,1.0
SKU0048,2026-02-16,0.0
SKU0048,2026-02-23,0.0
SKU0048,2026-03-02,1.0
SKU0048,2026-03-09,2.0
SKU0048,2026-03-16,1.0
SKU0048,2026-03-23,4.0
SKU0048,2026-03-30,1.0
SKU0048,2026-04-06,2.0
SKU0048,2026-04-13,1.0
SKU0048,2026-04-20,3.0
SKU0048,2026-04-27,1.0
SKU0048,2026-05-04,1.0
SKU0048,2026-05-11,0.0
SKU0048,2026-05-18,1.0
SKU0048,2026-05-25,1.0
SKU0048,2026-06-01,3.0
SKU0048,2026-06-08,1.0
SKU0048,2026-06-15,4.0
SKU0048,2026-06-22,5.0
SKU0048,2026-06-29,2.0
SKU0048,2026-07-06,3.0
SKU0048,2026-07-13,4.0
SKU0048,2026-07-20,1.0
SKU0049,2024-07-29,34.0
SKU0049,2024-08-05,43.0
SKU0049,2024-08-12,57.0
SKU0049,2024-08-19,53.0
SKU0049,2024-08-26,57.0
SKU0049,2024-09-02,36.0
SKU0049,2024-09-09,54.0
SKU0049,2024-09-16,54.0
SKU0049,2024-09-23,42.0
SKU0049,2024-09-30,66.0
SKU0049,2024-10-07,74.0
SKU0049,2024-10-14,78.0
SKU0049,2024-10-21,95.0
SKU0049,2024-10-28,117.0
SKU0049,2024-11-04,132.0
SKU0049,2024-11-11,87.0
SKU0049,2024-11-18,66.0
SKU0049,2024-11-25,86.0
SKU0049,2024-12-02,103.0
SKU0049,2024-12-09,66.0
SKU0049,2024-12-16,71.0
SKU0049,2024-12-23,108.0
SKU0049,2024-12-30,117.0
SKU0049,2025-01-06,78.0
SKU0049,2025-01-13,45.0
SKU0049,2025-01-20,42.0
SKU0049,2025-01-27,53.0
SKU0049,2025-02-03,50.0
SKU0049,2025-02-10,27.0
SKU0049,2025-02-17,43.0
SKU0049,2025-02-24,47.0
SKU0049,2025-03-03,40.0
SKU0049,2025-03-10,55.0
SKU0049,2025-03-17,56.0
SKU0049,2025-03-24,42.0
SKU0049,2025-03-31,70.0
SKU0049,2025-04-07,57.0
SKU0049,2025-04-14,62.0
SKU0049,2025-04-21,60.0
SKU0049,2025-04-28,75.0
SKU0049,2025-05-05,49.0
SKU0049,2025-05-12,64.0
SKU0049,2025-05-19,58.0
SKU0049,2025-05-26,57.0
SKU0049,2025-06-02,61.0
SKU0049,2025-06-09,56.0
SKU0049,2025-06-16,76.0
SKU0049,2025-06-23,82.0
SKU0049,2025-06-30,97.0
SKU0049,2025-07-07,57.0
SKU0049,2025-07-14,63.0
SKU0049,2025-07-21,63.0
SKU0049,2025-07-28,59.0
SKU0049,2025-08-04,40.0
SKU0049,2025-08-11,46.0
SKU0049,2025-08-18,47.0
SKU0049,2025-08-25,40.0
SKU0049,2025-09-01,48.0
SKU0049,2025-09-08,54.0
SKU0049,2025-09-15,60.0
SKU0049,2025-09-22,69.0
SKU0049,2025-09-29,71.0
SKU0049,2025-10-06,72.0
SKU0049,2025-10-13,82.0
SKU0049,2025-10-20,105.0
SKU0049,2025-10-27,122.0
SKU0049,2025-11-03,156.0
SKU0049,2025-11-10,83.0
SKU0049,2025-11-17,77.0
SKU0049,2025-11-24,82.0
SKU0049,2025-12-01,124.0
SKU0049,2025-12-08,91.0
SKU0049,2025-12-15,87.0
SKU0049,2025-12-22,129.0
SKU0049,2025-12-29,129.0
SKU0049,2026-01-05,105.0
SKU0049,2026-01-12,52.0
SKU0049,2026-01-19,57.0
SKU0049,2026-01-26,49.0
SKU0049,2026-02-02,53.0
SKU0049,2026-02-09,53.0
SKU0049,2026-02-16,60.0
SKU0049,2026-02-23,45.0
SKU0049,2026-03-02,44.0
SKU0049,2026-03-09,68.0
SKU0049,2026-03-16,61.0
SKU0049,2026-03-23,53.0
SKU0049,2026-03-30,57.0
SKU0049,2026-04-06,74.0
SKU0049,2026-04-13,61.0
SKU0049,2026-04-20,76.0
SKU0049,2026-04-27,56.0
SKU0049,2026-05-04,70.0
SKU0049,2026-05-11,66.0
SKU0049,2026-05-18,64.0
SKU0049,2026-05-25,58.0
SKU0049,2026-06-01,55.0
SKU0049,2026-06-08,72.0
SKU0049,2026-06-15,64.0
SKU0049,2026-06-22,101.0
SKU0049,2026-06-29,104.0
SKU0049,2026-07-06,75.0
SKU0049,2026-07-13,63.0
SKU0049,2026-07-20,61.0
SKU0050,2024-07-29,6.0
SKU0050,2024-08-05,14.0
SKU0050,2024-08-12,10.0
SKU0050,2024-08-19,10.0
SKU0050,2024-08-26,8.0
SKU0050,2024-09-02,8.0
SKU0050,2024-09-09,9.0
SKU0050,2024-09-16,11.0
SKU0050,2024-09-23,18.0
SKU0050,2024-09-30,7.0
SKU0050,2024-10-07,11.0
SKU0050,2024-10-14,8.0
SKU0050,2024-10-21,23.0
SKU0050,2024-10-28,22.0
SKU0050,2024-11-04,27.0
SKU0050,2024-11-11,15.0
SKU0050,2024-11-18,21.0
SKU0050,2024-11-25,21.0
SKU0050,2024-12-02,17.0
SKU0050,2024-12-09,12.0
SKU0050,2024-12-16,10.0
SKU0050,2024-12-23,19.0
SKU0050,2024-12-30,24.0
SKU0050,2025-01-06,15.0
SKU0050,2025-01-13,10.0
SKU0050,2025-01-20,8.0
SKU0050,2025-01-27,7.0
SKU0050,2025-02-03,6.0
SKU0050,2025-02-10,7.0
SKU0050,2025-02-17,8.0
SKU0050,2025-02-24,8.0
SKU0050,2025-03-03,10.0
SKU0050,2025-03-10,9.0
SKU0050,2025-03-17,10.0
SKU0050,2025-03-24,14.0
SKU0050,2025-03-31,7.0
SKU0050,2025-04-07,15.0
SKU0050,2025-04-14,10.0
SKU0050,2025-04-21,10.0
SKU0050,2025-04-28,5.0
SKU0050,2025-05-05,5.0
SKU0050,2025-05-12,7.0
SKU0050,2025-05-19,12.0
SKU0050,2025-05-26,12.0
SKU0050,2025-06-02,16.0
SKU0050,2025-06-09,9.0
SKU0050,2025-06-16,12.0
SKU0050,2025-06-23,13.0
SKU0050,2025-06-30,17.0
SKU0050,2025-07-07,0.0
SKU0050,2025-07-14,6.0
SKU0050,2025-07-21,7.0
SKU0050,2025-07-28,10.0
SKU0050,2025-08-04,12.0
SKU0050,2025-08-11,8.0
SKU0050,2025-08-18,6.0
SKU0050,2025-08-25,6.0
SKU0050,2025-09-01,12.0
SKU0050,2025-09-08,11.0
SKU0050,2025-09-15,7.0
SKU0050,2025-09-22,15.0
SKU0050,2025-09-29,16.0
SKU0050,2025-10-06,20.0
SKU0050,2025-10-13,16.0
SKU0050,2025-10-20,23.0
SKU0050,2025-10-27,23.0
SKU0050,2025-11-03,16.0
SKU0050,2025-11-10,11.0
SKU0050,2025-11-17,17.0
SKU0050,2025-11-24,15.0
SKU0050,2025-12-01,24.0
SKU0050,2025-12-08,18.0
SKU0050,2025-12-15,8.0
SKU0050,2025-12-22,17.0
SKU0050,2025-12-29,18.0
SKU0050,2026-01-05,15.0
SKU0050,2026-01-12,9.0
SKU0050,2026-01-19,13.0
SKU0050,2026-01-26,7.0
SKU0050,2026-02-02,10.0
SKU0050,2026-02-09,5.0
SKU0050,2026-02-16,11.0
SKU0050,2026-02-23,9.0
SKU0050,2026-03-02,3.0
SKU0050,2026-03-09,10.0
SKU0050,2026-03-16,4.0
SKU0050,2026-03-23,14.0
SKU0050,2026-03-30,10.0
SKU0050,2026-04-06,6.0
SKU0050,2026-04-13,14.0
SKU0050,2026-04-20,18.0
SKU0050,2026-04-27,6.0
SKU0050,2026-05-04,10.0
SKU0050,2026-05-11,4.0
SKU0050,2026-05-18,10.0
SKU0050,2026-05-25,10.0
SKU0050,2026-06-01,13.0
SKU0050,2026-06-08,14.0
SKU0050,2026-06-15,11.0
SKU0050,2026-06-22,21.0
SKU0050,2026-06-29,15.0
SKU0050,2026-07-06,12.0
SKU0050,2026-07-13,8.0
SKU0050,2026-07-20,4.0
SKU0051,2024-08-05,27.0
SKU0051,2024-08-12,26.0
SKU0051,2024-08-19,19.0
SKU0051,2024-08-26,35.0
SKU0051,2024-09-02,24.0
SKU0051,2024-09-09,21.0
SKU0051,2024-09-16,23.0
SKU0051,2024-09-23,38.0
SKU0051,2024-09-30,32.0
SKU0051,2024-10-07,31.0
SKU0051,2024-10-14,44.0
SKU0051,2024-10-21,59.0
SKU0051,2024-10-28,74.0
SKU0051,2024-11-04,66.0
SKU0051,2024-11-11,38.0
SKU0051,2024-11-18,48.0
SKU0051,2024-11-25,43.0
SKU0051,2024-12-02,60.0
SKU0051,2024-12-09,47.0
SKU0051,2024-12-16,36.0
SKU0051,2024-12-23,58.0
SKU0051,2024-12-30,56.0
SKU0051,2025-01-06,37.0
SKU0051,2025-01-13,18.0
SKU0051,2025-01-20,28.0
SKU0051,2025-01-27,23.0
SKU0051,2025-02-03,23.0
SKU0051,2025-02-10,27.0
SKU0051,2025-02-17,19.0
SKU0051,2025-02-24,26.0
SKU0051,2025-03-03,29.0
SKU0051,2025-03-10,24.0
SKU0051,2025-03-17,25.0
SKU0051,2025-03-24,25.0
SKU0051,2025-03-31,25.0
SKU0051,2025-04-07,28.0
SKU0051,2025-04-14,27.0
SKU0051,2025-04-21,30.0
SKU0051,2025-04-28,28.0
SKU0051,2025-05-05,19.0
SKU0051,2025-05-12,19.0
SKU0051,2025-05-19,28.0
SKU0051,2025-05-26,37.0
SKU0051,2025-06-02,32.0
SKU0051,2025-06-09,22.0
SKU0051,2025-06-16,32.0
SKU0051,2025-06-23,44.0
SKU0051,2025-06-30,43.0
SKU0051,2025-07-07,26.0
SKU0051,2025-07-14,25.0
SKU0051,2025-07-21,29.0
SKU0051,2025-07-28,23.0
SKU0051,2025-08-04,28.0
SKU0051,2025-08-11,29.0
SKU0051,2025-08-18,23.0
SKU0051,2025-08-25,26.0
SKU0051,2025-09-01,29.0
SKU0051,2025-09-08,31.0
SKU0051,2025-09-15,18.0
SKU0051,2025-09-22,30.0
SKU0051,2025-09-29,32.0
SKU0051,2025-10-06,38.0
SKU0051,2025-10-13,36.0
SKU0051,2025-10-20,54.0
SKU0051,2025-10-27,60.0
SKU0051,2025-11-03,74.0
SKU0051,2025-11-10,37.0
SKU0051,2025-11-17,42.0
SKU0051,2025-11-24,38.0
SKU0051,2025-12-01,45.0
SKU0051,2025-12-08,32.0
SKU0051,2025-12-15,32.0
SKU0051,2025-12-22,51.0
SKU0051,2025-12-29,70.0
SKU0051,2026-01-05,38.0
SKU0051,2026-01-12,39.0
SKU0051,2026-01-19,23.0
SKU0051,2026-01-26,17.0
SKU0051,2026-02-02,28.0
SKU0051,2026-02-09,19.0
SKU0051,2026-02-16,18.0
SKU0051,2026-02-23,23.0
SKU0051,2026-03-02,18.0
SKU0051,2026-03-09,35.0
SKU0051,2026-03-16,24.0
SKU0051,2026-03-23,28.0
SKU0051,2026-03-30,34.0
SKU0051,2026-04-06,34.0
SKU0051,2026-04-13,32.0
SKU0051,2026-04-20,16.0
SKU0051,2026-04-27,28.0
SKU0051,2026-05-04,25.0
SKU0051,2026-05-11,25.0
SKU0051,2026-05-18,29.0
SKU0051,2026-05-25,19.0
SKU0051,2026-06-01,24.0
SKU0051,2026-06-08,33.0
SKU0051,2026-06-15,36.0
SKU0051,2026-06-22,33.0
SKU0051,2026-06-29,34.0
SKU0051,2026-07-06,31.0
SKU0051,2026-07-13,23.0
SKU0051,2026-07-20,22.0
SKU0052,2024-08-05,24.0
SKU0052,2024-08-12,44.0
SKU0052,2024-08-19,41.0
SKU0052,2024-08-26,35.0
SKU0052,2024-09-02,39.0
SKU0052,2024-09-09,37.0
SKU0052,2024-09-16,30.0
SKU0052,2024-09-23,38.0
SKU0052,2024-09-30,46.0
SKU0052,2024-10-07,57.0
SKU0052,2024-10-14,45.0
SKU0052,2024-10-21,116.0
SKU0052,2024-10-28,78.0
SKU0052,2024-11-04,76.0
SKU0052,2024-11-11,80.0
SKU0052,2024-11-18,51.0
SKU0052,2024-11-25,69.0
SKU0052,2024-12-02,73.0
SKU0052,2024-12-09,32.0
SKU0052,2024-12-16,42.0
SKU0052,2024-12-23,70.0
SKU0052,2024-12-30,79.0
SKU0052,2025-01-06,55.0
SKU0052,2025-01-13,33.0
SKU0052,2025-01-20,33.0
SKU0052,2025-01-27,32.0
SKU0052,2025-02-03,28.0
SKU0052,2025-02-10,27.0
SKU0052,2025-02-17,41.0
SKU0052,2025-02-24,28.0
SKU0052,2025-03-03,27.0
SKU0052,2025-03-10,36.0
SKU0052,2025-03-17,38.0
SKU0052,2025-03-24,37.0
SKU0052,2025-03-31,39.0
SKU0052,2025-04-07,49.0
SKU0052,2025-04-14,29.0
SKU0052,2025-04-21,37.0
SKU0052,2025-04-28,33.0
SKU0052,2025-05-05,32.0
SKU0052,2025-05-12,44.0
SKU0052,2025-05-19,37.0
SKU0052,2025-05-26,32.0
SKU0052,2025-06-02,39.0
SKU0052,2025-06-09,40.0
SKU0052,2025-06-16,37.0
SKU0052,2025-06-23,69.0
SKU0052,2025-06-30,62.0
SKU0052,2025-07-07,40.0
SKU0052,2025-07-14,41.0
SKU0052,2025-07-21,48.0
SKU0052,2025-07-28,43.0
SKU0052,2025-08-04,43.0
SKU0052,2025-08-11,24.0
SKU0052,2025-08-18,33.0
SKU0052,2025-08-25,33.0
SKU0052,2025-09-01,33.0
SKU0052,2025-09-08,39.0
SKU0052,2025-09-15,51.0
SKU0052,2025-09-22,32.0
SKU0052,2025-09-29,40.0
SKU0052,2025-10-06,41.0
SKU0052,2025-10-13,46.0
SKU0052,2025-10-20,82.0
SKU0052,2025-10-27,81.0
SKU0052,2025-11-03,82.0
SKU0052,2025-11-10,72.0
SKU0052,2025-11-17,58.0
SKU0052,2025-11-24,61.0
SKU0052,2025-12-01,76.0
SKU0052,2025-12-08,48.0
SKU0052,2025-12-15,36.0
SKU0052,2025-12-22,67.0
SKU0052,2025-12-29,83.0
SKU0052,2026-01-05,57.0
SKU0052,2026-01-12,40.0
SKU0052,2026-01-19,29.0
SKU0052,2026-01-26,39.0
SKU0052,2026-02-02,31.0
SKU0052,2026-02-09,35.0
SKU0052,2026-02-16,32.0
SKU0052,2026-02-23,31.0
SKU0052,2026-03-02,35.0
SKU0052,2026-03-09,25.0
SKU0052,2026-03-16,30.0
SKU0052,2026-03-23,34.0
SKU0052,2026-03-30,51.0
SKU0052,2026-04-06,27.0
SKU0052,2026-04-13,49.0
SKU0052,2026-04-20,36.0
SKU0052,2026-04-27,41.0
SKU0052,2026-05-04,37.0
SKU0052,2026-05-11,38.0
SKU0052,2026-05-18,31.0
SKU0052,2026-05-25,33.0
SKU0052,2026-06-01,41.0
SKU0052,2026-06-08,34.0
SKU0052,2026-06-15,32.0
SKU0052,2026-06-22,54.0
SKU0052,2026-06-29,56.0
SKU0052,2026-07-06,32.0
SKU0052,2026-07-13,32.0
SKU0052,2026-07-20,33.0
SKU0053,2024-08-05,4.0
SKU0053,2024-08-12,1.0
SKU0053,2024-08-19,2.0
SKU0053,2024-08-26,6.0
SKU0053,2024-09-02,3.0
SKU0053,2024-09-09,2.0
SKU0053,2024-09-16,4.0
SKU0053,2024-09-23,1.0
SKU0053,2024-09-30,3.0
SKU0053,2024-10-07,6.0
SKU0053,2024-10-14,13.0
SKU0053,2024-10-21,13.0
SKU0053,2024-10-28,8.0
SKU0053,2024-11-04,3.0
SKU0053,2024-11-11,3.0
SKU0053,2024-11-18,6.0
SKU0053,2024-11-25,4.0
SKU0053,2024-12-02,14.0
SKU0053,2024-12-09,2.0
SKU0053,2024-12-16,5.0
SKU0053,2024-12-23,4.0
SKU0053,2024-12-30,2.0
SKU0053,2025-01-06,8.0
SKU0053,2025-01-13,2.0
SKU0053,2025-01-20,5.0
SKU0053,2025-01-27,4.0
SKU0053,2025-02-03,4.0
SKU0053,2025-02-10,5.0
SKU0053,2025-02-17,1.0
SKU0053,2025-02-24,2.0
SKU0053,2025-03-03,1.0
SKU0053,2025-03-10,3.0
SKU0053,2025-03-17,2.0
SKU0053,2025-03-24,3.0
SKU0053,2025-03-31,6.0
SKU0053,2025-04-07,6.0
SKU0053,2025-04-14,0.0
SKU0053,2025-04-21,4.0
SKU0053,2025-04-28,5.0
SKU0053,2025-05-05,3.0
SKU0053,2025-05-12,4.0
SKU0053,2025-05-19,3.0
SKU0053,2025-05-26,2.0
SKU0053,2025-06-02,5.0
SKU0053,2025-06-09,4.0
SKU0053,2025-06-16,2.0
SKU0053,2025-06-23,7.0
SKU0053,2025-06-30,2.0
SKU0053,2025-07-07,5.0
SKU0053,2025-07-14,2.0
SKU0053,2025-07-21,2.0
SKU0053,2025-07-28,1.0
SKU0053,2025-08-04,4.0
SKU0053,2025-08-11,3.0
SKU0053,2025-08-18,5.0
SKU0053,2025-08-25,2.0
SKU0053,2025-09-01,3.0
SKU0053,2025-09-08,1.0
SKU0053,2025-09-15,6.0
SKU0053,2025-09-22,1.0
SKU0053,2025-09-29,4.0
SKU0053,2025-10-06,7.0
SKU0053,2025-10-13,10.0
SKU0053,2025-10-20,4.0
SKU0053,2025-10-27,7.0
SKU0053,2025-11-03,8.0
SKU0053,2025-11-10,10.0
SKU0053,2025-11-17,3.0
SKU0053,2025-11-24,5.0
SKU0053,2025-12-01,5.0
SKU0053,2025-12-08,2.0
SKU0053,2025-12-15,5.0
SKU0053,2025-12-22,7.0
SKU0053,2025-12-29,5.0
SKU0053,2026-01-05,6.0
SKU0053,2026-01-12,6.0
SKU0053,2026-01-19,2.0
SKU0053,2026-01-26,5.0
SKU0053,2026-02-02,1.0
SKU0053,2026-02-09,8.0
SKU0053,2026-02-16,4.0
SKU0053,2026-02-23,5.0
SKU0053,2026-03-02,6.0
SKU0053,2026-03-09,5.0
SKU0053,2026-03-16,3.0
SKU0053,2026-03-23,1.0
SKU0053,2026-03-30,2.0
SKU0053,2026-04-06,2.0
SKU0053,2026-04-13,4.0
SKU0053,2026-04-20,5.0
SKU0053,2026-04-27,1.0
SKU0053,2026-05-04,6.0
SKU0053,2026-05-11,2.0
SKU0053,2026-05-18,0.0
SKU0053,2026-05-25,2.0
SKU0053,2026-06-01,4.0
SKU0053,2026-06-08,3.0
SKU0053,2026-06-15,4.0
SKU0053,2026-06-22,6.0
SKU0053,2026-06-29,9.0
SKU0053,2026-07-06,3.0
SKU0053,2026-07-13,1.0
SKU0053,2026-07-20,6.0
SKU0054,2024-07-29,8.0
SKU0054,2024-08-05,9.0
SKU0054,2024-08-12,14.0
SKU0054,2024-08-19,6.0
SKU0054,2024-08-26,9.0
SKU0054,2024-09-02,14.0
SKU0054,2024-09-09,5.0
SKU0054,2024-09-16,8.0
SKU0054,2024-09-23,7.0
SKU0054,2024-09-30,10.0
SKU0054,2024-10-07,15.0
SKU0054,2024-10-14,9.0
SKU0054,2024-10-21,15.0
SKU0054,2024-10-28,17.0
SKU0054,2024-11-04,15.0
SKU0054,2024-11-11,10.0
SKU0054,2024-11-18,12.0
SKU0054,2024-11-25,10.0
SKU0054,2024-12-02,14.0
SKU0054,2024-12-09,13.0
SKU0054,2024-12-16,18.0
SKU0054,2024-12-23,18.0
SKU0054,2024-12-30,33.0
SKU0054,2025-01-06,10.0
SKU0054,2025-01-13,3.0
SKU0054,2025-01-20,12.0
SKU0054,2025-01-27,9.0
SKU0054,2025-02-03,11.0
SKU0054,2025-02-10,8.0
SKU0054,2025-02-17,7.0
SKU0054,2025-02-24,7.0
SKU0054,2025-03-03,12.0
SKU0054,2025-03-10,9.0
SKU0054,2025-03-17,12.0
SKU0054,2025-03-24,14.0
SKU0054,2025-03-31,5.0
SKU0054,2025-04-07,10.0
SKU0054,2025-04-14,5.0
SKU0054,2025-04-21,7.0
SKU0054,2025-04-28,11.0
SKU0054,2025-05-05,14.0
SKU0054,2025-05-12,14.0
SKU0054,2025-05-19,15.0
SKU0054,2025-05-26,7.0
SKU0054,2025-06-02,10.0
SKU0054,2025-06-09,8.0
SKU0054,2025-06-16,8.0
SKU0054,2025-06-23,13.0
SKU0054,2025-06-30,20.0
SKU0054,2025-07-07,11.0
SKU0054,2025-07-14,10.0
SKU0054,2025-07-21,7.0
SKU0054,2025-07-28,14.0
SKU0054,2025-08-04,9.0
SKU0054,2025-08-11,4.0
SKU0054,2025-08-18,11.0
SKU0054,2025-08-25,9.0
SKU0054,2025-09-01,10.0
SKU0054,2025-09-08,12.0
SKU0054,2025-09-15,9.0
SKU0054,2025-09-22,12.0
SKU0054,2025-09-29,7.0
SKU0054,2025-10-06,7.0
SKU0054,2025-10-13,15.0
SKU0054,2025-10-20,21.0
SKU0054,2025-10-27,19.0
SKU0054,2025-11-03,18.0
SKU0054,2025-11-10,15.0
SKU0054,2025-11-17,13.0
SKU0054,2025-11-24,14.0
SKU0054,2025-12-01,15.0
SKU0054,2025-12-08,11.0
SKU0054,2025-12-15,14.0
SKU0054,2025-12-22,14.0
SKU0054,2025-12-29,27.0
SKU0054,2026-01-05,20.0
SKU0054,2026-01-12,8.0
SKU0054,2026-01-19,10.0
SKU0054,2026-01-26,11.0
SKU0054,2026-02-02,7.0
SKU0054,2026-02-09,9.0
SKU0054,2026-02-16,12.0
SKU0054,2026-02-23,15.0
SKU0054,2026-03-02,4.0
SKU0054,2026-03-09,12.0
SKU0054,2026-03-16,12.0
SKU0054,2026-03-23,4.0
SKU0054,2026-03-30,10.0
SKU0054,2026-04-06,12.0
SKU0054,2026-04-13,9.0
SKU0054,2026-04-20,6.0
SKU0054,2026-04-27,10.0
SKU0054,2026-05-04,12.0
SKU0054,2026-05-11,13.0
SKU0054,2026-05-18,9.0
SKU0054,2026-05-25,15.0
SKU0054,2026-06-01,10.0
SKU0054,2026-06-08,6.0
SKU0054,2026-06-15,12.0
SKU0054,2026-06-22,14.0
SKU0054,2026-06-29,20.0
SKU0054,2026-07-06,17.0
SKU0054,2026-07-13,13.0
SKU0054,2026-07-20,12.0
SKU0055,2024-08-05,16.0
SKU0055,2024-08-12,123.0
SKU0055,2024-08-19,131.0
SKU0055,2024-08-26,157.0
SKU0055,2024-09-02,138.0
SKU0055,2024-09-09,154.0
SKU0055,2024-09-16,160.0
SKU0055,2024-09-23,147.0
SKU0055,2024-09-30,138.0
SKU0055,2024-10-07,192.0
SKU0055,2024-10-14,200.0
SKU0055,2024-10-21,321.0
SKU0055,2024-10-28,344.0
SKU0055,2024-11-04,356.0
SKU0055,2024-11-11,223.0
SKU0055,2024-11-18,240.0
SKU0055,2024-11-25,233.0
SKU0055,2024-12-02,293.0
SKU0055,2024-12-09,214.0
SKU0055,2024-12-16,217.0
SKU0055,2024-12-23,273.0
SKU0055,2024-12-30,366.0
SKU0055,2025-01-06,206.0
SKU0055,2025-01-13,141.0
SKU0055,2025-01-20,127.0
SKU0055,2025-01-27,140.0
SKU0055,2025-02-03,129.0
SKU0055,2025-02-10,106.0
SKU0055,2025-02-17,137.0
SKU0055,2025-02-24,144.0
SKU0055,2025-03-03,149.0
SKU0055,2025-03-10,166.0
SKU0055,2025-03-17,157.0
SKU0055,2025-03-24,161.0
SKU0055,2025-03-31,156.0
SKU0055,2025-04-07,163.0
SKU0055,2025-04-14,143.0
SKU0055,2025-04-21,166.0
SKU0055,2025-04-28,175.0
SKU0055,2025-05-05,159.0
SKU0055,2025-05-12,160.0
SKU0055,2025-05-19,179.0
SKU0055,2025-05-26,170.0
SKU0055,2025-06-02,171.0
SKU0055,2025-06-09,191.0
SKU0055,2025-06-16,190.0
SKU0055,2025-06-23,281.0
SKU0055,2025-06-30,263.0
SKU0055,2025-07-07,172.0
SKU0055,2025-07-14,155.0
SKU0055,2025-07-21,167.0
SKU0055,2025-07-28,178.0
SKU0055,2025-08-04,153.0
SKU0055,2025-08-11,165.0
SKU0055,2025-08-18,177.0
SKU0055,2025-08-25,181.0
SKU0055,2025-09-01,166.0
SKU0055,2025-09-08,201.0
SKU0055,2025-09-15,192.0
SKU0055,2025-09-22,147.0
SKU0055,2025-09-29,155.0
SKU0055,2025-10-06,231.0
SKU0055,2025-10-13,230.0
SKU0055,2025-10-20,358.0
SKU0055,2025-10-27,385.0
SKU0055,2025-11-03,372.0
SKU0055,2025-11-10,262.0
SKU0055,2025-11-17,215.0
SKU0055,2025-11-24,231.0
SKU0055,2025-12-01,372.0
SKU0055,2025-12-08,220.0
SKU0055,2025-12-15,266.0
SKU0055,2025-12-22,341.0
SKU0055,2025-12-29,374.0
SKU0055,2026-01-05,292.0
SKU0055,2026-01-12,165.0
SKU0055,2026-01-19,155.0
SKU0055,2026-01-26,180.0
SKU0055,2026-02-02,123.0
SKU0055,2026-02-09,136.0
SKU0055,2026-02-16,144.0
SKU0055,2026-02-23,146.0
SKU0055,2026-03-02,142.0
SKU0055,2026-03-09,197.0
SKU0055,2026-03-16,163.0
SKU0055,2026-03-23,200.0
SKU0055,2026-03-30,167.0
SKU0055,2026-04-06,184.0
SKU0055,2026-04-13,195.0
SKU0055,2026-04-20,161.0
SKU0055,2026-04-27,183.0
SKU0055,2026-05-04,156.0
SKU0055,2026-05-11,169.0
SKU0055,2026-05-18,176.0
SKU0055,2026-05-25,172.0
SKU0055,2026-06-01,170.0
SKU0055,2026-06-08,166.0
SKU0055,2026-06-15,188.0
SKU0055,2026-06-22,300.0
SKU0055,2026-06-29,246.0
SKU0055,2026-07-06,202.0
SKU0055,2026-07-13,171.0
SKU0055,2026-07-20,170.0
SKU0056,2024-08-12,29.0
SKU0056,2024-08-19,26.0
SKU0056,2024-08-26,42.0
SKU0056,2024-09-02,39.0
SKU0056,2024-09-09,24.0
SKU0056,2024-09-16,32.0
SKU0056,2024-09-23,42.0
SKU0056,2024-09-30,36.0
SKU0056,2024-10-07,61.0
SKU0056,2024-10-14,46.0
SKU0056,2024-10-21,90.0
SKU0056,2024-10-28,84.0
SKU0056,2024-11-04,81.0
SKU0056,2024-11-11,56.0
SKU0056,2024-11-18,68.0
SKU0056,2024-11-25,69.0
SKU0056,2024-12-02,98.0
SKU0056,2024-12-09,47.0
SKU0056,2024-12-16,53.0
SKU0056,2024-12-23,71.0
SKU0056,2024-12-30,86.0
SKU0056,2025-01-06,60.0
SKU0056,2025-01-13,31.0
SKU0056,2025-01-20,39.0
SKU0056,2025-01-27,37.0
SKU0056,2025-02-03,34.0
SKU0056,2025-02-10,39.0
SKU0056,2025-02-17,37.0
SKU0056,2025-02-24,29.0
SKU0056,2025-03-03,46.0
SKU0056,2025-03-10,46.0
SKU0056,2025-03-17,45.0
SKU0056,2025-03-24,41.0
SKU0056,2025-03-31,38.0
SKU0056,2025-04-07,48.0
SKU0056,2025-04-14,34.0
SKU0056,2025-04-21,42.0
SKU0056,2025-04-28,39.0
SKU0056,2025-05-05,33.0
SKU0056,2025-05-12,50.0
SKU0056,2025-05-19,42.0
SKU0056,2025-05-26,45.0
SKU0056,2025-06-02,45.0
SKU0056,2025-06-09,49.0
SKU0056,2025-06-16,49.0
SKU0056,2025-06-23,56.0
SKU0056,2025-06-30,68.0
SKU0056,2025-07-07,47.0
SKU0056,2025-07-14,25.0
SKU0056,2025-07-21,42.0
SKU0056,2025-07-28,50.0
SKU0056,2025-08-04,40.0
SKU0056,2025-08-11,28.0
SKU0056,2025-08-18,40.0
SKU0056,2025-08-25,40.0
SKU0056,2025-09-01,44.0
SKU0056,2025-09-08,36.0
SKU0056,2025-09-15,32.0
SKU0056,2025-09-22,43.0
SKU0056,2025-09-29,47.0
SKU0056,2025-10-06,61.0
SKU0056,2025-10-13,68.0
SKU0056,2025-10-20,89.0
SKU0056,2025-10-27,86.0
SKU0056,2025-11-03,94.0
SKU0056,2025-11-10,51.0
SKU0056,2025-11-17,64.0
SKU0056,2025-11-24,63.0
SKU0056,2025-12-01,79.0
SKU0056,2025-12-08,48.0
SKU0056,2025-12-15,47.0
SKU0056,2025-12-22,69.0
SKU0056,2025-12-29,103.0
SKU0056,2026-01-05,65.0
SKU0056,2026-01-12,37.0
SKU0056,2026-01-19,31.0
SKU0056,2026-01-26,46.0
SKU0056,2026-02-02,40.0
SKU0056,2026-02-09,35.0
SKU0056,2026-02-16,43.0
SKU0056,2026-02-23,49.0
SKU0056,2026-03-02,42.0
SKU0056,2026-03-09,42.0
SKU0056,2026-03-16,40.0
SKU0056,2026-03-23,37.0
SKU0056,2026-03-30,38.0
SKU0056,2026-04-06,28.0
SKU0056,2026-04-13,45.0
SKU0056,2026-04-20,58.0
SKU0056,2026-04-27,49.0
SKU0056,2026-05-04,44.0
SKU0056,2026-05-11,49.0
SKU0056,2026-05-18,49.0
SKU0056,2026-05-25,41.0
SKU0056,2026-06-01,38.0
SKU0056,2026-06-08,34.0
SKU0056,2026-06-15,62.0
SKU0056,2026-06-22,57.0
SKU0056,2026-06-29,69.0
SKU0056,2026-07-06,47.0
SKU0056,2026-07-13,47.0
SKU0056,2026-07-20,31.0
SKU0057,2024-08-05,51.0
SKU0057,2024-08-12,46.0
SKU0057,2024-08-19,32.0
SKU0057,2024-08-26,57.0
SKU0057,2024-09-02,49.0
SKU0057,2024-09-09,52.0
SKU0057,2024-09-16,58.0
SKU0057,2024-09-23,59.0
SKU0057,2024-09-30,61.0
SKU0057,2024-10-07,63.0
SKU0057,2024-10-14,81.0
SKU0057,2024-10-21,98.0
SKU0057,2024-10-28,121.0
SKU0057,2024-11-04,109.0
SKU0057,2024-11-11,90.0
SKU0057,2024-11-18,71.0
SKU0057,2024-11-25,74.0
SKU0057,2024-12-02,96.0
SKU0057,2024-12-09,82.0
SKU0057,2024-12-16,70.0
SKU0057,2024-12-23,109.0
SKU0057,2024-12-30,130.0
SKU0057,2025-01-06,73.0
SKU0057,2025-01-13,37.0
SKU0057,2025-01-20,42.0
SKU0057,2025-01-27,52.0
SKU0057,2025-02-03,36.0
SKU0057,2025-02-10,37.0
SKU0057,2025-02-17,45.0
SKU0057,2025-02-24,40.0
SKU0057,2025-03-03,49.0
SKU0057,2025-03-10,47.0
SKU0057,2025-03-17,45.0
SKU0057,2025-03-24,47.0
SKU0057,2025-03-31,55.0
SKU0057,2025-04-07,57.0
SKU0057,2025-04-14,72.0
SKU0057,2025-04-21,49.0
SKU0057,2025-04-28,50.0
SKU0057,2025-05-05,50.0
SKU0057,2025-05-12,42.0
SKU0057,2025-05-19,63.0
SKU0057,2025-05-26,50.0
SKU0057,2025-06-02,46.0
SKU0057,2025-06-09,59.0
SKU0057,2025-06-16,73.0
SKU0057,2025-06-23,89.0
SKU0057,2025-06-30,84.0
SKU0057,2025-07-07,58.0
SKU0057,2025-07-14,61.0
SKU0057,2025-07-21,43.0
SKU0057,2025-07-28,62.0
SKU0057,2025-08-04,67.0
SKU0057,2025-08-11,50.0
SKU0057,2025-08-18,47.0
SKU0057,2025-08-25,54.0
SKU0057,2025-09-01,41.0
SKU0057,2025-09-08,59.0
SKU0057,2025-09-15,51.0
SKU0057,2025-09-22,53.0
SKU0057,2025-09-29,55.0
SKU0057,2025-10-06,64.0
SKU0057,2025-10-13,85.0
SKU0057,2025-10-20,115.0
SKU0057,2025-10-27,121.0
SKU0057,2025-11-03,119.0
SKU0057,2025-11-10,86.0
SKU0057,2025-11-17,76.0
SKU0057,2025-11-24,72.0
SKU0057,2025-12-01,117.0
SKU0057,2025-12-08,82.0
SKU0057,2025-12-15,83.0
SKU0057,2025-12-22,89.0
SKU0057,2025-12-29,119.0
SKU0057,2026-01-05,88.0
SKU0057,2026-01-12,48.0
SKU0057,2026-01-19,49.0
SKU0057,2026-01-26,61.0
SKU0057,2026-02-02,49.0
SKU0057,2026-02-09,50.0
SKU0057,2026-02-16,55.0
SKU0057,2026-02-23,57.0
SKU0057,2026-03-02,50.0
SKU0057,2026-03-09,62.0
SKU0057,2026-03-16,67.0
SKU0057,2026-03-23,58.0
SKU0057,2026-03-30,48.0
SKU0057,2026-04-06,47.0
SKU0057,2026-04-13,62.0
SKU0057,2026-04-20,58.0
SKU0057,2026-04-27,58.0
SKU0057,2026-05-04,64.0
SKU0057,2026-05-11,57.0
SKU0057,2026-05-18,45.0
SKU0057,2026-05-25,47.0
SKU0057,2026-06-01,59.0
SKU0057,2026-06-08,53.0
SKU0057,2026-06-15,73.0
SKU0057,2026-06-22,70.0
SKU0057,2026-06-29,88.0
SKU0057,2026-07-06,69.0
SKU0057,2026-07-13,56.0
SKU0057,2026-07-20,45.0
SKU0058,2026-05-25,5.0
SKU0058,2026-06-01,37.0
SKU0058,2026-06-08,36.0
SKU0058,2026-06-15,60.0
SKU0058,2026-06-22,51.0
SKU0058,2026-06-29,51.0
SKU0058,2026-07-06,56.0
SKU0058,2026-07-13,34.0
SKU0058,2026-07-20,44.0
SKU0059,2024-07-22,11.0
SKU0059,2024-07-29,48.0
SKU0059,2024-08-05,57.0
SKU0059,2024-08-12,53.0
SKU0059,2024-08-19,56.0
SKU0059,2024-08-26,58.0
SKU0059,2024-09-02,47.0
SKU0059,2024-09-09,51.0
SKU0059,2024-09-16,56.0
SKU0059,2024-09-23,57.0
SKU0059,2024-09-30,51.0
SKU0059,2024-10-07,72.0
SKU0059,2024-10-14,103.0
SKU0059,2024-10-21,123.0
SKU0059,2024-10-28,122.0
SKU0059,2024-11-04,134.0
SKU0059,2024-11-11,82.0
SKU0059,2024-11-18,51.0
SKU0059,2024-11-25,81.0
SKU0059,2024-12-02,115.0
SKU0059,2024-12-09,91.0
SKU0059,2024-12-16,78.0
SKU0059,2024-12-23,114.0
SKU0059,2024-12-30,132.0
SKU0059,2025-01-06,72.0
SKU0059,2025-01-13,40.0
SKU0059,2025-01-20,49.0
SKU0059,2025-01-27,54.0
SKU0059,2025-02-03,52.0
SKU0059,2025-02-10,40.0
SKU0059,2025-02-17,45.0
SKU0059,2025-02-24,57.0
SKU0059,2025-03-03,42.0
SKU0059,2025-03-10,54.0
SKU0059,2025-03-17,39.0
SKU0059,2025-03-24,58.0
SKU0059,2025-03-31,46.0
SKU0059,2025-04-07,48.0
SKU0059,2025-04-14,51.0
SKU0059,2025-04-21,56.0
SKU0059,2025-04-28,54.0
SKU0059,2025-05-05,52.0
SKU0059,2025-05-12,65.0
SKU0059,2025-05-19,54.0
SKU0059,2025-05-26,65.0
SKU0059,2025-06-02,53.0
SKU0059,2025-06-09,53.0
SKU0059,2025-06-16,54.0
SKU0059,2025-06-23,85.0
SKU0059,2025-06-30,79.0
SKU0059,2025-07-07,63.0
SKU0059,2025-07-14,50.0
SKU0059,2025-07-21,40.0
SKU0059,2025-07-28,42.0
SKU0059,2025-08-04,46.0
SKU0059,2025-08-11,57.0
SKU0059,2025-08-18,51.0
SKU0059,2025-08-25,49.0
SKU0059,2025-09-01,59.0
SKU0059,2025-09-08,61.0
SKU0059,2025-09-15,51.0
SKU0059,2025-09-22,60.0
SKU0059,2025-09-29,60.0
SKU0059,2025-10-06,71.0
SKU0059,2025-10-13,85.0
SKU0059,2025-10-20,128.0
SKU0059,2025-10-27,124.0
SKU0059,2025-11-03,112.0
SKU0059,2025-11-10,75.0
SKU0059,2025-11-17,75.0
SKU0059,2025-11-24,77.0
SKU0059,2025-12-01,104.0
SKU0059,2025-12-08,77.0
SKU0059,2025-12-15,62.0
SKU0059,2025-12-22,81.0
SKU0059,2025-12-29,115.0
SKU0059,2026-01-05,75.0
SKU0059,2026-01-12,52.0
SKU0059,2026-01-19,45.0
SKU0059,2026-01-26,31.0
SKU0059,2026-02-02,35.0
SKU0059,2026-02-09,42.0
SKU0059,2026-02-16,57.0
SKU0059,2026-02-23,49.0
SKU0059,2026-03-02,38.0
SKU0059,2026-03-09,54.0
SKU0059,2026-03-16,53.0
SKU0059,2026-03-23,55.0
SKU0059,2026-03-30,45.0
SKU0059,2026-04-06,55.0
SKU0059,2026-04-13,56.0
SKU0059,2026-04-20,51.0
SKU0059,2026-04-27,50.0
SKU0059,2026-05-04,58.0
SKU0059,2026-05-11,57.0
SKU0059,2026-05-18,45.0
SKU0059,2026-05-25,52.0
SKU0059,2026-06-01,59.0
SKU0059,2026-06-08,49.0
SKU0059,2026-06-15,57.0
SKU0059,2026-06-22,81.0
SKU0059,2026-06-29,79.0
SKU0059,2026-07-06,50.0
SKU0059,2026-07-13,49.0
SKU0059,2026-07-20,36.0
SKU0060,2024-07-29,28.0
SKU0060,2024-08-05,30.0
SKU0060,2024-08-12,33.0
SKU0060,2024-08-19,29.0
SKU0060,2024-08-26,34.0
SKU0060,2024-09-02,26.0
SKU0060,2024-09-09,37.0
SKU0060,2024-09-16,34.0
SKU0060,2024-09-23,30.0
SKU0060,2024-09-30,24.0
SKU0060,2024-10-07,48.0
SKU0060,2024-10-14,33.0
SKU0060,2024-10-21,58.0
SKU0060,2024-10-28,52.0
SKU0060,2024-11-04,72.0
SKU0060,2024-11-11,44.0
SKU0060,2024-11-18,45.0
SKU0060,2024-11-25,27.0
SKU0060,2024-12-02,52.0
SKU0060,2024-12-09,46.0
SKU0060,2024-12-16,30.0
SKU0060,2024-12-23,53.0
SKU0060,2024-12-30,51.0
SKU0060,2025-01-06,38.0
SKU0060,2025-01-13,19.0
SKU0060,2025-01-20,29.0
SKU0060,2025-01-27,24.0
SKU0060,2025-02-03,23.0
SKU0060,2025-02-10,25.0
SKU0060,2025-02-17,19.0
SKU0060,2025-02-24,28.0
SKU0060,2025-03-03,20.0
SKU0060,2025-03-10,40.0
SKU0060,2025-03-17,34.0
SKU0060,2025-03-24,26.0
SKU0060,2025-03-31,28.0
SKU0060,2025-04-07,28.0
SKU0060,2025-04-14,27.0
SKU0060,2025-04-21,23.0
SKU0060,2025-04-28,30.0
SKU0060,2025-05-05,28.0
SKU0060,2025-05-12,25.0
SKU0060,2025-05-19,29.0
SKU0060,2025-05-26,30.0
SKU0060,2025-06-02,33.0
SKU0060,2025-06-09,27.0
SKU0060,2025-06-16,30.0
SKU0060,2025-06-23,51.0
SKU0060,2025-06-30,55.0
SKU0060,2025-07-07,34.0
SKU0060,2025-07-14,24.0
SKU0060,2025-07-21,32.0
SKU0060,2025-07-28,21.0
SKU0060,2025-08-04,25.0
SKU0060,2025-08-11,29.0
SKU0060,2025-08-18,32.0
SKU0060,2025-08-25,32.0
SKU0060,2025-09-01,30.0
SKU0060,2025-09-08,32.0
SKU0060,2025-09-15,34.0
SKU0060,2025-09-22,34.0
SKU0060,2025-09-29,34.0
SKU0060,2025-10-06,40.0
SKU0060,2025-10-13,41.0
SKU0060,2025-10-20,59.0
SKU0060,2025-10-27,60.0
SKU0060,2025-11-03,71.0
SKU0060,2025-11-10,40.0
SKU0060,2025-11-17,40.0
SKU0060,2025-11-24,48.0
SKU0060,2025-12-01,62.0
SKU0060,2025-12-08,54.0
SKU0060,2025-12-15,40.0
SKU0060,2025-12-22,52.0
SKU0060,2025-12-29,68.0
SKU0060,2026-01-05,47.0
SKU0060,2026-01-12,23.0
SKU0060,2026-01-19,23.0
SKU0060,2026-01-26,26.0
SKU0060,2026-02-02,16.0
SKU0060,2026-02-09,36.0
SKU0060,2026-02-16,17.0
SKU0060,2026-02-23,26.0
SKU0060,2026-03-02,21.0
SKU0060,2026-03-09,31.0
SKU0060,2026-03-16,22.0
SKU0060,2026-03-23,36.0
SKU0060,2026-03-30,34.0
SKU0060,2026-04-06,23.0
SKU0060,2026-04-13,24.0
SKU0060,2026-04-20,31.0
SKU0060,2026-04-27,17.0
SKU0060,2026-05-04,43.0
SKU0060,2026-05-11,30.0
SKU0060,2026-05-18,25.0
SKU0060,2026-05-25,30.0
SKU0060,2026-06-01,33.0
SKU0060,2026-06-08,27.0
SKU0060,2026-06-15,35.0
SKU0060,2026-06-22,51.0
SKU0060,2026-06-29,52.0
SKU0060,2026-07-06,38.0
SKU0060,2026-07-13,28.0
SKU0060,2026-07-20,27.0
SKU0061,2024-08-05,68.0
SKU0061,2024-08-12,149.0
SKU0061,2024-08-19,149.0
SKU0061,2024-08-26,149.0
SKU0061,2024-09-02,142.0
SKU0061,2024-09-09,157.0
SKU0061,2024-09-16,148.0
SKU0061,2024-09-23,159.0
SKU0061,2024-09-30,161.0
SKU0061,2024-10-07,212.0
SKU0061,2024-10-14,172.0
SKU0061,2024-10-21,314.0
SKU0061,2024-10-28,308.0
SKU0061,2024-11-04,345.0
SKU0061,2024-11-11,223.0
SKU0061,2024-11-18,214.0
SKU0061,2024-11-25,223.0
SKU0061,2024-12-02,304.0
SKU0061,2024-12-09,189.0
SKU0061,2024-12-16,201.0
SKU0061,2024-12-23,276.0
SKU0061,2024-12-30,352.0
SKU0061,2025-01-06,242.0
SKU0061,2025-01-13,148.0
SKU0061,2025-01-20,129.0
SKU0061,2025-01-27,136.0
SKU0061,2025-02-03,117.0
SKU0061,2025-02-10,126.0
SKU0061,2025-02-17,132.0
SKU0061,2025-02-24,133.0
SKU0061,2025-03-03,149.0
SKU0061,2025-03-10,145.0
SKU0061,2025-03-17,144.0
SKU0061,2025-03-24,158.0
SKU0061,2025-03-31,147.0
SKU0061,2025-04-07,135.0
SKU0061,2025-04-14,174.0
SKU0061,2025-04-21,153.0
SKU0061,2025-04-28,145.0
SKU0061,2025-05-05,149.0
SKU0061,2025-05-12,163.0
SKU0061,2025-05-19,166.0
SKU0061,2025-05-26,158.0
SKU0061,2025-06-02,144.0
SKU0061,2025-06-09,159.0
SKU0061,2025-06-16,187.0
SKU0061,2025-06-23,255.0
SKU0061,2025-06-30,244.0
SKU0061,2025-07-07,175.0
SKU0061,2025-07-14,168.0
SKU0061,2025-07-21,157.0
SKU0061,2025-07-28,179.0
SKU0061,2025-08-04,182.0
SKU0061,2025-08-11,165.0
SKU0061,2025-08-18,171.0
SKU0061,2025-08-25,192.0
SKU0061,2025-09-01,146.0
SKU0061,2025-09-08,170.0
SKU0061,2025-09-15,162.0
SKU0061,2025-09-22,151.0
SKU0061,2025-09-29,168.0
SKU0061,2025-10-06,231.0
SKU0061,2025-10-13,235.0
SKU0061,2025-10-20,374.0
SKU0061,2025-10-27,356.0
SKU0061,2025-11-03,366.0
SKU0061,2025-11-10,248.0
SKU0061,2025-11-17,212.0
SKU0061,2025-11-24,245.0
SKU0061,2025-12-01,387.0
SKU0061,2025-12-08,224.0
SKU0061,2025-12-15,217.0
SKU0061,2025-12-22,279.0
SKU0061,2025-12-29,392.0
SKU0061,2026-01-05,275.0
SKU0061,2026-01-12,167.0
SKU0061,2026-01-19,155.0
SKU0061,2026-01-26,154.0
SKU0061,2026-02-02,137.0
SKU0061,2026-02-09,149.0
SKU0061,2026-02-16,131.0
SKU0061,2026-02-23,147.0
SKU0061,2026-03-02,154.0
SKU0061,2026-03-09,180.0
SKU0061,2026-03-16,180.0
SKU0061,2026-03-23,182.0
SKU0061,2026-03-30,191.0
SKU0061,2026-04-06,188.0
SKU0061,2026-04-13,169.0
SKU0061,2026-04-20,183.0
SKU0061,2026-04-27,169.0
SKU0061,2026-05-04,204.0
SKU0061,2026-05-11,188.0
SKU0061,2026-05-18,152.0
SKU0061,2026-05-25,174.0
SKU0061,2026-06-01,159.0
SKU0061,2026-06-08,188.0
SKU0061,2026-06-15,196.0
SKU0061,2026-06-22,256.0
SKU0061,2026-06-29,274.0
SKU0061,2026-07-06,208.0
SKU0061,2026-07-13,208.0
SKU0061,2026-07-20,171.0
SKU0062,2026-02-09,1.0
SKU0062,2026-02-16,0.0
SKU0062,2026-02-23,1.0
SKU0062,2026-03-02,3.0
SKU0062,2026-03-09,4.0
SKU0062,2026-03-16,1.0
SKU0062,2026-03-23,3.0
SKU0062,2026-03-30,1.0
SKU0062,2026-04-06,3.0
SKU0062,2026-04-13,3.0
SKU0062,2026-04-20,0.0
SKU0062,2026-04-27,2.0
SKU0062,2026-05-04,1.0
SKU0062,2026-05-11,4.0
SKU0062,2026-05-18,4.0
SKU0062,2026-05-25,3.0
SKU0062,2026-06-01,3.0
SKU0062,2026-06-08,7.0
SKU0062,2026-06-15,6.0
SKU0062,2026-06-22,5.0
SKU0062,2026-06-29,5.0
SKU0062,2026-07-06,1.0
SKU0062,2026-07-13,4.0
SKU0062,2026-07-20,8.0
SKU0063,2024-08-05,116.0
SKU0063,2024-08-12,121.0
SKU0063,2024-08-19,98.0
SKU0063,2024-08-26,110.0
SKU0063,2024-09-02,121.0
SKU0063,2024-09-09,133.0
SKU0063,2024-09-16,97.0
SKU0063,2024-09-23,107.0
SKU0063,2024-09-30,92.0
SKU0063,2024-10-07,154.0
SKU0063,2024-10-14,137.0
SKU0063,2024-10-21,229.0
SKU0063,2024-10-28,253.0
SKU0063,2024-11-04,249.0
SKU0063,2024-11-11,174.0
SKU0063,2024-11-18,153.0
SKU0063,2024-11-25,169.0
SKU0063,2024-12-02,205.0
SKU0063,2024-12-09,167.0
SKU0063,2024-12-16,132.0
SKU0063,2024-12-23,219.0
SKU0063,2024-12-30,251.0
SKU0063,2025-01-06,172.0
SKU0063,2025-01-13,96.0
SKU0063,2025-01-20,85.0
SKU0063,2025-01-27,81.0
SKU0063,2025-02-03,97.0
SKU0063,2025-02-10,92.0
SKU0063,2025-02-17,99.0
SKU0063,2025-02-24,84.0
SKU0063,2025-03-03,113.0
SKU0063,2025-03-10,107.0
SKU0063,2025-03-17,117.0
SKU0063,2025-03-24,96.0
SKU0063,2025-03-31,117.0
SKU0063,2025-04-07,136.0
SKU0063,2025-04-14,123.0
SKU0063,2025-04-21,123.0
SKU0063,2025-04-28,125.0
SKU0063,2025-05-05,108.0
SKU0063,2025-05-12,112.0
SKU0063,2025-05-19,127.0
SKU0063,2025-05-26,140.0
SKU0063,2025-06-02,107.0
SKU0063,2025-06-09,131.0
SKU0063,2025-06-16,141.0
SKU0063,2025-06-23,195.0
SKU0063,2025-06-30,182.0
SKU0063,2025-07-07,118.0
SKU0063,2025-07-14,101.0
SKU0063,2025-07-21,114.0
SKU0063,2025-07-28,117.0
SKU0063,2025-08-04,128.0
SKU0063,2025-08-11,112.0
SKU0063,2025-08-18,95.0
SKU0063,2025-08-25,110.0
SKU0063,2025-09-01,102.0
SKU0063,2025-09-08,129.0
SKU0063,2025-09-15,110.0
SKU0063,2025-09-22,102.0
SKU0063,2025-09-29,133.0
SKU0063,2025-10-06,147.0
SKU0063,2025-10-13,159.0
SKU0063,2025-10-20,273.0
SKU0063,2025-10-27,246.0
SKU0063,2025-11-03,267.0
SKU0063,2025-11-10,205.0
SKU0063,2025-11-17,152.0
SKU0063,2025-11-24,162.0
SKU0063,2025-12-01,248.0
SKU0063,2025-12-08,183.0
SKU0063,2025-12-15,149.0
SKU0063,2025-12-22,208.0
SKU0063,2025-12-29,243.0
SKU0063,2026-01-05,190.0
SKU0063,2026-01-12,109.0
SKU0063,2026-01-19,112.0
SKU0063,2026-01-26,106.0
SKU0063,2026-02-02,104.0
SKU0063,2026-02-09,97.0
SKU0063,2026-02-16,96.0
SKU0063,2026-02-23,101.0
SKU0063,2026-03-02,115.0
SKU0063,2026-03-09,140.0
SKU0063,2026-03-16,137.0
SKU0063,2026-03-23,112.0
SKU0063,2026-03-30,123.0
SKU0063,2026-04-06,153.0
SKU0063,2026-04-13,128.0
SKU0063,2026-04-20,132.0
SKU0063,2026-04-27,110.0
SKU0063,2026-05-04,129.0
SKU0063,2026-05-11,120.0
SKU0063,2026-05-18,125.0
SKU0063,2026-05-25,113.0
SKU0063,2026-06-01,150.0
SKU0063,2026-06-08,126.0
SKU0063,2026-06-15,135.0
SKU0063,2026-06-22,216.0
SKU0063,2026-06-29,221.0
SKU0063,2026-07-06,144.0
SKU0063,2026-07-13,136.0
SKU0063,2026-07-20,125.0
SKU0064,2024-07-29,0.0
SKU0064,2024-08-05,26.0
SKU0064,2024-08-12,22.0
SKU0064,2024-08-19,20.0
SKU0064,2024-08-26,10.0
SKU0064,2024-09-02,21.0
SKU0064,2024-09-09,16.0
SKU0064,2024-09-16,11.0
SKU0064,2024-09-23,16.0
SKU0064,2024-09-30,20.0
SKU0064,2024-10-07,14.0
SKU0064,2024-10-14,23.0
SKU0064,2024-10-21,39.0
SKU0064,2024-10-28,35.0
SKU0064,2024-11-04,41.0
SKU0064,2024-11-11,22.0
SKU0064,2024-11-18,25.0
SKU0064,2024-11-25,22.0
SKU0064,2024-12-02,30.0
SKU0064,2024-12-09,28.0
SKU0064,2024-12-16,29.0
SKU0064,2024-12-23,35.0
SKU0064,2024-12-30,30.0
SKU0064,2025-01-06,27.0
SKU0064,2025-01-13,15.0
SKU0064,2025-01-20,12.0
SKU0064,2025-01-27,16.0
SKU0064,2025-02-03,17.0
SKU0064,2025-02-10,18.0
SKU0064,2025-02-17,20.0
SKU0064,2025-02-24,11.0
SKU0064,2025-03-03,18.0
SKU0064,2025-03-10,20.0
SKU0064,2025-03-17,17.0
SKU0064,2025-03-24,24.0
SKU0064,2025-03-31,24.0
SKU0064,2025-04-07,21.0
SKU0064,2025-04-14,11.0
SKU0064,2025-04-21,21.0
SKU0064,2025-04-28,17.0
SKU0064,2025-05-05,13.0
SKU0064,2025-05-12,22.0
SKU0064,2025-05-19,14.0
SKU0064,2025-05-26,17.0
SKU0064,2025-06-02,22.0
SKU0064,2025-06-09,18.0
SKU0064,2025-06-16,25.0
SKU0064,2025-06-23,29.0
SKU0064,2025-06-30,42.0
SKU0064,2025-07-07,15.0
SKU0064,2025-07-14,21.0
SKU0064,2025-07-21,16.0
SKU0064,2025-07-28,18.0
SKU0064,2025-08-04,22.0
SKU0064,2025-08-11,11.0
SKU0064,2025-08-18,21.0
SKU0064,2025-08-25,21.0
SKU0064,2025-09-01,18.0
SKU0064,2025-09-08,20.0
SKU0064,2025-09-15,16.0
SKU0064,2025-09-22,18.0
SKU0064,2025-09-29,25.0
SKU0064,2025-10-06,22.0
SKU0064,2025-10-13,22.0
SKU0064,2025-10-20,43.0
SKU0064,2025-10-27,38.0
SKU0064,2025-11-03,40.0
SKU0064,2025-11-10,31.0
SKU0064,2025-11-17,25.0
SKU0064,2025-11-24,22.0
SKU0064,2025-12-01,35.0
SKU0064,2025-12-08,19.0
SKU0064,2025-12-15,27.0
SKU0064,2025-12-22,31.0
SKU0064,2025-12-29,32.0
SKU0064,2026-01-05,30.0
SKU0064,2026-01-12,19.0
SKU0064,2026-01-19,21.0
SKU0064,2026-01-26,13.0
SKU0064,2026-02-02,21.0
SKU0064,2026-02-09,15.0
SKU0064,2026-02-16,20.0
SKU0064,2026-02-23,20.0
SKU0064,2026-03-02,23.0
SKU0064,2026-03-09,20.0
SKU0064,2026-03-16,14.0
SKU0064,2026-03-23,24.0
SKU0064,2026-03-30,14.0
SKU0064,2026-04-06,12.0
SKU0064,2026-04-13,14.0
SKU0064,2026-04-20,23.0
SKU0064,2026-04-27,21.0
SKU0064,2026-05-04,28.0
SKU0064,2026-05-11,20.0
SKU0064,2026-05-18,25.0
SKU0064,2026-05-25,16.0
SKU0064,2026-06-01,22.0
SKU0064,2026-06-08,17.0
SKU0064,2026-06-15,18.0
SKU0064,2026-06-22,35.0
SKU0064,2026-06-29,22.0
SKU0064,2026-07-06,21.0
SKU0064,2026-07-13,16.0
SKU0064,2026-07-20,20.0
SKU0065,2024-08-05,6.0
SKU0065,2024-08-12,37.0
SKU0065,2024-08-19,45.0
SKU0065,2024-08-26,37.0
SKU0065,2024-09-02,35.0
SKU0065,2024-09-09,36.0
SKU0065,2024-09-16,23.0
SKU0065,2024-09-23,33.0
SKU0065,2024-09-30,32.0
SKU0065,2024-10-07,46.0
SKU0065,2024-10-14,51.0
SKU0065,2024-10-21,71.0
SKU0065,2024-10-28,68.0
SKU0065,2024-11-04,69.0
SKU0065,2024-11-11,53.0
SKU0065,2024-11-18,48.0
SKU0065,2024-11-25,45.0
SKU0065,2024-12-02,58.0
SKU0065,2024-12-09,46.0
SKU0065,2024-12-16,36.0
SKU0065,2024-12-23,75.0
SKU0065,2024-12-30,65.0
SKU0065,2025-01-06,59.0
SKU0065,2025-01-13,34.0
SKU0065,2025-01-20,31.0
SKU0065,2025-01-27,29.0
SKU0065,2025-02-03,24.0
SKU0065,2025-02-10,30.0
SKU0065,2025-02-17,32.0
SKU0065,2025-02-24,30.0
SKU0065,2025-03-03,24.0
SKU0065,2025-03-10,32.0
SKU0065,2025-03-17,43.0
SKU0065,2025-03-24,30.0
SKU0065,2025-03-31,33.0
SKU0065,2025-04-07,37.0
SKU0065,2025-04-14,44.0
SKU0065,2025-04-21,37.0
SKU0065,2025-04-28,38.0
SKU0065,2025-05-05,28.0
SKU0065,2025-05-12,31.0
SKU0065,2025-05-19,27.0
SKU0065,2025-05-26,45.0
SKU0065,2025-06-02,40.0
SKU0065,2025-06-09,32.0
SKU0065,2025-06-16,34.0
SKU0065,2025-06-23,54.0
SKU0065,2025-06-30,67.0
SKU0065,2025-07-07,34.0
SKU0065,2025-07-14,32.0
SKU0065,2025-07-21,44.0
SKU0065,2025-07-28,40.0
SKU0065,2025-08-04,29.0
SKU0065,2025-08-11,27.0
SKU0065,2025-08-18,31.0
SKU0065,2025-08-25,38.0
SKU0065,2025-09-01,41.0
SKU0065,2025-09-08,36.0
SKU0065,2025-09-15,40.0
SKU0065,2025-09-22,38.0
SKU0065,2025-09-29,27.0
SKU0065,2025-10-06,39.0
SKU0065,2025-10-13,47.0
SKU0065,2025-10-20,88.0
SKU0065,2025-10-27,81.0
SKU0065,2025-11-03,75.0
SKU0065,2025-11-10,40.0
SKU0065,2025-11-17,41.0
SKU0065,2025-11-24,51.0
SKU0065,2025-12-01,54.0
SKU0065,2025-12-08,52.0
SKU0065,2025-12-15,67.0
SKU0065,2025-12-22,61.0
SKU0065,2025-12-29,95.0
SKU0065,2026-01-05,51.0
SKU0065,2026-01-12,31.0
SKU0065,2026-01-19,27.0
SKU0065,2026-01-26,46.0
SKU0065,2026-02-02,28.0
SKU0065,2026-02-09,32.0
SKU0065,2026-02-16,53.0
SKU0065,2026-02-23,39.0
SKU0065,2026-03-02,20.0
SKU0065,2026-03-09,36.0
SKU0065,2026-03-16,37.0
SKU0065,2026-03-23,33.0
SKU0065,2026-03-30,34.0
SKU0065,2026-04-06,34.0
SKU0065,2026-04-13,43.0
SKU0065,2026-04-20,40.0
SKU0065,2026-04-27,21.0
SKU0065,2026-05-04,31.0
SKU0065,2026-05-11,44.0
SKU0065,2026-05-18,35.0
SKU0065,2026-05-25,36.0
SKU0065,2026-06-01,35.0
SKU0065,2026-06-08,37.0
SKU0065,2026-06-15,44.0
SKU0065,2026-06-22,59.0
SKU0065,2026-06-29,70.0
SKU0065,2026-07-06,48.0
SKU0065,2026-07-13,43.0
SKU0065,2026-07-20,37.0
SKU0066,2024-07-22,4.0
SKU0066,2024-07-29,6.0
SKU0066,2024-08-05,17.0
SKU0066,2024-08-12,13.0
SKU0066,2024-08-19,5.0
SKU0066,2024-08-26,10.0
SKU0066,2024-09-02,15.0
SKU0066,2024-09-09,9.0
SKU0066,2024-09-16,13.0
SKU0066,2024-09-23,10.0
SKU0066,2024-09-30,12.0
SKU0066,2024-10-07,20.0
SKU0066,2024-10-14,16.0
SKU0066,2024-10-21,24.0
SKU0066,2024-10-28,33.0
SKU0066,2024-11-04,21.0
SKU0066,2024-11-11,15.0
SKU0066,2024-11-18,16.0
SKU0066,2024-11-25,20.0
SKU0066,2024-12-02,21.0
SKU0066,2024-12-09,16.0
SKU0066,2024-12-16,18.0
SKU0066,2024-12-23,18.0
SKU0066,2024-12-30,26.0
SKU0066,2025-01-06,18.0
SKU0066,2025-01-13,13.0
SKU0066,2025-01-20,8.0
SKU0066,2025-01-27,14.0
SKU0066,2025-02-03,8.0
SKU0066,2025-02-10,10.0
SKU0066,2025-02-17,16.0
SKU0066,2025-02-24,9.0
SKU0066,2025-03-03,8.0
SKU0066,2025-03-10,17.0
SKU0066,2025-03-17,7.0
SKU0066,2025-03-24,10.0
SKU0066,2025-03-31,15.0
SKU0066,2025-04-07,13.0
SKU0066,2025-04-14,9.0
SKU0066,2025-04-21,10.0
SKU0066,2025-04-28,10.0
SKU0066,2025-05-05,15.0
SKU0066,2025-05-12,12.0
SKU0066,2025-05-19,8.0
SKU0066,2025-05-26,13.0
SKU0066,2025-06-02,16.0
SKU0066,2025-06-09,14.0
SKU0066,2025-06-16,19.0
SKU0066,2025-06-23,12.0
SKU0066,2025-06-30,26.0
SKU0066,2025-07-07,12.0
SKU0066,2025-07-14,14.0
SKU0066,2025-07-21,15.0
SKU0066,2025-07-28,5.0
SKU0066,2025-08-04,12.0
SKU0066,2025-08-11,8.0
SKU0066,2025-08-18,13.0
SKU0066,2025-08-25,15.0
SKU0066,2025-09-01,10.0
SKU0066,2025-09-08,13.0
SKU0066,2025-09-15,11.0
SKU0066,2025-09-22,19.0
SKU0066,2025-09-29,5.0
SKU0066,2025-10-06,21.0
SKU0066,2025-10-13,18.0
SKU0066,2025-10-20,38.0
SKU0066,2025-10-27,28.0
SKU0066,2025-11-03,23.0
SKU0066,2025-11-10,20.0
SKU0066,2025-11-17,20.0
SKU0066,2025-11-24,16.0
SKU0066,2025-12-01,26.0
SKU0066,2025-12-08,21.0
SKU0066,2025-12-15,21.0
SKU0066,2025-12-22,19.0
SKU0066,2025-12-29,29.0
SKU0066,2026-01-05,20.0
SKU0066,2026-01-12,9.0
SKU0066,2026-01-19,11.0
SKU0066,2026-01-26,12.0
SKU0066,2026-02-02,18.0
SKU0066,2026-02-09,4.0
SKU0066,2026-02-16,9.0
SKU0066,2026-02-23,17.0
SKU0066,2026-03-02,12.0
SKU0066,2026-03-09,16.0
SKU0066,2026-03-16,15.0
SKU0066,2026-03-23,11.0
SKU0066,2026-03-30,8.0
SKU0066,2026-04-06,14.0
SKU0066,2026-04-13,13.0
SKU0066,2026-04-20,12.0
SKU0066,2026-04-27,18.0
SKU0066,2026-05-04,17.0
SKU0066,2026-05-11,12.0
SKU0066,2026-05-18,7.0
SKU0066,2026-05-25,6.0
SKU0066,2026-06-01,8.0
SKU0066,2026-06-08,18.0
SKU0066,2026-06-15,15.0
SKU0066,2026-06-22,23.0
SKU0066,2026-06-29,31.0
SKU0066,2026-07-06,17.0
SKU0066,2026-07-13,9.0
SKU0066,2026-07-20,11.0
SKU0067,2026-03-30,2.0
SKU0067,2026-04-06,3.0
SKU0067,2026-04-13,1.0
SKU0067,2026-04-20,1.0
SKU0067,2026-04-27,1.0
SKU0067,2026-05-04,5.0
SKU0067,2026-05-11,3.0
SKU0067,2026-05-18,2.0
SKU0067,2026-05-25,2.0
SKU0067,2026-06-01,1.0
SKU0067,2026-06-08,5.0
SKU0067,2026-06-15,4.0
SKU0067,2026-06-22,4.0
SKU0067,2026-06-29,4.0
SKU0067,2026-07-06,4.0
SKU0067,2026-07-13,7.0
SKU0067,2026-07-20,5.0
SKU0068,2026-05-11,0.0
SKU0068,2026-05-18,0.0
SKU0068,2026-05-25,0.0
SKU0068,2026-06-01,1.0
SKU0068,2026-06-08,0.0
SKU0068,2026-06-15,2.0
SKU0068,2026-06-22,0.0
SKU0068,2026-06-29,4.0
SKU0068,2026-07-06,0.0
SKU0068,2026-07-13,2.0
SKU0068,2026-07-20,4.0
SKU0069,2024-07-22,4.0
SKU0069,2024-07-29,40.0
SKU0069,2024-08-05,22.0
SKU0069,2024-08-12,25.0
SKU0069,2024-08-19,37.0
SKU0069,2024-08-26,18.0
SKU0069,2024-09-02,33.0
SKU0069,2024-09-09,29.0
SKU0069,2024-09-16,27.0
SKU0069,2024-09-23,26.0
SKU0069,2024-09-30,27.0
SKU0069,2024-10-07,38.0
SKU0069,2024-10-14,43.0
SKU0069,2024-10-21,65.0
SKU0069,2024-10-28,68.0
SKU0069,2024-11-04,54.0
SKU0069,2024-11-11,54.0
SKU0069,2024-11-18,51.0
SKU0069,2024-11-25,40.0
SKU0069,2024-12-02,53.0
SKU0069,2024-12-09,37.0
SKU0069,2024-12-16,33.0
SKU0069,2024-12-23,52.0
SKU0069,2024-12-30,73.0
SKU0069,2025-01-06,49.0
SKU0069,2025-01-13,36.0
SKU0069,2025-01-20,17.0
SKU0069,2025-01-27,30.0
SKU0069,2025-02-03,32.0
SKU0069,2025-02-10,22.0
SKU0069,2025-02-17,22.0
SKU0069,2025-02-24,32.0
SKU0069,2025-03-03,28.0
SKU0069,2025-03-10,37.0
SKU0069,2025-03-17,44.0
SKU0069,2025-03-24,31.0
SKU0069,2025-03-31,24.0
SKU0069,2025-04-07,34.0
SKU0069,2025-04-14,31.0
SKU0069,2025-04-21,34.0
SKU0069,2025-04-28,33.0
SKU0069,2025-05-05,25.0
SKU0069,2025-05-12,27.0
SKU0069,2025-05-19,31.0
SKU0069,2025-05-26,49.0
SKU0069,2025-06-02,28.0
SKU0069,2025-06-09,31.0
SKU0069,2025-06-16,27.0
SKU0069,2025-06-23,46.0
SKU0069,2025-06-30,37.0
SKU0069,2025-07-07,34.0
SKU0069,2025-07-14,37.0
SKU0069,2025-07-21,33.0
SKU0069,2025-07-28,43.0
SKU0069,2025-08-04,27.0
SKU0069,2025-08-11,29.0
SKU0069,2025-08-18,33.0
SKU0069,2025-08-25,26.0
SKU0069,2025-09-01,35.0
SKU0069,2025-09-08,30.0
SKU0069,2025-09-15,36.0
SKU0069,2025-09-22,33.0
SKU0069,2025-09-29,32.0
SKU0069,2025-10-06,35.0
SKU0069,2025-10-13,46.0
SKU0069,2025-10-20,54.0
SKU0069,2025-10-27,71.0
SKU0069,2025-11-03,75.0
SKU0069,2025-11-10,50.0
SKU0069,2025-11-17,44.0
SKU0069,2025-11-24,42.0
SKU0069,2025-12-01,70.0
SKU0069,2025-12-08,31.0
SKU0069,2025-12-15,29.0
SKU0069,2025-12-22,56.0
SKU0069,2025-12-29,68.0
SKU0069,2026-01-05,68.0
SKU0069,2026-01-12,30.0
SKU0069,2026-01-19,34.0
SKU0069,2026-01-26,29.0
SKU0069,2026-02-02,34.0
SKU0069,2026-02-09,30.0
SKU0069,2026-02-16,23.0
SKU0069,2026-02-23,19.0
SKU0069,2026-03-02,23.0
SKU0069,2026-03-09,24.0
SKU0069,2026-03-16,41.0
SKU0069,2026-03-23,31.0
SKU0069,2026-03-30,37.0
SKU0069,2026-04-06,21.0
SKU0069,2026-04-13,38.0
SKU0069,2026-04-20,29.0
SKU0069,2026-04-27,31.0
SKU0069,2026-05-04,34.0
SKU0069,2026-05-11,32.0
SKU0069,2026-05-18,40.0
SKU0069,2026-05-25,37.0
SKU0069,2026-06-01,34.0
SKU0069,2026-06-08,20.0
SKU0069,2026-06-15,19.0
SKU0069,2026-06-22,44.0
SKU0069,2026-06-29,52.0
SKU0069,2026-07-06,52.0
SKU0069,2026-07-13,23.0
SKU0069,2026-07-20,22.0
SKU0070,2024-08-05,0.0
SKU0070,2024-08-12,1.0
SKU0070,2024-08-19,1.0
SKU0070,2024-08-26,1.0
SKU0070,2024-09-02,1.0
SKU0070,2024-09-09,1.0
SKU0070,2024-09-16,1.0
SKU0070,2024-09-23,1.0
SKU0070,2024-09-30,2.0
SKU0070,2024-10-07,0.0
SKU0070,2024-10-14,1.0
SKU0070,2024-10-21,0.0
SKU0070,2024-10-28,1.0
SKU0070,2024-11-04,5.0
SKU0070,2024-11-11,1.0
SKU0070,2024-11-18,1.0
SKU0070,2024-11-25,3.0
SKU0070,2024-12-02,3.0
SKU0070,2024-12-09,4.0
SKU0070,2024-12-16,2.0
SKU0070,2024-12-23,1.0
SKU0070,2024-12-30,2.0
SKU0070,2025-01-06,1.0
SKU0070,2025-01-13,3.0
SKU0070,2025-01-20,1.0
SKU0070,2025-01-27,2.0
SKU0070,2025-02-03,0.0
SKU0070,2025-02-10,0.0
SKU0070,2025-02-17,4.0
SKU0070,2025-02-24,3.0
SKU0070,2025-03-03,1.0
SKU0070,2025-03-10,2.0
SKU0070,2025-03-17,0.0
SKU0070,2025-03-24,2.0
SKU0070,2025-03-31,1.0
SKU0070,2025-04-07,1.0
SKU0070,2025-04-14,1.0
SKU0070,2025-04-21,0.0
SKU0070,2025-04-28,3.0
SKU0070,2025-05-05,1.0
SKU0070,2025-05-12,1.0
SKU0070,2025-05-19,1.0
SKU0070,2025-05-26,4.0
SKU0070,2025-06-02,0.0
SKU0070,2025-06-09,0.0
SKU0070,2025-06-16,2.0
SKU0070,2025-06-23,2.0
SKU0070,2025-06-30,2.0
SKU0070,2025-07-07,2.0
SKU0070,2025-07-14,3.0
SKU0070,2025-07-21,0.0
SKU0070,2025-07-28,3.0
SKU0070,2025-08-04,0.0
SKU0070,2025-08-11,0.0
SKU0070,2025-08-18,1.0
SKU0070,2025-08-25,2.0
SKU0070,2025-09-01,0.0
SKU0070,2025-09-08,2.0
SKU0070,2025-09-15,0.0
SKU0070,2025-09-22,2.0
SKU0070,2025-09-29,1.0
SKU0070,2025-10-06,2.0
SKU0070,2025-10-13,1.0
SKU0070,2025-10-20,5.0
SKU0070,2025-10-27,0.0
SKU0070,2025-11-03,4.0
SKU0070,2025-11-10,3.0
SKU0070,2025-11-17,1.0
SKU0070,2025-11-24,3.0
SKU0070,2025-12-01,2.0
SKU0070,2025-12-08,1.0
SKU0070,2025-12-15,3.0
SKU0070,2025-12-22,2.0
SKU0070,2025-12-29,3.0
SKU0070,2026-01-05,2.0
SKU0070,2026-01-12,0.0
SKU0070,2026-01-19,0.0
SKU0070,2026-01-26,0.0
SKU0070,2026-02-02,1.0
SKU0070,2026-02-09,1.0
SKU0070,2026-02-16,0.0
SKU0070,2026-02-23,1.0
SKU0070,2026-03-02,2.0
SKU0070,2026-03-09,0.0
SKU0070,2026-03-16,1.0
SKU0070,2026-03-23,2.0
SKU0070,2026-03-30,2.0
SKU0070,2026-04-06,1.0
SKU0070,2026-04-13,2.0
SKU0070,2026-04-20,3.0
SKU0070,2026-04-27,0.0
SKU0070,2026-05-04,2.0
SKU0070,2026-05-11,1.0
SKU0070,2026-05-18,4.0
SKU0070,2026-05-25,0.0
SKU0070,2026-06-01,2.0
SKU0070,2026-06-08,1.0
SKU0070,2026-06-15,1.0
SKU0070,2026-06-22,2.0
SKU0070,2026-06-29,1.0
SKU0070,2026-07-06,2.0
SKU0070,2026-07-13,1.0
SKU0070,2026-07-20,0.0
SKU0071,2024-08-05,2.0
SKU0071,2024-08-12,2.0
SKU0071,2024-08-19,3.0
SKU0071,2024-08-26,4.0
SKU0071,2024-09-02,1.0
SKU0071,2024-09-09,4.0
SKU0071,2024-09-16,1.0
SKU0071,2024-09-23,3.0
SKU0071,2024-09-30,1.0
SKU0071,2024-10-07,1.0
SKU0071,2024-10-14,3.0
SKU0071,2024-10-21,4.0
SKU0071,2024-10-28,7.0
SKU0071,2024-11-04,3.0
SKU0071,2024-11-11,3.0
SKU0071,2024-11-18,3.0
SKU0071,2024-11-25,5.0
SKU0071,2024-12-02,3.0
SKU0071,2024-12-09,3.0
SKU0071,2024-12-16,4.0
SKU0071,2024-12-23,3.0
SKU0071,2024-12-30,8.0
SKU0071,2025-01-06,1.0
SKU0071,2025-01-13,2.0
SKU0071,2025-01-20,1.0
SKU0071,2025-01-27,2.0
SKU0071,2025-02-03,2.0
SKU0071,2025-02-10,2.0
SKU0071,2025-02-17,4.0
SKU0071,2025-02-24,0.0
SKU0071,2025-03-03,3.0
SKU0071,2025-03-10,4.0
SKU0071,2025-03-17,3.0
SKU0071,2025-03-24,1.0
SKU0071,2025-03-31,2.0
SKU0071,2025-04-07,1.0
SKU0071,2025-04-14,2.0
SKU0071,2025-04-21,0.0
SKU0071,2025-04-28,1.0
SKU0071,2025-05-05,4.0
SKU0071,2025-05-12,2.0
SKU0071,2025-05-19,3.0
SKU0071,2025-05-26,1.0
SKU0071,2025-06-02,2.0
SKU0071,2025-06-09,0.0
SKU0071,2025-06-16,2.0
SKU0071,2025-06-23,4.0
SKU0071,2025-06-30,4.0
SKU0071,2025-07-07,2.0
SKU0071,2025-07-14,1.0
SKU0071,2025-07-21,6.0
SKU0071,2025-07-28,3.0
SKU0071,2025-08-04,3.0
SKU0071,2025-08-11,1.0
SKU0071,2025-08-18,2.0
SKU0071,2025-08-25,0.0
SKU0071,2025-09-01,1.0
SKU0071,2025-09-08,1.0
SKU0071,2025-09-15,2.0
SKU0071,2025-09-22,2.0
SKU0071,2025-09-29,2.0
SKU0071,2025-10-06,3.0
SKU0071,2025-10-13,4.0
SKU0071,2025-10-20,5.0
SKU0071,2025-10-27,9.0
SKU0071,2025-11-03,9.0
SKU0071,2025-11-10,4.0
SKU0071,2025-11-17,5.0
SKU0071,2025-11-24,0.0
SKU0071,2025-12-01,8.0
SKU0071,2025-12-08,2.0
SKU0071,2025-12-15,1.0
SKU0071,2025-12-22,2.0
SKU0071,2025-12-29,2.0
SKU0071,2026-01-05,4.0
SKU0071,2026-01-12,0.0
SKU0071,2026-01-19,2.0
SKU0071,2026-01-26,1.0
SKU0071,2026-02-02,4.0
SKU0071,2026-02-09,2.0
SKU0071,2026-02-16,1.0
SKU0071,2026-02-23,1.0
SKU0071,2026-03-02,2.0
SKU0071,2026-03-09,1.0
SKU0071,2026-03-16,2.0
SKU0071,2026-03-23,0.0
SKU0071,2026-03-30,1.0
SKU0071,2026-04-06,3.0
SKU0071,2026-04-13,0.0
SKU0071,2026-04-20,2.0
SKU0071,2026-04-27,1.0
SKU0071,2026-05-04,0.0
SKU0071,2026-05-11,1.0
SKU0071,2026-05-18,0.0
SKU0071,2026-05-25,1.0
SKU0071,2026-06-01,4.0
SKU0071,2026-06-08,1.0
SKU0071,2026-06-15,1.0
SKU0071,2026-06-22,1.0
SKU0071,2026-06-29,6.0
SKU0071,2026-07-06,1.0
SKU0071,2026-07-13,3.0
SKU0071,2026-07-20,1.0
SKU0072,2024-07-29,14.0
SKU0072,2024-08-05,26.0
SKU0072,2024-08-12,29.0
SKU0072,2024-08-19,26.0
SKU0072,2024-08-26,26.0
SKU0072,2024-09-02,29.0
SKU0072,2024-09-09,26.0
SKU0072,2024-09-16,38.0
SKU0072,2024-09-23,29.0
SKU0072,2024-09-30,24.0
SKU0072,2024-10-07,31.0
SKU0072,2024-10-14,45.0
SKU0072,2024-10-21,53.0
SKU0072,2024-10-28,58.0
SKU0072,2024-11-04,60.0
SKU0072,2024-11-11,43.0
SKU0072,2024-11-18,38.0
SKU0072,2024-11-25,34.0
SKU0072,2024-12-02,56.0
SKU0072,2024-12-09,40.0
SKU0072,2024-12-16,32.0
SKU0072,2024-12-23,59.0
SKU0072,2024-12-30,64.0
SKU0072,2025-01-06,40.0
SKU0072,2025-01-13,18.0
SKU0072,2025-01-20,24.0
SKU0072,2025-01-27,28.0
SKU0072,2025-02-03,24.0
SKU0072,2025-02-10,20.0
SKU0072,2025-02-17,25.0
SKU0072,2025-02-24,28.0
SKU0072,2025-03-03,21.0
SKU0072,2025-03-10,30.0
SKU0072,2025-03-17,33.0
SKU0072,2025-03-24,35.0
SKU0072,2025-03-31,42.0
SKU0072,2025-04-07,28.0
SKU0072,2025-04-14,40.0
SKU0072,2025-04-21,38.0
SKU0072,2025-04-28,33.0
SKU0072,2025-05-05,25.0
SKU0072,2025-05-12,31.0
SKU0072,2025-05-19,20.0
SKU0072,2025-05-26,21.0
SKU0072,2025-06-02,22.0
SKU0072,2025-06-09,25.0
SKU0072,2025-06-16,32.0
SKU0072,2025-06-23,43.0
SKU0072,2025-06-30,62.0
SKU0072,2025-07-07,20.0
SKU0072,2025-07-14,28.0
SKU0072,2025-07-21,25.0
SKU0072,2025-07-28,28.0
SKU0072,2025-08-04,29.0
SKU0072,2025-08-11,32.0
SKU0072,2025-08-18,27.0
SKU0072,2025-08-25,25.0
SKU0072,2025-09-01,29.0
SKU0072,2025-09-08,23.0
SKU0072,2025-09-15,29.0
SKU0072,2025-09-22,28.0
SKU0072,2025-09-29,30.0
SKU0072,2025-10-06,32.0
SKU0072,2025-10-13,43.0
SKU0072,2025-10-20,70.0
SKU0072,2025-10-27,45.0
SKU0072,2025-11-03,72.0
SKU0072,2025-11-10,43.0
SKU0072,2025-11-17,34.0
SKU0072,2025-11-24,40.0
SKU0072,2025-12-01,57.0
SKU0072,2025-12-08,47.0
SKU0072,2025-12-15,31.0
SKU0072,2025-12-22,45.0
SKU0072,2025-12-29,71.0
SKU0072,2026-01-05,27.0
SKU0072,2026-01-12,23.0
SKU0072,2026-01-19,30.0
SKU0072,2026-01-26,20.0
SKU0072,2026-02-02,23.0
SKU0072,2026-02-09,30.0
SKU0072,2026-02-16,36.0
SKU0072,2026-02-23,25.0
SKU0072,2026-03-02,27.0
SKU0072,2026-03-09,30.0
SKU0072,2026-03-16,31.0
SKU0072,2026-03-23,24.0
SKU0072,2026-03-30,36.0
SKU0072,2026-04-06,26.0
SKU0072,2026-04-13,29.0
SKU0072,2026-04-20,26.0
SKU0072,2026-04-27,31.0
SKU0072,2026-05-04,36.0
SKU0072,2026-05-11,19.0
SKU0072,2026-05-18,30.0
SKU0072,2026-05-25,26.0
SKU0072,2026-06-01,21.0
SKU0072,2026-06-08,27.0
SKU0072,2026-06-15,30.0
SKU0072,2026-06-22,46.0
SKU0072,2026-06-29,49.0
SKU0072,2026-07-06,38.0
SKU0072,2026-07-13,22.0
SKU0072,2026-07-20,24.0
SKU0073,2024-07-29,6.0
SKU0073,2024-08-05,7.0
SKU0073,2024-08-12,6.0
SKU0073,2024-08-19,9.0
SKU0073,2024-08-26,11.0
SKU0073,2024-09-02,7.0
SKU0073,2024-09-09,6.0
SKU0073,2024-09-16,5.0
SKU0073,2024-09-23,5.0
SKU0073,2024-09-30,4.0
SKU0073,2024-10-07,10.0
SKU0073,2024-10-14,11.0
SKU0073,2024-10-21,12.0
SKU0073,2024-10-28,17.0
SKU0073,2024-11-04,20.0
SKU0073,2024-11-11,6.0
SKU0073,2024-11-18,13.0
SKU0073,2024-11-25,7.0
SKU0073,2024-12-02,4.0
SKU0073,2024-12-09,9.0
SKU0073,2024-12-16,11.0
SKU0073,2024-12-23,19.0
SKU0073,2024-12-30,12.0
SKU0073,2025-01-06,5.0
SKU0073,2025-01-13,4.0
SKU0073,2025-01-20,4.0
SKU0073,2025-01-27,6.0
SKU0073,2025-02-03,8.0
SKU0073,2025-02-10,1.0
SKU0073,2025-02-17,5.0
SKU0073,2025-02-24,1.0
SKU0073,2025-03-03,7.0
SKU0073,2025-03-10,5.0
SKU0073,2025-03-17,2.0
SKU0073,2025-03-24,6.0
SKU0073,2025-03-31,8.0
SKU0073,2025-04-07,3.0
SKU0073,2025-04-14,6.0
SKU0073,2025-04-21,5.0
SKU0073,2025-04-28,9.0
SKU0073,2025-05-05,10.0
SKU0073,2025-05-12,11.0
SKU0073,2025-05-19,7.0
SKU0073,2025-05-26,7.0
SKU0073,2025-06-02,4.0
SKU0073,2025-06-09,6.0
SKU0073,2025-06-16,15.0
SKU0073,2025-06-23,19.0
SKU0073,2025-06-30,10.0
SKU0073,2025-07-07,10.0
SKU0073,2025-07-14,6.0
SKU0073,2025-07-21,6.0
SKU0073,2025-07-28,10.0
SKU0073,2025-08-04,9.0
SKU0073,2025-08-11,6.0
SKU0073,2025-08-18,5.0
SKU0073,2025-08-25,4.0
SKU0073,2025-09-01,5.0
SKU0073,2025-09-08,11.0
SKU0073,2025-09-15,14.0
SKU0073,2025-09-22,5.0
SKU0073,2025-09-29,8.0
SKU0073,2025-10-06,8.0
SKU0073,2025-10-13,8.0
SKU0073,2025-10-20,15.0
SKU0073,2025-10-27,16.0
SKU0073,2025-11-03,20.0
SKU0073,2025-11-10,8.0
SKU0073,2025-11-17,10.0
SKU0073,2025-11-24,10.0
SKU0073,2025-12-01,14.0
SKU0073,2025-12-08,6.0
SKU0073,2025-12-15,6.0
SKU0073,2025-12-22,11.0
SKU0073,2025-12-29,14.0
SKU0073,2026-01-05,11.0
SKU0073,2026-01-12,8.0
SKU0073,2026-01-19,7.0
SKU0073,2026-01-26,7.0
SKU0073,2026-02-02,6.0
SKU0073,2026-02-09,1.0
SKU0073,2026-02-16,1.0
SKU0073,2026-02-23,3.0
SKU0073,2026-03-02,8.0
SKU0073,2026-03-09,11.0
SKU0073,2026-03-16,9.0
SKU0073,2026-03-23,8.0
SKU0073,2026-03-30,4.0
SKU0073,2026-04-06,6.0
SKU0073,2026-04-13,9.0
SKU0073,2026-04-20,8.0
SKU0073,2026-04-27,5.0
SKU0073,2026-05-04,4.0
SKU0073,2026-05-11,11.0
SKU0073,2026-05-18,9.0
SKU0073,2026-05-25,6.0
SKU0073,2026-06-01,9.0
SKU0073,2026-06-08,10.0
SKU0073,2026-06-15,8.0
SKU0073,2026-06-22,7.0
SKU0073,2026-06-29,15.0
SKU0073,2026-07-06,9.0
SKU0073,2026-07-13,9.0
SKU0073,2026-07-20,7.0
SKU0074,2024-07-29,9.0
SKU0074,2024-08-05,17.0
SKU0074,2024-08-12,15.0
SKU0074,2024-08-19,9.0
SKU0074,2024-08-26,12.0
SKU0074,2024-09-02,10.0
SKU0074,2024-09-09,14.0
SKU0074,2024-09-16,16.0
SKU0074,2024-09-23,20.0
SKU0074,2024-09-30,6.0
SKU0074,2024-10-07,8.0
SKU0074,2024-10-14,14.0
SKU0074,2024-10-21,26.0
SKU0074,2024-10-28,33.0
SKU0074,2024-11-04,16.0
SKU0074,2024-11-11,17.0
SKU0074,2024-11-18,22.0
SKU0074,2024-11-25,24.0
SKU0074,2024-12-02,26.0
SKU0074,2024-12-09,8.0
SKU0074,2024-12-16,21.0
SKU0074,2024-12-23,25.0
SKU0074,2024-12-30,38.0
SKU0074,2025-01-06,24.0
SKU0074,2025-01-13,6.0
SKU0074,2025-01-20,15.0
SKU0074,2025-01-27,5.0
SKU0074,2025-02-03,12.0
SKU0074,2025-02-10,9.0
SKU0074,2025-02-17,7.0
SKU0074,2025-02-24,15.0
SKU0074,2025-03-03,13.0
SKU0074,2025-03-10,8.0
SKU0074,2025-03-17,16.0
SKU0074,2025-03-24,13.0
SKU0074,2025-03-31,13.0
SKU0074,2025-04-07,13.0
SKU0074,2025-04-14,12.0
SKU0074,2025-04-21,10.0
SKU0074,2025-04-28,10.0
SKU0074,2025-05-05,13.0
SKU0074,2025-05-12,14.0
SKU0074,2025-05-19,9.0
SKU0074,2025-05-26,11.0
SKU0074,2025-06-02,10.0
SKU0074,2025-06-09,16.0
SKU0074,2025-06-16,26.0
SKU0074,2025-06-23,15.0
SKU0074,2025-06-30,16.0
SKU0074,2025-07-07,9.0
SKU0074,2025-07-14,13.0
SKU0074,2025-07-21,12.0
SKU0074,2025-07-28,15.0
SKU0074,2025-08-04,8.0
SKU0074,2025-08-11,12.0
SKU0074,2025-08-18,13.0
SKU0074,2025-08-25,11.0
SKU0074,2025-09-01,19.0
SKU0074,2025-09-08,22.0
SKU0074,2025-09-15,6.0
SKU0074,2025-09-22,19.0
SKU0074,2025-09-29,16.0
SKU0074,2025-10-06,17.0
SKU0074,2025-10-13,20.0
SKU0074,2025-10-20,36.0
SKU0074,2025-10-27,26.0
SKU0074,2025-11-03,33.0
SKU0074,2025-11-10,14.0
SKU0074,2025-11-17,21.0
SKU0074,2025-11-24,25.0
SKU0074,2025-12-01,27.0
SKU0074,2025-12-08,28.0
SKU0074,2025-12-15,13.0
SKU0074,2025-12-22,17.0
SKU0074,2025-12-29,24.0
SKU0074,2026-01-05,21.0
SKU0074,2026-01-12,14.0
SKU0074,2026-01-19,11.0
SKU0074,2026-01-26,10.0
SKU0074,2026-02-02,8.0
SKU0074,2026-02-09,13.0
SKU0074,2026-02-16,9.0
SKU0074,2026-02-23,11.0
SKU0074,2026-03-02,9.0
SKU0074,2026-03-09,10.0
SKU0074,2026-03-16,17.0
SKU0074,2026-03-23,12.0
SKU0074,2026-03-30,18.0
SKU0074,2026-04-06,14.0
SKU0074,2026-04-13,9.0
SKU0074,2026-04-20,15.0
SKU0074,2026-04-27,10.0
SKU0074,2026-05-04,17.0
SKU0074,2026-05-11,17.0
SKU0074,2026-05-18,11.0
SKU0074,2026-05-25,16.0
SKU0074,2026-06-01,13.0
SKU0074,2026-06-08,17.0
SKU0074,2026-06-15,15.0
SKU0074,2026-06-22,27.0
SKU0074,2026-06-29,26.0
SKU0074,2026-07-06,23.0
SKU0074,2026-07-13,12.0
SKU0074,2026-07-20,14.0
SKU0075,2024-08-05,44.0
SKU0075,2024-08-12,37.0
SKU0075,2024-08-19,49.0
SKU0075,2024-08-26,34.0
SKU0075,2024-09-02,47.0
SKU0075,2024-09-09,42.0
SKU0075,2024-09-16,43.0
SKU0075,2024-09-23,43.0
SKU0075,2024-09-30,41.0
SKU0075,2024-10-07,51.0
SKU0075,2024-10-14,58.0
SKU0075,2024-10-21,108.0
SKU0075,2024-10-28,88.0
SKU0075,2024-11-04,79.0
SKU0075,2024-11-11,67.0
SKU0075,2024-11-18,49.0
SKU0075,2024-11-25,74.0
SKU0075,2024-12-02,89.0
SKU0075,2024-12-09,69.0
SKU0075,2024-12-16,53.0
SKU0075,2024-12-23,83.0
SKU0075,2024-12-30,107.0
SKU0075,2025-01-06,53.0
SKU0075,2025-01-13,36.0
SKU0075,2025-01-20,42.0
SKU0075,2025-01-27,28.0
SKU0075,2025-02-03,35.0
SKU0075,2025-02-10,30.0
SKU0075,2025-02-17,34.0
SKU0075,2025-02-24,37.0
SKU0075,2025-03-03,33.0
SKU0075,2025-03-10,42.0
SKU0075,2025-03-17,33.0
SKU0075,2025-03-24,37.0
SKU0075,2025-03-31,35.0
SKU0075,2025-04-07,44.0
SKU0075,2025-04-14,33.0
SKU0075,2025-04-21,42.0
SKU0075,2025-04-28,37.0
SKU0075,2025-05-05,41.0
SKU0075,2025-05-12,46.0
SKU0075,2025-05-19,47.0
SKU0075,2025-05-26,37.0
SKU0075,2025-06-02,29.0
SKU0075,2025-06-09,35.0
SKU0075,2025-06-16,46.0
SKU0075,2025-06-23,86.0
SKU0075,2025-06-30,67.0
SKU0075,2025-07-07,32.0
SKU0075,2025-07-14,46.0
SKU0075,2025-07-21,38.0
SKU0075,2025-07-28,46.0
SKU0075,2025-08-04,42.0
SKU0075,2025-08-11,51.0
SKU0075,2025-08-18,47.0
SKU0075,2025-08-25,48.0
SKU0075,2025-09-01,37.0
SKU0075,2025-09-08,45.0
SKU0075,2025-09-15,34.0
SKU0075,2025-09-22,38.0
SKU0075,2025-09-29,50.0
SKU0075,2025-10-06,44.0
SKU0075,2025-10-13,65.0
SKU0075,2025-10-20,110.0
SKU0075,2025-10-27,93.0
SKU0075,2025-11-03,105.0
SKU0075,2025-11-10,62.0
SKU0075,2025-11-17,62.0
SKU0075,2025-11-24,71.0
SKU0075,2025-12-01,87.0
SKU0075,2025-12-08,67.0
SKU0075,2025-12-15,58.0
SKU0075,2025-12-22,62.0
SKU0075,2025-12-29,100.0
SKU0075,2026-01-05,71.0
SKU0075,2026-01-12,44.0
SKU0075,2026-01-19,23.0
SKU0075,2026-01-26,39.0
SKU0075,2026-02-02,47.0
SKU0075,2026-02-09,37.0
SKU0075,2026-02-16,38.0
SKU0075,2026-02-23,38.0
SKU0075,2026-03-02,33.0
SKU0075,2026-03-09,36.0
SKU0075,2026-03-16,50.0
SKU0075,2026-03-23,45.0
SKU0075,2026-03-30,46.0
SKU0075,2026-04-06,42.0
SKU0075,2026-04-13,44.0
SKU0075,2026-04-20,45.0
SKU0075,2026-04-27,45.0
SKU0075,2026-05-04,50.0
SKU0075,2026-05-11,43.0
SKU0075,2026-05-18,54.0
SKU0075,2026-05-25,39.0
SKU0075,2026-06-01,48.0
SKU0075,2026-06-08,36.0
SKU0075,2026-06-15,46.0
SKU0075,2026-06-22,68.0
SKU0075,2026-06-29,67.0
SKU0075,2026-07-06,41.0
SKU0075,2026-07-13,59.0
SKU0075,2026-07-20,37.0
SKU0076,2024-07-22,50.0
SKU0076,2024-07-29,134.0
SKU0076,2024-08-05,114.0
SKU0076,2024-08-12,128.0
SKU0076,2024-08-19,112.0
SKU0076,2024-08-26,121.0
SKU0076,2024-09-02,124.0
SKU0076,2024-09-09,153.0
SKU0076,2024-09-16,125.0
SKU0076,2024-09-23,146.0
SKU0076,2024-09-30,123.0
SKU0076,2024-10-07,183.0
SKU0076,2024-10-14,172.0
SKU0076,2024-10-21,310.0
SKU0076,2024-10-28,265.0
SKU0076,2024-11-04,252.0
SKU0076,2024-11-11,199.0
SKU0076,2024-11-18,165.0
SKU0076,2024-11-25,176.0
SKU0076,2024-12-02,252.0
SKU0076,2024-12-09,177.0
SKU0076,2024-12-16,173.0
SKU0076,2024-12-23,234.0
SKU0076,2024-12-30,289.0
SKU0076,2025-01-06,195.0
SKU0076,2025-01-13,125.0
SKU0076,2025-01-20,109.0
SKU0076,2025-01-27,110.0
SKU0076,2025-02-03,99.0
SKU0076,2025-02-10,126.0
SKU0076,2025-02-17,120.0
SKU0076,2025-02-24,109.0
SKU0076,2025-03-03,128.0
SKU0076,2025-03-10,136.0
SKU0076,2025-03-17,121.0
SKU0076,2025-03-24,160.0
SKU0076,2025-03-31,136.0
SKU0076,2025-04-07,126.0
SKU0076,2025-04-14,111.0
SKU0076,2025-04-21,110.0
SKU0076,2025-04-28,136.0
SKU0076,2025-05-05,127.0
SKU0076,2025-05-12,126.0
SKU0076,2025-05-19,116.0
SKU0076,2025-05-26,150.0
SKU0076,2025-06-02,145.0
SKU0076,2025-06-09,131.0
SKU0076,2025-06-16,157.0
SKU0076,2025-06-23,230.0
SKU0076,2025-06-30,218.0
SKU0076,2025-07-07,140.0
SKU0076,2025-07-14,131.0
SKU0076,2025-07-21,116.0
SKU0076,2025-07-28,151.0
SKU0076,2025-08-04,123.0
SKU0076,2025-08-11,122.0
SKU0076,2025-08-18,129.0
SKU0076,2025-08-25,118.0
SKU0076,2025-09-01,146.0
SKU0076,2025-09-08,123.0
SKU0076,2025-09-15,133.0
SKU0076,2025-09-22,137.0
SKU0076,2025-09-29,121.0
SKU0076,2025-10-06,164.0
SKU0076,2025-10-13,204.0
SKU0076,2025-10-20,302.0
SKU0076,2025-10-27,290.0
SKU0076,2025-11-03,273.0
SKU0076,2025-11-10,204.0
SKU0076,2025-11-17,182.0
SKU0076,2025-11-24,182.0
SKU0076,2025-12-01,285.0
SKU0076,2025-12-08,172.0
SKU0076,2025-12-15,175.0
SKU0076,2025-12-22,264.0
SKU0076,2025-12-29,284.0
SKU0076,2026-01-05,202.0
SKU0076,2026-01-12,111.0
SKU0076,2026-01-19,107.0
SKU0076,2026-01-26,131.0
SKU0076,2026-02-02,118.0
SKU0076,2026-02-09,106.0
SKU0076,2026-02-16,115.0
SKU0076,2026-02-23,103.0
SKU0076,2026-03-02,98.0
SKU0076,2026-03-09,134.0
SKU0076,2026-03-16,120.0
SKU0076,2026-03-23,148.0
SKU0076,2026-03-30,122.0
SKU0076,2026-04-06,146.0
SKU0076,2026-04-13,132.0
SKU0076,2026-04-20,107.0
SKU0076,2026-04-27,137.0
SKU0076,2026-05-04,133.0
SKU0076,2026-05-11,146.0
SKU0076,2026-05-18,127.0
SKU0076,2026-05-25,117.0
SKU0076,2026-06-01,117.0
SKU0076,2026-06-08,151.0
SKU0076,2026-06-15,140.0
SKU0076,2026-06-22,237.0
SKU0076,2026-06-29,211.0
SKU0076,2026-07-06,144.0
SKU0076,2026-07-13,146.0
SKU0076,2026-07-20,114.0
SKU0077,2024-08-05,334.0
SKU0077,2024-08-12,526.0
SKU0077,2024-08-19,505.0
SKU0077,2024-08-26,547.0
SKU0077,2024-09-02,536.0
SKU0077,2024-09-09,549.0
SKU0077,2024-09-16,550.0
SKU0077,2024-09-23,572.0
SKU0077,2024-09-30,513.0
SKU0077,2024-10-07,768.0
SKU0077,2024-10-14,782.0
SKU0077,2024-10-21,1239.0
SKU0077,2024-10-28,1270.0
SKU0077,2024-11-04,1334.0
SKU0077,2024-11-11,864.0
SKU0077,2024-11-18,767.0
SKU0077,2024-11-25,841.0
SKU0077,2024-12-02,1128.0
SKU0077,2024-12-09,779.0
SKU0077,2024-12-16,763.0
SKU0077,2024-12-23,1119.0
SKU0077,2024-12-30,1343.0
SKU0077,2025-01-06,895.0
SKU0077,2025-01-13,515.0
SKU0077,2025-01-20,511.0
SKU0077,2025-01-27,502.0
SKU0077,2025-02-03,486.0
SKU0077,2025-02-10,484.0
SKU0077,2025-02-17,509.0
SKU0077,2025-02-24,486.0
SKU0077,2025-03-03,506.0
SKU0077,2025-03-10,559.0
SKU0077,2025-03-17,525.0
SKU0077,2025-03-24,597.0
SKU0077,2025-03-31,606.0
SKU0077,2025-04-07,563.0
SKU0077,2025-04-14,583.0
SKU0077,2025-04-21,559.0
SKU0077,2025-04-28,590.0
SKU0077,2025-05-05,606.0
SKU0077,2025-05-12,606.0
SKU0077,2025-05-19,591.0
SKU0077,2025-05-26,590.0
SKU0077,2025-06-02,560.0
SKU0077,2025-06-09,584.0
SKU0077,2025-06-16,677.0
SKU0077,2025-06-23,907.0
SKU0077,2025-06-30,955.0
SKU0077,2025-07-07,599.0
SKU0077,2025-07-14,594.0
SKU0077,2025-07-21,586.0
SKU0077,2025-07-28,574.0
SKU0077,2025-08-04,579.0
SKU0077,2025-08-11,566.0
SKU0077,2025-08-18,612.0
SKU0077,2025-08-25,589.0
SKU0077,2025-09-01,593.0
SKU0077,2025-09-08,603.0
SKU0077,2025-09-15,560.0
SKU0077,2025-09-22,589.0
SKU0077,2025-09-29,609.0
SKU0077,2025-10-06,790.0
SKU0077,2025-10-13,839.0
SKU0077,2025-10-20,1274.0
SKU0077,2025-10-27,1356.0
SKU0077,2025-11-03,1314.0
SKU0077,2025-11-10,942.0
SKU0077,2025-11-17,807.0
SKU0077,2025-11-24,880.0
SKU0077,2025-12-01,1247.0
SKU0077,2025-12-08,827.0
SKU0077,2025-12-15,837.0
SKU0077,2025-12-22,1053.0
SKU0077,2025-12-29,1331.0
SKU0077,2026-01-05,929.0
SKU0077,2026-01-12,594.0
SKU0077,2026-01-19,549.0
SKU0077,2026-01-26,489.0
SKU0077,2026-02-02,554.0
SKU0077,2026-02-09,516.0
SKU0077,2026-02-16,515.0
SKU0077,2026-02-23,540.0
SKU0077,2026-03-02,571.0
SKU0077,2026-03-09,580.0
SKU0077,2026-03-16,600.0
SKU0077,2026-03-23,679.0
SKU0077,2026-03-30,576.0
SKU0077,2026-04-06,623.0
SKU0077,2026-04-13,562.0
SKU0077,2026-04-20,596.0
SKU0077,2026-04-27,577.0
SKU0077,2026-05-04,623.0
SKU0077,2026-05-11,547.0
SKU0077,2026-05-18,588.0
SKU0077,2026-05-25,646.0
SKU0077,2026-06-01,572.0
SKU0077,2026-06-08,603.0
SKU0077,2026-06-15,633.0
SKU0077,2026-06-22,957.0
SKU0077,2026-06-29,969.0
SKU0077,2026-07-06,654.0
SKU0077,2026-07-13,628.0
SKU0077,2026-07-20,531.0
SKU0078,2024-07-29,0.0
SKU0078,2024-08-05,0.0
SKU0078,2024-08-12,1.0
SKU0078,2024-08-19,1.0
SKU0078,2024-08-26,0.0
SKU0078,2024-09-02,1.0
SKU0078,2024-09-09,0.0
SKU0078,2024-09-16,0.0
SKU0078,2024-09-23,0.0
SKU0078,2024-09-30,1.0
SKU0078,2024-10-07,0.0
SKU0078,2024-10-14,0.0
SKU0078,2024-10-21,2.0
SKU0078,2024-10-28,2.0
SKU0078,2024-11-04,3.0
SKU0078,2024-11-11,0.0
SKU0078,2024-11-18,1.0
SKU0078,2024-11-25,2.0
SKU0078,2024-12-02,0.0
SKU0078,2024-12-09,1.0
SKU0078,2024-12-16,0.0
SKU0078,2024-12-23,0.0
SKU0078,2024-12-30,0.0
SKU0078,2025-01-06,3.0
SKU0078,2025-01-13,0.0
SKU0078,2025-01-20,2.0
SKU0078,2025-01-27,0.0
SKU0078,2025-02-03,0.0
SKU0078,2025-02-10,0.0
SKU0078,2025-02-17,1.0
SKU0078,2025-02-24,0.0
SKU0078,2025-03-03,0.0
SKU0078,2025-03-10,2.0
SKU0078,2025-03-17,1.0
SKU0078,2025-03-24,2.0
SKU0078,2025-03-31,1.0
SKU0078,2025-04-07,0.0
SKU0078,2025-04-14,0.0
SKU0078,2025-04-21,0.0
SKU0078,2025-04-28,1.0
SKU0078,2025-05-05,1.0
SKU0078,2025-05-12,0.0
SKU0078,2025-05-19,0.0
SKU0078,2025-05-26,1.0
SKU0078,2025-06-02,0.0
SKU0078,2025-06-09,1.0
SKU0078,2025-06-16,0.0
SKU0078,2025-06-23,5.0
SKU0078,2025-06-30,1.0
SKU0078,2025-07-07,1.0
SKU0078,2025-07-14,0.0
SKU0078,2025-07-21,3.0
SKU0078,2025-07-28,0.0
SKU0078,2025-08-04,1.0
SKU0078,2025-08-11,1.0
SKU0078,2025-08-18,0.0
SKU0078,2025-08-25,2.0
SKU0078,2025-09-01,1.0
SKU0078,2025-09-08,1.0
SKU0078,2025-09-15,3.0
SKU0078,2025-09-22,1.0
SKU0078,2025-09-29,0.0
SKU0078,2025-10-06,1.0
SKU0078,2025-10-13,2.0
SKU0078,2025-10-20,1.0
SKU0078,2025-10-27,4.0
SKU0078,2025-11-03,0.0
SKU0078,2025-11-10,1.0
SKU0078,2025-11-17,3.0
SKU0078,2025-11-24,0.0
SKU0078,2025-12-01,2.0
SKU0078,2025-12-08,1.0
SKU0078,2025-12-15,0.0
SKU0078,2025-12-22,1.0
SKU0078,2025-12-29,0.0
SKU0078,2026-01-05,0.0
SKU0078,2026-01-12,0.0
SKU0078,2026-01-19,0.0
SKU0078,2026-01-26,0.0
SKU0078,2026-02-02,0.0
SKU0078,2026-02-09,0.0
SKU0078,2026-02-16,1.0
SKU0078,2026-02-23,1.0
SKU0078,2026-03-02,1.0
SKU0078,2026-03-09,0.0
SKU0078,2026-03-16,2.0
SKU0078,2026-03-23,2.0
SKU0078,2026-03-30,2.0
SKU0078,2026-04-06,1.0
SKU0078,2026-04-13,1.0
SKU0078,2026-04-20,1.0
SKU0078,2026-04-27,2.0
SKU0078,2026-05-04,0.0
SKU0078,2026-05-11,0.0
SKU0078,2026-05-18,1.0
SKU0078,2026-05-25,2.0
SKU0078,2026-06-01,1.0
SKU0078,2026-06-08,0.0
SKU0078,2026-06-15,0.0
SKU0078,2026-06-22,1.0
SKU0078,2026-06-29,1.0
SKU0078,2026-07-06,0.0
SKU0078,2026-07-13,2.0
SKU0078,2026-07-20,1.0
SKU0079,2024-07-29,113.0
SKU0079,2024-08-05,147.0
SKU0079,2024-08-12,121.0
SKU0079,2024-08-19,155.0
SKU0079,2024-08-26,148.0
SKU0079,2024-09-02,128.0
SKU0079,2024-09-09,131.0
SKU0079,2024-09-16,134.0
SKU0079,2024-09-23,139.0
SKU0079,2024-09-30,146.0
SKU0079,2024-10-07,221.0
SKU0079,2024-10-14,209.0
SKU0079,2024-10-21,335.0
SKU0079,2024-10-28,284.0
SKU0079,2024-11-04,337.0
SKU0079,2024-11-11,189.0
SKU0079,2024-11-18,214.0
SKU0079,2024-11-25,223.0
SKU0079,2024-12-02,297.0
SKU0079,2024-12-09,208.0
SKU0079,2024-12-16,197.0
SKU0079,2024-12-23,295.0
SKU0079,2024-12-30,361.0
SKU0079,2025-01-06,221.0
SKU0079,2025-01-13,126.0
SKU0079,2025-01-20,122.0
SKU0079,2025-01-27,132.0
SKU0079,2025-02-03,124.0
SKU0079,2025-02-10,121.0
SKU0079,2025-02-17,144.0
SKU0079,2025-02-24,104.0
SKU0079,2025-03-03,151.0
SKU0079,2025-03-10,152.0
SKU0079,2025-03-17,139.0
SKU0079,2025-03-24,157.0
SKU0079,2025-03-31,164.0
SKU0079,2025-04-07,146.0
SKU0079,2025-04-14,151.0
SKU0079,2025-04-21,168.0
SKU0079,2025-04-28,152.0
SKU0079,2025-05-05,144.0
SKU0079,2025-05-12,124.0
SKU0079,2025-05-19,187.0
SKU0079,2025-05-26,167.0
SKU0079,2025-06-02,153.0
SKU0079,2025-06-09,160.0
SKU0079,2025-06-16,179.0
SKU0079,2025-06-23,235.0
SKU0079,2025-06-30,251.0
SKU0079,2025-07-07,177.0
SKU0079,2025-07-14,174.0
SKU0079,2025-07-21,166.0
SKU0079,2025-07-28,153.0
SKU0079,2025-08-04,176.0
SKU0079,2025-08-11,142.0
SKU0079,2025-08-18,155.0
SKU0079,2025-08-25,154.0
SKU0079,2025-09-01,172.0
SKU0079,2025-09-08,189.0
SKU0079,2025-09-15,141.0
SKU0079,2025-09-22,175.0
SKU0079,2025-09-29,169.0
SKU0079,2025-10-06,210.0
SKU0079,2025-10-13,217.0
SKU0079,2025-10-20,367.0
SKU0079,2025-10-27,356.0
SKU0079,2025-11-03,356.0
SKU0079,2025-11-10,267.0
SKU0079,2025-11-17,220.0
SKU0079,2025-11-24,241.0
SKU0079,2025-12-01,325.0
SKU0079,2025-12-08,207.0
SKU0079,2025-12-15,229.0
SKU0079,2025-12-22,303.0
SKU0079,2025-12-29,372.0
SKU0079,2026-01-05,279.0
SKU0079,2026-01-12,161.0
SKU0079,2026-01-19,157.0
SKU0079,2026-01-26,155.0
SKU0079,2026-02-02,139.0
SKU0079,2026-02-09,158.0
SKU0079,2026-02-16,148.0
SKU0079,2026-02-23,153.0
SKU0079,2026-03-02,182.0
SKU0079,2026-03-09,152.0
SKU0079,2026-03-16,172.0
SKU0079,2026-03-23,164.0
SKU0079,2026-03-30,165.0
SKU0079,2026-04-06,155.0
SKU0079,2026-04-13,149.0
SKU0079,2026-04-20,180.0
SKU0079,2026-04-27,166.0
SKU0079,2026-05-04,157.0
SKU0079,2026-05-11,185.0
SKU0079,2026-05-18,179.0
SKU0079,2026-05-25,187.0
SKU0079,2026-06-01,200.0
SKU0079,2026-06-08,165.0
SKU0079,2026-06-15,187.0
SKU0079,2026-06-22,250.0
SKU0079,2026-06-29,294.0
SKU0079,2026-07-06,181.0
SKU0079,2026-07-13,181.0
SKU0079,2026-07-20,133.0
SKU0080,2024-07-22,25.0
SKU0080,2024-07-29,50.0
SKU0080,2024-08-05,53.0
SKU0080,2024-08-12,32.0
SKU0080,2024-08-19,46.0
SKU0080,2024-08-26,38.0
SKU0080,2024-09-02,39.0
SKU0080,2024-09-09,38.0
SKU0080,2024-09-16,39.0
SKU0080,2024-09-23,48.0
SKU0080,2024-09-30,40.0
SKU0080,2024-10-07,64.0
SKU0080,2024-10-14,66.0
SKU0080,2024-10-21,92.0
SKU0080,2024-10-28,96.0
SKU0080,2024-11-04,110.0
SKU0080,2024-11-11,61.0
SKU0080,2024-11-18,66.0
SKU0080,2024-11-25,63.0
SKU0080,2024-12-02,89.0
SKU0080,2024-12-09,55.0
SKU0080,2024-12-16,58.0
SKU0080,2024-12-23,82.0
SKU0080,2024-12-30,99.0
SKU0080,2025-01-06,61.0
SKU0080,2025-01-13,44.0
SKU0080,2025-01-20,23.0
SKU0080,2025-01-27,26.0
SKU0080,2025-02-03,32.0
SKU0080,2025-02-10,37.0
SKU0080,2025-02-17,33.0
SKU0080,2025-02-24,42.0
SKU0080,2025-03-03,42.0
SKU0080,2025-03-10,54.0
SKU0080,2025-03-17,33.0
SKU0080,2025-03-24,43.0
SKU0080,2025-03-31,42.0
SKU0080,2025-04-07,43.0
SKU0080,2025-04-14,49.0
SKU0080,2025-04-21,35.0
SKU0080,2025-04-28,43.0
SKU0080,2025-05-05,48.0
SKU0080,2025-05-12,46.0
SKU0080,2025-05-19,39.0
SKU0080,2025-05-26,49.0
SKU0080,2025-06-02,35.0
SKU0080,2025-06-09,52.0
SKU0080,2025-06-16,60.0
SKU0080,2025-06-23,81.0
SKU0080,2025-06-30,67.0
SKU0080,2025-07-07,56.0
SKU0080,2025-07-14,45.0
SKU0080,2025-07-21,45.0
SKU0080,2025-07-28,39.0
SKU0080,2025-08-04,53.0
SKU0080,2025-08-11,38.0
SKU0080,2025-08-18,41.0
SKU0080,2025-08-25,38.0
SKU0080,2025-09-01,41.0
SKU0080,2025-09-08,47.0
SKU0080,2025-09-15,43.0
SKU0080,2025-09-22,60.0
SKU0080,2025-09-29,47.0
SKU0080,2025-10-06,44.0
SKU0080,2025-10-13,60.0
SKU0080,2025-10-20,91.0
SKU0080,2025-10-27,98.0
SKU0080,2025-11-03,97.0
SKU0080,2025-11-10,63.0
SKU0080,2025-11-17,56.0
SKU0080,2025-11-24,60.0
SKU0080,2025-12-01,86.0
SKU0080,2025-12-08,63.0
SKU0080,2025-12-15,56.0
SKU0080,2025-12-22,82.0
SKU0080,2025-12-29,108.0
SKU0080,2026-01-05,65.0
SKU0080,2026-01-12,42.0
SKU0080,2026-01-19,36.0
SKU0080,2026-01-26,44.0
SKU0080,2026-02-02,41.0
SKU0080,2026-02-09,45.0
SKU0080,2026-02-16,39.0
SKU0080,2026-02-23,43.0
SKU0080,2026-03-02,42.0
SKU0080,2026-03-09,37.0
SKU0080,2026-03-16,44.0
SKU0080,2026-03-23,44.0
SKU0080,2026-03-30,39.0
SKU0080,2026-04-06,43.0
SKU0080,2026-04-13,42.0
SKU0080,2026-04-20,43.0
SKU0080,2026-04-27,36.0
SKU0080,2026-05-04,39.0
SKU0080,2026-05-11,41.0
SKU0080,2026-05-18,53.0
SKU0080,2026-05-25,52.0
SKU0080,2026-06-01,41.0
SKU0080,2026-06-08,58.0
SKU0080,2026-06-15,53.0
SKU0080,2026-06-22,81.0
SKU0080,2026-06-29,73.0
SKU0080,2026-07-06,42.0
SKU0080,2026-07-13,44.0
SKU0080,2026-07-20,51.0
SKU0081,2024-07-29,9.0
SKU0081,2024-08-05,31.0
SKU0081,2024-08-12,35.0
SKU0081,2024-08-19,26.0
SKU0081,2024-08-26,33.0
SKU0081,2024-09-02,32.0
SKU0081,2024-09-09,36.0
SKU0081,2024-09-16,29.0
SKU0081,2024-09-23,23.0
SKU0081,2024-09-30,29.0
SKU0081,2024-10-07,46.0
SKU0081,2024-10-14,47.0
SKU0081,2024-10-21,60.0
SKU0081,2024-10-28,68.0
SKU0081,2024-11-04,73.0
SKU0081,2024-11-11,37.0
SKU0081,2024-11-18,47.0
SKU0081,2024-11-25,51.0
SKU0081,2024-12-02,62.0
SKU0081,2024-12-09,34.0
SKU0081,2024-12-16,41.0
SKU0081,2024-12-23,49.0
SKU0081,2024-12-30,64.0
SKU0081,2025-01-06,55.0
SKU0081,2025-01-13,25.0
SKU0081,2025-01-20,29.0
SKU0081,2025-01-27,17.0
SKU0081,2025-02-03,25.0
SKU0081,2025-02-10,25.0
SKU0081,2025-02-17,30.0
SKU0081,2025-02-24,28.0
SKU0081,2025-03-03,18.0
SKU0081,2025-03-10,24.0
SKU0081,2025-03-17,28.0
SKU0081,2025-03-24,41.0
SKU0081,2025-03-31,39.0
SKU0081,2025-04-07,30.0
SKU0081,2025-04-14,33.0
SKU0081,2025-04-21,29.0
SKU0081,2025-04-28,37.0
SKU0081,2025-05-05,34.0
SKU0081,2025-05-12,23.0
SKU0081,2025-05-19,32.0
SKU0081,2025-05-26,38.0
SKU0081,2025-06-02,25.0
SKU0081,2025-06-09,29.0
SKU0081,2025-06-16,35.0
SKU0081,2025-06-23,56.0
SKU0081,2025-06-30,45.0
SKU0081,2025-07-07,32.0
SKU0081,2025-07-14,30.0
SKU0081,2025-07-21,35.0
SKU0081,2025-07-28,26.0
SKU0081,2025-08-04,49.0
SKU0081,2025-08-11,34.0
SKU0081,2025-08-18,35.0
SKU0081,2025-08-25,28.0
SKU0081,2025-09-01,35.0
SKU0081,2025-09-08,40.0
SKU0081,2025-09-15,40.0
SKU0081,2025-09-22,37.0
SKU0081,2025-09-29,33.0
SKU0081,2025-10-06,49.0
SKU0081,2025-10-13,45.0
SKU0081,2025-10-20,73.0
SKU0081,2025-10-27,76.0
SKU0081,2025-11-03,63.0
SKU0081,2025-11-10,47.0
SKU0081,2025-11-17,54.0
SKU0081,2025-11-24,40.0
SKU0081,2025-12-01,71.0
SKU0081,2025-12-08,54.0
SKU0081,2025-12-15,34.0
SKU0081,2025-12-22,58.0
SKU0081,2025-12-29,68.0
SKU0081,2026-01-05,63.0
SKU0081,2026-01-12,36.0
SKU0081,2026-01-19,33.0
SKU0081,2026-01-26,37.0
SKU0081,2026-02-02,27.0
SKU0081,2026-02-09,26.0
SKU0081,2026-02-16,33.0
SKU0081,2026-02-23,33.0
SKU0081,2026-03-02,40.0
SKU0081,2026-03-09,42.0
SKU0081,2026-03-16,31.0
SKU0081,2026-03-23,36.0
SKU0081,2026-03-30,37.0
SKU0081,2026-04-06,32.0
SKU0081,2026-04-13,30.0
SKU0081,2026-04-20,34.0
SKU0081,2026-04-27,34.0
SKU0081,2026-05-04,33.0
SKU0081,2026-05-11,37.0
SKU0081,2026-05-18,32.0
SKU0081,2026-05-25,34.0
SKU0081,2026-06-01,41.0
SKU0081,2026-06-08,29.0
SKU0081,2026-06-15,41.0
SKU0081,2026-06-22,58.0
SKU0081,2026-06-29,64.0
SKU0081,2026-07-06,39.0
SKU0081,2026-07-13,43.0
SKU0081,2026-07-20,38.0
SKU0082,2024-07-29,49.0
SKU0082,2024-08-05,61.0
SKU0082,2024-08-12,56.0
SKU0082,2024-08-19,32.0
SKU0082,2024-08-26,55.0
SKU0082,2024-09-02,63.0
SKU0082,2024-09-09,47.0
SKU0082,2024-09-16,52.0
SKU0082,2024-09-23,69.0
SKU0082,2024-09-30,50.0
SKU0082,2024-10-07,72.0
SKU0082,2024-10-14,76.0
SKU0082,2024-10-21,91.0
SKU0082,2024-10-28,111.0
SKU0082,2024-11-04,100.0
SKU0082,2024-11-11,78.0
SKU0082,2024-11-18,87.0
SKU0082,2024-11-25,90.0
SKU0082,2024-12-02,97.0
SKU0082,2024-12-09,66.0
SKU0082,2024-12-16,66.0
SKU0082,2024-12-23,100.0
SKU0082,2024-12-30,106.0
SKU0082,2025-01-06,92.0
SKU0082,2025-01-13,45.0
SKU0082,2025-01-20,49.0
SKU0082,2025-01-27,35.0
SKU0082,2025-02-03,46.0
SKU0082,2025-02-10,43.0
SKU0082,2025-02-17,46.0
SKU0082,2025-02-24,38.0
SKU0082,2025-03-03,41.0
SKU0082,2025-03-10,44.0
SKU0082,2025-03-17,67.0
SKU0082,2025-03-24,58.0
SKU0082,2025-03-31,53.0
SKU0082,2025-04-07,53.0
SKU0082,2025-04-14,67.0
SKU0082,2025-04-21,59.0
SKU0082,2025-04-28,56.0
SKU0082,2025-05-05,45.0
SKU0082,2025-05-12,62.0
SKU0082,2025-05-19,48.0
SKU0082,2025-05-26,66.0
SKU0082,2025-06-02,44.0
SKU0082,2025-06-09,53.0
SKU0082,2025-06-16,58.0
SKU0082,2025-06-23,73.0
SKU0082,2025-06-30,102.0
SKU0082,2025-07-07,59.0
SKU0082,2025-07-14,51.0
SKU0082,2025-07-21,49.0
SKU0082,2025-07-28,45.0
SKU0082,2025-08-04,56.0
SKU0082,2025-08-11,50.0
SKU0082,2025-08-18,61.0
SKU0082,2025-08-25,66.0
SKU0082,2025-09-01,59.0
SKU0082,2025-09-08,47.0
SKU0082,2025-09-15,58.0
SKU0082,2025-09-22,67.0
SKU0082,2025-09-29,52.0
SKU0082,2025-10-06,62.0
SKU0082,2025-10-13,83.0
SKU0082,2025-10-20,131.0
SKU0082,2025-10-27,124.0
SKU0082,2025-11-03,101.0
SKU0082,2025-11-10,89.0
SKU0082,2025-11-17,76.0
SKU0082,2025-11-24,76.0
SKU0082,2025-12-01,134.0
SKU0082,2025-12-08,67.0
SKU0082,2025-12-15,88.0
SKU0082,2025-12-22,106.0
SKU0082,2025-12-29,130.0
SKU0082,2026-01-05,93.0
SKU0082,2026-01-12,61.0
SKU0082,2026-01-19,41.0
SKU0082,2026-01-26,49.0
SKU0082,2026-02-02,51.0
SKU0082,2026-02-09,50.0
SKU0082,2026-02-16,47.0
SKU0082,2026-02-23,38.0
SKU0082,2026-03-02,56.0
SKU0082,2026-03-09,60.0
SKU0082,2026-03-16,54.0
SKU0082,2026-03-23,60.0
SKU0082,2026-03-30,52.0
SKU0082,2026-04-06,59.0
SKU0082,2026-04-13,73.0
SKU0082,2026-04-20,66.0
SKU0082,2026-04-27,53.0
SKU0082,2026-05-04,49.0
SKU0082,2026-05-11,63.0
SKU0082,2026-05-18,59.0
SKU0082,2026-05-25,55.0
SKU0082,2026-06-01,52.0
SKU0082,2026-06-08,52.0
SKU0082,2026-06-15,71.0
SKU0082,2026-06-22,107.0
SKU0082,2026-06-29,96.0
SKU0082,2026-07-06,69.0
SKU0082,2026-07-13,61.0
SKU0082,2026-07-20,46.0
SKU0083,2024-07-29,33.0
SKU0083,2024-08-05,31.0
SKU0083,2024-08-12,32.0
SKU0083,2024-08-19,33.0
SKU0083,2024-08-26,35.0
SKU0083,2024-09-02,39.0
SKU0083,2024-09-09,29.0
SKU0083,2024-09-16,40.0
SKU0083,2024-09-23,36.0
SKU0083,2024-09-30,35.0
SKU0083,2024-10-07,42.0
SKU0083,2024-10-14,49.0
SKU0083,2024-10-21,85.0
SKU0083,2024-10-28,82.0
SKU0083,2024-11-04,88.0
SKU0083,2024-11-11,56.0
SKU0083,2024-11-18,58.0
SKU0083,2024-11-25,52.0
SKU0083,2024-12-02,75.0
SKU0083,2024-12-09,59.0
SKU0083,2024-12-16,55.0
SKU0083,2024-12-23,69.0
SKU0083,2024-12-30,67.0
SKU0083,2025-01-06,46.0
SKU0083,2025-01-13,34.0
SKU0083,2025-01-20,38.0
SKU0083,2025-01-27,27.0
SKU0083,2025-02-03,42.0
SKU0083,2025-02-10,28.0
SKU0083,2025-02-17,31.0
SKU0083,2025-02-24,35.0
SKU0083,2025-03-03,25.0
SKU0083,2025-03-10,30.0
SKU0083,2025-03-17,43.0
SKU0083,2025-03-24,36.0
SKU0083,2025-03-31,36.0
SKU0083,2025-04-07,45.0
SKU0083,2025-04-14,29.0
SKU0083,2025-04-21,35.0
SKU0083,2025-04-28,36.0
SKU0083,2025-05-05,41.0
SKU0083,2025-05-12,36.0
SKU0083,2025-05-19,38.0
SKU0083,2025-05-26,46.0
SKU0083,2025-06-02,29.0
SKU0083,2025-06-09,44.0
SKU0083,2025-06-16,33.0
SKU0083,2025-06-23,68.0
SKU0083,2025-06-30,52.0
SKU0083,2025-07-07,38.0
SKU0083,2025-07-14,30.0
SKU0083,2025-07-21,46.0
SKU0083,2025-07-28,41.0
SKU0083,2025-08-04,29.0
SKU0083,2025-08-11,28.0
SKU0083,2025-08-18,40.0
SKU0083,2025-08-25,42.0
SKU0083,2025-09-01,39.0
SKU0083,2025-09-08,39.0
SKU0083,2025-09-15,37.0
SKU0083,2025-09-22,35.0
SKU0083,2025-09-29,32.0
SKU0083,2025-10-06,50.0
SKU0083,2025-10-13,48.0
SKU0083,2025-10-20,78.0
SKU0083,2025-10-27,84.0
SKU0083,2025-11-03,85.0
SKU0083,2025-11-10,63.0
SKU0083,2025-11-17,45.0
SKU0083,2025-11-24,46.0
SKU0083,2025-12-01,87.0
SKU0083,2025-12-08,52.0
SKU0083,2025-12-15,55.0
SKU0083,2025-12-22,55.0
SKU0083,2025-12-29,81.0
SKU0083,2026-01-05,73.0
SKU0083,2026-01-12,31.0
SKU0083,2026-01-19,40.0
SKU0083,2026-01-26,33.0
SKU0083,2026-02-02,29.0
SKU0083,2026-02-09,30.0
SKU0083,2026-02-16,26.0
SKU0083,2026-02-23,41.0
SKU0083,2026-03-02,33.0
SKU0083,2026-03-09,32.0
SKU0083,2026-03-16,31.0
SKU0083,2026-03-23,39.0
SKU0083,2026-03-30,36.0
SKU0083,2026-04-06,33.0
SKU0083,2026-04-13,43.0
SKU0083,2026-04-20,49.0
SKU0083,2026-04-27,54.0
SKU0083,2026-05-04,46.0
SKU0083,2026-05-11,31.0
SKU0083,2026-05-18,36.0
SKU0083,2026-05-25,35.0
SKU0083,2026-06-01,38.0
SKU0083,2026-06-08,51.0
SKU0083,2026-06-15,33.0
SKU0083,2026-06-22,51.0
SKU0083,2026-06-29,66.0
SKU0083,2026-07-06,38.0
SKU0083,2026-07-13,35.0
SKU0083,2026-07-20,40.0
SKU0084,2024-08-05,13.0
SKU0084,2024-08-12,31.0
SKU0084,2024-08-19,36.0
SKU0084,2024-08-26,33.0
SKU0084,2024-09-02,39.0
SKU0084,2024-09-09,35.0
SKU0084,2024-09-16,39.0
SKU0084,2024-09-23,37.0
SKU0084,2024-09-30,35.0
SKU0084,2024-10-07,58.0
SKU0084,2024-10-14,51.0
SKU0084,2024-10-21,86.0
SKU0084,2024-10-28,94.0
SKU0084,2024-11-04,84.0
SKU0084,2024-11-11,45.0
SKU0084,2024-11-18,49.0
SKU0084,2024-11-25,46.0
SKU0084,2024-12-02,80.0
SKU0084,2024-12-09,56.0
SKU0084,2024-12-16,49.0
SKU0084,2024-12-23,87.0
SKU0084,2024-12-30,85.0
SKU0084,2025-01-06,52.0
SKU0084,2025-01-13,31.0
SKU0084,2025-01-20,26.0
SKU0084,2025-01-27,30.0
SKU0084,2025-02-03,42.0
SKU0084,2025-02-10,22.0
SKU0084,2025-02-17,33.0
SKU0084,2025-02-24,25.0
SKU0084,2025-03-03,34.0
SKU0084,2025-03-10,31.0
SKU0084,2025-03-17,40.0
SKU0084,2025-03-24,38.0
SKU0084,2025-03-31,43.0
SKU0084,2025-04-07,35.0
SKU0084,2025-04-14,55.0
SKU0084,2025-04-21,36.0
SKU0084,2025-04-28,61.0
SKU0084,2025-05-05,34.0
SKU0084,2025-05-12,34.0
SKU0084,2025-05-19,40.0
SKU0084,2025-05-26,32.0
SKU0084,2025-06-02,42.0
SKU0084,2025-06-09,31.0
SKU0084,2025-06-16,39.0
SKU0084,2025-06-23,62.0
SKU0084,2025-06-30,49.0
SKU0084,2025-07-07,32.0
SKU0084,2025-07-14,40.0
SKU0084,2025-07-21,45.0
SKU0084,2025-07-28,44.0
SKU0084,2025-08-04,37.0
SKU0084,2025-08-11,27.0
SKU0084,2025-08-18,34.0
SKU0084,2025-08-25,36.0
SKU0084,2025-09-01,44.0
SKU0084,2025-09-08,44.0
SKU0084,2025-09-15,42.0
SKU0084,2025-09-22,41.0
SKU0084,2025-09-29,41.0
SKU0084,2025-10-06,51.0
SKU0084,2025-10-13,52.0
SKU0084,2025-10-20,80.0
SKU0084,2025-10-27,67.0
SKU0084,2025-11-03,79.0
SKU0084,2025-11-10,60.0
SKU0084,2025-11-17,43.0
SKU0084,2025-11-24,59.0
SKU0084,2025-12-01,71.0
SKU0084,2025-12-08,58.0
SKU0084,2025-12-15,55.0
SKU0084,2025-12-22,62.0
SKU0084,2025-12-29,70.0
SKU0084,2026-01-05,54.0
SKU0084,2026-01-12,36.0
SKU0084,2026-01-19,28.0
SKU0084,2026-01-26,31.0
SKU0084,2026-02-02,25.0
SKU0084,2026-02-09,37.0
SKU0084,2026-02-16,28.0
SKU0084,2026-02-23,33.0
SKU0084,2026-03-02,27.0
SKU0084,2026-03-09,21.0
SKU0084,2026-03-16,47.0
SKU0084,2026-03-23,33.0
SKU0084,2026-03-30,33.0
SKU0084,2026-04-06,38.0
SKU0084,2026-04-13,37.0
SKU0084,2026-04-20,43.0
SKU0084,2026-04-27,37.0
SKU0084,2026-05-04,41.0
SKU0084,2026-05-11,42.0
SKU0084,2026-05-18,31.0
SKU0084,2026-05-25,41.0
SKU0084,2026-06-01,40.0
SKU0084,2026-06-08,37.0
SKU0084,2026-06-15,43.0
SKU0084,2026-06-22,73.0
SKU0084,2026-06-29,71.0
SKU0084,2026-07-06,34.0
SKU0084,2026-07-13,47.0
SKU0084,2026-07-20,32.0
SKU0085,2024-07-29,23.0
SKU0085,2024-08-05,32.0
SKU0085,2024-08-12,21.0
SKU0085,2024-08-19,22.0
SKU0085,2024-08-26,29.0
SKU0085,2024-09-02,24.0
SKU0085,2024-09-09,13.0
SKU0085,2024-09-16,26.0
SKU0085,2024-09-23,24.0
SKU0085,2024-09-30,24.0
SKU0085,2024-10-07,26.0
SKU0085,2024-10-14,28.0
SKU0085,2024-10-21,50.0
SKU0085,2024-10-28,56.0
SKU0085,2024-11-04,45.0
SKU0085,2024-11-11,28.0
SKU0085,2024-11-18,33.0
SKU0085,2024-11-25,31.0
SKU0085,2024-12-02,62.0
SKU0085,2024-12-09,36.0
SKU0085,2024-12-16,17.0
SKU0085,2024-12-23,37.0
SKU0085,2024-12-30,59.0
SKU0085,2025-01-06,26.0
SKU0085,2025-01-13,25.0
SKU0085,2025-01-20,24.0
SKU0085,2025-01-27,24.0
SKU0085,2025-02-03,22.0
SKU0085,2025-02-10,17.0
SKU0085,2025-02-17,13.0
SKU0085,2025-02-24,17.0
SKU0085,2025-03-03,16.0
SKU0085,2025-03-10,21.0
SKU0085,2025-03-17,27.0
SKU0085,2025-03-24,16.0
SKU0085,2025-03-31,30.0
SKU0085,2025-04-07,29.0
SKU0085,2025-04-14,24.0
SKU0085,2025-04-21,23.0
SKU0085,2025-04-28,14.0
SKU0085,2025-05-05,22.0
SKU0085,2025-05-12,17.0
SKU0085,2025-05-19,14.0
SKU0085,2025-05-26,28.0
SKU0085,2025-06-02,23.0
SKU0085,2025-06-09,25.0
SKU0085,2025-06-16,28.0
SKU0085,2025-06-23,35.0
SKU0085,2025-06-30,46.0
SKU0085,2025-07-07,19.0
SKU0085,2025-07-14,38.0
SKU0085,2025-07-21,24.0
SKU0085,2025-07-28,20.0
SKU0085,2025-08-04,21.0
SKU0085,2025-08-11,19.0
SKU0085,2025-08-18,23.0
SKU0085,2025-08-25,23.0
SKU0085,2025-09-01,20.0
SKU0085,2025-09-08,26.0
SKU0085,2025-09-15,30.0
SKU0085,2025-09-22,30.0
SKU0085,2025-09-29,12.0
SKU0085,2025-10-06,29.0
SKU0085,2025-10-13,32.0
SKU0085,2025-10-20,28.0
SKU0085,2025-10-27,46.0
SKU0085,2025-11-03,47.0
SKU0085,2025-11-10,37.0
SKU0085,2025-11-17,33.0
SKU0085,2025-11-24,31.0
SKU0085,2025-12-01,39.0
SKU0085,2025-12-08,28.0
SKU0085,2025-12-15,25.0
SKU0085,2025-12-22,49.0
SKU0085,2025-12-29,48.0
SKU0085,2026-01-05,32.0
SKU0085,2026-01-12,30.0
SKU0085,2026-01-19,17.0
SKU0085,2026-01-26,23.0
SKU0085,2026-02-02,19.0
SKU0085,2026-02-09,23.0
SKU0085,2026-02-16,19.0
SKU0085,2026-02-23,20.0
SKU0085,2026-03-02,19.0
SKU0085,2026-03-09,19.0
SKU0085,2026-03-16,15.0
SKU0085,2026-03-23,19.0
SKU0085,2026-03-30,17.0
SKU0085,2026-04-06,26.0
SKU0085,2026-04-13,19.0
SKU0085,2026-04-20,26.0
SKU0085,2026-04-27,26.0
SKU0085,2026-05-04,26.0
SKU0085,2026-05-11,18.0
SKU0085,2026-05-18,24.0
SKU0085,2026-05-25,18.0
SKU0085,2026-06-01,20.0
SKU0085,2026-06-08,24.0
SKU0085,2026-06-15,18.0
SKU0085,2026-06-22,36.0
SKU0085,2026-06-29,32.0
SKU0085,2026-07-06,27.0
SKU0085,2026-07-13,36.0
SKU0085,2026-07-20,18.0
SKU0086,2024-07-29,1.0
SKU0086,2024-08-05,11.0
SKU0086,2024-08-12,6.0
SKU0086,2024-08-19,7.0
SKU0086,2024-08-26,13.0
SKU0086,2024-09-02,3.0
SKU0086,2024-09-09,15.0
SKU0086,2024-09-16,9.0
SKU0086,2024-09-23,2.0
SKU0086,2024-09-30,5.0
SKU0086,2024-10-07,17.0
SKU0086,2024-10-14,16.0
SKU0086,2024-10-21,18.0
SKU0086,2024-10-28,26.0
SKU0086,2024-11-04,19.0
SKU0086,2024-11-11,12.0
SKU0086,2024-11-18,21.0
SKU0086,2024-11-25,13.0
SKU0086,2024-12-02,18.0
SKU0086,2024-12-09,17.0
SKU0086,2024-12-16,20.0
SKU0086,2024-12-23,16.0
SKU0086,2024-12-30,23.0
SKU0086,2025-01-06,13.0
SKU0086,2025-01-13,13.0
SKU0086,2025-01-20,5.0
SKU0086,2025-01-27,11.0
SKU0086,2025-02-03,8.0
SKU0086,2025-02-10,5.0
SKU0086,2025-02-17,6.0
SKU0086,2025-02-24,4.0
SKU0086,2025-03-03,10.0
SKU0086,2025-03-10,7.0
SKU0086,2025-03-17,4.0
SKU0086,2025-03-24,7.0
SKU0086,2025-03-31,8.0
SKU0086,2025-04-07,10.0
SKU0086,2025-04-14,10.0
SKU0086,2025-04-21,5.0
SKU0086,2025-04-28,11.0
SKU0086,2025-05-05,9.0
SKU0086,2025-05-12,8.0
SKU0086,2025-05-19,8.0
SKU0086,2025-05-26,5.0
SKU0086,2025-06-02,6.0
SKU0086,2025-06-09,6.0
SKU0086,2025-06-16,10.0
SKU0086,2025-06-23,16.0
SKU0086,2025-06-30,15.0
SKU0086,2025-07-07,11.0
SKU0086,2025-07-14,6.0
SKU0086,2025-07-21,7.0
SKU0086,2025-07-28,6.0
SKU0086,2025-08-04,7.0
SKU0086,2025-08-11,13.0
SKU0086,2025-08-18,5.0
SKU0086,2025-08-25,7.0
SKU0086,2025-09-01,4.0
SKU0086,2025-09-08,5.0
SKU0086,2025-09-15,4.0
SKU0086,2025-09-22,5.0
SKU0086,2025-09-29,3.0
SKU0086,2025-10-06,8.0
SKU0086,2025-10-13,12.0
SKU0086,2025-10-20,22.0
SKU0086,2025-10-27,25.0
SKU0086,2025-11-03,22.0
SKU0086,2025-11-10,12.0
SKU0086,2025-11-17,11.0
SKU0086,2025-11-24,7.0
SKU0086,2025-12-01,14.0
SKU0086,2025-12-08,12.0
SKU0086,2025-12-15,14.0
SKU0086,2025-12-22,13.0
SKU0086,2025-12-29,19.0
SKU0086,2026-01-05,15.0
SKU0086,2026-01-12,6.0
SKU0086,2026-01-19,3.0
SKU0086,2026-01-26,10.0
SKU0086,2026-02-02,7.0
SKU0086,2026-02-09,7.0
SKU0086,2026-02-16,7.0
SKU0086,2026-02-23,7.0
SKU0086,2026-03-02,5.0
SKU0086,2026-03-09,11.0
SKU0086,2026-03-16,13.0
SKU0086,2026-03-23,4.0
SKU0086,2026-03-30,8.0
SKU0086,2026-04-06,13.0
SKU0086,2026-04-13,7.0
SKU0086,2026-04-20,10.0
SKU0086,2026-04-27,8.0
SKU0086,2026-05-04,7.0
SKU0086,2026-05-11,11.0
SKU0086,2026-05-18,12.0
SKU0086,2026-05-25,9.0
SKU0086,2026-06-01,9.0
SKU0086,2026-06-08,6.0
SKU0086,2026-06-15,5.0
SKU0086,2026-06-22,18.0
SKU0086,2026-06-29,17.0
SKU0086,2026-07-06,15.0
SKU0086,2026-07-13,14.0
SKU0086,2026-07-20,5.0
SKU0087,2024-07-29,0.0
SKU0087,2024-08-05,7.0
SKU0087,2024-08-12,4.0
SKU0087,2024-08-19,13.0
SKU0087,2024-08-26,5.0
SKU0087,2024-09-02,5.0
SKU0087,2024-09-09,7.0
SKU0087,2024-09-16,10.0
SKU0087,2024-09-23,8.0
SKU0087,2024-09-30,5.0
SKU0087,2024-10-07,13.0
SKU0087,2024-10-14,12.0
SKU0087,2024-10-21,12.0
SKU0087,2024-10-28,15.0
SKU0087,2024-11-04,11.0
SKU0087,2024-11-11,4.0
SKU0087,2024-11-18,11.0
SKU0087,2024-11-25,10.0
SKU0087,2024-12-02,12.0
SKU0087,2024-12-09,12.0
SKU0087,2024-12-16,4.0
SKU0087,2024-12-23,16.0
SKU0087,2024-12-30,20.0
SKU0087,2025-01-06,5.0
SKU0087,2025-01-13,10.0
SKU0087,2025-01-20,4.0
SKU0087,2025-01-27,6.0
SKU0087,2025-02-03,6.0
SKU0087,2025-02-10,4.0
SKU0087,2025-02-17,7.0
SKU0087,2025-02-24,6.0
SKU0087,2025-03-03,7.0
SKU0087,2025-03-10,7.0
SKU0087,2025-03-17,8.0
SKU0087,2025-03-24,5.0
SKU0087,2025-03-31,7.0
SKU0087,2025-04-07,10.0
SKU0087,2025-04-14,11.0
SKU0087,2025-04-21,7.0
SKU0087,2025-04-28,4.0
SKU0087,2025-05-05,6.0
SKU0087,2025-05-12,11.0
SKU0087,2025-05-19,9.0
SKU0087,2025-05-26,10.0
SKU0087,2025-06-02,6.0
SKU0087,2025-06-09,4.0
SKU0087,2025-06-16,11.0
SKU0087,2025-06-23,10.0
SKU0087,2025-06-30,13.0
SKU0087,2025-07-07,12.0
SKU0087,2025-07-14,14.0
SKU0087,2025-07-21,12.0
SKU0087,2025-07-28,10.0
SKU0087,2025-08-04,8.0
SKU0087,2025-08-11,10.0
SKU0087,2025-08-18,17.0
SKU0087,2025-08-25,5.0
SKU0087,2025-09-01,13.0
SKU0087,2025-09-08,12.0
SKU0087,2025-09-15,7.0
SKU0087,2025-09-22,4.0
SKU0087,2025-09-29,9.0
SKU0087,2025-10-06,11.0
SKU0087,2025-10-13,10.0
SKU0087,2025-10-20,17.0
SKU0087,2025-10-27,17.0
SKU0087,2025-11-03,12.0
SKU0087,2025-11-10,8.0
SKU0087,2025-11-17,9.0
SKU0087,2025-11-24,18.0
SKU0087,2025-12-01,24.0
SKU0087,2025-12-08,15.0
SKU0087,2025-12-15,16.0
SKU0087,2025-12-22,15.0
SKU0087,2025-12-29,12.0
SKU0087,2026-01-05,7.0
SKU0087,2026-01-12,10.0
SKU0087,2026-01-19,11.0
SKU0087,2026-01-26,10.0
SKU0087,2026-02-02,10.0
SKU0087,2026-02-09,8.0
SKU0087,2026-02-16,8.0
SKU0087,2026-02-23,11.0
SKU0087,2026-03-02,8.0
SKU0087,2026-03-09,9.0
SKU0087,2026-03-16,14.0
SKU0087,2026-03-23,9.0
SKU0087,2026-03-30,16.0
SKU0087,2026-04-06,14.0
SKU0087,2026-04-13,12.0
SKU0087,2026-04-20,5.0
SKU0087,2026-04-27,11.0
SKU0087,2026-05-04,9.0
SKU0087,2026-05-11,12.0
SKU0087,2026-05-18,7.0
SKU0087,2026-05-25,10.0
SKU0087,2026-06-01,14.0
SKU0087,2026-06-08,9.0
SKU0087,2026-06-15,9.0
SKU0087,2026-06-22,11.0
SKU0087,2026-06-29,14.0
SKU0087,2026-07-06,7.0
SKU0087,2026-07-13,10.0
SKU0087,2026-07-20,10.0
SKU0088,2026-03-02,9.0
SKU0088,2026-03-09,67.0
SKU0088,2026-03-16,83.0
SKU0088,2026-03-23,54.0
SKU0088,2026-03-30,66.0
SKU0088,2026-04-06,63.0
SKU0088,2026-04-13,49.0
SKU0088,2026-04-20,72.0
SKU0088,2026-04-27,71.0
SKU0088,2026-05-04,60.0
SKU0088,2026-05-11,75.0
SKU0088,2026-05-18,68.0
SKU0088,2026-05-25,66.0
SKU0088,2026-06-01,66.0
SKU0088,2026-06-08,63.0
SKU0088,2026-06-15,81.0
SKU0088,2026-06-22,104.0
SKU0088,2026-06-29,100.0
SKU0088,2026-07-06,80.0
SKU0088,2026-07-13,75.0
SKU0088,2026-07-20,61.0
SKU0089,2024-08-05,3.0
SKU0089,2024-08-12,26.0
SKU0089,2024-08-19,29.0
SKU0089,2024-08-26,30.0
SKU0089,2024-09-02,17.0
SKU0089,2024-09-09,21.0
SKU0089,2024-09-16,23.0
SKU0089,2024-09-23,22.0
SKU0089,2024-09-30,18.0
SKU0089,2024-10-07,25.0
SKU0089,2024-10-14,39.0
SKU0089,2024-10-21,61.0
SKU0089,2024-10-28,74.0
SKU0089,2024-11-04,49.0
SKU0089,2024-11-11,34.0
SKU0089,2024-11-18,29.0
SKU0089,2024-11-25,45.0
SKU0089,2024-12-02,46.0
SKU0089,2024-12-09,31.0
SKU0089,2024-12-16,23.0
SKU0089,2024-12-23,59.0
SKU0089,2024-12-30,62.0
SKU0089,2025-01-06,54.0
SKU0089,2025-01-13,18.0
SKU0089,2025-01-20,19.0
SKU0089,2025-01-27,31.0
SKU0089,2025-02-03,25.0
SKU0089,2025-02-10,23.0
SKU0089,2025-02-17,18.0
SKU0089,2025-02-24,23.0
SKU0089,2025-03-03,20.0
SKU0089,2025-03-10,30.0
SKU0089,2025-03-17,20.0
SKU0089,2025-03-24,24.0
SKU0089,2025-03-31,33.0
SKU0089,2025-04-07,19.0
SKU0089,2025-04-14,25.0
SKU0089,2025-04-21,30.0
SKU0089,2025-04-28,27.0
SKU0089,2025-05-05,22.0
SKU0089,2025-05-12,30.0
SKU0089,2025-05-19,29.0
SKU0089,2025-05-26,24.0
SKU0089,2025-06-02,14.0
SKU0089,2025-06-09,33.0
SKU0089,2025-06-16,35.0
SKU0089,2025-06-23,42.0
SKU0089,2025-06-30,55.0
SKU0089,2025-07-07,30.0
SKU0089,2025-07-14,21.0
SKU0089,2025-07-21,20.0
SKU0089,2025-07-28,25.0
SKU0089,2025-08-04,23.0
SKU0089,2025-08-11,25.0
SKU0089,2025-08-18,34.0
SKU0089,2025-08-25,32.0
SKU0089,2025-09-01,30.0
SKU0089,2025-09-08,14.0
SKU0089,2025-09-15,17.0
SKU0089,2025-09-22,18.0
SKU0089,2025-09-29,35.0
SKU0089,2025-10-06,32.0
SKU0089,2025-10-13,39.0
SKU0089,2025-10-20,59.0
SKU0089,2025-10-27,64.0
SKU0089,2025-11-03,52.0
SKU0089,2025-11-10,49.0
SKU0089,2025-11-17,29.0
SKU0089,2025-11-24,44.0
SKU0089,2025-12-01,56.0
SKU0089,2025-12-08,28.0
SKU0089,2025-12-15,28.0
SKU0089,2025-12-22,39.0
SKU0089,2025-12-29,51.0
SKU0089,2026-01-05,47.0
SKU0089,2026-01-12,32.0
SKU0089,2026-01-19,23.0
SKU0089,2026-01-26,22.0
SKU0089,2026-02-02,20.0
SKU0089,2026-02-09,19.0
SKU0089,2026-02-16,11.0
SKU0089,2026-02-23,19.0
SKU0089,2026-03-02,25.0
SKU0089,2026-03-09,30.0
SKU0089,2026-03-16,25.0
SKU0089,2026-03-23,19.0
SKU0089,2026-03-30,19.0
SKU0089,2026-04-06,29.0
SKU0089,2026-04-13,26.0
SKU0089,2026-04-20,23.0
SKU0089,2026-04-27,27.0
SKU0089,2026-05-04,24.0
SKU0089,2026-05-11,21.0
SKU0089,2026-05-18,32.0
SKU0089,2026-05-25,20.0
SKU0089,2026-06-01,20.0
SKU0089,2026-06-08,27.0
SKU0089,2026-06-15,21.0
SKU0089,2026-06-22,49.0
SKU0089,2026-06-29,43.0
SKU0089,2026-07-06,30.0
SKU0089,2026-07-13,18.0
SKU0089,2026-07-20,24.0
SKU0090,2026-03-16,6.0
SKU0090,2026-03-23,15.0
SKU0090,2026-03-30,15.0
SKU0090,2026-04-06,20.0
SKU0090,2026-04-13,18.0
SKU0090,2026-04-20,22.0
SKU0090,2026-04-27,15.0
SKU0090,2026-05-04,19.0
SKU0090,2026-05-11,17.0
SKU0090,2026-05-18,19.0
SKU0090,2026-05-25,16.0
SKU0090,2026-06-01,13.0
SKU0090,2026-06-08,23.0
SKU0090,2026-06-15,19.0
SKU0090,2026-06-22,37.0
SKU0090,2026-06-29,37.0
SKU0090,2026-07-06,17.0
SKU0090,2026-07-13,20.0
SKU0090,2026-07-20,16.0
SKU0091,2024-07-29,40.0
SKU0091,2024-08-05,25.0
SKU0091,2024-08-12,42.0
SKU0091,2024-08-19,30.0
SKU0091,2024-08-26,33.0
SKU0091,2024-09-02,42.0
SKU0091,2024-09-09,35.0
SKU0091,2024-09-16,30.0
SKU0091,2024-09-23,41.0
SKU0091,2024-09-30,38.0
SKU0091,2024-10-07,53.0
SKU0091,2024-10-14,50.0
SKU0091,2024-10-21,72.0
SKU0091,2024-10-28,68.0
SKU0091,2024-11-04,72.0
SKU0091,2024-11-11,40.0
SKU0091,2024-11-18,49.0
SKU0091,2024-11-25,52.0
SKU0091,2024-12-02,82.0
SKU0091,2024-12-09,41.0
SKU0091,2024-12-16,47.0
SKU0091,2024-12-23,60.0
SKU0091,2024-12-30,79.0
SKU0091,2025-01-06,47.0
SKU0091,2025-01-13,28.0
SKU0091,2025-01-20,25.0
SKU0091,2025-01-27,23.0
SKU0091,2025-02-03,37.0
SKU0091,2025-02-10,33.0
SKU0091,2025-02-17,35.0
SKU0091,2025-02-24,31.0
SKU0091,2025-03-03,37.0
SKU0091,2025-03-10,31.0
SKU0091,2025-03-17,20.0
SKU0091,2025-03-24,32.0
SKU0091,2025-03-31,25.0
SKU0091,2025-04-07,40.0
SKU0091,2025-04-14,34.0
SKU0091,2025-04-21,36.0
SKU0091,2025-04-28,29.0
SKU0091,2025-05-05,24.0
SKU0091,2025-05-12,32.0
SKU0091,2025-05-19,34.0
SKU0091,2025-05-26,30.0
SKU0091,2025-06-02,38.0
SKU0091,2025-06-09,29.0
SKU0091,2025-06-16,42.0
SKU0091,2025-06-23,58.0
SKU0091,2025-06-30,70.0
SKU0091,2025-07-07,22.0
SKU0091,2025-07-14,31.0
SKU0091,2025-07-21,36.0
SKU0091,2025-07-28,38.0
SKU0091,2025-08-04,37.0
SKU0091,2025-08-11,26.0
SKU0091,2025-08-18,37.0
SKU0091,2025-08-25,37.0
SKU0091,2025-09-01,41.0
SKU0091,2025-09-08,36.0
SKU0091,2025-09-15,37.0
SKU0091,2025-09-22,37.0
SKU0091,2025-09-29,31.0
SKU0091,2025-10-06,48.0
SKU0091,2025-10-13,52.0
SKU0091,2025-10-20,83.0
SKU0091,2025-10-27,82.0
SKU0091,2025-11-03,62.0
SKU0091,2025-11-10,54.0
SKU0091,2025-11-17,57.0
SKU0091,2025-11-24,50.0
SKU0091,2025-12-01,69.0
SKU0091,2025-12-08,46.0
SKU0091,2025-12-15,53.0
SKU0091,2025-12-22,62.0
SKU0091,2025-12-29,74.0
SKU0091,2026-01-05,50.0
SKU0091,2026-01-12,27.0
SKU0091,2026-01-19,27.0
SKU0091,2026-01-26,33.0
SKU0091,2026-02-02,28.0
SKU0091,2026-02-09,40.0
SKU0091,2026-02-16,18.0
SKU0091,2026-02-23,23.0
SKU0091,2026-03-02,30.0
SKU0091,2026-03-09,38.0
SKU0091,2026-03-16,35.0
SKU0091,2026-03-23,37.0
SKU0091,2026-03-30,17.0
SKU0091,2026-04-06,45.0
SKU0091,2026-04-13,37.0
SKU0091,2026-04-20,30.0
SKU0091,2026-04-27,39.0
SKU0091,2026-05-04,36.0
SKU0091,2026-05-11,33.0
SKU0091,2026-05-18,35.0
SKU0091,2026-05-25,30.0
SKU0091,2026-06-01,28.0
SKU0091,2026-06-08,36.0
SKU0091,2026-06-15,31.0
SKU0091,2026-06-22,47.0
SKU0091,2026-06-29,54.0
SKU0091,2026-07-06,40.0
SKU0091,2026-07-13,31.0
SKU0091,2026-07-20,35.0
SKU0092,2026-06-15,43.0
SKU0092,2026-06-22,132.0
SKU0092,2026-06-29,119.0
SKU0092,2026-07-06,88.0
SKU0092,2026-07-13,99.0
SKU0092,2026-07-20,87.0
SKU0093,2024-07-22,13.0
SKU0093,2024-07-29,41.0
SKU0093,2024-08-05,34.0
SKU0093,2024-08-12,47.0
SKU0093,2024-08-19,41.0
SKU0093,2024-08-26,49.0
SKU0093,2024-09-02,35.0
SKU0093,2024-09-09,45.0
SKU0093,2024-09-16,27.0
SKU0093,2024-09-23,39.0
SKU0093,2024-09-30,43.0
SKU0093,2024-10-07,56.0
SKU0093,2024-10-14,59.0
SKU0093,2024-10-21,92.0
SKU0093,2024-10-28,126.0
SKU0093,2024-11-04,97.0
SKU0093,2024-11-11,85.0
SKU0093,2024-11-18,53.0
SKU0093,2024-11-25,50.0
SKU0093,2024-12-02,90.0
SKU0093,2024-12-09,60.0
SKU0093,2024-12-16,44.0
SKU0093,2024-12-23,60.0
SKU0093,2024-12-30,93.0
SKU0093,2025-01-06,72.0
SKU0093,2025-01-13,30.0
SKU0093,2025-01-20,40.0
SKU0093,2025-01-27,40.0
SKU0093,2025-02-03,37.0
SKU0093,2025-02-10,49.0
SKU0093,2025-02-17,38.0
SKU0093,2025-02-24,37.0
SKU0093,2025-03-03,43.0
SKU0093,2025-03-10,44.0
SKU0093,2025-03-17,48.0
SKU0093,2025-03-24,52.0
SKU0093,2025-03-31,46.0
SKU0093,2025-04-07,39.0
SKU0093,2025-04-14,46.0
SKU0093,2025-04-21,38.0
SKU0093,2025-04-28,38.0
SKU0093,2025-05-05,49.0
SKU0093,2025-05-12,43.0
SKU0093,2025-05-19,44.0
SKU0093,2025-05-26,39.0
SKU0093,2025-06-02,48.0
SKU0093,2025-06-09,38.0
SKU0093,2025-06-16,58.0
SKU0093,2025-06-23,54.0
SKU0093,2025-06-30,76.0
SKU0093,2025-07-07,37.0
SKU0093,2025-07-14,46.0
SKU0093,2025-07-21,42.0
SKU0093,2025-07-28,24.0
SKU0093,2025-08-04,39.0
SKU0093,2025-08-11,42.0
SKU0093,2025-08-18,36.0
SKU0093,2025-08-25,38.0
SKU0093,2025-09-01,36.0
SKU0093,2025-09-08,46.0
SKU0093,2025-09-15,31.0
SKU0093,2025-09-22,34.0
SKU0093,2025-09-29,31.0
SKU0093,2025-10-06,58.0
SKU0093,2025-10-13,52.0
SKU0093,2025-10-20,81.0
SKU0093,2025-10-27,93.0
SKU0093,2025-11-03,88.0
SKU0093,2025-11-10,59.0
SKU0093,2025-11-17,59.0
SKU0093,2025-11-24,66.0
SKU0093,2025-12-01,82.0
SKU0093,2025-12-08,52.0
SKU0093,2025-12-15,48.0
SKU0093,2025-12-22,89.0
SKU0093,2025-12-29,82.0
SKU0093,2026-01-05,80.0
SKU0093,2026-01-12,48.0
SKU0093,2026-01-19,36.0
SKU0093,2026-01-26,51.0
SKU0093,2026-02-02,31.0
SKU0093,2026-02-09,36.0
SKU0093,2026-02-16,43.0
SKU0093,2026-02-23,43.0
SKU0093,2026-03-02,42.0
SKU0093,2026-03-09,34.0
SKU0093,2026-03-16,41.0
SKU0093,2026-03-23,51.0
SKU0093,2026-03-30,43.0
SKU0093,2026-04-06,41.0
SKU0093,2026-04-13,49.0
SKU0093,2026-04-20,43.0
SKU0093,2026-04-27,42.0
SKU0093,2026-05-04,42.0
SKU0093,2026-05-11,42.0
SKU0093,2026-05-18,54.0
SKU0093,2026-05-25,38.0
SKU0093,2026-06-01,36.0
SKU0093,2026-06-08,52.0
SKU0093,2026-06-15,52.0
SKU0093,2026-06-22,66.0
SKU0093,2026-06-29,59.0
SKU0093,2026-07-06,53.0
SKU0093,2026-07-13,42.0
SKU0093,2026-07-20,38.0
SKU0094,2024-07-29,13.0
SKU0094,2024-08-05,17.0
SKU0094,2024-08-12,16.0
SKU0094,2024-08-19,24.0
SKU0094,2024-08-26,17.0
SKU0094,2024-09-02,16.0
SKU0094,2024-09-09,22.0
SKU0094,2024-09-16,5.0
SKU0094,2024-09-23,17.0
SKU0094,2024-09-30,21.0
SKU0094,2024-10-07,29.0
SKU0094,2024-10-14,25.0
SKU0094,2024-10-21,39.0
SKU0094,2024-10-28,41.0
SKU0094,2024-11-04,32.0
SKU0094,2024-11-11,26.0
SKU0094,2024-11-18,24.0
SKU0094,2024-11-25,18.0
SKU0094,2024-12-02,40.0
SKU0094,2024-12-09,32.0
SKU0094,2024-12-16,25.0
SKU0094,2024-12-23,41.0
SKU0094,2024-12-30,36.0
SKU0094,2025-01-06,30.0
SKU0094,2025-01-13,12.0
SKU0094,2025-01-20,15.0
SKU0094,2025-01-27,13.0
SKU0094,2025-02-03,16.0
SKU0094,2025-02-10,12.0
SKU0094,2025-02-17,20.0
SKU0094,2025-02-24,18.0
SKU0094,2025-03-03,17.0
SKU0094,2025-03-10,16.0
SKU0094,2025-03-17,10.0
SKU0094,2025-03-24,17.0
SKU0094,2025-03-31,13.0
SKU0094,2025-04-07,21.0
SKU0094,2025-04-14,26.0
SKU0094,2025-04-21,18.0
SKU0094,2025-04-28,19.0
SKU0094,2025-05-05,18.0
SKU0094,2025-05-12,17.0
SKU0094,2025-05-19,18.0
SKU0094,2025-05-26,25.0
SKU0094,2025-06-02,25.0
SKU0094,2025-06-09,19.0
SKU0094,2025-06-16,23.0
SKU0094,2025-06-23,28.0
SKU0094,2025-06-30,27.0
SKU0094,2025-07-07,15.0
SKU0094,2025-07-14,23.0
SKU0094,2025-07-21,25.0
SKU0094,2025-07-28,27.0
SKU0094,2025-08-04,30.0
SKU0094,2025-08-11,24.0
SKU0094,2025-08-18,15.0
SKU0094,2025-08-25,16.0
SKU0094,2025-09-01,19.0
SKU0094,2025-09-08,24.0
SKU0094,2025-09-15,17.0
SKU0094,2025-09-22,16.0
SKU0094,2025-09-29,21.0
SKU0094,2025-10-06,20.0
SKU0094,2025-10-13,22.0
SKU0094,2025-10-20,31.0
SKU0094,2025-10-27,38.0
SKU0094,2025-11-03,53.0
SKU0094,2025-11-10,22.0
SKU0094,2025-11-17,29.0
SKU0094,2025-11-24,20.0
SKU0094,2025-12-01,36.0
SKU0094,2025-12-08,26.0
SKU0094,2025-12-15,28.0
SKU0094,2025-12-22,37.0
SKU0094,2025-12-29,38.0
SKU0094,2026-01-05,31.0
SKU0094,2026-01-12,12.0
SKU0094,2026-01-19,26.0
SKU0094,2026-01-26,14.0
SKU0094,2026-02-02,12.0
SKU0094,2026-02-09,21.0
SKU0094,2026-02-16,12.0
SKU0094,2026-02-23,13.0
SKU0094,2026-03-02,19.0
SKU0094,2026-03-09,32.0
SKU0094,2026-03-16,26.0
SKU0094,2026-03-23,13.0
SKU0094,2026-03-30,16.0
SKU0094,2026-04-06,17.0
SKU0094,2026-04-13,14.0
SKU0094,2026-04-20,19.0
SKU0094,2026-04-27,19.0
SKU0094,2026-05-04,18.0
SKU0094,2026-05-11,25.0
SKU0094,2026-05-18,25.0
SKU0094,2026-05-25,19.0
SKU0094,2026-06-01,19.0
SKU0094,2026-06-08,22.0
SKU0094,2026-06-15,28.0
SKU0094,2026-06-22,24.0
SKU0094,2026-06-29,21.0
SKU0094,2026-07-06,20.0
SKU0094,2026-07-13,24.0
SKU0094,2026-07-20,21.0
SKU0095,2024-08-05,8.0
SKU0095,2024-08-12,113.0
SKU0095,2024-08-19,108.0
SKU0095,2024-08-26,113.0
SKU0095,2024-09-02,116.0
SKU0095,2024-09-09,120.0
SKU0095,2024-09-16,105.0
SKU0095,2024-09-23,103.0
SKU0095,2024-09-30,111.0
SKU0095,2024-10-07,151.0
SKU0095,2024-10-14,144.0
SKU0095,2024-10-21,220.0
SKU0095,2024-10-28,282.0
SKU0095,2024-11-04,237.0
SKU0095,2024-11-11,180.0
SKU0095,2024-11-18,172.0
SKU0095,2024-11-25,162.0
SKU0095,2024-12-02,243.0
SKU0095,2024-12-09,170.0
SKU0095,2024-12-16,156.0
SKU0095,2024-12-23,184.0
SKU0095,2024-12-30,267.0
SKU0095,2025-01-06,184.0
SKU0095,2025-01-13,110.0
SKU0095,2025-01-20,121.0
SKU0095,2025-01-27,93.0
SKU0095,2025-02-03,80.0
SKU0095,2025-02-10,79.0
SKU0095,2025-02-17,96.0
SKU0095,2025-02-24,101.0
SKU0095,2025-03-03,89.0
SKU0095,2025-03-10,117.0
SKU0095,2025-03-17,122.0
SKU0095,2025-03-24,113.0
SKU0095,2025-03-31,125.0
SKU0095,2025-04-07,108.0
SKU0095,2025-04-14,115.0
SKU0095,2025-04-21,99.0
SKU0095,2025-04-28,125.0
SKU0095,2025-05-05,117.0
SKU0095,2025-05-12,129.0
SKU0095,2025-05-19,124.0
SKU0095,2025-05-26,110.0
SKU0095,2025-06-02,107.0
SKU0095,2025-06-09,119.0
SKU0095,2025-06-16,148.0
SKU0095,2025-06-23,187.0
SKU0095,2025-06-30,194.0
SKU0095,2025-07-07,102.0
SKU0095,2025-07-14,116.0
SKU0095,2025-07-21,129.0
SKU0095,2025-07-28,118.0
SKU0095,2025-08-04,107.0
SKU0095,2025-08-11,116.0
SKU0095,2025-08-18,128.0
SKU0095,2025-08-25,127.0
SKU0095,2025-09-01,136.0
SKU0095,2025-09-08,119.0
SKU0095,2025-09-15,120.0
SKU0095,2025-09-22,120.0
SKU0095,2025-09-29,123.0
SKU0095,2025-10-06,148.0
SKU0095,2025-10-13,170.0
SKU0095,2025-10-20,267.0
SKU0095,2025-10-27,241.0
SKU0095,2025-11-03,304.0
SKU0095,2025-11-10,196.0
SKU0095,2025-11-17,198.0
SKU0095,2025-11-24,173.0
SKU0095,2025-12-01,269.0
SKU0095,2025-12-08,181.0
SKU0095,2025-12-15,202.0
SKU0095,2025-12-22,207.0
SKU0095,2025-12-29,281.0
SKU0095,2026-01-05,187.0
SKU0095,2026-01-12,112.0
SKU0095,2026-01-19,101.0
SKU0095,2026-01-26,92.0
SKU0095,2026-02-02,102.0
SKU0095,2026-02-09,110.0
SKU0095,2026-02-16,96.0
SKU0095,2026-02-23,122.0
SKU0095,2026-03-02,83.0
SKU0095,2026-03-09,130.0
SKU0095,2026-03-16,111.0
SKU0095,2026-03-23,109.0
SKU0095,2026-03-30,114.0
SKU0095,2026-04-06,117.0
SKU0095,2026-04-13,131.0
SKU0095,2026-04-20,114.0
SKU0095,2026-04-27,127.0
SKU0095,2026-05-04,123.0
SKU0095,2026-05-11,138.0
SKU0095,2026-05-18,130.0
SKU0095,2026-05-25,135.0
SKU0095,2026-06-01,117.0
SKU0095,2026-06-08,111.0
SKU0095,2026-06-15,147.0
SKU0095,2026-06-22,200.0
SKU0095,2026-06-29,215.0
SKU0095,2026-07-06,146.0
SKU0095,2026-07-13,119.0
SKU0095,2026-07-20,109.0
SKU0096,2024-08-05,0.0
SKU0096,2024-08-12,3.0
SKU0096,2024-08-19,2.0
SKU0096,2024-08-26,3.0
SKU0096,2024-09-02,4.0
SKU0096,2024-09-09,1.0
SKU0096,2024-09-16,5.0
SKU0096,2024-09-23,2.0
SKU0096,2024-09-30,2.0
SKU0096,2024-10-07,2.0
SKU0096,2024-10-14,1.0
SKU0096,2024-10-21,2.0
SKU0096,2024-10-28,5.0
SKU0096,2024-11-04,6.0
SKU0096,2024-11-11,5.0
SKU0096,2024-11-18,5.0
SKU0096,2024-11-25,4.0
SKU0096,2024-12-02,5.0
SKU0096,2024-12-09,1.0
SKU0096,2024-12-16,0.0
SKU0096,2024-12-23,2.0
SKU0096,2024-12-30,3.0
SKU0096,2025-01-06,6.0
SKU0096,2025-01-13,1.0
SKU0096,2025-01-20,2.0
SKU0096,2025-01-27,2.0
SKU0096,2025-02-03,5.0
SKU0096,2025-02-10,1.0
SKU0096,2025-02-17,3.0
SKU0096,2025-02-24,2.0
SKU0096,2025-03-03,2.0
SKU0096,2025-03-10,2.0
SKU0096,2025-03-17,5.0
SKU0096,2025-03-24,1.0
SKU0096,2025-03-31,3.0
SKU0096,2025-04-07,2.0
SKU0096,2025-04-14,4.0
SKU0096,2025-04-21,1.0
SKU0096,2025-04-28,4.0
SKU0096,2025-05-05,4.0
SKU0096,2025-05-12,0.0
SKU0096,2025-05-19,2.0
SKU0096,2025-05-26,5.0
SKU0096,2025-06-02,1.0
SKU0096,2025-06-09,1.0
SKU0096,2025-06-16,4.0
SKU0096,2025-06-23,4.0
SKU0096,2025-06-30,5.0
SKU0096,2025-07-07,1.0
SKU0096,2025-07-14,1.0
SKU0096,2025-07-21,4.0
SKU0096,2025-07-28,2.0
SKU0096,2025-08-04,3.0
SKU0096,2025-08-11,2.0
SKU0096,2025-08-18,4.0
SKU0096,2025-08-25,1.0
SKU0096,2025-09-01,3.0
SKU0096,2025-09-08,3.0
SKU0096,2025-09-15,3.0
SKU0096,2025-09-22,1.0
SKU0096,2025-09-29,6.0
SKU0096,2025-10-06,3.0
SKU0096,2025-10-13,2.0
SKU0096,2025-10-20,6.0
SKU0096,2025-10-27,3.0
SKU0096,2025-11-03,2.0
SKU0096,2025-11-10,2.0
SKU0096,2025-11-17,3.0
SKU0096,2025-11-24,4.0
SKU0096,2025-12-01,11.0
SKU0096,2025-12-08,4.0
SKU0096,2025-12-15,4.0
SKU0096,2025-12-22,4.0
SKU0096,2025-12-29,5.0
SKU0096,2026-01-05,4.0
SKU0096,2026-01-12,2.0
SKU0096,2026-01-19,3.0
SKU0096,2026-01-26,3.0
SKU0096,2026-02-02,2.0
SKU0096,2026-02-09,1.0
SKU0096,2026-02-16,0.0
SKU0096,2026-02-23,4.0
SKU0096,2026-03-02,1.0
SKU0096,2026-03-09,5.0
SKU0096,2026-03-16,2.0
SKU0096,2026-03-23,3.0
SKU0096,2026-03-30,4.0
SKU0096,2026-04-06,3.0
SKU0096,2026-04-13,1.0
SKU0096,2026-04-20,1.0
SKU0096,2026-04-27,1.0
SKU0096,2026-05-04,2.0
SKU0096,2026-05-11,7.0
SKU0096,2026-05-18,2.0
SKU0096,2026-05-25,2.0
SKU0096,2026-06-01,2.0
SKU0096,2026-06-08,1.0
SKU0096,2026-06-15,6.0
SKU0096,2026-06-22,5.0
SKU0096,2026-06-29,3.0
SKU0096,2026-07-06,4.0
SKU0096,2026-07-13,5.0
SKU0096,2026-07-20,3.0
SKU0097,2024-08-05,48.0
SKU0097,2024-08-12,73.0
SKU0097,2024-08-19,67.0
SKU0097,2024-08-26,59.0
SKU0097,2024-09-02,53.0
SKU0097,2024-09-09,71.0
SKU0097,2024-09-16,43.0
SKU0097,2024-09-23,60.0
SKU0097,2024-09-30,53.0
SKU0097,2024-10-07,61.0
SKU0097,2024-10-14,80.0
SKU0097,2024-10-21,124.0
SKU0097,2024-10-28,149.0
SKU0097,2024-11-04,120.0
SKU0097,2024-11-11,93.0
SKU0097,2024-11-18,82.0
SKU0097,2024-11-25,76.0
SKU0097,2024-12-02,108.0
SKU0097,2024-12-09,65.0
SKU0097,2024-12-16,80.0
SKU0097,2024-12-23,119.0
SKU0097,2024-12-30,131.0
SKU0097,2025-01-06,84.0
SKU0097,2025-01-13,54.0
SKU0097,2025-01-20,56.0
SKU0097,2025-01-27,42.0
SKU0097,2025-02-03,37.0
SKU0097,2025-02-10,54.0
SKU0097,2025-02-17,58.0
SKU0097,2025-02-24,54.0
SKU0097,2025-03-03,49.0
SKU0097,2025-03-10,45.0
SKU0097,2025-03-17,57.0
SKU0097,2025-03-24,55.0
SKU0097,2025-03-31,44.0
SKU0097,2025-04-07,65.0
SKU0097,2025-04-14,55.0
SKU0097,2025-04-21,42.0
SKU0097,2025-04-28,63.0
SKU0097,2025-05-05,45.0
SKU0097,2025-05-12,69.0
SKU0097,2025-05-19,64.0
SKU0097,2025-05-26,62.0
SKU0097,2025-06-02,48.0
SKU0097,2025-06-09,54.0
SKU0097,2025-06-16,76.0
SKU0097,2025-06-23,95.0
SKU0097,2025-06-30,87.0
SKU0097,2025-07-07,67.0
SKU0097,2025-07-14,64.0
SKU0097,2025-07-21,54.0
SKU0097,2025-07-28,61.0
SKU0097,2025-08-04,58.0
SKU0097,2025-08-11,50.0
SKU0097,2025-08-18,69.0
SKU0097,2025-08-25,74.0
SKU0097,2025-09-01,64.0
SKU0097,2025-09-08,65.0
SKU0097,2025-09-15,58.0
SKU0097,2025-09-22,50.0
SKU0097,2025-09-29,56.0
SKU0097,2025-10-06,81.0
SKU0097,2025-10-13,91.0
SKU0097,2025-10-20,112.0
SKU0097,2025-10-27,154.0
SKU0097,2025-11-03,134.0
SKU0097,2025-11-10,98.0
SKU0097,2025-11-17,72.0
SKU0097,2025-11-24,72.0
SKU0097,2025-12-01,126.0
SKU0097,2025-12-08,68.0
SKU0097,2025-12-15,69.0
SKU0097,2025-12-22,117.0
SKU0097,2025-12-29,137.0
SKU0097,2026-01-05,73.0
SKU0097,2026-01-12,62.0
SKU0097,2026-01-19,44.0
SKU0097,2026-01-26,54.0
SKU0097,2026-02-02,63.0
SKU0097,2026-02-09,53.0
SKU0097,2026-02-16,58.0
SKU0097,2026-02-23,46.0
SKU0097,2026-03-02,40.0
SKU0097,2026-03-09,61.0
SKU0097,2026-03-16,58.0
SKU0097,2026-03-23,66.0
SKU0097,2026-03-30,66.0
SKU0097,2026-04-06,76.0
SKU0097,2026-04-13,58.0
SKU0097,2026-04-20,76.0
SKU0097,2026-04-27,55.0
SKU0097,2026-05-04,74.0
SKU0097,2026-05-11,50.0
SKU0097,2026-05-18,63.0
SKU0097,2026-05-25,51.0
SKU0097,2026-06-01,64.0
SKU0097,2026-06-08,64.0
SKU0097,2026-06-15,73.0
SKU0097,2026-06-22,97.0
SKU0097,2026-06-29,110.0
SKU0097,2026-07-06,56.0
SKU0097,2026-07-13,50.0
SKU0097,2026-07-20,60.0
SKU0098,2024-07-29,6.0
SKU0098,2024-08-05,88.0
SKU0098,2024-08-12,75.0
SKU0098,2024-08-19,79.0
SKU0098,2024-08-26,91.0
SKU0098,2024-09-02,87.0
SKU0098,2024-09-09,85.0
SKU0098,2024-09-16,76.0
SKU0098,2024-09-23,80.0
SKU0098,2024-09-30,83.0
SKU0098,2024-10-07,128.0
SKU0098,2024-10-14,134.0
SKU0098,2024-10-21,200.0
SKU0098,2024-10-28,198.0
SKU0098,2024-11-04,201.0
SKU0098,2024-11-11,142.0
SKU0098,2024-11-18,141.0
SKU0098,2024-11-25,155.0
SKU0098,2024-12-02,184.0
SKU0098,2024-12-09,139.0
SKU0098,2024-12-16,131.0
SKU0098,2024-12-23,185.0
SKU0098,2024-12-30,199.0
SKU0098,2025-01-06,135.0
SKU0098,2025-01-13,74.0
SKU0098,2025-01-20,87.0
SKU0098,2025-01-27,86.0
SKU0098,2025-02-03,76.0
SKU0098,2025-02-10,53.0
SKU0098,2025-02-17,87.0
SKU0098,2025-02-24,72.0
SKU0098,2025-03-03,81.0
SKU0098,2025-03-10,91.0
SKU0098,2025-03-17,93.0
SKU0098,2025-03-24,85.0
SKU0098,2025-03-31,97.0
SKU0098,2025-04-07,90.0
SKU0098,2025-04-14,85.0
SKU0098,2025-04-21,76.0
SKU0098,2025-04-28,92.0
SKU0098,2025-05-05,75.0
SKU0098,2025-05-12,96.0
SKU0098,2025-05-19,78.0
SKU0098,2025-05-26,68.0
SKU0098,2025-06-02,94.0
SKU0098,2025-06-09,88.0
SKU0098,2025-06-16,101.0
SKU0098,2025-06-23,127.0
SKU0098,2025-06-30,120.0
SKU0098,2025-07-07,83.0
SKU0098,2025-07-14,85.0
SKU0098,2025-07-21,91.0
SKU0098,2025-07-28,98.0
SKU0098,2025-08-04,84.0
SKU0098,2025-08-11,77.0
SKU0098,2025-08-18,73.0
SKU0098,2025-08-25,97.0
SKU0098,2025-09-01,97.0
SKU0098,2025-09-08,93.0
SKU0098,2025-09-15,84.0
SKU0098,2025-09-22,90.0
SKU0098,2025-09-29,73.0
SKU0098,2025-10-06,107.0
SKU0098,2025-10-13,117.0
SKU0098,2025-10-20,166.0
SKU0098,2025-10-27,199.0
SKU0098,2025-11-03,205.0
SKU0098,2025-11-10,139.0
SKU0098,2025-11-17,120.0
SKU0098,2025-11-24,119.0
SKU0098,2025-12-01,220.0
SKU0098,2025-12-08,114.0
SKU0098,2025-12-15,123.0
SKU0098,2025-12-22,165.0
SKU0098,2025-12-29,204.0
SKU0098,2026-01-05,154.0
SKU0098,2026-01-12,73.0
SKU0098,2026-01-19,68.0
SKU0098,2026-01-26,72.0
SKU0098,2026-02-02,75.0
SKU0098,2026-02-09,92.0
SKU0098,2026-02-16,83.0
SKU0098,2026-02-23,72.0
SKU0098,2026-03-02,93.0
SKU0098,2026-03-09,74.0
SKU0098,2026-03-16,92.0
SKU0098,2026-03-23,96.0
SKU0098,2026-03-30,80.0
SKU0098,2026-04-06,98.0
SKU0098,2026-04-13,98.0
SKU0098,2026-04-20,107.0
SKU0098,2026-04-27,94.0
SKU0098,2026-05-04,104.0
SKU0098,2026-05-11,96.0
SKU0098,2026-05-18,97.0
SKU0098,2026-05-25,99.0
SKU0098,2026-06-01,79.0
SKU0098,2026-06-08,79.0
SKU0098,2026-06-15,88.0
SKU0098,2026-06-22,161.0
SKU0098,2026-06-29,135.0
SKU0098,2026-07-06,101.0
SKU0098,2026-07-13,113.0
SKU0098,2026-07-20,74.0
SKU0099,2024-07-22,34.0
SKU0099,2024-07-29,124.0
SKU0099,2024-08-05,117.0
SKU0099,2024-08-12,126.0
SKU0099,2024-08-19,117.0
SKU0099,2024-08-26,112.0
SKU0099,2024-09-02,111.0
SKU0099,2024-09-09,116.0
SKU0099,2024-09-16,122.0
SKU0099,2024-09-23,135.0
SKU0099,2024-09-30,131.0
SKU0099,2024-10-07,176.0
SKU0099,2024-10-14,178.0
SKU0099,2024-10-21,258.0
SKU0099,2024-10-28,260.0
SKU0099,2024-11-04,278.0
SKU0099,2024-11-11,178.0
SKU0099,2024-11-18,193.0
SKU0099,2024-11-25,178.0
SKU0099,2024-12-02,232.0
SKU0099,2024-12-09,160.0
SKU0099,2024-12-16,182.0
SKU0099,2024-12-23,231.0
SKU0099,2024-12-30,272.0
SKU0099,2025-01-06,170.0
SKU0099,2025-01-13,97.0
SKU0099,2025-01-20,109.0
SKU0099,2025-01-27,97.0
SKU0099,2025-02-03,98.0
SKU0099,2025-02-10,95.0
SKU0099,2025-02-17,96.0
SKU0099,2025-02-24,87.0
SKU0099,2025-03-03,104.0
SKU0099,2025-03-10,118.0
SKU0099,2025-03-17,119.0
SKU0099,2025-03-24,120.0
SKU0099,2025-03-31,102.0
SKU0099,2025-04-07,110.0
SKU0099,2025-04-14,129.0
SKU0099,2025-04-21,118.0
SKU0099,2025-04-28,97.0
SKU0099,2025-05-05,105.0
SKU0099,2025-05-12,122.0
SKU0099,2025-05-19,117.0
SKU0099,2025-05-26,104.0
SKU0099,2025-06-02,99.0
SKU0099,2025-06-09,119.0
SKU0099,2025-06-16,138.0
SKU0099,2025-06-23,178.0
SKU0099,2025-06-30,198.0
SKU0099,2025-07-07,106.0
SKU0099,2025-07-14,127.0
SKU0099,2025-07-21,123.0
SKU0099,2025-07-28,110.0
SKU0099,2025-08-04,121.0
SKU0099,2025-08-11,94.0
SKU0099,2025-08-18,117.0
SKU0099,2025-08-25,106.0
SKU0099,2025-09-01,100.0
SKU0099,2025-09-08,112.0
SKU0099,2025-09-15,134.0
SKU0099,2025-09-22,103.0
SKU0099,2025-09-29,124.0
SKU0099,2025-10-06,160.0
SKU0099,2025-10-13,161.0
SKU0099,2025-10-20,263.0
SKU0099,2025-10-27,271.0
SKU0099,2025-11-03,250.0
SKU0099,2025-11-10,205.0
SKU0099,2025-11-17,162.0
SKU0099,2025-11-24,169.0
SKU0099,2025-12-01,260.0
SKU0099,2025-12-08,151.0
SKU0099,2025-12-15,172.0
SKU0099,2025-12-22,226.0
SKU0099,2025-12-29,274.0
SKU0099,2026-01-05,186.0
SKU0099,2026-01-12,135.0
SKU0099,2026-01-19,119.0
SKU0099,2026-01-26,90.0
SKU0099,2026-02-02,100.0
SKU0099,2026-02-09,108.0
SKU0099,2026-02-16,87.0
SKU0099,2026-02-23,95.0
SKU0099,2026-03-02,121.0
SKU0099,2026-03-09,137.0
SKU0099,2026-03-16,132.0
SKU0099,2026-03-23,116.0
SKU0099,2026-03-30,106.0
SKU0099,2026-04-06,113.0
SKU0099,2026-04-13,117.0
SKU0099,2026-04-20,118.0
SKU0099,2026-04-27,135.0
SKU0099,2026-05-04,121.0
SKU0099,2026-05-11,131.0
SKU0099,2026-05-18,117.0
SKU0099,2026-05-25,103.0
SKU0099,2026-06-01,113.0
SKU0099,2026-06-08,118.0
SKU0099,2026-06-15,127.0
SKU0099,2026-06-22,181.0
SKU0099,2026-06-29,182.0
SKU0099,2026-07-06,127.0
SKU0099,2026-07-13,124.0
SKU0099,2026-07-20,113.0
SKU0100,2026-04-13,89.0
SKU0100,2026-04-20,106.0
SKU0100,2026-04-27,126.0
SKU0100,2026-05-04,78.0
SKU0100,2026-05-11,101.0
SKU0100,2026-05-18,109.0
SKU0100,2026-05-25,108.0
SKU0100,2026-06-01,85.0
SKU0100,2026-06-08,93.0
SKU0100,2026-06-15,89.0
SKU0100,2026-06-22,155.0
SKU0100,2026-06-29,155.0
SKU0100,2026-07-06,107.0
SKU0100,2026-07-13,104.0
SKU0100,2026-07-20,97.0
SKU0101,2024-07-29,46.0
SKU0101,2024-08-05,63.0
SKU0101,2024-08-12,54.0
SKU0101,2024-08-19,78.0
SKU0101,2024-08-26,65.0
SKU0101,2024-09-02,65.0
SKU0101,2024-09-09,73.0
SKU0101,2024-09-16,55.0
SKU0101,2024-09-23,56.0
SKU0101,2024-09-30,60.0
SKU0101,2024-10-07,70.0
SKU0101,2024-10-14,94.0
SKU0101,2024-10-21,142.0
SKU0101,2024-10-28,140.0
SKU0101,2024-11-04,126.0
SKU0101,2024-11-11,96.0
SKU0101,2024-11-18,96.0
SKU0101,2024-11-25,89.0
SKU0101,2024-12-02,128.0
SKU0101,2024-12-09,80.0
SKU0101,2024-12-16,88.0
SKU0101,2024-12-23,134.0
SKU0101,2024-12-30,125.0
SKU0101,2025-01-06,74.0
SKU0101,2025-01-13,58.0
SKU0101,2025-01-20,58.0
SKU0101,2025-01-27,55.0
SKU0101,2025-02-03,41.0
SKU0101,2025-02-10,43.0
SKU0101,2025-02-17,35.0
SKU0101,2025-02-24,41.0
SKU0101,2025-03-03,55.0
SKU0101,2025-03-10,65.0
SKU0101,2025-03-17,58.0
SKU0101,2025-03-24,58.0
SKU0101,2025-03-31,63.0
SKU0101,2025-04-07,59.0
SKU0101,2025-04-14,56.0
SKU0101,2025-04-21,52.0
SKU0101,2025-04-28,57.0
SKU0101,2025-05-05,60.0
SKU0101,2025-05-12,53.0
SKU0101,2025-05-19,66.0
SKU0101,2025-05-26,80.0
SKU0101,2025-06-02,69.0
SKU0101,2025-06-09,56.0
SKU0101,2025-06-16,74.0
SKU0101,2025-06-23,98.0
SKU0101,2025-06-30,111.0
SKU0101,2025-07-07,67.0
SKU0101,2025-07-14,58.0
SKU0101,2025-07-21,57.0
SKU0101,2025-07-28,60.0
SKU0101,2025-08-04,60.0
SKU0101,2025-08-11,60.0
SKU0101,2025-08-18,54.0
SKU0101,2025-08-25,73.0
SKU0101,2025-09-01,61.0
SKU0101,2025-09-08,70.0
SKU0101,2025-09-15,67.0
SKU0101,2025-09-22,72.0
SKU0101,2025-09-29,57.0
SKU0101,2025-10-06,73.0
SKU0101,2025-10-13,91.0
SKU0101,2025-10-20,123.0
SKU0101,2025-10-27,119.0
SKU0101,2025-11-03,146.0
SKU0101,2025-11-10,91.0
SKU0101,2025-11-17,87.0
SKU0101,2025-11-24,75.0
SKU0101,2025-12-01,114.0
SKU0101,2025-12-08,70.0
SKU0101,2025-12-15,89.0
SKU0101,2025-12-22,104.0
SKU0101,2025-12-29,172.0
SKU0101,2026-01-05,84.0
SKU0101,2026-01-12,49.0
SKU0101,2026-01-19,39.0
SKU0101,2026-01-26,64.0
SKU0101,2026-02-02,56.0
SKU0101,2026-02-09,46.0
SKU0101,2026-02-16,45.0
SKU0101,2026-02-23,44.0
SKU0101,2026-03-02,63.0
SKU0101,2026-03-09,76.0
SKU0101,2026-03-16,65.0
SKU0101,2026-03-23,66.0
SKU0101,2026-03-30,57.0
SKU0101,2026-04-06,63.0
SKU0101,2026-04-13,64.0
SKU0101,2026-04-20,50.0
SKU0101,2026-04-27,47.0
SKU0101,2026-05-04,61.0
SKU0101,2026-05-11,79.0
SKU0101,2026-05-18,67.0
SKU0101,2026-05-25,60.0
SKU0101,2026-06-01,64.0
SKU0101,2026-06-08,62.0
SKU0101,2026-06-15,60.0
SKU0101,2026-06-22,98.0
SKU0101,2026-06-29,89.0
SKU0101,2026-07-06,51.0
SKU0101,2026-07-13,47.0
SKU0101,2026-07-20,51.0
SKU0102,2026-06-08,60.0
SKU0102,2026-06-15,72.0
SKU0102,2026-06-22,99.0
SKU0102,2026-06-29,122.0
SKU0102,2026-07-06,74.0
SKU0102,2026-07-13,59.0
SKU0102,2026-07-20,64.0
SKU0103,2024-08-05,0.0
SKU0103,2024-08-12,4.0
SKU0103,2024-08-19,5.0
SKU0103,2024-08-26,1.0
SKU0103,2024-09-02,4.0
SKU0103,2024-09-09,4.0
SKU0103,2024-09-16,0.0
SKU0103,2024-09-23,3.0
SKU0103,2024-09-30,3.0
SKU0103,2024-10-07,2.0
SKU0103,2024-10-14,4.0
SKU0103,2024-10-21,8.0
SKU0103,2024-10-28,7.0
SKU0103,2024-11-04,3.0
SKU0103,2024-11-11,4.0
SKU0103,2024-11-18,4.0
SKU0103,2024-11-25,7.0
SKU0103,2024-12-02,7.0
SKU0103,2024-12-09,1.0
SKU0103,2024-12-16,5.0
SKU0103,2024-12-23,2.0
SKU0103,2024-12-30,7.0
SKU0103,2025-01-06,1.0
SKU0103,2025-01-13,1.0
SKU0103,2025-01-20,2.0
SKU0103,2025-01-27,0.0
SKU0103,2025-02-03,1.0
SKU0103,2025-02-10,0.0
SKU0103,2025-02-17,1.0
SKU0103,2025-02-24,0.0
SKU0103,2025-03-03,2.0
SKU0103,2025-03-10,3.0
SKU0103,2025-03-17,5.0
SKU0103,2025-03-24,3.0
SKU0103,2025-03-31,1.0
SKU0103,2025-04-07,3.0
SKU0103,2025-04-14,6.0
SKU0103,2025-04-21,3.0
SKU0103,2025-04-28,2.0
SKU0103,2025-05-05,8.0
SKU0103,2025-05-12,2.0
SKU0103,2025-05-19,1.0
SKU0103,2025-05-26,1.0
SKU0103,2025-06-02,1.0
SKU0103,2025-06-09,1.0
SKU0103,2025-06-16,3.0
SKU0103,2025-06-23,4.0
SKU0103,2025-06-30,7.0
SKU0103,2025-07-07,4.0
SKU0103,2025-07-14,3.0
SKU0103,2025-07-21,3.0
SKU0103,2025-07-28,1.0
SKU0103,2025-08-04,2.0
SKU0103,2025-08-11,2.0
SKU0103,2025-08-18,1.0
SKU0103,2025-08-25,0.0
SKU0103,2025-09-01,1.0
SKU0103,2025-09-08,2.0
SKU0103,2025-09-15,3.0
SKU0103,2025-09-22,0.0
SKU0103,2025-09-29,2.0
SKU0103,2025-10-06,2.0
SKU0103,2025-10-13,4.0
SKU0103,2025-10-20,2.0
SKU0103,2025-10-27,6.0
SKU0103,2025-11-03,4.0
SKU0103,2025-11-10,4.0
SKU0103,2025-11-17,4.0
SKU0103,2025-11-24,5.0
SKU0103,2025-12-01,4.0
SKU0103,2025-12-08,4.0
SKU0103,2025-12-15,4.0
SKU0103,2025-12-22,5.0
SKU0103,2025-12-29,4.0
SKU0103,2026-01-05,6.0
SKU0103,2026-01-12,1.0
SKU0103,2026-01-19,2.0
SKU0103,2026-01-26,2.0
SKU0103,2026-02-02,4.0
SKU0103,2026-02-09,2.0
SKU0103,2026-02-16,5.0
SKU0103,2026-02-23,1.0
SKU0103,2026-03-02,1.0
SKU0103,2026-03-09,2.0
SKU0103,2026-03-16,3.0
SKU0103,2026-03-23,2.0
SKU0103,2026-03-30,3.0
SKU0103,2026-04-06,1.0
SKU0103,2026-04-13,2.0
SKU0103,2026-04-20,2.0
SKU0103,2026-04-27,0.0
SKU0103,2026-05-04,2.0
SKU0103,2026-05-11,2.0
SKU0103,2026-05-18,1.0
SKU0103,2026-05-25,3.0
SKU0103,2026-06-01,1.0
SKU0103,2026-06-08,2.0
SKU0103,2026-06-15,2.0
SKU0103,2026-06-22,1.0
SKU0103,2026-06-29,5.0
SKU0103,2026-07-06,2.0
SKU0103,2026-07-13,1.0
SKU0103,2026-07-20,4.0
SKU0104,2024-08-12,10.0
SKU0104,2024-08-19,13.0
SKU0104,2024-08-26,9.0
SKU0104,2024-09-02,14.0
SKU0104,2024-09-09,17.0
SKU0104,2024-09-16,12.0
SKU0104,2024-09-23,2.0
SKU0104,2024-09-30,12.0
SKU0104,2024-10-07,19.0
SKU0104,2024-10-14,18.0
SKU0104,2024-10-21,28.0
SKU0104,2024-10-28,33.0
SKU0104,2024-11-04,25.0
SKU0104,2024-11-11,14.0
SKU0104,2024-11-18,11.0
SKU0104,2024-11-25,23.0
SKU0104,2024-12-02,30.0
SKU0104,2024-12-09,18.0
SKU0104,2024-12-16,12.0
SKU0104,2024-12-23,18.0
SKU0104,2024-12-30,27.0
SKU0104,2025-01-06,17.0
SKU0104,2025-01-13,10.0
SKU0104,2025-01-20,8.0
SKU0104,2025-01-27,13.0
SKU0104,2025-02-03,14.0
SKU0104,2025-02-10,8.0
SKU0104,2025-02-17,9.0
SKU0104,2025-02-24,8.0
SKU0104,2025-03-03,12.0
SKU0104,2025-03-10,9.0
SKU0104,2025-03-17,14.0
SKU0104,2025-03-24,11.0
SKU0104,2025-03-31,9.0
SKU0104,2025-04-07,13.0
SKU0104,2025-04-14,9.0
SKU0104,2025-04-21,16.0
SKU0104,2025-04-28,7.0
SKU0104,2025-05-05,9.0
SKU0104,2025-05-12,11.0
SKU0104,2025-05-19,7.0
SKU0104,2025-05-26,15.0
SKU0104,2025-06-02,11.0
SKU0104,2025-06-09,8.0
SKU0104,2025-06-16,11.0
SKU0104,2025-06-23,9.0
SKU0104,2025-06-30,25.0
SKU0104,2025-07-07,13.0
SKU0104,2025-07-14,14.0
SKU0104,2025-07-21,9.0
SKU0104,2025-07-28,8.0
SKU0104,2025-08-04,13.0
SKU0104,2025-08-11,9.0
SKU0104,2025-08-18,9.0
SKU0104,2025-08-25,6.0
SKU0104,2025-09-01,11.0
SKU0104,2025-09-08,17.0
SKU0104,2025-09-15,11.0
SKU0104,2025-09-22,15.0
SKU0104,2025-09-29,11.0
SKU0104,2025-10-06,17.0
SKU0104,2025-10-13,10.0
SKU0104,2025-10-20,24.0
SKU0104,2025-10-27,28.0
SKU0104,2025-11-03,19.0
SKU0104,2025-11-10,9.0
SKU0104,2025-11-17,10.0
SKU0104,2025-11-24,18.0
SKU0104,2025-12-01,29.0
SKU0104,2025-12-08,10.0
SKU0104,2025-12-15,18.0
SKU0104,2025-12-22,14.0
SKU0104,2025-12-29,32.0
SKU0104,2026-01-05,14.0
SKU0104,2026-01-12,11.0
SKU0104,2026-01-19,11.0
SKU0104,2026-01-26,7.0
SKU0104,2026-02-02,7.0
SKU0104,2026-02-09,12.0
SKU0104,2026-02-16,15.0
SKU0104,2026-02-23,10.0
SKU0104,2026-03-02,3.0
SKU0104,2026-03-09,11.0
SKU0104,2026-03-16,10.0
SKU0104,2026-03-23,8.0
SKU0104,2026-03-30,10.0
SKU0104,2026-04-06,11.0
SKU0104,2026-04-13,13.0
SKU0104,2026-04-20,11.0
SKU0104,2026-04-27,12.0
SKU0104,2026-05-04,14.0
SKU0104,2026-05-11,7.0
SKU0104,2026-05-18,9.0
SKU0104,2026-05-25,13.0
SKU0104,2026-06-01,12.0
SKU0104,2026-06-08,10.0
SKU0104,2026-06-15,7.0
SKU0104,2026-06-22,19.0
SKU0104,2026-06-29,20.0
SKU0104,2026-07-06,5.0
SKU0104,2026-07-13,14.0
SKU0104,2026-07-20,15.0
SKU0105,2024-07-29,50.0
SKU0105,2024-08-05,62.0
SKU0105,2024-08-12,77.0
SKU0105,2024-08-19,67.0
SKU0105,2024-08-26,67.0
SKU0105,2024-09-02,71.0
SKU0105,2024-09-09,63.0
SKU0105,2024-09-16,64.0
SKU0105,2024-09-23,61.0
SKU0105,2024-09-30,65.0
SKU0105,2024-10-07,75.0
SKU0105,2024-10-14,89.0
SKU0105,2024-10-21,155.0
SKU0105,2024-10-28,144.0
SKU0105,2024-11-04,127.0
SKU0105,2024-11-11,106.0
SKU0105,2024-11-18,69.0
SKU0105,2024-11-25,121.0
SKU0105,2024-12-02,137.0
SKU0105,2024-12-09,104.0
SKU0105,2024-12-16,100.0
SKU0105,2024-12-23,133.0
SKU0105,2024-12-30,157.0
SKU0105,2025-01-06,98.0
SKU0105,2025-01-13,68.0
SKU0105,2025-01-20,74.0
SKU0105,2025-01-27,49.0
SKU0105,2025-02-03,64.0
SKU0105,2025-02-10,48.0
SKU0105,2025-02-17,63.0
SKU0105,2025-02-24,53.0
SKU0105,2025-03-03,79.0
SKU0105,2025-03-10,73.0
SKU0105,2025-03-17,76.0
SKU0105,2025-03-24,78.0
SKU0105,2025-03-31,67.0
SKU0105,2025-04-07,73.0
SKU0105,2025-04-14,54.0
SKU0105,2025-04-21,67.0
SKU0105,2025-04-28,74.0
SKU0105,2025-05-05,70.0
SKU0105,2025-05-12,65.0
SKU0105,2025-05-19,77.0
SKU0105,2025-05-26,77.0
SKU0105,2025-06-02,44.0
SKU0105,2025-06-09,66.0
SKU0105,2025-06-16,70.0
SKU0105,2025-06-23,105.0
SKU0105,2025-06-30,121.0
SKU0105,2025-07-07,67.0
SKU0105,2025-07-14,69.0
SKU0105,2025-07-21,59.0
SKU0105,2025-07-28,78.0
SKU0105,2025-08-04,70.0
SKU0105,2025-08-11,62.0
SKU0105,2025-08-18,69.0
SKU0105,2025-08-25,58.0
SKU0105,2025-09-01,66.0
SKU0105,2025-09-08,75.0
SKU0105,2025-09-15,59.0
SKU0105,2025-09-22,62.0
SKU0105,2025-09-29,72.0
SKU0105,2025-10-06,84.0
SKU0105,2025-10-13,87.0
SKU0105,2025-10-20,135.0
SKU0105,2025-10-27,145.0
SKU0105,2025-11-03,156.0
SKU0105,2025-11-10,118.0
SKU0105,2025-11-17,104.0
SKU0105,2025-11-24,81.0
SKU0105,2025-12-01,151.0
SKU0105,2025-12-08,105.0
SKU0105,2025-12-15,86.0
SKU0105,2025-12-22,109.0
SKU0105,2025-12-29,157.0
SKU0105,2026-01-05,111.0
SKU0105,2026-01-12,59.0
SKU0105,2026-01-19,55.0
SKU0105,2026-01-26,49.0
SKU0105,2026-02-02,74.0
SKU0105,2026-02-09,60.0
SKU0105,2026-02-16,44.0
SKU0105,2026-02-23,44.0
SKU0105,2026-03-02,64.0
SKU0105,2026-03-09,70.0
SKU0105,2026-03-16,62.0
SKU0105,2026-03-23,66.0
SKU0105,2026-03-30,64.0
SKU0105,2026-04-06,67.0
SKU0105,2026-04-13,69.0
SKU0105,2026-04-20,70.0
SKU0105,2026-04-27,65.0
SKU0105,2026-05-04,70.0
SKU0105,2026-05-11,66.0
SKU0105,2026-05-18,64.0
SKU0105,2026-05-25,80.0
SKU0105,2026-06-01,65.0
SKU0105,2026-06-08,75.0
SKU0105,2026-06-15,81.0
SKU0105,2026-06-22,114.0
SKU0105,2026-06-29,133.0
SKU0105,2026-07-06,77.0
SKU0105,2026-07-13,74.0
SKU0105,2026-07-20,65.0
SKU0106,2024-08-05,11.0
SKU0106,2024-08-12,5.0
SKU0106,2024-08-19,13.0
SKU0106,2024-08-26,13.0
SKU0106,2024-09-02,5.0
SKU0106,2024-09-09,7.0
SKU0106,2024-09-16,11.0
SKU0106,2024-09-23,7.0
SKU0106,2024-09-30,10.0
SKU0106,2024-10-07,14.0
SKU0106,2024-10-14,12.0
SKU0106,2024-10-21,14.0
SKU0106,2024-10-28,27.0
SKU0106,2024-11-04,17.0
SKU0106,2024-11-11,13.0
SKU0106,2024-11-18,16.0
SKU0106,2024-11-25,11.0
SKU0106,2024-12-02,17.0
SKU0106,2024-12-09,11.0
SKU0106,2024-12-16,11.0
SKU0106,2024-12-23,19.0
SKU0106,2024-12-30,25.0
SKU0106,2025-01-06,21.0
SKU0106,2025-01-13,9.0
SKU0106,2025-01-20,7.0
SKU0106,2025-01-27,7.0
SKU0106,2025-02-03,6.0
SKU0106,2025-02-10,11.0
SKU0106,2025-02-17,5.0
SKU0106,2025-02-24,12.0
SKU0106,2025-03-03,10.0
SKU0106,2025-03-10,17.0
SKU0106,2025-03-17,7.0
SKU0106,2025-03-24,10.0
SKU0106,2025-03-31,6.0
SKU0106,2025-04-07,6.0
SKU0106,2025-04-14,2.0
SKU0106,2025-04-21,15.0
SKU0106,2025-04-28,14.0
SKU0106,2025-05-05,11.0
SKU0106,2025-05-12,6.0
SKU0106,2025-05-19,10.0
SKU0106,2025-05-26,10.0
SKU0106,2025-06-02,6.0
SKU0106,2025-06-09,9.0
SKU0106,2025-06-16,5.0
SKU0106,2025-06-23,20.0
SKU0106,2025-06-30,13.0
SKU0106,2025-07-07,10.0
SKU0106,2025-07-14,13.0
SKU0106,2025-07-21,8.0
SKU0106,2025-07-28,10.0
SKU0106,2025-08-04,11.0
SKU0106,2025-08-11,16.0
SKU0106,2025-08-18,3.0
SKU0106,2025-08-25,10.0
SKU0106,2025-09-01,11.0
SKU0106,2025-09-08,12.0
SKU0106,2025-09-15,17.0
SKU0106,2025-09-22,9.0
SKU0106,2025-09-29,8.0
SKU0106,2025-10-06,16.0
SKU0106,2025-10-13,11.0
SKU0106,2025-10-20,15.0
SKU0106,2025-10-27,32.0
SKU0106,2025-11-03,20.0
SKU0106,2025-11-10,23.0
SKU0106,2025-11-17,14.0
SKU0106,2025-11-24,18.0
SKU0106,2025-12-01,17.0
SKU0106,2025-12-08,13.0
SKU0106,2025-12-15,9.0
SKU0106,2025-12-22,21.0
SKU0106,2025-12-29,25.0
SKU0106,2026-01-05,18.0
SKU0106,2026-01-12,14.0
SKU0106,2026-01-19,9.0
SKU0106,2026-01-26,10.0
SKU0106,2026-02-02,16.0
SKU0106,2026-02-09,9.0
SKU0106,2026-02-16,9.0
SKU0106,2026-02-23,4.0
SKU0106,2026-03-02,10.0
SKU0106,2026-03-09,9.0
SKU0106,2026-03-16,8.0
SKU0106,2026-03-23,9.0
SKU0106,2026-03-30,7.0
SKU0106,2026-04-06,16.0
SKU0106,2026-04-13,10.0
SKU0106,2026-04-20,9.0
SKU0106,2026-04-27,19.0
SKU0106,2026-05-04,8.0
SKU0106,2026-05-11,11.0
SKU0106,2026-05-18,12.0
SKU0106,2026-05-25,17.0
SKU0106,2026-06-01,6.0
SKU0106,2026-06-08,13.0
SKU0106,2026-06-15,9.0
SKU0106,2026-06-22,17.0
SKU0106,2026-06-29,21.0
SKU0106,2026-07-06,8.0
SKU0106,2026-07-13,15.0
SKU0106,2026-07-20,10.0
SKU0107,2024-08-05,2.0
SKU0107,2024-08-12,16.0
SKU0107,2024-08-19,19.0
SKU0107,2024-08-26,12.0
SKU0107,2024-09-02,16.0
SKU0107,2024-09-09,15.0
SKU0107,2024-09-16,12.0
SKU0107,2024-09-23,15.0
SKU0107,2024-09-30,18.0
SKU0107,2024-10-07,12.0
SKU0107,2024-10-14,26.0
SKU0107,2024-10-21,31.0
SKU0107,2024-10-28,43.0
SKU0107,2024-11-04,39.0
SKU0107,2024-11-11,23.0
SKU0107,2024-11-18,25.0
SKU0107,2024-11-25,26.0
SKU0107,2024-12-02,29.0
SKU0107,2024-12-09,23.0
SKU0107,2024-12-16,19.0
SKU0107,2024-12-23,25.0
SKU0107,2024-12-30,36.0
SKU0107,2025-01-06,29.0
SKU0107,2025-01-13,19.0
SKU0107,2025-01-20,10.0
SKU0107,2025-01-27,14.0
SKU0107,2025-02-03,18.0
SKU0107,2025-02-10,11.0
SKU0107,2025-02-17,18.0
SKU0107,2025-02-24,17.0
SKU0107,2025-03-03,14.0
SKU0107,2025-03-10,23.0
SKU0107,2025-03-17,17.0
SKU0107,2025-03-24,12.0
SKU0107,2025-03-31,9.0
SKU0107,2025-04-07,17.0
SKU0107,2025-04-14,12.0
SKU0107,2025-04-21,15.0
SKU0107,2025-04-28,12.0
SKU0107,2025-05-05,16.0
SKU0107,2025-05-12,13.0
SKU0107,2025-05-19,21.0
SKU0107,2025-05-26,17.0
SKU0107,2025-06-02,19.0
SKU0107,2025-06-09,17.0
SKU0107,2025-06-16,14.0
SKU0107,2025-06-23,30.0
SKU0107,2025-06-30,22.0
SKU0107,2025-07-07,19.0
SKU0107,2025-07-14,17.0
SKU0107,2025-07-21,19.0
SKU0107,2025-07-28,11.0
SKU0107,2025-08-04,11.0
SKU0107,2025-08-11,17.0
SKU0107,2025-08-18,21.0
SKU0107,2025-08-25,22.0
SKU0107,2025-09-01,13.0
SKU0107,2025-09-08,25.0
SKU0107,2025-09-15,16.0
SKU0107,2025-09-22,7.0
SKU0107,2025-09-29,12.0
SKU0107,2025-10-06,26.0
SKU0107,2025-10-13,26.0
SKU0107,2025-10-20,42.0
SKU0107,2025-10-27,36.0
SKU0107,2025-11-03,36.0
SKU0107,2025-11-10,28.0
SKU0107,2025-11-17,25.0
SKU0107,2025-11-24,24.0
SKU0107,2025-12-01,36.0
SKU0107,2025-12-08,32.0
SKU0107,2025-12-15,29.0
SKU0107,2025-12-22,29.0
SKU0107,2025-12-29,42.0
SKU0107,2026-01-05,20.0
SKU0107,2026-01-12,20.0
SKU0107,2026-01-19,17.0
SKU0107,2026-01-26,12.0
SKU0107,2026-02-02,15.0
SKU0107,2026-02-09,13.0
SKU0107,2026-02-16,10.0
SKU0107,2026-02-23,16.0
SKU0107,2026-03-02,15.0
SKU0107,2026-03-09,17.0
SKU0107,2026-03-16,12.0
SKU0107,2026-03-23,11.0
SKU0107,2026-03-30,12.0
SKU0107,2026-04-06,12.0
SKU0107,2026-04-13,23.0
SKU0107,2026-04-20,17.0
SKU0107,2026-04-27,15.0
SKU0107,2026-05-04,23.0
SKU0107,2026-05-11,18.0
SKU0107,2026-05-18,17.0
SKU0107,2026-05-25,17.0
SKU0107,2026-06-01,16.0
SKU0107,2026-06-08,17.0
SKU0107,2026-06-15,16.0
SKU0107,2026-06-22,21.0
SKU0107,2026-06-29,18.0
SKU0107,2026-07-06,22.0
SKU0107,2026-07-13,13.0
SKU0107,2026-07-20,13.0
SKU0108,2024-08-05,90.0
SKU0108,2024-08-12,124.0
SKU0108,2024-08-19,126.0
SKU0108,2024-08-26,107.0
SKU0108,2024-09-02,121.0
SKU0108,2024-09-09,121.0
SKU0108,2024-09-16,126.0
SKU0108,2024-09-23,130.0
SKU0108,2024-09-30,112.0
SKU0108,2024-10-07,170.0
SKU0108,2024-10-14,161.0
SKU0108,2024-10-21,287.0
SKU0108,2024-10-28,261.0
SKU0108,2024-11-04,274.0
SKU0108,2024-11-11,158.0
SKU0108,2024-11-18,188.0
SKU0108,2024-11-25,179.0
SKU0108,2024-12-02,238.0
SKU0108,2024-12-09,182.0
SKU0108,2024-12-16,184.0
SKU0108,2024-12-23,237.0
SKU0108,2024-12-30,272.0
SKU0108,2025-01-06,189.0
SKU0108,2025-01-13,128.0
SKU0108,2025-01-20,90.0
SKU0108,2025-01-27,99.0
SKU0108,2025-02-03,104.0
SKU0108,2025-02-10,92.0
SKU0108,2025-02-17,101.0
SKU0108,2025-02-24,107.0
SKU0108,2025-03-03,106.0
SKU0108,2025-03-10,112.0
SKU0108,2025-03-17,125.0
SKU0108,2025-03-24,140.0
SKU0108,2025-03-31,112.0
SKU0108,2025-04-07,120.0
SKU0108,2025-04-14,118.0
SKU0108,2025-04-21,116.0
SKU0108,2025-04-28,116.0
SKU0108,2025-05-05,119.0
SKU0108,2025-05-12,130.0
SKU0108,2025-05-19,123.0
SKU0108,2025-05-26,109.0
SKU0108,2025-06-02,116.0
SKU0108,2025-06-09,139.0
SKU0108,2025-06-16,137.0
SKU0108,2025-06-23,202.0
SKU0108,2025-06-30,211.0
SKU0108,2025-07-07,119.0
SKU0108,2025-07-14,125.0
SKU0108,2025-07-21,111.0
SKU0108,2025-07-28,123.0
SKU0108,2025-08-04,102.0
SKU0108,2025-08-11,138.0
SKU0108,2025-08-18,123.0
SKU0108,2025-08-25,136.0
SKU0108,2025-09-01,123.0
SKU0108,2025-09-08,128.0
SKU0108,2025-09-15,125.0
SKU0108,2025-09-22,126.0
SKU0108,2025-09-29,80.0
SKU0108,2025-10-06,151.0
SKU0108,2025-10-13,169.0
SKU0108,2025-10-20,265.0
SKU0108,2025-10-27,265.0
SKU0108,2025-11-03,282.0
SKU0108,2025-11-10,199.0
SKU0108,2025-11-17,163.0
SKU0108,2025-11-24,183.0
SKU0108,2025-12-01,295.0
SKU0108,2025-12-08,183.0
SKU0108,2025-12-15,167.0
SKU0108,2025-12-22,191.0
SKU0108,2025-12-29,273.0
SKU0108,2026-01-05,195.0
SKU0108,2026-01-12,97.0
SKU0108,2026-01-19,108.0
SKU0108,2026-01-26,90.0
SKU0108,2026-02-02,111.0
SKU0108,2026-02-09,108.0
SKU0108,2026-02-16,105.0
SKU0108,2026-02-23,98.0
SKU0108,2026-03-02,116.0
SKU0108,2026-03-09,154.0
SKU0108,2026-03-16,124.0
SKU0108,2026-03-23,141.0
SKU0108,2026-03-30,130.0
SKU0108,2026-04-06,128.0
SKU0108,2026-04-13,115.0
SKU0108,2026-04-20,121.0
SKU0108,2026-04-27,136.0
SKU0108,2026-05-04,140.0
SKU0108,2026-05-11,136.0
SKU0108,2026-05-18,145.0
SKU0108,2026-05-25,136.0
SKU0108,2026-06-01,120.0
SKU0108,2026-06-08,129.0
SKU0108,2026-06-15,133.0
SKU0108,2026-06-22,198.0
SKU0108,2026-06-29,207.0
SKU0108,2026-07-06,115.0
SKU0108,2026-07-13,116.0
SKU0108,2026-07-20,91.0
SKU0109,2026-05-04,18.0
SKU0109,2026-05-11,91.0
SKU0109,2026-05-18,67.0
SKU0109,2026-05-25,70.0
SKU0109,2026-06-01,88.0
SKU0109,2026-06-08,90.0
SKU0109,2026-06-15,81.0
SKU0109,2026-06-22,120.0
SKU0109,2026-06-29,107.0
SKU0109,2026-07-06,78.0
SKU0109,2026-07-13,66.0
SKU0109,2026-07-20,72.0
SKU0110,2024-07-22,90.0
SKU0110,2024-07-29,144.0
SKU0110,2024-08-05,151.0
SKU0110,2024-08-12,123.0
SKU0110,2024-08-19,147.0
SKU0110,2024-08-26,143.0
SKU0110,2024-09-02,152.0
SKU0110,2024-09-09,138.0
SKU0110,2024-09-16,150.0
SKU0110,2024-09-23,155.0
SKU0110,2024-09-30,158.0
SKU0110,2024-10-07,204.0
SKU0110,2024-10-14,212.0
SKU0110,2024-10-21,346.0
SKU0110,2024-10-28,352.0
SKU0110,2024-11-04,320.0
SKU0110,2024-11-11,202.0
SKU0110,2024-11-18,228.0
SKU0110,2024-11-25,235.0
SKU0110,2024-12-02,288.0
SKU0110,2024-12-09,186.0
SKU0110,2024-12-16,216.0
SKU0110,2024-12-23,300.0
SKU0110,2024-12-30,322.0
SKU0110,2025-01-06,209.0
SKU0110,2025-01-13,132.0
SKU0110,2025-01-20,118.0
SKU0110,2025-01-27,129.0
SKU0110,2025-02-03,137.0
SKU0110,2025-02-10,132.0
SKU0110,2025-02-17,118.0
SKU0110,2025-02-24,120.0
SKU0110,2025-03-03,160.0
SKU0110,2025-03-10,146.0
SKU0110,2025-03-17,142.0
SKU0110,2025-03-24,135.0
SKU0110,2025-03-31,160.0
SKU0110,2025-04-07,141.0
SKU0110,2025-04-14,137.0
SKU0110,2025-04-21,136.0
SKU0110,2025-04-28,138.0
SKU0110,2025-05-05,131.0
SKU0110,2025-05-12,153.0
SKU0110,2025-05-19,134.0
SKU0110,2025-05-26,123.0
SKU0110,2025-06-02,150.0
SKU0110,2025-06-09,123.0
SKU0110,2025-06-16,162.0
SKU0110,2025-06-23,249.0
SKU0110,2025-06-30,246.0
SKU0110,2025-07-07,157.0
SKU0110,2025-07-14,121.0
SKU0110,2025-07-21,152.0
SKU0110,2025-07-28,134.0
SKU0110,2025-08-04,148.0
SKU0110,2025-08-11,156.0
SKU0110,2025-08-18,148.0
SKU0110,2025-08-25,155.0
SKU0110,2025-09-01,166.0
SKU0110,2025-09-08,138.0
SKU0110,2025-09-15,134.0
SKU0110,2025-09-22,137.0
SKU0110,2025-09-29,151.0
SKU0110,2025-10-06,192.0
SKU0110,2025-10-13,167.0
SKU0110,2025-10-20,317.0
SKU0110,2025-10-27,327.0
SKU0110,2025-11-03,336.0
SKU0110,2025-11-10,233.0
SKU0110,2025-11-17,208.0
SKU0110,2025-11-24,204.0
SKU0110,2025-12-01,317.0
SKU0110,2025-12-08,173.0
SKU0110,2025-12-15,181.0
SKU0110,2025-12-22,250.0
SKU0110,2025-12-29,332.0
SKU0110,2026-01-05,192.0
SKU0110,2026-01-12,149.0
SKU0110,2026-01-19,125.0
SKU0110,2026-01-26,148.0
SKU0110,2026-02-02,116.0
SKU0110,2026-02-09,126.0
SKU0110,2026-02-16,127.0
SKU0110,2026-02-23,107.0
SKU0110,2026-03-02,146.0
SKU0110,2026-03-09,147.0
SKU0110,2026-03-16,151.0
SKU0110,2026-03-23,137.0
SKU0110,2026-03-30,141.0
SKU0110,2026-04-06,126.0
SKU0110,2026-04-13,135.0
SKU0110,2026-04-20,137.0
SKU0110,2026-04-27,147.0
SKU0110,2026-05-04,144.0
SKU0110,2026-05-11,136.0
SKU0110,2026-05-18,138.0
SKU0110,2026-05-25,140.0
SKU0110,2026-06-01,158.0
SKU0110,2026-06-08,134.0
SKU0110,2026-06-15,135.0
SKU0110,2026-06-22,205.0
SKU0110,2026-06-29,239.0
SKU0110,2026-07-06,158.0
SKU0110,2026-07-13,137.0
SKU0110,2026-07-20,110.0
SKU0111,2024-08-05,0.0
SKU0111,2024-08-12,25.0
SKU0111,2024-08-19,23.0
SKU0111,2024-08-26,26.0
SKU0111,2024-09-02,28.0
SKU0111,2024-09-09,29.0
SKU0111,2024-09-16,38.0
SKU0111,2024-09-23,27.0
SKU0111,2024-09-30,22.0
SKU0111,2024-10-07,42.0
SKU0111,2024-10-14,32.0
SKU0111,2024-10-21,67.0
SKU0111,2024-10-28,53.0
SKU0111,2024-11-04,56.0
SKU0111,2024-11-11,47.0
SKU0111,2024-11-18,43.0
SKU0111,2024-11-25,30.0
SKU0111,2024-12-02,55.0
SKU0111,2024-12-09,20.0
SKU0111,2024-12-16,43.0
SKU0111,2024-12-23,49.0
SKU0111,2024-12-30,70.0
SKU0111,2025-01-06,36.0
SKU0111,2025-01-13,26.0
SKU0111,2025-01-20,17.0
SKU0111,2025-01-27,23.0
SKU0111,2025-02-03,25.0
SKU0111,2025-02-10,18.0
SKU0111,2025-02-17,18.0
SKU0111,2025-02-24,17.0
SKU0111,2025-03-03,20.0
SKU0111,2025-03-10,30.0
SKU0111,2025-03-17,21.0
SKU0111,2025-03-24,23.0
SKU0111,2025-03-31,20.0
SKU0111,2025-04-07,22.0
SKU0111,2025-04-14,26.0
SKU0111,2025-04-21,31.0
SKU0111,2025-04-28,44.0
SKU0111,2025-05-05,28.0
SKU0111,2025-05-12,31.0
SKU0111,2025-05-19,23.0
SKU0111,2025-05-26,18.0
SKU0111,2025-06-02,22.0
SKU0111,2025-06-09,23.0
SKU0111,2025-06-16,35.0
SKU0111,2025-06-23,37.0
SKU0111,2025-06-30,45.0
SKU0111,2025-07-07,22.0
SKU0111,2025-07-14,19.0
SKU0111,2025-07-21,27.0
SKU0111,2025-07-28,30.0
SKU0111,2025-08-04,32.0
SKU0111,2025-08-11,24.0
SKU0111,2025-08-18,30.0
SKU0111,2025-08-25,25.0
SKU0111,2025-09-01,38.0
SKU0111,2025-09-08,16.0
SKU0111,2025-09-15,37.0
SKU0111,2025-09-22,22.0
SKU0111,2025-09-29,21.0
SKU0111,2025-10-06,35.0
SKU0111,2025-10-13,34.0
SKU0111,2025-10-20,64.0
SKU0111,2025-10-27,59.0
SKU0111,2025-11-03,76.0
SKU0111,2025-11-10,39.0
SKU0111,2025-11-17,40.0
SKU0111,2025-11-24,58.0
SKU0111,2025-12-01,63.0
SKU0111,2025-12-08,44.0
SKU0111,2025-12-15,34.0
SKU0111,2025-12-22,59.0
SKU0111,2025-12-29,63.0
SKU0111,2026-01-05,39.0
SKU0111,2026-01-12,22.0
SKU0111,2026-01-19,18.0
SKU0111,2026-01-26,29.0
SKU0111,2026-02-02,26.0
SKU0111,2026-02-09,24.0
SKU0111,2026-02-16,21.0
SKU0111,2026-02-23,24.0
SKU0111,2026-03-02,22.0
SKU0111,2026-03-09,19.0
SKU0111,2026-03-16,43.0
SKU0111,2026-03-23,22.0
SKU0111,2026-03-30,33.0
SKU0111,2026-04-06,27.0
SKU0111,2026-04-13,25.0
SKU0111,2026-04-20,27.0
SKU0111,2026-04-27,26.0
SKU0111,2026-05-04,30.0
SKU0111,2026-05-11,33.0
SKU0111,2026-05-18,33.0
SKU0111,2026-05-25,24.0
SKU0111,2026-06-01,28.0
SKU0111,2026-06-08,22.0
SKU0111,2026-06-15,29.0
SKU0111,2026-06-22,38.0
SKU0111,2026-06-29,37.0
SKU0111,2026-07-06,34.0
SKU0111,2026-07-13,36.0
SKU0111,2026-07-20,24.0
SKU0112,2024-07-22,7.0
SKU0112,2024-07-29,9.0
SKU0112,2024-08-05,15.0
SKU0112,2024-08-12,9.0
SKU0112,2024-08-19,15.0
SKU0112,2024-08-26,15.0
SKU0112,2024-09-02,11.0
SKU0112,2024-09-09,12.0
SKU0112,2024-09-16,10.0
SKU0112,2024-09-23,12.0
SKU0112,2024-09-30,8.0
SKU0112,2024-10-07,15.0
SKU0112,2024-10-14,13.0
SKU0112,2024-10-21,25.0
SKU0112,2024-10-28,32.0
SKU0112,2024-11-04,18.0
SKU0112,2024-11-11,18.0
SKU0112,2024-11-18,15.0
SKU0112,2024-11-25,21.0
SKU0112,2024-12-02,18.0
SKU0112,2024-12-09,19.0
SKU0112,2024-12-16,14.0
SKU0112,2024-12-23,23.0
SKU0112,2024-12-30,21.0
SKU0112,2025-01-06,16.0
SKU0112,2025-01-13,8.0
SKU0112,2025-01-20,9.0
SKU0112,2025-01-27,12.0
SKU0112,2025-02-03,7.0
SKU0112,2025-02-10,10.0
SKU0112,2025-02-17,7.0
SKU0112,2025-02-24,5.0
SKU0112,2025-03-03,8.0
SKU0112,2025-03-10,6.0
SKU0112,2025-03-17,3.0
SKU0112,2025-03-24,7.0
SKU0112,2025-03-31,6.0
SKU0112,2025-04-07,15.0
SKU0112,2025-04-14,22.0
SKU0112,2025-04-21,12.0
SKU0112,2025-04-28,20.0
SKU0112,2025-05-05,7.0
SKU0112,2025-05-12,12.0
SKU0112,2025-05-19,13.0
SKU0112,2025-05-26,12.0
SKU0112,2025-06-02,11.0
SKU0112,2025-06-09,4.0
SKU0112,2025-06-16,14.0
SKU0112,2025-06-23,17.0
SKU0112,2025-06-30,13.0
SKU0112,2025-07-07,10.0
SKU0112,2025-07-14,7.0
SKU0112,2025-07-21,12.0
SKU0112,2025-07-28,11.0
SKU0112,2025-08-04,7.0
SKU0112,2025-08-11,8.0
SKU0112,2025-08-18,8.0
SKU0112,2025-08-25,13.0
SKU0112,2025-09-01,7.0
SKU0112,2025-09-08,12.0
SKU0112,2025-09-15,9.0
SKU0112,2025-09-22,10.0
SKU0112,2025-09-29,6.0
SKU0112,2025-10-06,18.0
SKU0112,2025-10-13,14.0
SKU0112,2025-10-20,28.0
SKU0112,2025-10-27,18.0
SKU0112,2025-11-03,26.0
SKU0112,2025-11-10,14.0
SKU0112,2025-11-17,10.0
SKU0112,2025-11-24,10.0
SKU0112,2025-12-01,22.0
SKU0112,2025-12-08,17.0
SKU0112,2025-12-15,15.0
SKU0112,2025-12-22,13.0
SKU0112,2025-12-29,24.0
SKU0112,2026-01-05,20.0
SKU0112,2026-01-12,8.0
SKU0112,2026-01-19,12.0
SKU0112,2026-01-26,9.0
SKU0112,2026-02-02,9.0
SKU0112,2026-02-09,16.0
SKU0112,2026-02-16,11.0
SKU0112,2026-02-23,8.0
SKU0112,2026-03-02,16.0
SKU0112,2026-03-09,11.0
SKU0112,2026-03-16,13.0
SKU0112,2026-03-23,9.0
SKU0112,2026-03-30,5.0
SKU0112,2026-04-06,8.0
SKU0112,2026-04-13,12.0
SKU0112,2026-04-20,13.0
SKU0112,2026-04-27,12.0
SKU0112,2026-05-04,11.0
SKU0112,2026-05-11,6.0
SKU0112,2026-05-18,7.0
SKU0112,2026-05-25,12.0
SKU0112,2026-06-01,17.0
SKU0112,2026-06-08,9.0
SKU0112,2026-06-15,8.0
SKU0112,2026-06-22,14.0
SKU0112,2026-06-29,15.0
SKU0112,2026-07-06,10.0
SKU0112,2026-07-13,9.0
SKU0112,2026-07-20,13.0
SKU0113,2024-08-05,6.0
SKU0113,2024-08-12,31.0
SKU0113,2024-08-19,23.0
SKU0113,2024-08-26,26.0
SKU0113,2024-09-02,30.0
SKU0113,2024-09-09,28.0
SKU0113,2024-09-16,29.0
SKU0113,2024-09-23,32.0
SKU0113,2024-09-30,27.0
SKU0113,2024-10-07,38.0
SKU0113,2024-10-14,25.0
SKU0113,2024-10-21,50.0
SKU0113,2024-10-28,60.0
SKU0113,2024-11-04,62.0
SKU0113,2024-11-11,34.0
SKU0113,2024-11-18,45.0
SKU0113,2024-11-25,33.0
SKU0113,2024-12-02,47.0
SKU0113,2024-12-09,43.0
SKU0113,2024-12-16,47.0
SKU0113,2024-12-23,39.0
SKU0113,2024-12-30,53.0
SKU0113,2025-01-06,38.0
SKU0113,2025-01-13,23.0
SKU0113,2025-01-20,22.0
SKU0113,2025-01-27,16.0
SKU0113,2025-02-03,26.0
SKU0113,2025-02-10,24.0
SKU0113,2025-02-17,20.0
SKU0113,2025-02-24,24.0
SKU0113,2025-03-03,35.0
SKU0113,2025-03-10,28.0
SKU0113,2025-03-17,26.0
SKU0113,2025-03-24,26.0
SKU0113,2025-03-31,31.0
SKU0113,2025-04-07,36.0
SKU0113,2025-04-14,26.0
SKU0113,2025-04-21,26.0
SKU0113,2025-04-28,28.0
SKU0113,2025-05-05,26.0
SKU0113,2025-05-12,20.0
SKU0113,2025-05-19,35.0
SKU0113,2025-05-26,33.0
SKU0113,2025-06-02,33.0
SKU0113,2025-06-09,24.0
SKU0113,2025-06-16,31.0
SKU0113,2025-06-23,47.0
SKU0113,2025-06-30,35.0
SKU0113,2025-07-07,31.0
SKU0113,2025-07-14,27.0
SKU0113,2025-07-21,41.0
SKU0113,2025-07-28,32.0
SKU0113,2025-08-04,26.0
SKU0113,2025-08-11,32.0
SKU0113,2025-08-18,26.0
SKU0113,2025-08-25,23.0
SKU0113,2025-09-01,27.0
SKU0113,2025-09-08,20.0
SKU0113,2025-09-15,26.0
SKU0113,2025-09-22,30.0
SKU0113,2025-09-29,32.0
SKU0113,2025-10-06,43.0
SKU0113,2025-10-13,38.0
SKU0113,2025-10-20,58.0
SKU0113,2025-10-27,67.0
SKU0113,2025-11-03,42.0
SKU0113,2025-11-10,38.0
SKU0113,2025-11-17,35.0
SKU0113,2025-11-24,44.0
SKU0113,2025-12-01,67.0
SKU0113,2025-12-08,39.0
SKU0113,2025-12-15,43.0
SKU0113,2025-12-22,41.0
SKU0113,2025-12-29,59.0
SKU0113,2026-01-05,42.0
SKU0113,2026-01-12,30.0
SKU0113,2026-01-19,33.0
SKU0113,2026-01-26,31.0
SKU0113,2026-02-02,30.0
SKU0113,2026-02-09,22.0
SKU0113,2026-02-16,22.0
SKU0113,2026-02-23,20.0
SKU0113,2026-03-02,32.0
SKU0113,2026-03-09,29.0
SKU0113,2026-03-16,31.0
SKU0113,2026-03-23,29.0
SKU0113,2026-03-30,36.0
SKU0113,2026-04-06,28.0
SKU0113,2026-04-13,37.0
SKU0113,2026-04-20,33.0
SKU0113,2026-04-27,23.0
SKU0113,2026-05-04,24.0
SKU0113,2026-05-11,36.0
SKU0113,2026-05-18,27.0
SKU0113,2026-05-25,28.0
SKU0113,2026-06-01,37.0
SKU0113,2026-06-08,26.0
SKU0113,2026-06-15,27.0
SKU0113,2026-06-22,51.0
SKU0113,2026-06-29,49.0
SKU0113,2026-07-06,23.0
SKU0113,2026-07-13,41.0
SKU0113,2026-07-20,22.0
SKU0114,2024-08-05,28.0
SKU0114,2024-08-12,35.0
SKU0114,2024-08-19,35.0
SKU0114,2024-08-26,39.0
SKU0114,2024-09-02,28.0
SKU0114,2024-09-09,36.0
SKU0114,2024-09-16,38.0
SKU0114,2024-09-23,26.0
SKU0114,2024-09-30,34.0
SKU0114,2024-10-07,44.0
SKU0114,2024-10-14,44.0
SKU0114,2024-10-21,90.0
SKU0114,2024-10-28,102.0
SKU0114,2024-11-04,81.0
SKU0114,2024-11-11,59.0
SKU0114,2024-11-18,54.0
SKU0114,2024-11-25,61.0
SKU0114,2024-12-02,77.0
SKU0114,2024-12-09,50.0
SKU0114,2024-12-16,60.0
SKU0114,2024-12-23,75.0
SKU0114,2024-12-30,86.0
SKU0114,2025-01-06,58.0
SKU0114,2025-01-13,39.0
SKU0114,2025-01-20,39.0
SKU0114,2025-01-27,33.0
SKU0114,2025-02-03,34.0
SKU0114,2025-02-10,30.0
SKU0114,2025-02-17,38.0
SKU0114,2025-02-24,29.0
SKU0114,2025-03-03,38.0
SKU0114,2025-03-10,48.0
SKU0114,2025-03-17,33.0
SKU0114,2025-03-24,45.0
SKU0114,2025-03-31,38.0
SKU0114,2025-04-07,35.0
SKU0114,2025-04-14,44.0
SKU0114,2025-04-21,35.0
SKU0114,2025-04-28,42.0
SKU0114,2025-05-05,42.0
SKU0114,2025-05-12,53.0
SKU0114,2025-05-19,45.0
SKU0114,2025-05-26,42.0
SKU0114,2025-06-02,39.0
SKU0114,2025-06-09,45.0
SKU0114,2025-06-16,53.0
SKU0114,2025-06-23,69.0
SKU0114,2025-06-30,69.0
SKU0114,2025-07-07,43.0
SKU0114,2025-07-14,36.0
SKU0114,2025-07-21,43.0
SKU0114,2025-07-28,36.0
SKU0114,2025-08-04,45.0
SKU0114,2025-08-11,31.0
SKU0114,2025-08-18,37.0
SKU0114,2025-08-25,43.0
SKU0114,2025-09-01,39.0
SKU0114,2025-09-08,42.0
SKU0114,2025-09-15,38.0
SKU0114,2025-09-22,47.0
SKU0114,2025-09-29,36.0
SKU0114,2025-10-06,55.0
SKU0114,2025-10-13,71.0
SKU0114,2025-10-20,101.0
SKU0114,2025-10-27,93.0
SKU0114,2025-11-03,109.0
SKU0114,2025-11-10,71.0
SKU0114,2025-11-17,62.0
SKU0114,2025-11-24,76.0
SKU0114,2025-12-01,93.0
SKU0114,2025-12-08,65.0
SKU0114,2025-12-15,65.0
SKU0114,2025-12-22,82.0
SKU0114,2025-12-29,94.0
SKU0114,2026-01-05,57.0
SKU0114,2026-01-12,41.0
SKU0114,2026-01-19,42.0
SKU0114,2026-01-26,43.0
SKU0114,2026-02-02,40.0
SKU0114,2026-02-09,36.0
SKU0114,2026-02-16,43.0
SKU0114,2026-02-23,34.0
SKU0114,2026-03-02,39.0
SKU0114,2026-03-09,51.0
SKU0114,2026-03-16,37.0
SKU0114,2026-03-23,54.0
SKU0114,2026-03-30,56.0
SKU0114,2026-04-06,42.0
SKU0114,2026-04-13,49.0
SKU0114,2026-04-20,41.0
SKU0114,2026-04-27,46.0
SKU0114,2026-05-04,45.0
SKU0114,2026-05-11,40.0
SKU0114,2026-05-18,50.0
SKU0114,2026-05-25,40.0
SKU0114,2026-06-01,52.0
SKU0114,2026-06-08,41.0
SKU0114,2026-06-15,42.0
SKU0114,2026-06-22,73.0
SKU0114,2026-06-29,64.0
SKU0114,2026-07-06,49.0
SKU0114,2026-07-13,50.0
SKU0114,2026-07-20,40.0
SKU0115,2024-07-29,4.0
SKU0115,2024-08-05,34.0
SKU0115,2024-08-12,28.0
SKU0115,2024-08-19,55.0
SKU0115,2024-08-26,34.0
SKU0115,2024-09-02,32.0
SKU0115,2024-09-09,43.0
SKU0115,2024-09-16,33.0
SKU0115,2024-09-23,32.0
SKU0115,2024-09-30,28.0
SKU0115,2024-10-07,46.0
SKU0115,2024-10-14,62.0
SKU0115,2024-10-21,81.0
SKU0115,2024-10-28,80.0
SKU0115,2024-11-04,85.0
SKU0115,2024-11-11,65.0
SKU0115,2024-11-18,56.0
SKU0115,2024-11-25,45.0
SKU0115,2024-12-02,69.0
SKU0115,2024-12-09,50.0
SKU0115,2024-12-16,45.0
SKU0115,2024-12-23,73.0
SKU0115,2024-12-30,75.0
SKU0115,2025-01-06,61.0
SKU0115,2025-01-13,36.0
SKU0115,2025-01-20,29.0
SKU0115,2025-01-27,27.0
SKU0115,2025-02-03,28.0
SKU0115,2025-02-10,25.0
SKU0115,2025-02-17,33.0
SKU0115,2025-02-24,28.0
SKU0115,2025-03-03,26.0
SKU0115,2025-03-10,29.0
SKU0115,2025-03-17,37.0
SKU0115,2025-03-24,40.0
SKU0115,2025-03-31,35.0
SKU0115,2025-04-07,27.0
SKU0115,2025-04-14,43.0
SKU0115,2025-04-21,42.0
SKU0115,2025-04-28,32.0
SKU0115,2025-05-05,38.0
SKU0115,2025-05-12,35.0
SKU0115,2025-05-19,33.0
SKU0115,2025-05-26,36.0
SKU0115,2025-06-02,30.0
SKU0115,2025-06-09,27.0
SKU0115,2025-06-16,37.0
SKU0115,2025-06-23,70.0
SKU0115,2025-06-30,55.0
SKU0115,2025-07-07,37.0
SKU0115,2025-07-14,37.0
SKU0115,2025-07-21,39.0
SKU0115,2025-07-28,44.0
SKU0115,2025-08-04,44.0
SKU0115,2025-08-11,35.0
SKU0115,2025-08-18,34.0
SKU0115,2025-08-25,39.0
SKU0115,2025-09-01,33.0
SKU0115,2025-09-08,30.0
SKU0115,2025-09-15,39.0
SKU0115,2025-09-22,40.0
SKU0115,2025-09-29,28.0
SKU0115,2025-10-06,47.0
SKU0115,2025-10-13,57.0
SKU0115,2025-10-20,82.0
SKU0115,2025-10-27,78.0
SKU0115,2025-11-03,88.0
SKU0115,2025-11-10,58.0
SKU0115,2025-11-17,47.0
SKU0115,2025-11-24,56.0
SKU0115,2025-12-01,85.0
SKU0115,2025-12-08,45.0
SKU0115,2025-12-15,46.0
SKU0115,2025-12-22,74.0
SKU0115,2025-12-29,72.0
SKU0115,2026-01-05,53.0
SKU0115,2026-01-12,27.0
SKU0115,2026-01-19,37.0
SKU0115,2026-01-26,25.0
SKU0115,2026-02-02,39.0
SKU0115,2026-02-09,36.0
SKU0115,2026-02-16,28.0
SKU0115,2026-02-23,28.0
SKU0115,2026-03-02,29.0
SKU0115,2026-03-09,36.0
SKU0115,2026-03-16,34.0
SKU0115,2026-03-23,33.0
SKU0115,2026-03-30,27.0
SKU0115,2026-04-06,42.0
SKU0115,2026-04-13,30.0
SKU0115,2026-04-20,31.0
SKU0115,2026-04-27,35.0
SKU0115,2026-05-04,39.0
SKU0115,2026-05-11,42.0
SKU0115,2026-05-18,41.0
SKU0115,2026-05-25,39.0
SKU0115,2026-06-01,40.0
SKU0115,2026-06-08,31.0
SKU0115,2026-06-15,30.0
SKU0115,2026-06-22,62.0
SKU0115,2026-06-29,66.0
SKU0115,2026-07-06,32.0
SKU0115,2026-07-13,29.0
SKU0115,2026-07-20,31.0
SKU0116,2024-08-12,97.0
SKU0116,2024-08-19,127.0
SKU0116,2024-08-26,107.0
SKU0116,2024-09-02,95.0
SKU0116,2024-09-09,113.0
SKU0116,2024-09-16,93.0
SKU0116,2024-09-23,107.0
SKU0116,2024-09-30,89.0
SKU0116,2024-10-07,139.0
SKU0116,2024-10-14,148.0
SKU0116,2024-10-21,226.0
SKU0116,2024-10-28,213.0
SKU0116,2024-11-04,225.0
SKU0116,2024-11-11,131.0
SKU0116,2024-11-18,149.0
SKU0116,2024-11-25,166.0
SKU0116,2024-12-02,209.0
SKU0116,2024-12-09,134.0
SKU0116,2024-12-16,157.0
SKU0116,2024-12-23,210.0
SKU0116,2024-12-30,210.0
SKU0116,2025-01-06,149.0
SKU0116,2025-01-13,91.0
SKU0116,2025-01-20,96.0
SKU0116,2025-01-27,96.0
SKU0116,2025-02-03,85.0
SKU0116,2025-02-10,105.0
SKU0116,2025-02-17,71.0
SKU0116,2025-02-24,87.0
SKU0116,2025-03-03,94.0
SKU0116,2025-03-10,100.0
SKU0116,2025-03-17,115.0
SKU0116,2025-03-24,106.0
SKU0116,2025-03-31,103.0
SKU0116,2025-04-07,113.0
SKU0116,2025-04-14,105.0
SKU0116,2025-04-21,99.0
SKU0116,2025-04-28,109.0
SKU0116,2025-05-05,99.0
SKU0116,2025-05-12,110.0
SKU0116,2025-05-19,120.0
SKU0116,2025-05-26,108.0
SKU0116,2025-06-02,108.0
SKU0116,2025-06-09,113.0
SKU0116,2025-06-16,115.0
SKU0116,2025-06-23,149.0
SKU0116,2025-06-30,150.0
SKU0116,2025-07-07,118.0
SKU0116,2025-07-14,116.0
SKU0116,2025-07-21,126.0
SKU0116,2025-07-28,110.0
SKU0116,2025-08-04,109.0
SKU0116,2025-08-11,96.0
SKU0116,2025-08-18,106.0
SKU0116,2025-08-25,101.0
SKU0116,2025-09-01,92.0
SKU0116,2025-09-08,118.0
SKU0116,2025-09-15,108.0
SKU0116,2025-09-22,104.0
SKU0116,2025-09-29,119.0
SKU0116,2025-10-06,154.0
SKU0116,2025-10-13,162.0
SKU0116,2025-10-20,236.0
SKU0116,2025-10-27,249.0
SKU0116,2025-11-03,257.0
SKU0116,2025-11-10,176.0
SKU0116,2025-11-17,151.0
SKU0116,2025-11-24,134.0
SKU0116,2025-12-01,256.0
SKU0116,2025-12-08,163.0
SKU0116,2025-12-15,145.0
SKU0116,2025-12-22,164.0
SKU0116,2025-12-29,223.0
SKU0116,2026-01-05,150.0
SKU0116,2026-01-12,95.0
SKU0116,2026-01-19,100.0
SKU0116,2026-01-26,101.0
SKU0116,2026-02-02,98.0
SKU0116,2026-02-09,98.0
SKU0116,2026-02-16,93.0
SKU0116,2026-02-23,92.0
SKU0116,2026-03-02,93.0
SKU0116,2026-03-09,118.0
SKU0116,2026-03-16,114.0
SKU0116,2026-03-23,108.0
SKU0116,2026-03-30,108.0
SKU0116,2026-04-06,104.0
SKU0116,2026-04-13,103.0
SKU0116,2026-04-20,126.0
SKU0116,2026-04-27,120.0
SKU0116,2026-05-04,124.0
SKU0116,2026-05-11,103.0
SKU0116,2026-05-18,109.0
SKU0116,2026-05-25,132.0
SKU0116,2026-06-01,114.0
SKU0116,2026-06-08,109.0
SKU0116,2026-06-15,102.0
SKU0116,2026-06-22,157.0
SKU0116,2026-06-29,163.0
SKU0116,2026-07-06,112.0
SKU0116,2026-07-13,105.0
SKU0116,2026-07-20,105.0
SKU0117,2024-08-05,20.0
SKU0117,2024-08-12,21.0
SKU0117,2024-08-19,24.0
SKU0117,2024-08-26,24.0
SKU0117,2024-09-02,24.0
SKU0117,2024-09-09,21.0
SKU0117,2024-09-16,22.0
SKU0117,2024-09-23,18.0
SKU0117,2024-09-30,24.0
SKU0117,2024-10-07,38.0
SKU0117,2024-10-14,30.0
SKU0117,2024-10-21,48.0
SKU0117,2024-10-28,47.0
SKU0117,2024-11-04,51.0
SKU0117,2024-11-11,39.0
SKU0117,2024-11-18,41.0
SKU0117,2024-11-25,36.0
SKU0117,2024-12-02,52.0
SKU0117,2024-12-09,27.0
SKU0117,2024-12-16,29.0
SKU0117,2024-12-23,36.0
SKU0117,2024-12-30,43.0
SKU0117,2025-01-06,35.0
SKU0117,2025-01-13,17.0
SKU0117,2025-01-20,18.0
SKU0117,2025-01-27,23.0
SKU0117,2025-02-03,24.0
SKU0117,2025-02-10,24.0
SKU0117,2025-02-17,13.0
SKU0117,2025-02-24,21.0
SKU0117,2025-03-03,21.0
SKU0117,2025-03-10,25.0
SKU0117,2025-03-17,9.0
SKU0117,2025-03-24,20.0
SKU0117,2025-03-31,26.0
SKU0117,2025-04-07,24.0
SKU0117,2025-04-14,16.0
SKU0117,2025-04-21,22.0
SKU0117,2025-04-28,22.0
SKU0117,2025-05-05,18.0
SKU0117,2025-05-12,25.0
SKU0117,2025-05-19,29.0
SKU0117,2025-05-26,28.0
SKU0117,2025-06-02,23.0
SKU0117,2025-06-09,33.0
SKU0117,2025-06-16,32.0
SKU0117,2025-06-23,42.0
SKU0117,2025-06-30,42.0
SKU0117,2025-07-07,38.0
SKU0117,2025-07-14,23.0
SKU0117,2025-07-21,18.0
SKU0117,2025-07-28,21.0
SKU0117,2025-08-04,15.0
SKU0117,2025-08-11,19.0
SKU0117,2025-08-18,15.0
SKU0117,2025-08-25,32.0
SKU0117,2025-09-01,25.0
SKU0117,2025-09-08,28.0
SKU0117,2025-09-15,36.0
SKU0117,2025-09-22,26.0
SKU0117,2025-09-29,25.0
SKU0117,2025-10-06,37.0
SKU0117,2025-10-13,42.0
SKU0117,2025-10-20,48.0
SKU0117,2025-10-27,62.0
SKU0117,2025-11-03,58.0
SKU0117,2025-11-10,40.0
SKU0117,2025-11-17,38.0
SKU0117,2025-11-24,27.0
SKU0117,2025-12-01,60.0
SKU0117,2025-12-08,44.0
SKU0117,2025-12-15,35.0
SKU0117,2025-12-22,42.0
SKU0117,2025-12-29,58.0
SKU0117,2026-01-05,28.0
SKU0117,2026-01-12,24.0
SKU0117,2026-01-19,20.0
SKU0117,2026-01-26,17.0
SKU0117,2026-02-02,29.0
SKU0117,2026-02-09,21.0
SKU0117,2026-02-16,19.0
SKU0117,2026-02-23,18.0
SKU0117,2026-03-02,16.0
SKU0117,2026-03-09,24.0
SKU0117,2026-03-16,22.0
SKU0117,2026-03-23,31.0
SKU0117,2026-03-30,26.0
SKU0117,2026-04-06,26.0
SKU0117,2026-04-13,29.0
SKU0117,2026-04-20,25.0
SKU0117,2026-04-27,16.0
SKU0117,2026-05-04,24.0
SKU0117,2026-05-11,27.0
SKU0117,2026-05-18,23.0
SKU0117,2026-05-25,23.0
SKU0117,2026-06-01,30.0
SKU0117,2026-06-08,31.0
SKU0117,2026-06-15,24.0
SKU0117,2026-06-22,36.0
SKU0117,2026-06-29,44.0
SKU0117,2026-07-06,30.0
SKU0117,2026-07-13,24.0
SKU0117,2026-07-20,22.0
SKU0118,2024-08-12,4.0
SKU0118,2024-08-19,4.0
SKU0118,2024-08-26,2.0
SKU0118,2024-09-02,2.0
SKU0118,2024-09-09,1.0
SKU0118,2024-09-16,0.0
SKU0118,2024-09-23,1.0
SKU0118,2024-09-30,3.0
SKU0118,2024-10-07,3.0
SKU0118,2024-10-14,2.0
SKU0118,2024-10-21,8.0
SKU0118,2024-10-28,9.0
SKU0118,2024-11-04,6.0
SKU0118,2024-11-11,2.0
SKU0118,2024-11-18,4.0
SKU0118,2024-11-25,5.0
SKU0118,2024-12-02,10.0
SKU0118,2024-12-09,7.0
SKU0118,2024-12-16,4.0
SKU0118,2024-12-23,7.0
SKU0118,2024-12-30,9.0
SKU0118,2025-01-06,7.0
SKU0118,2025-01-13,3.0
SKU0118,2025-01-20,2.0
SKU0118,2025-01-27,4.0
SKU0118,2025-02-03,5.0
SKU0118,2025-02-10,2.0
SKU0118,2025-02-17,2.0
SKU0118,2025-02-24,2.0
SKU0118,2025-03-03,4.0
SKU0118,2025-03-10,1.0
SKU0118,2025-03-17,4.0
SKU0118,2025-03-24,12.0
SKU0118,2025-03-31,0.0
SKU0118,2025-04-07,4.0
SKU0118,2025-04-14,4.0
SKU0118,2025-04-21,5.0
SKU0118,2025-04-28,2.0
SKU0118,2025-05-05,2.0
SKU0118,2025-05-12,3.0
SKU0118,2025-05-19,2.0
SKU0118,2025-05-26,8.0
SKU0118,2025-06-02,1.0
SKU0118,2025-06-09,5.0
SKU0118,2025-06-16,3.0
SKU0118,2025-06-23,8.0
SKU0118,2025-06-30,4.0
SKU0118,2025-07-07,0.0
SKU0118,2025-07-14,2.0
SKU0118,2025-07-21,3.0
SKU0118,2025-07-28,5.0
SKU0118,2025-08-04,4.0
SKU0118,2025-08-11,6.0
SKU0118,2025-08-18,1.0
SKU0118,2025-08-25,4.0
SKU0118,2025-09-01,1.0
SKU0118,2025-09-08,4.0
SKU0118,2025-09-15,2.0
SKU0118,2025-09-22,7.0
SKU0118,2025-09-29,3.0
SKU0118,2025-10-06,8.0
SKU0118,2025-10-13,6.0
SKU0118,2025-10-20,11.0
SKU0118,2025-10-27,10.0
SKU0118,2025-11-03,4.0
SKU0118,2025-11-10,4.0
SKU0118,2025-11-17,4.0
SKU0118,2025-11-24,7.0
SKU0118,2025-12-01,3.0
SKU0118,2025-12-08,4.0
SKU0118,2025-12-15,4.0
SKU0118,2025-12-22,5.0
SKU0118,2025-12-29,5.0
SKU0118,2026-01-05,6.0
SKU0118,2026-01-12,3.0
SKU0118,2026-01-19,1.0
SKU0118,2026-01-26,5.0
SKU0118,2026-02-02,3.0
SKU0118,2026-02-09,7.0
SKU0118,2026-02-16,7.0
SKU0118,2026-02-23,5.0
SKU0118,2026-03-02,4.0
SKU0118,2026-03-09,1.0
SKU0118,2026-03-16,3.0
SKU0118,2026-03-23,5.0
SKU0118,2026-03-30,4.0
SKU0118,2026-04-06,5.0
SKU0118,2026-04-13,3.0
SKU0118,2026-04-20,2.0
SKU0118,2026-04-27,6.0
SKU0118,2026-05-04,3.0
SKU0118,2026-05-11,7.0
SKU0118,2026-05-18,6.0
SKU0118,2026-05-25,2.0
SKU0118,2026-06-01,3.0
SKU0118,2026-06-08,8.0
SKU0118,2026-06-15,1.0
SKU0118,2026-06-22,8.0
SKU0118,2026-06-29,7.0
SKU0118,2026-07-06,3.0
SKU0118,2026-07-13,7.0
SKU0118,2026-07-20,5.0
SKU0119,2026-05-04,8.0
SKU0119,2026-05-11,14.0
SKU0119,2026-05-18,11.0
SKU0119,2026-05-25,18.0
SKU0119,2026-06-01,15.0
SKU0119,2026-06-08,22.0
SKU0119,2026-06-15,13.0
SKU0119,2026-06-22,17.0
SKU0119,2026-06-29,22.0
SKU0119,2026-07-06,15.0
SKU0119,2026-07-13,15.0
SKU0119,2026-07-20,9.0
SKU0120,2024-07-22,27.0
SKU0120,2024-07-29,50.0
SKU0120,2024-08-05,57.0
SKU0120,2024-08-12,58.0
SKU0120,2024-08-19,53.0
SKU0120,2024-08-26,55.0
SKU0120,2024-09-02,49.0
SKU0120,2024-09-09,58.0
SKU0120,2024-09-16,47.0
SKU0120,2024-09-23,62.0
SKU0120,2024-09-30,52.0
SKU0120,2024-10-07,93.0
SKU0120,2024-10-14,82.0
SKU0120,2024-10-21,109.0
SKU0120,2024-10-28,115.0
SKU0120,2024-11-04,110.0
SKU0120,2024-11-11,78.0
SKU0120,2024-11-18,74.0
SKU0120,2024-11-25,72.0
SKU0120,2024-12-02,120.0
SKU0120,2024-12-09,94.0
SKU0120,2024-12-16,83.0
SKU0120,2024-12-23,104.0
SKU0120,2024-12-30,112.0
SKU0120,2025-01-06,76.0
SKU0120,2025-01-13,58.0
SKU0120,2025-01-20,44.0
SKU0120,2025-01-27,40.0
SKU0120,2025-02-03,42.0
SKU0120,2025-02-10,54.0
SKU0120,2025-02-17,46.0
SKU0120,2025-02-24,51.0
SKU0120,2025-03-03,54.0
SKU0120,2025-03-10,50.0
SKU0120,2025-03-17,49.0
SKU0120,2025-03-24,48.0
SKU0120,2025-03-31,53.0
SKU0120,2025-04-07,57.0
SKU0120,2025-04-14,53.0
SKU0120,2025-04-21,71.0
SKU0120,2025-04-28,52.0
SKU0120,2025-05-05,61.0
SKU0120,2025-05-12,64.0
SKU0120,2025-05-19,46.0
SKU0120,2025-05-26,50.0
SKU0120,2025-06-02,56.0
SKU0120,2025-06-09,55.0
SKU0120,2025-06-16,78.0
SKU0120,2025-06-23,78.0
SKU0120,2025-06-30,101.0
SKU0120,2025-07-07,64.0
SKU0120,2025-07-14,52.0
SKU0120,2025-07-21,68.0
SKU0120,2025-07-28,72.0
SKU0120,2025-08-04,57.0
SKU0120,2025-08-11,66.0
SKU0120,2025-08-18,61.0
SKU0120,2025-08-25,66.0
SKU0120,2025-09-01,66.0
SKU0120,2025-09-08,72.0
SKU0120,2025-09-15,49.0
SKU0120,2025-09-22,51.0
SKU0120,2025-09-29,65.0
SKU0120,2025-10-06,90.0
SKU0120,2025-10-13,79.0
SKU0120,2025-10-20,127.0
SKU0120,2025-10-27,141.0
SKU0120,2025-11-03,133.0
SKU0120,2025-11-10,106.0
SKU0120,2025-11-17,78.0
SKU0120,2025-11-24,74.0
SKU0120,2025-12-01,138.0
SKU0120,2025-12-08,98.0
SKU0120,2025-12-15,104.0
SKU0120,2025-12-22,105.0
SKU0120,2025-12-29,126.0
SKU0120,2026-01-05,92.0
SKU0120,2026-01-12,63.0
SKU0120,2026-01-19,49.0
SKU0120,2026-01-26,58.0
SKU0120,2026-02-02,51.0
SKU0120,2026-02-09,55.0
SKU0120,2026-02-16,65.0
SKU0120,2026-02-23,50.0
SKU0120,2026-03-02,52.0
SKU0120,2026-03-09,60.0
SKU0120,2026-03-16,56.0
SKU0120,2026-03-23,52.0
SKU0120,2026-03-30,58.0
SKU0120,2026-04-06,68.0
SKU0120,2026-04-13,71.0
SKU0120,2026-04-20,71.0
SKU0120,2026-04-27,65.0
SKU0120,2026-05-04,79.0
SKU0120,2026-05-11,77.0
SKU0120,2026-05-18,77.0
SKU0120,2026-05-25,54.0
SKU0120,2026-06-01,75.0
SKU0120,2026-06-08,63.0
SKU0120,2026-06-15,85.0
SKU0120,2026-06-22,114.0
SKU0120,2026-06-29,120.0
SKU0120,2026-07-06,73.0
SKU0120,2026-07-13,62.0
SKU0120,2026-07-20,72.0
SKU0121,2024-08-12,38.0
SKU0121,2024-08-19,29.0
SKU0121,2024-08-26,35.0
SKU0121,2024-09-02,40.0
SKU0121,2024-09-09,37.0
SKU0121,2024-09-16,38.0
SKU0121,2024-09-23,35.0
SKU0121,2024-09-30,34.0
SKU0121,2024-10-07,42.0
SKU0121,2024-10-14,50.0
SKU0121,2024-10-21,84.0
SKU0121,2024-10-28,79.0
SKU0121,2024-11-04,75.0
SKU0121,2024-11-11,36.0
SKU0121,2024-11-18,43.0
SKU0121,2024-11-25,53.0
SKU0121,2024-12-02,68.0
SKU0121,2024-12-09,63.0
SKU0121,2024-12-16,45.0
SKU0121,2024-12-23,82.0
SKU0121,2024-12-30,75.0
SKU0121,2025-01-06,54.0
SKU0121,2025-01-13,22.0
SKU0121,2025-01-20,35.0
SKU0121,2025-01-27,20.0
SKU0121,2025-02-03,25.0
SKU0121,2025-02-10,33.0
SKU0121,2025-02-17,32.0
SKU0121,2025-02-24,30.0
SKU0121,2025-03-03,39.0
SKU0121,2025-03-10,32.0
SKU0121,2025-03-17,35.0
SKU0121,2025-03-24,36.0
SKU0121,2025-03-31,31.0
SKU0121,2025-04-07,37.0
SKU0121,2025-04-14,38.0
SKU0121,2025-04-21,47.0
SKU0121,2025-04-28,38.0
SKU0121,2025-05-05,27.0
SKU0121,2025-05-12,35.0
SKU0121,2025-05-19,36.0
SKU0121,2025-05-26,44.0
SKU0121,2025-06-02,33.0
SKU0121,2025-06-09,28.0
SKU0121,2025-06-16,43.0
SKU0121,2025-06-23,55.0
SKU0121,2025-06-30,70.0
SKU0121,2025-07-07,33.0
SKU0121,2025-07-14,46.0
SKU0121,2025-07-21,39.0
SKU0121,2025-07-28,38.0
SKU0121,2025-08-04,40.0
SKU0121,2025-08-11,38.0
SKU0121,2025-08-18,44.0
SKU0121,2025-08-25,35.0
SKU0121,2025-09-01,37.0
SKU0121,2025-09-08,53.0
SKU0121,2025-09-15,34.0
SKU0121,2025-09-22,45.0
SKU0121,2025-09-29,46.0
SKU0121,2025-10-06,57.0
SKU0121,2025-10-13,46.0
SKU0121,2025-10-20,76.0
SKU0121,2025-10-27,94.0
SKU0121,2025-11-03,93.0
SKU0121,2025-11-10,56.0
SKU0121,2025-11-17,55.0
SKU0121,2025-11-24,48.0
SKU0121,2025-12-01,64.0
SKU0121,2025-12-08,55.0
SKU0121,2025-12-15,53.0
SKU0121,2025-12-22,64.0
SKU0121,2025-12-29,76.0
SKU0121,2026-01-05,59.0
SKU0121,2026-01-12,35.0
SKU0121,2026-01-19,24.0
SKU0121,2026-01-26,23.0
SKU0121,2026-02-02,29.0
SKU0121,2026-02-09,36.0
SKU0121,2026-02-16,33.0
SKU0121,2026-02-23,32.0
SKU0121,2026-03-02,51.0
SKU0121,2026-03-09,48.0
SKU0121,2026-03-16,41.0
SKU0121,2026-03-23,44.0
SKU0121,2026-03-30,34.0
SKU0121,2026-04-06,56.0
SKU0121,2026-04-13,39.0
SKU0121,2026-04-20,52.0
SKU0121,2026-04-27,45.0
SKU0121,2026-05-04,36.0
SKU0121,2026-05-11,45.0
SKU0121,2026-05-18,46.0
SKU0121,2026-05-25,40.0
SKU0121,2026-06-01,53.0
SKU0121,2026-06-08,33.0
SKU0121,2026-06-15,39.0
SKU0121,2026-06-22,63.0
SKU0121,2026-06-29,56.0
SKU0121,2026-07-06,47.0
SKU0121,2026-07-13,43.0
SKU0121,2026-07-20,38.0
SKU0122,2024-07-29,10.0
SKU0122,2024-08-05,14.0
SKU0122,2024-08-12,15.0
SKU0122,2024-08-19,21.0
SKU0122,2024-08-26,17.0
SKU0122,2024-09-02,16.0
SKU0122,2024-09-09,21.0
SKU0122,2024-09-16,14.0
SKU0122,2024-09-23,10.0
SKU0122,2024-09-30,13.0
SKU0122,2024-10-07,25.0
SKU0122,2024-10-14,20.0
SKU0122,2024-10-21,37.0
SKU0122,2024-10-28,34.0
SKU0122,2024-11-04,37.0
SKU0122,2024-11-11,25.0
SKU0122,2024-11-18,22.0
SKU0122,2024-11-25,24.0
SKU0122,2024-12-02,38.0
SKU0122,2024-12-09,20.0
SKU0122,2024-12-16,20.0
SKU0122,2024-12-23,32.0
SKU0122,2024-12-30,42.0
SKU0122,2025-01-06,27.0
SKU0122,2025-01-13,15.0
SKU0122,2025-01-20,18.0
SKU0122,2025-01-27,21.0
SKU0122,2025-02-03,14.0
SKU0122,2025-02-10,11.0
SKU0122,2025-02-17,17.0
SKU0122,2025-02-24,18.0
SKU0122,2025-03-03,11.0
SKU0122,2025-03-10,17.0
SKU0122,2025-03-17,21.0
SKU0122,2025-03-24,15.0
SKU0122,2025-03-31,19.0
SKU0122,2025-04-07,29.0
SKU0122,2025-04-14,14.0
SKU0122,2025-04-21,10.0
SKU0122,2025-04-28,11.0
SKU0122,2025-05-05,20.0
SKU0122,2025-05-12,14.0
SKU0122,2025-05-19,19.0
SKU0122,2025-05-26,11.0
SKU0122,2025-06-02,16.0
SKU0122,2025-06-09,23.0
SKU0122,2025-06-16,28.0
SKU0122,2025-06-23,30.0
SKU0122,2025-06-30,30.0
SKU0122,2025-07-07,17.0
SKU0122,2025-07-14,23.0
SKU0122,2025-07-21,16.0
SKU0122,2025-07-28,9.0
SKU0122,2025-08-04,18.0
SKU0122,2025-08-11,21.0
SKU0122,2025-08-18,11.0
SKU0122,2025-08-25,14.0
SKU0122,2025-09-01,16.0
SKU0122,2025-09-08,23.0
SKU0122,2025-09-15,24.0
SKU0122,2025-09-22,19.0
SKU0122,2025-09-29,17.0
SKU0122,2025-10-06,30.0
SKU0122,2025-10-13,20.0
SKU0122,2025-10-20,40.0
SKU0122,2025-10-27,41.0
SKU0122,2025-11-03,40.0
SKU0122,2025-11-10,33.0
SKU0122,2025-11-17,28.0
SKU0122,2025-11-24,29.0
SKU0122,2025-12-01,46.0
SKU0122,2025-12-08,37.0
SKU0122,2025-12-15,26.0
SKU0122,2025-12-22,40.0
SKU0122,2025-12-29,41.0
SKU0122,2026-01-05,25.0
SKU0122,2026-01-12,17.0
SKU0122,2026-01-19,18.0
SKU0122,2026-01-26,16.0
SKU0122,2026-02-02,17.0
SKU0122,2026-02-09,14.0
SKU0122,2026-02-16,21.0
SKU0122,2026-02-23,15.0
SKU0122,2026-03-02,13.0
SKU0122,2026-03-09,18.0
SKU0122,2026-03-16,17.0
SKU0122,2026-03-23,15.0
SKU0122,2026-03-30,19.0
SKU0122,2026-04-06,16.0
SKU0122,2026-04-13,17.0
SKU0122,2026-04-20,26.0
SKU0122,2026-04-27,22.0
SKU0122,2026-05-04,17.0
SKU0122,2026-05-11,17.0
SKU0122,2026-05-18,9.0
SKU0122,2026-05-25,19.0
SKU0122,2026-06-01,18.0
SKU0122,2026-06-08,21.0
SKU0122,2026-06-15,22.0
SKU0122,2026-06-22,32.0
SKU0122,2026-06-29,35.0
SKU0122,2026-07-06,18.0
SKU0122,2026-07-13,19.0
SKU0122,2026-07-20,24.0
SKU0123,2024-07-29,0.0
SKU0123,2024-08-05,1.0
SKU0123,2024-08-12,1.0
SKU0123,2024-08-19,0.0
SKU0123,2024-08-26,4.0
SKU0123,2024-09-02,0.0
SKU0123,2024-09-09,0.0
SKU0123,2024-09-16,0.0
SKU0123,2024-09-23,3.0
SKU0123,2024-09-30,2.0
SKU0123,2024-10-07,2.0
SKU0123,2024-10-14,0.0
SKU0123,2024-10-21,1.0
SKU0123,2024-10-28,2.0
SKU0123,2024-11-04,4.0
SKU0123,2024-11-11,2.0
SKU0123,2024-11-18,0.0
SKU0123,2024-11-25,1.0
SKU0123,2024-12-02,2.0
SKU0123,2024-12-09,3.0
SKU0123,2024-12-16,1.0
SKU0123,2024-12-23,2.0
SKU0123,2024-12-30,3.0
SKU0123,2025-01-06,1.0
SKU0123,2025-01-13,0.0
SKU0123,2025-01-20,1.0
SKU0123,2025-01-27,0.0
SKU0123,2025-02-03,1.0
SKU0123,2025-02-10,0.0
SKU0123,2025-02-17,1.0
SKU0123,2025-02-24,0.0
SKU0123,2025-03-03,2.0
SKU0123,2025-03-10,1.0
SKU0123,2025-03-17,1.0
SKU0123,2025-03-24,1.0
SKU0123,2025-03-31,1.0
SKU0123,2025-04-07,3.0
SKU0123,2025-04-14,1.0
SKU0123,2025-04-21,0.0
SKU0123,2025-04-28,0.0
SKU0123,2025-05-05,0.0
SKU0123,2025-05-12,0.0
SKU0123,2025-05-19,0.0
SKU0123,2025-05-26,1.0
SKU0123,2025-06-02,1.0
SKU0123,2025-06-09,0.0
SKU0123,2025-06-16,0.0
SKU0123,2025-06-23,1.0
SKU0123,2025-06-30,1.0
SKU0123,2025-07-07,2.0
SKU0123,2025-07-14,0.0
SKU0123,2025-07-21,1.0
SKU0123,2025-07-28,2.0
SKU0123,2025-08-04,1.0
SKU0123,2025-08-11,0.0
SKU0123,2025-08-18,1.0
SKU0123,2025-08-25,0.0
SKU0123,2025-09-01,2.0
SKU0123,2025-09-08,1.0
SKU0123,2025-09-15,0.0
SKU0123,2025-09-22,0.0
SKU0123,2025-09-29,0.0
SKU0123,2025-10-06,1.0
SKU0123,2025-10-13,1.0
SKU0123,2025-10-20,2.0
SKU0123,2025-10-27,2.0
SKU0123,2025-11-03,1.0
SKU0123,2025-11-10,2.0
SKU0123,2025-11-17,0.0
SKU0123,2025-11-24,1.0
SKU0123,2025-12-01,1.0
SKU0123,2025-12-08,3.0
SKU0123,2025-12-15,0.0
SKU0123,2025-12-22,0.0
SKU0123,2025-12-29,3.0
SKU0123,2026-01-05,3.0
SKU0123,2026-01-12,2.0
SKU0123,2026-01-19,1.0
SKU0123,2026-01-26,1.0
SKU0123,2026-02-02,0.0
SKU0123,2026-02-09,0.0
SKU0123,2026-02-16,1.0
SKU0123,2026-02-23,0.0
SKU0123,2026-03-02,0.0
SKU0123,2026-03-09,1.0
SKU0123,2026-03-16,2.0
SKU0123,2026-03-23,0.0
SKU0123,2026-03-30,1.0
SKU0123,2026-04-06,1.0
SKU0123,2026-04-13,0.0
SKU0123,2026-04-20,1.0
SKU0123,2026-04-27,0.0
SKU0123,2026-05-04,1.0
SKU0123,2026-05-11,0.0
SKU0123,2026-05-18,0.0
SKU0123,2026-05-25,0.0
SKU0123,2026-06-01,0.0
SKU0123,2026-06-08,0.0
SKU0123,2026-06-15,0.0
SKU0123,2026-06-22,1.0
SKU0123,2026-06-29,0.0
SKU0123,2026-07-06,0.0
SKU0123,2026-07-13,2.0
SKU0123,2026-07-20,1.0
SKU0124,2024-07-22,14.0
SKU0124,2024-07-29,27.0
SKU0124,2024-08-05,22.0
SKU0124,2024-08-12,30.0
SKU0124,2024-08-19,36.0
SKU0124,2024-08-26,23.0
SKU0124,2024-09-02,29.0
SKU0124,2024-09-09,24.0
SKU0124,2024-09-16,20.0
SKU0124,2024-09-23,38.0
SKU0124,2024-09-30,32.0
SKU0124,2024-10-07,45.0
SKU0124,2024-10-14,50.0
SKU0124,2024-10-21,61.0
SKU0124,2024-10-28,59.0
SKU0124,2024-11-04,61.0
SKU0124,2024-11-11,43.0
SKU0124,2024-11-18,39.0
SKU0124,2024-11-25,36.0
SKU0124,2024-12-02,61.0
SKU0124,2024-12-09,31.0
SKU0124,2024-12-16,43.0
SKU0124,2024-12-23,50.0
SKU0124,2024-12-30,59.0
SKU0124,2025-01-06,33.0
SKU0124,2025-01-13,22.0
SKU0124,2025-01-20,21.0
SKU0124,2025-01-27,24.0
SKU0124,2025-02-03,28.0
SKU0124,2025-02-10,21.0
SKU0124,2025-02-17,26.0
SKU0124,2025-02-24,22.0
SKU0124,2025-03-03,19.0
SKU0124,2025-03-10,30.0
SKU0124,2025-03-17,20.0
SKU0124,2025-03-24,36.0
SKU0124,2025-03-31,21.0
SKU0124,2025-04-07,30.0
SKU0124,2025-04-14,28.0
SKU0124,2025-04-21,20.0
SKU0124,2025-04-28,26.0
SKU0124,2025-05-05,41.0
SKU0124,2025-05-12,26.0
SKU0124,2025-05-19,37.0
SKU0124,2025-05-26,29.0
SKU0124,2025-06-02,25.0
SKU0124,2025-06-09,23.0
SKU0124,2025-06-16,35.0
SKU0124,2025-06-23,41.0
SKU0124,2025-06-30,43.0
SKU0124,2025-07-07,22.0
SKU0124,2025-07-14,43.0
SKU0124,2025-07-21,25.0
SKU0124,2025-07-28,28.0
SKU0124,2025-08-04,29.0
SKU0124,2025-08-11,30.0
SKU0124,2025-08-18,21.0
SKU0124,2025-08-25,17.0
SKU0124,2025-09-01,30.0
SKU0124,2025-09-08,31.0
SKU0124,2025-09-15,28.0
SKU0124,2025-09-22,26.0
SKU0124,2025-09-29,34.0
SKU0124,2025-10-06,30.0
SKU0124,2025-10-13,45.0
SKU0124,2025-10-20,62.0
SKU0124,2025-10-27,67.0
SKU0124,2025-11-03,66.0
SKU0124,2025-11-10,52.0
SKU0124,2025-11-17,41.0
SKU0124,2025-11-24,36.0
SKU0124,2025-12-01,70.0
SKU0124,2025-12-08,47.0
SKU0124,2025-12-15,35.0
SKU0124,2025-12-22,61.0
SKU0124,2025-12-29,75.0
SKU0124,2026-01-05,39.0
SKU0124,2026-01-12,29.0
SKU0124,2026-01-19,23.0
SKU0124,2026-01-26,31.0
SKU0124,2026-02-02,27.0
SKU0124,2026-02-09,27.0
SKU0124,2026-02-16,30.0
SKU0124,2026-02-23,23.0
SKU0124,2026-03-02,26.0
SKU0124,2026-03-09,34.0
SKU0124,2026-03-16,32.0
SKU0124,2026-03-23,30.0
SKU0124,2026-03-30,31.0
SKU0124,2026-04-06,31.0
SKU0124,2026-04-13,40.0
SKU0124,2026-04-20,27.0
SKU0124,2026-04-27,25.0
SKU0124,2026-05-04,30.0
SKU0124,2026-05-11,30.0
SKU0124,2026-05-18,35.0
SKU0124,2026-05-25,24.0
SKU0124,2026-06-01,26.0
SKU0124,2026-06-08,27.0
SKU0124,2026-06-15,18.0
SKU0124,2026-06-22,37.0
SKU0124,2026-06-29,55.0
SKU0124,2026-07-06,32.0
SKU0124,2026-07-13,37.0
SKU0124,2026-07-20,29.0
SKU0125,2024-07-22,23.0
SKU0125,2024-07-29,19.0
SKU0125,2024-08-05,29.0
SKU0125,2024-08-12,22.0
SKU0125,2024-08-19,23.0
SKU0125,2024-08-26,21.0
SKU0125,2024-09-02,33.0
SKU0125,2024-09-09,18.0
SKU0125,2024-09-16,22.0
SKU0125,2024-09-23,22.0
SKU0125,2024-09-30,31.0
SKU0125,2024-10-07,37.0
SKU0125,2024-10-14,34.0
SKU0125,2024-10-21,49.0
SKU0125,2024-10-28,54.0
SKU0125,2024-11-04,65.0
SKU0125,2024-11-11,37.0
SKU0125,2024-11-18,45.0
SKU0125,2024-11-25,49.0
SKU0125,2024-12-02,61.0
SKU0125,2024-12-09,36.0
SKU0125,2024-12-16,34.0
SKU0125,2024-12-23,52.0
SKU0125,2024-12-30,54.0
SKU0125,2025-01-06,46.0
SKU0125,2025-01-13,25.0
SKU0125,2025-01-20,25.0
SKU0125,2025-01-27,24.0
SKU0125,2025-02-03,12.0
SKU0125,2025-02-10,17.0
SKU0125,2025-02-17,29.0
SKU0125,2025-02-24,25.0
SKU0125,2025-03-03,34.0
SKU0125,2025-03-10,30.0
SKU0125,2025-03-17,28.0
SKU0125,2025-03-24,19.0
SKU0125,2025-03-31,32.0
SKU0125,2025-04-07,23.0
SKU0125,2025-04-14,23.0
SKU0125,2025-04-21,16.0
SKU0125,2025-04-28,25.0
SKU0125,2025-05-05,21.0
SKU0125,2025-05-12,27.0
SKU0125,2025-05-19,25.0
SKU0125,2025-05-26,41.0
SKU0125,2025-06-02,21.0
SKU0125,2025-06-09,26.0
SKU0125,2025-06-16,41.0
SKU0125,2025-06-23,36.0
SKU0125,2025-06-30,54.0
SKU0125,2025-07-07,33.0
SKU0125,2025-07-14,24.0
SKU0125,2025-07-21,22.0
SKU0125,2025-07-28,29.0
SKU0125,2025-08-04,27.0
SKU0125,2025-08-11,24.0
SKU0125,2025-08-18,23.0
SKU0125,2025-08-25,30.0
SKU0125,2025-09-01,29.0
SKU0125,2025-09-08,25.0
SKU0125,2025-09-15,30.0
SKU0125,2025-09-22,23.0
SKU0125,2025-09-29,18.0
SKU0125,2025-10-06,31.0
SKU0125,2025-10-13,45.0
SKU0125,2025-10-20,48.0
SKU0125,2025-10-27,47.0
SKU0125,2025-11-03,54.0
SKU0125,2025-11-10,37.0
SKU0125,2025-11-17,39.0
SKU0125,2025-11-24,55.0
SKU0125,2025-12-01,69.0
SKU0125,2025-12-08,42.0
SKU0125,2025-12-15,26.0
SKU0125,2025-12-22,43.0
SKU0125,2025-12-29,46.0
SKU0125,2026-01-05,40.0
SKU0125,2026-01-12,26.0
SKU0125,2026-01-19,25.0
SKU0125,2026-01-26,26.0
SKU0125,2026-02-02,24.0
SKU0125,2026-02-09,16.0
SKU0125,2026-02-16,23.0
SKU0125,2026-02-23,14.0
SKU0125,2026-03-02,21.0
SKU0125,2026-03-09,22.0
SKU0125,2026-03-16,29.0
SKU0125,2026-03-23,19.0
SKU0125,2026-03-30,21.0
SKU0125,2026-04-06,21.0
SKU0125,2026-04-13,34.0
SKU0125,2026-04-20,22.0
SKU0125,2026-04-27,23.0
SKU0125,2026-05-04,30.0
SKU0125,2026-05-11,24.0
SKU0125,2026-05-18,27.0
SKU0125,2026-05-25,22.0
SKU0125,2026-06-01,28.0
SKU0125,2026-06-08,23.0
SKU0125,2026-06-15,26.0
SKU0125,2026-06-22,42.0
SKU0125,2026-06-29,56.0
SKU0125,2026-07-06,35.0
SKU0125,2026-07-13,31.0
SKU0125,2026-07-20,17.0
SKU0126,2026-01-26,67.0
SKU0126,2026-02-02,167.0
SKU0126,2026-02-09,175.0
SKU0126,2026-02-16,159.0
SKU0126,2026-02-23,180.0
SKU0126,2026-03-02,179.0
SKU0126,2026-03-09,211.0
SKU0126,2026-03-16,191.0
SKU0126,2026-03-23,201.0
SKU0126,2026-03-30,213.0
SKU0126,2026-04-06,174.0
SKU0126,2026-04-13,205.0
SKU0126,2026-04-20,217.0
SKU0126,2026-04-27,190.0
SKU0126,2026-05-04,206.0
SKU0126,2026-05-11,199.0
SKU0126,2026-05-18,212.0
SKU0126,2026-05-25,211.0
SKU0126,2026-06-01,201.0
SKU0126,2026-06-08,210.0
SKU0126,2026-06-15,231.0
SKU0126,2026-06-22,338.0
SKU0126,2026-06-29,341.0
SKU0126,2026-07-06,209.0
SKU0126,2026-07-13,235.0
SKU0126,2026-07-20,215.0
SKU0127,2024-07-22,3.0
SKU0127,2024-07-29,27.0
SKU0127,2024-08-05,26.0
SKU0127,2024-08-12,38.0
SKU0127,2024-08-19,28.0
SKU0127,2024-08-26,29.0
SKU0127,2024-09-02,20.0
SKU0127,2024-09-09,32.0
SKU0127,2024-09-16,21.0
SKU0127,2024-09-23,21.0
SKU0127,2024-09-30,26.0
SKU0127,2024-10-07,37.0
SKU0127,2024-10-14,38.0
SKU0127,2024-10-21,64.0
SKU0127,2024-10-28,65.0
SKU0127,2024-11-04,67.0
SKU0127,2024-11-11,48.0
SKU0127,2024-11-18,38.0
SKU0127,2024-11-25,46.0
SKU0127,2024-12-02,62.0
SKU0127,2024-12-09,35.0
SKU0127,2024-12-16,56.0
SKU0127,2024-12-23,52.0
SKU0127,2024-12-30,67.0
SKU0127,2025-01-06,32.0
SKU0127,2025-01-13,36.0
SKU0127,2025-01-20,37.0
SKU0127,2025-01-27,28.0
SKU0127,2025-02-03,21.0
SKU0127,2025-02-10,23.0
SKU0127,2025-02-17,35.0
SKU0127,2025-02-24,19.0
SKU0127,2025-03-03,37.0
SKU0127,2025-03-10,38.0
SKU0127,2025-03-17,31.0
SKU0127,2025-03-24,22.0
SKU0127,2025-03-31,44.0
SKU0127,2025-04-07,26.0
SKU0127,2025-04-14,33.0
SKU0127,2025-04-21,35.0
SKU0127,2025-04-28,37.0
SKU0127,2025-05-05,30.0
SKU0127,2025-05-12,32.0
SKU0127,2025-05-19,36.0
SKU0127,2025-05-26,42.0
SKU0127,2025-06-02,27.0
SKU0127,2025-06-09,41.0
SKU0127,2025-06-16,36.0
SKU0127,2025-06-23,60.0
SKU0127,2025-06-30,50.0
SKU0127,2025-07-07,31.0
SKU0127,2025-07-14,36.0
SKU0127,2025-07-21,25.0
SKU0127,2025-07-28,30.0
SKU0127,2025-08-04,36.0
SKU0127,2025-08-11,30.0
SKU0127,2025-08-18,27.0
SKU0127,2025-08-25,39.0
SKU0127,2025-09-01,30.0
SKU0127,2025-09-08,34.0
SKU0127,2025-09-15,31.0
SKU0127,2025-09-22,30.0
SKU0127,2025-09-29,28.0
SKU0127,2025-10-06,50.0
SKU0127,2025-10-13,44.0
SKU0127,2025-10-20,74.0
SKU0127,2025-10-27,58.0
SKU0127,2025-11-03,67.0
SKU0127,2025-11-10,44.0
SKU0127,2025-11-17,30.0
SKU0127,2025-11-24,44.0
SKU0127,2025-12-01,70.0
SKU0127,2025-12-08,37.0
SKU0127,2025-12-15,45.0
SKU0127,2025-12-22,76.0
SKU0127,2025-12-29,82.0
SKU0127,2026-01-05,57.0
SKU0127,2026-01-12,22.0
SKU0127,2026-01-19,16.0
SKU0127,2026-01-26,39.0
SKU0127,2026-02-02,22.0
SKU0127,2026-02-09,27.0
SKU0127,2026-02-16,20.0
SKU0127,2026-02-23,41.0
SKU0127,2026-03-02,27.0
SKU0127,2026-03-09,32.0
SKU0127,2026-03-16,25.0
SKU0127,2026-03-23,34.0
SKU0127,2026-03-30,28.0
SKU0127,2026-04-06,25.0
SKU0127,2026-04-13,32.0
SKU0127,2026-04-20,30.0
SKU0127,2026-04-27,29.0
SKU0127,2026-05-04,32.0
SKU0127,2026-05-11,42.0
SKU0127,2026-05-18,31.0
SKU0127,2026-05-25,32.0
SKU0127,2026-06-01,40.0
SKU0127,2026-06-08,36.0
SKU0127,2026-06-15,30.0
SKU0127,2026-06-22,51.0
SKU0127,2026-06-29,50.0
SKU0127,2026-07-06,30.0
SKU0127,2026-07-13,30.0
SKU0127,2026-07-20,33.0
SKU0128,2024-08-05,13.0
SKU0128,2024-08-12,21.0
SKU0128,2024-08-19,27.0
SKU0128,2024-08-26,28.0
SKU0128,2024-09-02,22.0
SKU0128,2024-09-09,25.0
SKU0128,2024-09-16,28.0
SKU0128,2024-09-23,23.0
SKU0128,2024-09-30,18.0
SKU0128,2024-10-07,44.0
SKU0128,2024-10-14,44.0
SKU0128,2024-10-21,61.0
SKU0128,2024-10-28,70.0
SKU0128,2024-11-04,70.0
SKU0128,2024-11-11,46.0
SKU0128,2024-11-18,38.0
SKU0128,2024-11-25,33.0
SKU0128,2024-12-02,55.0
SKU0128,2024-12-09,31.0
SKU0128,2024-12-16,45.0
SKU0128,2024-12-23,47.0
SKU0128,2024-12-30,63.0
SKU0128,2025-01-06,28.0
SKU0128,2025-01-13,20.0
SKU0128,2025-01-20,19.0
SKU0128,2025-01-27,19.0
SKU0128,2025-02-03,31.0
SKU0128,2025-02-10,17.0
SKU0128,2025-02-17,15.0
SKU0128,2025-02-24,20.0
SKU0128,2025-03-03,28.0
SKU0128,2025-03-10,31.0
SKU0128,2025-03-17,22.0
SKU0128,2025-03-24,31.0
SKU0128,2025-03-31,29.0
SKU0128,2025-04-07,32.0
SKU0128,2025-04-14,26.0
SKU0128,2025-04-21,27.0
SKU0128,2025-04-28,13.0
SKU0128,2025-05-05,31.0
SKU0128,2025-05-12,32.0
SKU0128,2025-05-19,21.0
SKU0128,2025-05-26,21.0
SKU0128,2025-06-02,32.0
SKU0128,2025-06-09,29.0
SKU0128,2025-06-16,29.0
SKU0128,2025-06-23,41.0
SKU0128,2025-06-30,45.0
SKU0128,2025-07-07,34.0
SKU0128,2025-07-14,24.0
SKU0128,2025-07-21,29.0
SKU0128,2025-07-28,30.0
SKU0128,2025-08-04,20.0
SKU0128,2025-08-11,24.0
SKU0128,2025-08-18,20.0
SKU0128,2025-08-25,19.0
SKU0128,2025-09-01,23.0
SKU0128,2025-09-08,30.0
SKU0128,2025-09-15,20.0
SKU0128,2025-09-22,31.0
SKU0128,2025-09-29,23.0
SKU0128,2025-10-06,40.0
SKU0128,2025-10-13,35.0
SKU0128,2025-10-20,48.0
SKU0128,2025-10-27,52.0
SKU0128,2025-11-03,50.0
SKU0128,2025-11-10,41.0
SKU0128,2025-11-17,45.0
SKU0128,2025-11-24,39.0
SKU0128,2025-12-01,38.0
SKU0128,2025-12-08,37.0
SKU0128,2025-12-15,35.0
SKU0128,2025-12-22,48.0
SKU0128,2025-12-29,54.0
SKU0128,2026-01-05,41.0
SKU0128,2026-01-12,29.0
SKU0128,2026-01-19,26.0
SKU0128,2026-01-26,20.0
SKU0128,2026-02-02,30.0
SKU0128,2026-02-09,22.0
SKU0128,2026-02-16,26.0
SKU0128,2026-02-23,27.0
SKU0128,2026-03-02,25.0
SKU0128,2026-03-09,27.0
SKU0128,2026-03-16,24.0
SKU0128,2026-03-23,22.0
SKU0128,2026-03-30,29.0
SKU0128,2026-04-06,20.0
SKU0128,2026-04-13,16.0
SKU0128,2026-04-20,32.0
SKU0128,2026-04-27,36.0
SKU0128,2026-05-04,23.0
SKU0128,2026-05-11,20.0
SKU0128,2026-05-18,36.0
SKU0128,2026-05-25,22.0
SKU0128,2026-06-01,19.0
SKU0128,2026-06-08,25.0
SKU0128,2026-06-15,28.0
SKU0128,2026-06-22,38.0
SKU0128,2026-06-29,54.0
SKU0128,2026-07-06,32.0
SKU0128,2026-07-13,22.0
SKU0128,2026-07-20,25.0
SKU0129,2024-08-05,0.0
SKU0129,2024-08-12,3.0
SKU0129,2024-08-19,4.0
SKU0129,2024-08-26,5.0
SKU0129,2024-09-02,2.0
SKU0129,2024-09-09,4.0
SKU0129,2024-09-16,12.0
SKU0129,2024-09-23,3.0
SKU0129,2024-09-30,7.0
SKU0129,2024-10-07,9.0
SKU0129,2024-10-14,7.0
SKU0129,2024-10-21,9.0
SKU0129,2024-10-28,8.0
SKU0129,2024-11-04,8.0
SKU0129,2024-11-11,9.0
SKU0129,2024-11-18,4.0
SKU0129,2024-11-25,3.0
SKU0129,2024-12-02,7.0
SKU0129,2024-12-09,3.0
SKU0129,2024-12-16,5.0
SKU0129,2024-12-23,6.0
SKU0129,2024-12-30,16.0
SKU0129,2025-01-06,7.0
SKU0129,2025-01-13,0.0
SKU0129,2025-01-20,2.0
SKU0129,2025-01-27,4.0
SKU0129,2025-02-03,2.0
SKU0129,2025-02-10,7.0
SKU0129,2025-02-17,3.0
SKU0129,2025-02-24,5.0
SKU0129,2025-03-03,1.0
SKU0129,2025-03-10,6.0
SKU0129,2025-03-17,4.0
SKU0129,2025-03-24,1.0
SKU0129,2025-03-31,3.0
SKU0129,2025-04-07,3.0
SKU0129,2025-04-14,3.0
SKU0129,2025-04-21,3.0
SKU0129,2025-04-28,4.0
SKU0129,2025-05-05,3.0
SKU0129,2025-05-12,3.0
SKU0129,2025-05-19,4.0
SKU0129,2025-05-26,6.0
SKU0129,2025-06-02,4.0
SKU0129,2025-06-09,7.0
SKU0129,2025-06-16,4.0
SKU0129,2025-06-23,7.0
SKU0129,2025-06-30,4.0
SKU0129,2025-07-07,5.0
SKU0129,2025-07-14,1.0
SKU0129,2025-07-21,6.0
SKU0129,2025-07-28,3.0
SKU0129,2025-08-04,5.0
SKU0129,2025-08-11,4.0
SKU0129,2025-08-18,5.0
SKU0129,2025-08-25,8.0
SKU0129,2025-09-01,3.0
SKU0129,2025-09-08,3.0
SKU0129,2025-09-15,2.0
SKU0129,2025-09-22,7.0
SKU0129,2025-09-29,1.0
SKU0129,2025-10-06,6.0
SKU0129,2025-10-13,4.0
SKU0129,2025-10-20,8.0
SKU0129,2025-10-27,12.0
SKU0129,2025-11-03,6.0
SKU0129,2025-11-10,8.0
SKU0129,2025-11-17,12.0
SKU0129,2025-11-24,4.0
SKU0129,2025-12-01,8.0
SKU0129,2025-12-08,2.0
SKU0129,2025-12-15,1.0
SKU0129,2025-12-22,8.0
SKU0129,2025-12-29,10.0
SKU0129,2026-01-05,2.0
SKU0129,2026-01-12,6.0
SKU0129,2026-01-19,1.0
SKU0129,2026-01-26,3.0
SKU0129,2026-02-02,6.0
SKU0129,2026-02-09,1.0
SKU0129,2026-02-16,3.0
SKU0129,2026-02-23,2.0
SKU0129,2026-03-02,3.0
SKU0129,2026-03-09,6.0
SKU0129,2026-03-16,5.0
SKU0129,2026-03-23,3.0
SKU0129,2026-03-30,2.0
SKU0129,2026-04-06,4.0
SKU0129,2026-04-13,6.0
SKU0129,2026-04-20,5.0
SKU0129,2026-04-27,2.0
SKU0129,2026-05-04,4.0
SKU0129,2026-05-11,6.0
SKU0129,2026-05-18,6.0
SKU0129,2026-05-25,3.0
SKU0129,2026-06-01,5.0
SKU0129,2026-06-08,2.0
SKU0129,2026-06-15,2.0
SKU0129,2026-06-22,9.0
SKU0129,2026-06-29,10.0
SKU0129,2026-07-06,0.0
SKU0129,2026-07-13,2.0
SKU0129,2026-07-20,10.0
SKU0130,2024-07-22,4.0
SKU0130,2024-07-29,9.0
SKU0130,2024-08-05,14.0
SKU0130,2024-08-12,11.0
SKU0130,2024-08-19,12.0
SKU0130,2024-08-26,9.0
SKU0130,2024-09-02,20.0
SKU0130,2024-09-09,13.0
SKU0130,2024-09-16,12.0
SKU0130,2024-09-23,14.0
SKU0130,2024-09-30,11.0
SKU0130,2024-10-07,20.0
SKU0130,2024-10-14,16.0
SKU0130,2024-10-21,27.0
SKU0130,2024-10-28,33.0
SKU0130,2024-11-04,24.0
SKU0130,2024-11-11,30.0
SKU0130,2024-11-18,17.0
SKU0130,2024-11-25,26.0
SKU0130,2024-12-02,27.0
SKU0130,2024-12-09,25.0
SKU0130,2024-12-16,25.0
SKU0130,2024-12-23,35.0
SKU0130,2024-12-30,35.0
SKU0130,2025-01-06,23.0
SKU0130,2025-01-13,13.0
SKU0130,2025-01-20,10.0
SKU0130,2025-01-27,9.0
SKU0130,2025-02-03,11.0
SKU0130,2025-02-10,15.0
SKU0130,2025-02-17,11.0
SKU0130,2025-02-24,11.0
SKU0130,2025-03-03,15.0
SKU0130,2025-03-10,14.0
SKU0130,2025-03-17,13.0
SKU0130,2025-03-24,14.0
SKU0130,2025-03-31,13.0
SKU0130,2025-04-07,18.0
SKU0130,2025-04-14,21.0
SKU0130,2025-04-21,16.0
SKU0130,2025-04-28,19.0
SKU0130,2025-05-05,12.0
SKU0130,2025-05-12,6.0
SKU0130,2025-05-19,9.0
SKU0130,2025-05-26,11.0
SKU0130,2025-06-02,15.0
SKU0130,2025-06-09,15.0
SKU0130,2025-06-16,28.0
SKU0130,2025-06-23,19.0
SKU0130,2025-06-30,20.0
SKU0130,2025-07-07,17.0
SKU0130,2025-07-14,16.0
SKU0130,2025-07-21,20.0
SKU0130,2025-07-28,24.0
SKU0130,2025-08-04,16.0
SKU0130,2025-08-11,14.0
SKU0130,2025-08-18,13.0
SKU0130,2025-08-25,17.0
SKU0130,2025-09-01,25.0
SKU0130,2025-09-08,19.0
SKU0130,2025-09-15,16.0
SKU0130,2025-09-22,19.0
SKU0130,2025-09-29,25.0
SKU0130,2025-10-06,25.0
SKU0130,2025-10-13,20.0
SKU0130,2025-10-20,35.0
SKU0130,2025-10-27,38.0
SKU0130,2025-11-03,43.0
SKU0130,2025-11-10,27.0
SKU0130,2025-11-17,23.0
SKU0130,2025-11-24,16.0
SKU0130,2025-12-01,33.0
SKU0130,2025-12-08,24.0
SKU0130,2025-12-15,19.0
SKU0130,2025-12-22,30.0
SKU0130,2025-12-29,35.0
SKU0130,2026-01-05,37.0
SKU0130,2026-01-12,17.0
SKU0130,2026-01-19,20.0
SKU0130,2026-01-26,7.0
SKU0130,2026-02-02,12.0
SKU0130,2026-02-09,11.0
SKU0130,2026-02-16,15.0
SKU0130,2026-02-23,13.0
SKU0130,2026-03-02,13.0
SKU0130,2026-03-09,14.0
SKU0130,2026-03-16,18.0
SKU0130,2026-03-23,11.0
SKU0130,2026-03-30,15.0
SKU0130,2026-04-06,22.0
SKU0130,2026-04-13,17.0
SKU0130,2026-04-20,15.0
SKU0130,2026-04-27,18.0
SKU0130,2026-05-04,22.0
SKU0130,2026-05-11,14.0
SKU0130,2026-05-18,14.0
SKU0130,2026-05-25,15.0
SKU0130,2026-06-01,16.0
SKU0130,2026-06-08,18.0
SKU0130,2026-06-15,12.0
SKU0130,2026-06-22,11.0
SKU0130,2026-06-29,28.0
SKU0130,2026-07-06,15.0
SKU0130,2026-07-13,17.0
SKU0130,2026-07-20,19.0
SKU0131,2024-07-22,5.0
SKU0131,2024-07-29,24.0
SKU0131,2024-08-05,26.0
SKU0131,2024-08-12,21.0
SKU0131,2024-08-19,23.0
SKU0131,2024-08-26,16.0
SKU0131,2024-09-02,19.0
SKU0131,2024-09-09,30.0
SKU0131,2024-09-16,29.0
SKU0131,2024-09-23,30.0
SKU0131,2024-09-30,17.0
SKU0131,2024-10-07,26.0
SKU0131,2024-10-14,46.0
SKU0131,2024-10-21,53.0
SKU0131,2024-10-28,61.0
SKU0131,2024-11-04,53.0
SKU0131,2024-11-11,29.0
SKU0131,2024-11-18,36.0
SKU0131,2024-11-25,37.0
SKU0131,2024-12-02,68.0
SKU0131,2024-12-09,30.0
SKU0131,2024-12-16,34.0
SKU0131,2024-12-23,53.0
SKU0131,2024-12-30,44.0
SKU0131,2025-01-06,43.0
SKU0131,2025-01-13,19.0
SKU0131,2025-01-20,23.0
SKU0131,2025-01-27,15.0
SKU0131,2025-02-03,32.0
SKU0131,2025-02-10,15.0
SKU0131,2025-02-17,20.0
SKU0131,2025-02-24,25.0
SKU0131,2025-03-03,29.0
SKU0131,2025-03-10,22.0
SKU0131,2025-03-17,20.0
SKU0131,2025-03-24,16.0
SKU0131,2025-03-31,28.0
SKU0131,2025-04-07,32.0
SKU0131,2025-04-14,31.0
SKU0131,2025-04-21,23.0
SKU0131,2025-04-28,23.0
SKU0131,2025-05-05,22.0
SKU0131,2025-05-12,20.0
SKU0131,2025-05-19,16.0
SKU0131,2025-05-26,28.0
SKU0131,2025-06-02,20.0
SKU0131,2025-06-09,21.0
SKU0131,2025-06-16,33.0
SKU0131,2025-06-23,45.0
SKU0131,2025-06-30,47.0
SKU0131,2025-07-07,21.0
SKU0131,2025-07-14,29.0
SKU0131,2025-07-21,24.0
SKU0131,2025-07-28,23.0
SKU0131,2025-08-04,28.0
SKU0131,2025-08-11,32.0
SKU0131,2025-08-18,19.0
SKU0131,2025-08-25,35.0
SKU0131,2025-09-01,24.0
SKU0131,2025-09-08,24.0
SKU0131,2025-09-15,24.0
SKU0131,2025-09-22,19.0
SKU0131,2025-09-29,36.0
SKU0131,2025-10-06,31.0
SKU0131,2025-10-13,35.0
SKU0131,2025-10-20,56.0
SKU0131,2025-10-27,51.0
SKU0131,2025-11-03,60.0
SKU0131,2025-11-10,38.0
SKU0131,2025-11-17,42.0
SKU0131,2025-11-24,30.0
SKU0131,2025-12-01,41.0
SKU0131,2025-12-08,34.0
SKU0131,2025-12-15,38.0
SKU0131,2025-12-22,49.0
SKU0131,2025-12-29,58.0
SKU0131,2026-01-05,58.0
SKU0131,2026-01-12,24.0
SKU0131,2026-01-19,27.0
SKU0131,2026-01-26,18.0
SKU0131,2026-02-02,21.0
SKU0131,2026-02-09,24.0
SKU0131,2026-02-16,21.0
SKU0131,2026-02-23,22.0
SKU0131,2026-03-02,22.0
SKU0131,2026-03-09,28.0
SKU0131,2026-03-16,26.0
SKU0131,2026-03-23,24.0
SKU0131,2026-03-30,21.0
SKU0131,2026-04-06,27.0
SKU0131,2026-04-13,31.0
SKU0131,2026-04-20,32.0
SKU0131,2026-04-27,24.0
SKU0131,2026-05-04,20.0
SKU0131,2026-05-11,26.0
SKU0131,2026-05-18,28.0
SKU0131,2026-05-25,30.0
SKU0131,2026-06-01,26.0
SKU0131,2026-06-08,35.0
SKU0131,2026-06-15,30.0
SKU0131,2026-06-22,42.0
SKU0131,2026-06-29,38.0
SKU0131,2026-07-06,27.0
SKU0131,2026-07-13,28.0
SKU0131,2026-07-20,19.0
SKU0132,2024-08-12,16.0
SKU0132,2024-08-19,18.0
SKU0132,2024-08-26,14.0
SKU0132,2024-09-02,17.0
SKU0132,2024-09-09,19.0
SKU0132,2024-09-16,14.0
SKU0132,2024-09-23,18.0
SKU0132,2024-09-30,12.0
SKU0132,2024-10-07,26.0
SKU0132,2024-10-14,24.0
SKU0132,2024-10-21,44.0
SKU0132,2024-10-28,43.0
SKU0132,2024-11-04,30.0
SKU0132,2024-11-11,28.0
SKU0132,2024-11-18,11.0
SKU0132,2024-11-25,25.0
SKU0132,2024-12-02,36.0
SKU0132,2024-12-09,28.0
SKU0132,2024-12-16,31.0
SKU0132,2024-12-23,23.0
SKU0132,2024-12-30,34.0
SKU0132,2025-01-06,20.0
SKU0132,2025-01-13,14.0
SKU0132,2025-01-20,15.0
SKU0132,2025-01-27,12.0
SKU0132,2025-02-03,10.0
SKU0132,2025-02-10,12.0
SKU0132,2025-02-17,12.0
SKU0132,2025-02-24,12.0
SKU0132,2025-03-03,15.0
SKU0132,2025-03-10,18.0
SKU0132,2025-03-17,10.0
SKU0132,2025-03-24,25.0
SKU0132,2025-03-31,25.0
SKU0132,2025-04-07,21.0
SKU0132,2025-04-14,14.0
SKU0132,2025-04-21,17.0
SKU0132,2025-04-28,16.0
SKU0132,2025-05-05,18.0
SKU0132,2025-05-12,17.0
SKU0132,2025-05-19,15.0
SKU0132,2025-05-26,12.0
SKU0132,2025-06-02,21.0
SKU0132,2025-06-09,16.0
SKU0132,2025-06-16,24.0
SKU0132,2025-06-23,33.0
SKU0132,2025-06-30,25.0
SKU0132,2025-07-07,10.0
SKU0132,2025-07-14,12.0
SKU0132,2025-07-21,22.0
SKU0132,2025-07-28,19.0
SKU0132,2025-08-04,16.0
SKU0132,2025-08-11,13.0
SKU0132,2025-08-18,15.0
SKU0132,2025-08-25,16.0
SKU0132,2025-09-01,18.0
SKU0132,2025-09-08,15.0
SKU0132,2025-09-15,11.0
SKU0132,2025-09-22,16.0
SKU0132,2025-09-29,18.0
SKU0132,2025-10-06,26.0
SKU0132,2025-10-13,20.0
SKU0132,2025-10-20,30.0
SKU0132,2025-10-27,43.0
SKU0132,2025-11-03,18.0
SKU0132,2025-11-10,31.0
SKU0132,2025-11-17,24.0
SKU0132,2025-11-24,24.0
SKU0132,2025-12-01,36.0
SKU0132,2025-12-08,17.0
SKU0132,2025-12-15,18.0
SKU0132,2025-12-22,24.0
SKU0132,2025-12-29,37.0
SKU0132,2026-01-05,33.0
SKU0132,2026-01-12,19.0
SKU0132,2026-01-19,11.0
SKU0132,2026-01-26,16.0
SKU0132,2026-02-02,17.0
SKU0132,2026-02-09,16.0
SKU0132,2026-02-16,16.0
SKU0132,2026-02-23,15.0
SKU0132,2026-03-02,10.0
SKU0132,2026-03-09,18.0
SKU0132,2026-03-16,13.0
SKU0132,2026-03-23,25.0
SKU0132,2026-03-30,21.0
SKU0132,2026-04-06,15.0
SKU0132,2026-04-13,15.0
SKU0132,2026-04-20,16.0
SKU0132,2026-04-27,15.0
SKU0132,2026-05-04,19.0
SKU0132,2026-05-11,16.0
SKU0132,2026-05-18,6.0
SKU0132,2026-05-25,16.0
SKU0132,2026-06-01,11.0
SKU0132,2026-06-08,13.0
SKU0132,2026-06-15,17.0
SKU0132,2026-06-22,26.0
SKU0132,2026-06-29,16.0
SKU0132,2026-07-06,18.0
SKU0132,2026-07-13,19.0
SKU0132,2026-07-20,16.0
SKU0133,2024-08-05,55.0
SKU0133,2024-08-12,140.0
SKU0133,2024-08-19,146.0
SKU0133,2024-08-26,122.0
SKU0133,2024-09-02,126.0
SKU0133,2024-09-09,117.0
SKU0133,2024-09-16,117.0
SKU0133,2024-09-23,136.0
SKU0133,2024-09-30,106.0
SKU0133,2024-10-07,200.0
SKU0133,2024-10-14,171.0
SKU0133,2024-10-21,320.0
SKU0133,2024-10-28,298.0
SKU0133,2024-11-04,318.0
SKU0133,2024-11-11,229.0
SKU0133,2024-11-18,182.0
SKU0133,2024-11-25,203.0
SKU0133,2024-12-02,284.0
SKU0133,2024-12-09,191.0
SKU0133,2024-12-16,214.0
SKU0133,2024-12-23,274.0
SKU0133,2024-12-30,333.0
SKU0133,2025-01-06,206.0
SKU0133,2025-01-13,133.0
SKU0133,2025-01-20,129.0
SKU0133,2025-01-27,114.0
SKU0133,2025-02-03,107.0
SKU0133,2025-02-10,103.0
SKU0133,2025-02-17,140.0
SKU0133,2025-02-24,120.0
SKU0133,2025-03-03,137.0
SKU0133,2025-03-10,143.0
SKU0133,2025-03-17,168.0
SKU0133,2025-03-24,137.0
SKU0133,2025-03-31,159.0
SKU0133,2025-04-07,157.0
SKU0133,2025-04-14,147.0
SKU0133,2025-04-21,142.0
SKU0133,2025-04-28,150.0
SKU0133,2025-05-05,151.0
SKU0133,2025-05-12,148.0
SKU0133,2025-05-19,149.0
SKU0133,2025-05-26,163.0
SKU0133,2025-06-02,163.0
SKU0133,2025-06-09,139.0
SKU0133,2025-06-16,165.0
SKU0133,2025-06-23,237.0
SKU0133,2025-06-30,234.0
SKU0133,2025-07-07,134.0
SKU0133,2025-07-14,150.0
SKU0133,2025-07-21,148.0
SKU0133,2025-07-28,168.0
SKU0133,2025-08-04,130.0
SKU0133,2025-08-11,147.0
SKU0133,2025-08-18,150.0
SKU0133,2025-08-25,161.0
SKU0133,2025-09-01,137.0
SKU0133,2025-09-08,161.0
SKU0133,2025-09-15,136.0
SKU0133,2025-09-22,162.0
SKU0133,2025-09-29,162.0
SKU0133,2025-10-06,196.0
SKU0133,2025-10-13,239.0
SKU0133,2025-10-20,309.0
SKU0133,2025-10-27,336.0
SKU0133,2025-11-03,338.0
SKU0133,2025-11-10,224.0
SKU0133,2025-11-17,215.0
SKU0133,2025-11-24,225.0
SKU0133,2025-12-01,361.0
SKU0133,2025-12-08,202.0
SKU0133,2025-12-15,237.0
SKU0133,2025-12-22,297.0
SKU0133,2025-12-29,354.0
SKU0133,2026-01-05,270.0
SKU0133,2026-01-12,151.0
SKU0133,2026-01-19,142.0
SKU0133,2026-01-26,145.0
SKU0133,2026-02-02,146.0
SKU0133,2026-02-09,144.0
SKU0133,2026-02-16,133.0
SKU0133,2026-02-23,134.0
SKU0133,2026-03-02,126.0
SKU0133,2026-03-09,157.0
SKU0133,2026-03-16,170.0
SKU0133,2026-03-23,172.0
SKU0133,2026-03-30,151.0
SKU0133,2026-04-06,185.0
SKU0133,2026-04-13,145.0
SKU0133,2026-04-20,158.0
SKU0133,2026-04-27,163.0
SKU0133,2026-05-04,151.0
SKU0133,2026-05-11,170.0
SKU0133,2026-05-18,143.0
SKU0133,2026-05-25,189.0
SKU0133,2026-06-01,162.0
SKU0133,2026-06-08,149.0
SKU0133,2026-06-15,157.0
SKU0133,2026-06-22,282.0
SKU0133,2026-06-29,290.0
SKU0133,2026-07-06,177.0
SKU0133,2026-07-13,171.0
SKU0133,2026-07-20,160.0
SKU0134,2024-08-05,4.0
SKU0134,2024-08-12,30.0
SKU0134,2024-08-19,29.0
SKU0134,2024-08-26,31.0
SKU0134,2024-09-02,30.0
SKU0134,2024-09-09,30.0
SKU0134,2024-09-16,26.0
SKU0134,2024-09-23,23.0
SKU0134,2024-09-30,33.0
SKU0134,2024-10-07,38.0
SKU0134,2024-10-14,47.0
SKU0134,2024-10-21,78.0
SKU0134,2024-10-28,76.0
SKU0134,2024-11-04,69.0
SKU0134,2024-11-11,36.0
SKU0134,2024-11-18,34.0
SKU0134,2024-11-25,47.0
SKU0134,2024-12-02,67.0
SKU0134,2024-12-09,39.0
SKU0134,2024-12-16,54.0
SKU0134,2024-12-23,47.0
SKU0134,2024-12-30,66.0
SKU0134,2025-01-06,39.0
SKU0134,2025-01-13,26.0
SKU0134,2025-01-20,25.0
SKU0134,2025-01-27,27.0
SKU0134,2025-02-03,24.0
SKU0134,2025-02-10,24.0
SKU0134,2025-02-17,26.0
SKU0134,2025-02-24,38.0
SKU0134,2025-03-03,32.0
SKU0134,2025-03-10,29.0
SKU0134,2025-03-17,19.0
SKU0134,2025-03-24,28.0
SKU0134,2025-03-31,32.0
SKU0134,2025-04-07,21.0
SKU0134,2025-04-14,30.0
SKU0134,2025-04-21,21.0
SKU0134,2025-04-28,26.0
SKU0134,2025-05-05,35.0
SKU0134,2025-05-12,32.0
SKU0134,2025-05-19,24.0
SKU0134,2025-05-26,30.0
SKU0134,2025-06-02,29.0
SKU0134,2025-06-09,31.0
SKU0134,2025-06-16,30.0
SKU0134,2025-06-23,42.0
SKU0134,2025-06-30,32.0
SKU0134,2025-07-07,29.0
SKU0134,2025-07-14,32.0
SKU0134,2025-07-21,28.0
SKU0134,2025-07-28,38.0
SKU0134,2025-08-04,31.0
SKU0134,2025-08-11,25.0
SKU0134,2025-08-18,29.0
SKU0134,2025-08-25,27.0
SKU0134,2025-09-01,30.0
SKU0134,2025-09-08,32.0
SKU0134,2025-09-15,30.0
SKU0134,2025-09-22,26.0
SKU0134,2025-09-29,27.0
SKU0134,2025-10-06,33.0
SKU0134,2025-10-13,44.0
SKU0134,2025-10-20,73.0
SKU0134,2025-10-27,79.0
SKU0134,2025-11-03,72.0
SKU0134,2025-11-10,55.0
SKU0134,2025-11-17,38.0
SKU0134,2025-11-24,47.0
SKU0134,2025-12-01,59.0
SKU0134,2025-12-08,44.0
SKU0134,2025-12-15,40.0
SKU0134,2025-12-22,57.0
SKU0134,2025-12-29,61.0
SKU0134,2026-01-05,47.0
SKU0134,2026-01-12,36.0
SKU0134,2026-01-19,22.0
SKU0134,2026-01-26,20.0
SKU0134,2026-02-02,27.0
SKU0134,2026-02-09,26.0
SKU0134,2026-02-16,19.0
SKU0134,2026-02-23,24.0
SKU0134,2026-03-02,27.0
SKU0134,2026-03-09,21.0
SKU0134,2026-03-16,15.0
SKU0134,2026-03-23,34.0
SKU0134,2026-03-30,30.0
SKU0134,2026-04-06,32.0
SKU0134,2026-04-13,37.0
SKU0134,2026-04-20,27.0
SKU0134,2026-04-27,31.0
SKU0134,2026-05-04,31.0
SKU0134,2026-05-11,32.0
SKU0134,2026-05-18,33.0
SKU0134,2026-05-25,35.0
SKU0134,2026-06-01,29.0
SKU0134,2026-06-08,26.0
SKU0134,2026-06-15,32.0
SKU0134,2026-06-22,56.0
SKU0134,2026-06-29,46.0
SKU0134,2026-07-06,33.0
SKU0134,2026-07-13,34.0
SKU0134,2026-07-20,28.0
SKU0135,2024-07-22,42.0
SKU0135,2024-07-29,139.0
SKU0135,2024-08-05,120.0
SKU0135,2024-08-12,134.0
SKU0135,2024-08-19,126.0
SKU0135,2024-08-26,116.0
SKU0135,2024-09-02,131.0
SKU0135,2024-09-09,128.0
SKU0135,2024-09-16,119.0
SKU0135,2024-09-23,125.0
SKU0135,2024-09-30,136.0
SKU0135,2024-10-07,169.0
SKU0135,2024-10-14,181.0
SKU0135,2024-10-21,303.0
SKU0135,2024-10-28,293.0
SKU0135,2024-11-04,301.0
SKU0135,2024-11-11,172.0
SKU0135,2024-11-18,165.0
SKU0135,2024-11-25,196.0
SKU0135,2024-12-02,260.0
SKU0135,2024-12-09,177.0
SKU0135,2024-12-16,168.0
SKU0135,2024-12-23,266.0
SKU0135,2024-12-30,292.0
SKU0135,2025-01-06,212.0
SKU0135,2025-01-13,109.0
SKU0135,2025-01-20,129.0
SKU0135,2025-01-27,116.0
SKU0135,2025-02-03,102.0
SKU0135,2025-02-10,111.0
SKU0135,2025-02-17,118.0
SKU0135,2025-02-24,133.0
SKU0135,2025-03-03,105.0
SKU0135,2025-03-10,129.0
SKU0135,2025-03-17,127.0
SKU0135,2025-03-24,101.0
SKU0135,2025-03-31,121.0
SKU0135,2025-04-07,129.0
SKU0135,2025-04-14,152.0
SKU0135,2025-04-21,146.0
SKU0135,2025-04-28,98.0
SKU0135,2025-05-05,138.0
SKU0135,2025-05-12,144.0
SKU0135,2025-05-19,171.0
SKU0135,2025-05-26,114.0
SKU0135,2025-06-02,128.0
SKU0135,2025-06-09,135.0
SKU0135,2025-06-16,154.0
SKU0135,2025-06-23,236.0
SKU0135,2025-06-30,243.0
SKU0135,2025-07-07,135.0
SKU0135,2025-07-14,143.0
SKU0135,2025-07-21,140.0
SKU0135,2025-07-28,131.0
SKU0135,2025-08-04,121.0
SKU0135,2025-08-11,151.0
SKU0135,2025-08-18,160.0
SKU0135,2025-08-25,139.0
SKU0135,2025-09-01,132.0
SKU0135,2025-09-08,130.0
SKU0135,2025-09-15,147.0
SKU0135,2025-09-22,142.0
SKU0135,2025-09-29,139.0
SKU0135,2025-10-06,182.0
SKU0135,2025-10-13,214.0
SKU0135,2025-10-20,282.0
SKU0135,2025-10-27,282.0
SKU0135,2025-11-03,318.0
SKU0135,2025-11-10,244.0
SKU0135,2025-11-17,198.0
SKU0135,2025-11-24,196.0
SKU0135,2025-12-01,286.0
SKU0135,2025-12-08,191.0
SKU0135,2025-12-15,185.0
SKU0135,2025-12-22,247.0
SKU0135,2025-12-29,338.0
SKU0135,2026-01-05,242.0
SKU0135,2026-01-12,131.0
SKU0135,2026-01-19,109.0
SKU0135,2026-01-26,111.0
SKU0135,2026-02-02,122.0
SKU0135,2026-02-09,105.0
SKU0135,2026-02-16,108.0
SKU0135,2026-02-23,117.0
SKU0135,2026-03-02,142.0
SKU0135,2026-03-09,142.0
SKU0135,2026-03-16,140.0
SKU0135,2026-03-23,125.0
SKU0135,2026-03-30,131.0
SKU0135,2026-04-06,151.0
SKU0135,2026-04-13,138.0
SKU0135,2026-04-20,152.0
SKU0135,2026-04-27,132.0
SKU0135,2026-05-04,156.0
SKU0135,2026-05-11,152.0
SKU0135,2026-05-18,145.0
SKU0135,2026-05-25,139.0
SKU0135,2026-06-01,147.0
SKU0135,2026-06-08,150.0
SKU0135,2026-06-15,166.0
SKU0135,2026-06-22,211.0
SKU0135,2026-06-29,223.0
SKU0135,2026-07-06,155.0
SKU0135,2026-07-13,163.0
SKU0135,2026-07-20,123.0
SKU0136,2026-06-08,34.0
SKU0136,2026-06-15,43.0
SKU0136,2026-06-22,72.0
SKU0136,2026-06-29,56.0
SKU0136,2026-07-06,37.0
SKU0136,2026-07-13,24.0
SKU0136,2026-07-20,37.0
SKU0137,2024-08-05,40.0
SKU0137,2024-08-12,35.0
SKU0137,2024-08-19,34.0
SKU0137,2024-08-26,36.0
SKU0137,2024-09-02,39.0
SKU0137,2024-09-09,34.0
SKU0137,2024-09-16,42.0
SKU0137,2024-09-23,30.0
SKU0137,2024-09-30,39.0
SKU0137,2024-10-07,53.0
SKU0137,2024-10-14,47.0
SKU0137,2024-10-21,80.0
SKU0137,2024-10-28,64.0
SKU0137,2024-11-04,79.0
SKU0137,2024-11-11,57.0
SKU0137,2024-11-18,51.0
SKU0137,2024-11-25,54.0
SKU0137,2024-12-02,65.0
SKU0137,2024-12-09,41.0
SKU0137,2024-12-16,39.0
SKU0137,2024-12-23,70.0
SKU0137,2024-12-30,66.0
SKU0137,2025-01-06,53.0
SKU0137,2025-01-13,32.0
SKU0137,2025-01-20,34.0
SKU0137,2025-01-27,27.0
SKU0137,2025-02-03,36.0
SKU0137,2025-02-10,25.0
SKU0137,2025-02-17,27.0
SKU0137,2025-02-24,40.0
SKU0137,2025-03-03,36.0
SKU0137,2025-03-10,35.0
SKU0137,2025-03-17,30.0
SKU0137,2025-03-24,26.0
SKU0137,2025-03-31,36.0
SKU0137,2025-04-07,35.0
SKU0137,2025-04-14,31.0
SKU0137,2025-04-21,49.0
SKU0137,2025-04-28,30.0
SKU0137,2025-05-05,41.0
SKU0137,2025-05-12,35.0
SKU0137,2025-05-19,22.0
SKU0137,2025-05-26,40.0
SKU0137,2025-06-02,30.0
SKU0137,2025-06-09,38.0
SKU0137,2025-06-16,41.0
SKU0137,2025-06-23,47.0
SKU0137,2025-06-30,71.0
SKU0137,2025-07-07,30.0
SKU0137,2025-07-14,28.0
SKU0137,2025-07-21,32.0
SKU0137,2025-07-28,31.0
SKU0137,2025-08-04,37.0
SKU0137,2025-08-11,49.0
SKU0137,2025-08-18,32.0
SKU0137,2025-08-25,34.0
SKU0137,2025-09-01,39.0
SKU0137,2025-09-08,34.0
SKU0137,2025-09-15,22.0
SKU0137,2025-09-22,19.0
SKU0137,2025-09-29,38.0
SKU0137,2025-10-06,33.0
SKU0137,2025-10-13,43.0
SKU0137,2025-10-20,71.0
SKU0137,2025-10-27,65.0
SKU0137,2025-11-03,60.0
SKU0137,2025-11-10,63.0
SKU0137,2025-11-17,54.0
SKU0137,2025-11-24,34.0
SKU0137,2025-12-01,80.0
SKU0137,2025-12-08,36.0
SKU0137,2025-12-15,46.0
SKU0137,2025-12-22,65.0
SKU0137,2025-12-29,68.0
SKU0137,2026-01-05,42.0
SKU0137,2026-01-12,30.0
SKU0137,2026-01-19,28.0
SKU0137,2026-01-26,23.0
SKU0137,2026-02-02,22.0
SKU0137,2026-02-09,26.0
SKU0137,2026-02-16,37.0
SKU0137,2026-02-23,23.0
SKU0137,2026-03-02,27.0
SKU0137,2026-03-09,37.0
SKU0137,2026-03-16,33.0
SKU0137,2026-03-23,33.0
SKU0137,2026-03-30,40.0
SKU0137,2026-04-06,32.0
SKU0137,2026-04-13,21.0
SKU0137,2026-04-20,31.0
SKU0137,2026-04-27,35.0
SKU0137,2026-05-04,35.0
SKU0137,2026-05-11,26.0
SKU0137,2026-05-18,33.0
SKU0137,2026-05-25,29.0
SKU0137,2026-06-01,34.0
SKU0137,2026-06-08,34.0
SKU0137,2026-06-15,36.0
SKU0137,2026-06-22,38.0
SKU0137,2026-06-29,57.0
SKU0137,2026-07-06,35.0
SKU0137,2026-07-13,29.0
SKU0137,2026-07-20,28.0
SKU0138,2024-08-05,20.0
SKU0138,2024-08-12,27.0
SKU0138,2024-08-19,22.0
SKU0138,2024-08-26,33.0
SKU0138,2024-09-02,29.0
SKU0138,2024-09-09,31.0
SKU0138,2024-09-16,29.0
SKU0138,2024-09-23,32.0
SKU0138,2024-09-30,37.0
SKU0138,2024-10-07,46.0
SKU0138,2024-10-14,42.0
SKU0138,2024-10-21,91.0
SKU0138,2024-10-28,70.0
SKU0138,2024-11-04,61.0
SKU0138,2024-11-11,48.0
SKU0138,2024-11-18,44.0
SKU0138,2024-11-25,43.0
SKU0138,2024-12-02,75.0
SKU0138,2024-12-09,53.0
SKU0138,2024-12-16,42.0
SKU0138,2024-12-23,59.0
SKU0138,2024-12-30,70.0
SKU0138,2025-01-06,50.0
SKU0138,2025-01-13,27.0
SKU0138,2025-01-20,26.0
SKU0138,2025-01-27,22.0
SKU0138,2025-02-03,25.0
SKU0138,2025-02-10,21.0
SKU0138,2025-02-17,35.0
SKU0138,2025-02-24,35.0
SKU0138,2025-03-03,36.0
SKU0138,2025-03-10,35.0
SKU0138,2025-03-17,36.0
SKU0138,2025-03-24,30.0
SKU0138,2025-03-31,17.0
SKU0138,2025-04-07,39.0
SKU0138,2025-04-14,39.0
SKU0138,2025-04-21,24.0
SKU0138,2025-04-28,22.0
SKU0138,2025-05-05,40.0
SKU0138,2025-05-12,24.0
SKU0138,2025-05-19,28.0
SKU0138,2025-05-26,32.0
SKU0138,2025-06-02,29.0
SKU0138,2025-06-09,35.0
SKU0138,2025-06-16,38.0
SKU0138,2025-06-23,52.0
SKU0138,2025-06-30,48.0
SKU0138,2025-07-07,35.0
SKU0138,2025-07-14,34.0
SKU0138,2025-07-21,27.0
SKU0138,2025-07-28,38.0
SKU0138,2025-08-04,29.0
SKU0138,2025-08-11,38.0
SKU0138,2025-08-18,39.0
SKU0138,2025-08-25,38.0
SKU0138,2025-09-01,44.0
SKU0138,2025-09-08,28.0
SKU0138,2025-09-15,29.0
SKU0138,2025-09-22,26.0
SKU0138,2025-09-29,27.0
SKU0138,2025-10-06,46.0
SKU0138,2025-10-13,40.0
SKU0138,2025-10-20,71.0
SKU0138,2025-10-27,76.0
SKU0138,2025-11-03,76.0
SKU0138,2025-11-10,62.0
SKU0138,2025-11-17,40.0
SKU0138,2025-11-24,37.0
SKU0138,2025-12-01,60.0
SKU0138,2025-12-08,47.0
SKU0138,2025-12-15,36.0
SKU0138,2025-12-22,59.0
SKU0138,2025-12-29,78.0
SKU0138,2026-01-05,54.0
SKU0138,2026-01-12,29.0
SKU0138,2026-01-19,31.0
SKU0138,2026-01-26,34.0
SKU0138,2026-02-02,33.0
SKU0138,2026-02-09,25.0
SKU0138,2026-02-16,29.0
SKU0138,2026-02-23,22.0
SKU0138,2026-03-02,24.0
SKU0138,2026-03-09,27.0
SKU0138,2026-03-16,32.0
SKU0138,2026-03-23,30.0
SKU0138,2026-03-30,38.0
SKU0138,2026-04-06,24.0
SKU0138,2026-04-13,30.0
SKU0138,2026-04-20,34.0
SKU0138,2026-04-27,25.0
SKU0138,2026-05-04,44.0
SKU0138,2026-05-11,45.0
SKU0138,2026-05-18,35.0
SKU0138,2026-05-25,26.0
SKU0138,2026-06-01,30.0
SKU0138,2026-06-08,24.0
SKU0138,2026-06-15,40.0
SKU0138,2026-06-22,47.0
SKU0138,2026-06-29,62.0
SKU0138,2026-07-06,43.0
SKU0138,2026-07-13,40.0
SKU0138,2026-07-20,29.0
SKU0139,2024-07-22,14.0
SKU0139,2024-07-29,34.0
SKU0139,2024-08-05,34.0
SKU0139,2024-08-12,32.0
SKU0139,2024-08-19,40.0
SKU0139,2024-08-26,35.0
SKU0139,2024-09-02,35.0
SKU0139,2024-09-09,36.0
SKU0139,2024-09-16,40.0
SKU0139,2024-09-23,40.0
SKU0139,2024-09-30,39.0
SKU0139,2024-10-07,42.0
SKU0139,2024-10-14,48.0
SKU0139,2024-10-21,68.0
SKU0139,2024-10-28,83.0
SKU0139,2024-11-04,63.0
SKU0139,2024-11-11,52.0
SKU0139,2024-11-18,49.0
SKU0139,2024-11-25,50.0
SKU0139,2024-12-02,52.0
SKU0139,2024-12-09,47.0
SKU0139,2024-12-16,41.0
SKU0139,2024-12-23,73.0
SKU0139,2024-12-30,81.0
SKU0139,2025-01-06,47.0
SKU0139,2025-01-13,33.0
SKU0139,2025-01-20,30.0
SKU0139,2025-01-27,33.0
SKU0139,2025-02-03,34.0
SKU0139,2025-02-10,31.0
SKU0139,2025-02-17,24.0
SKU0139,2025-02-24,27.0
SKU0139,2025-03-03,38.0
SKU0139,2025-03-10,36.0
SKU0139,2025-03-17,38.0
SKU0139,2025-03-24,27.0
SKU0139,2025-03-31,36.0
SKU0139,2025-04-07,41.0
SKU0139,2025-04-14,33.0
SKU0139,2025-04-21,40.0
SKU0139,2025-04-28,47.0
SKU0139,2025-05-05,35.0
SKU0139,2025-05-12,30.0
SKU0139,2025-05-19,25.0
SKU0139,2025-05-26,29.0
SKU0139,2025-06-02,34.0
SKU0139,2025-06-09,32.0
SKU0139,2025-06-16,37.0
SKU0139,2025-06-23,52.0
SKU0139,2025-06-30,60.0
SKU0139,2025-07-07,37.0
SKU0139,2025-07-14,41.0
SKU0139,2025-07-21,37.0
SKU0139,2025-07-28,44.0
SKU0139,2025-08-04,29.0
SKU0139,2025-08-11,42.0
SKU0139,2025-08-18,30.0
SKU0139,2025-08-25,30.0
SKU0139,2025-09-01,41.0
SKU0139,2025-09-08,39.0
SKU0139,2025-09-15,36.0
SKU0139,2025-09-22,32.0
SKU0139,2025-09-29,33.0
SKU0139,2025-10-06,56.0
SKU0139,2025-10-13,43.0
SKU0139,2025-10-20,72.0
SKU0139,2025-10-27,92.0
SKU0139,2025-11-03,82.0
SKU0139,2025-11-10,60.0
SKU0139,2025-11-17,56.0
SKU0139,2025-11-24,47.0
SKU0139,2025-12-01,76.0
SKU0139,2025-12-08,47.0
SKU0139,2025-12-15,54.0
SKU0139,2025-12-22,56.0
SKU0139,2025-12-29,80.0
SKU0139,2026-01-05,50.0
SKU0139,2026-01-12,31.0
SKU0139,2026-01-19,25.0
SKU0139,2026-01-26,38.0
SKU0139,2026-02-02,33.0
SKU0139,2026-02-09,45.0
SKU0139,2026-02-16,28.0
SKU0139,2026-02-23,25.0
SKU0139,2026-03-02,29.0
SKU0139,2026-03-09,38.0
SKU0139,2026-03-16,40.0
SKU0139,2026-03-23,31.0
SKU0139,2026-03-30,33.0
SKU0139,2026-04-06,34.0
SKU0139,2026-04-13,30.0
SKU0139,2026-04-20,33.0
SKU0139,2026-04-27,33.0
SKU0139,2026-05-04,25.0
SKU0139,2026-05-11,44.0
SKU0139,2026-05-18,35.0
SKU0139,2026-05-25,33.0
SKU0139,2026-06-01,34.0
SKU0139,2026-06-08,36.0
SKU0139,2026-06-15,35.0
SKU0139,2026-06-22,53.0
SKU0139,2026-06-29,49.0
SKU0139,2026-07-06,44.0
SKU0139,2026-07-13,30.0
SKU0139,2026-07-20,34.0
SKU0140,2026-02-02,144.0
SKU0140,2026-02-09,152.0
SKU0140,2026-02-16,159.0
SKU0140,2026-02-23,170.0
SKU0140,2026-03-02,154.0
SKU0140,2026-03-09,193.0
SKU0140,2026-03-16,187.0
SKU0140,2026-03-23,176.0
SKU0140,2026-03-30,192.0
SKU0140,2026-04-06,178.0
SKU0140,2026-04-13,174.0
SKU0140,2026-04-20,197.0
SKU0140,2026-04-27,172.0
SKU0140,2026-05-04,162.0
SKU0140,2026-05-11,180.0
SKU0140,2026-05-18,202.0
SKU0140,2026-05-25,188.0
SKU0140,2026-06-01,194.0
SKU0140,2026-06-08,187.0
SKU0140,2026-06-15,185.0
SKU0140,2026-06-22,299.0
SKU0140,2026-06-29,284.0
SKU0140,2026-07-06,205.0
SKU0140,2026-07-13,194.0
SKU0140,2026-07-20,183.0
SKU0141,2024-07-22,1.0
SKU0141,2024-07-29,0.0
SKU0141,2024-08-05,1.0
SKU0141,2024-08-12,3.0
SKU0141,2024-08-19,7.0
SKU0141,2024-08-26,2.0
SKU0141,2024-09-02,2.0
SKU0141,2024-09-09,4.0
SKU0141,2024-09-16,2.0
SKU0141,2024-09-23,5.0
SKU0141,2024-09-30,8.0
SKU0141,2024-10-07,7.0
SKU0141,2024-10-14,5.0
SKU0141,2024-10-21,4.0
SKU0141,2024-10-28,6.0
SKU0141,2024-11-04,5.0
SKU0141,2024-11-11,3.0
SKU0141,2024-11-18,6.0
SKU0141,2024-11-25,7.0
SKU0141,2024-12-02,4.0
SKU0141,2024-12-09,3.0
SKU0141,2024-12-16,5.0
SKU0141,2024-12-23,5.0
SKU0141,2024-12-30,13.0
SKU0141,2025-01-06,5.0
SKU0141,2025-01-13,1.0
SKU0141,2025-01-20,3.0
SKU0141,2025-01-27,2.0
SKU0141,2025-02-03,2.0
SKU0141,2025-02-10,3.0
SKU0141,2025-02-17,6.0
SKU0141,2025-02-24,2.0
SKU0141,2025-03-03,2.0
SKU0141,2025-03-10,3.0
SKU0141,2025-03-17,3.0
SKU0141,2025-03-24,4.0
SKU0141,2025-03-31,5.0
SKU0141,2025-04-07,7.0
SKU0141,2025-04-14,2.0
SKU0141,2025-04-21,3.0
SKU0141,2025-04-28,5.0
SKU0141,2025-05-05,0.0
SKU0141,2025-05-12,2.0
SKU0141,2025-05-19,6.0
SKU0141,2025-05-26,6.0
SKU0141,2025-06-02,5.0
SKU0141,2025-06-09,2.0
SKU0141,2025-06-16,6.0
SKU0141,2025-06-23,5.0
SKU0141,2025-06-30,8.0
SKU0141,2025-07-07,4.0
SKU0141,2025-07-14,3.0
SKU0141,2025-07-21,7.0
SKU0141,2025-07-28,3.0
SKU0141,2025-08-04,3.0
SKU0141,2025-08-11,6.0
SKU0141,2025-08-18,2.0
SKU0141,2025-08-25,3.0
SKU0141,2025-09-01,4.0
SKU0141,2025-09-08,4.0
SKU0141,2025-09-15,3.0
SKU0141,2025-09-22,5.0
SKU0141,2025-09-29,2.0
SKU0141,2025-10-06,4.0
SKU0141,2025-10-13,6.0
SKU0141,2025-10-20,12.0
SKU0141,2025-10-27,6.0
SKU0141,2025-11-03,14.0
SKU0141,2025-11-10,5.0
SKU0141,2025-11-17,8.0
SKU0141,2025-11-24,5.0
SKU0141,2025-12-01,10.0
SKU0141,2025-12-08,6.0
SKU0141,2025-12-15,8.0
SKU0141,2025-12-22,2.0
SKU0141,2025-12-29,8.0
SKU0141,2026-01-05,5.0
SKU0141,2026-01-12,3.0
SKU0141,2026-01-19,1.0
SKU0141,2026-01-26,3.0
SKU0141,2026-02-02,1.0
SKU0141,2026-02-09,2.0
SKU0141,2026-02-16,7.0
SKU0141,2026-02-23,5.0
SKU0141,2026-03-02,2.0
SKU0141,2026-03-09,3.0
SKU0141,2026-03-16,2.0
SKU0141,2026-03-23,4.0
SKU0141,2026-03-30,3.0
SKU0141,2026-04-06,6.0
SKU0141,2026-04-13,6.0
SKU0141,2026-04-20,4.0
SKU0141,2026-04-27,5.0
SKU0141,2026-05-04,1.0
SKU0141,2026-05-11,3.0
SKU0141,2026-05-18,2.0
SKU0141,2026-05-25,7.0
SKU0141,2026-06-01,5.0
SKU0141,2026-06-08,6.0
SKU0141,2026-06-15,2.0
SKU0141,2026-06-22,7.0
SKU0141,2026-06-29,8.0
SKU0141,2026-07-06,4.0
SKU0141,2026-07-13,4.0
SKU0141,2026-07-20,4.0
SKU0142,2024-08-05,0.0
SKU0142,2024-08-12,4.0
SKU0142,2024-08-19,4.0
SKU0142,2024-08-26,7.0
SKU0142,2024-09-02,8.0
SKU0142,2024-09-09,3.0
SKU0142,2024-09-16,6.0
SKU0142,2024-09-23,1.0
SKU0142,2024-09-30,7.0
SKU0142,2024-10-07,6.0
SKU0142,2024-10-14,2.0
SKU0142,2024-10-21,12.0
SKU0142,2024-10-28,18.0
SKU0142,2024-11-04,6.0
SKU0142,2024-11-11,6.0
SKU0142,2024-11-18,7.0
SKU0142,2024-11-25,8.0
SKU0142,2024-12-02,13.0
SKU0142,2024-12-09,7.0
SKU0142,2024-12-16,2.0
SKU0142,2024-12-23,10.0
SKU0142,2024-12-30,15.0
SKU0142,2025-01-06,7.0
SKU0142,2025-01-13,4.0
SKU0142,2025-01-20,3.0
SKU0142,2025-01-27,4.0
SKU0142,2025-02-03,3.0
SKU0142,2025-02-10,4.0
SKU0142,2025-02-17,4.0
SKU0142,2025-02-24,5.0
SKU0142,2025-03-03,3.0
SKU0142,2025-03-10,7.0
SKU0142,2025-03-17,2.0
SKU0142,2025-03-24,7.0
SKU0142,2025-03-31,4.0
SKU0142,2025-04-07,4.0
SKU0142,2025-04-14,4.0
SKU0142,2025-04-21,5.0
SKU0142,2025-04-28,1.0
SKU0142,2025-05-05,4.0
SKU0142,2025-05-12,6.0
SKU0142,2025-05-19,4.0
SKU0142,2025-05-26,4.0
SKU0142,2025-06-02,4.0
SKU0142,2025-06-09,4.0
SKU0142,2025-06-16,5.0
SKU0142,2025-06-23,8.0
SKU0142,2025-06-30,9.0
SKU0142,2025-07-07,3.0
SKU0142,2025-07-14,6.0
SKU0142,2025-07-21,4.0
SKU0142,2025-07-28,4.0
SKU0142,2025-08-04,8.0
SKU0142,2025-08-11,5.0
SKU0142,2025-08-18,4.0
SKU0142,2025-08-25,9.0
SKU0142,2025-09-01,8.0
SKU0142,2025-09-08,5.0
SKU0142,2025-09-15,6.0
SKU0142,2025-09-22,2.0
SKU0142,2025-09-29,8.0
SKU0142,2025-10-06,7.0
SKU0142,2025-10-13,7.0
SKU0142,2025-10-20,8.0
SKU0142,2025-10-27,15.0
SKU0142,2025-11-03,11.0
SKU0142,2025-11-10,5.0
SKU0142,2025-11-17,9.0
SKU0142,2025-11-24,9.0
SKU0142,2025-12-01,12.0
SKU0142,2025-12-08,6.0
SKU0142,2025-12-15,5.0
SKU0142,2025-12-22,11.0
SKU0142,2025-12-29,6.0
SKU0142,2026-01-05,7.0
SKU0142,2026-01-12,2.0
SKU0142,2026-01-19,4.0
SKU0142,2026-01-26,6.0
SKU0142,2026-02-02,3.0
SKU0142,2026-02-09,3.0
SKU0142,2026-02-16,3.0
SKU0142,2026-02-23,3.0
SKU0142,2026-03-02,5.0
SKU0142,2026-03-09,5.0
SKU0142,2026-03-16,8.0
SKU0142,2026-03-23,2.0
SKU0142,2026-03-30,3.0
SKU0142,2026-04-06,2.0
SKU0142,2026-04-13,8.0
SKU0142,2026-04-20,6.0
SKU0142,2026-04-27,4.0
SKU0142,2026-05-04,6.0
SKU0142,2026-05-11,5.0
SKU0142,2026-05-18,3.0
SKU0142,2026-05-25,4.0
SKU0142,2026-06-01,2.0
SKU0142,2026-06-08,7.0
SKU0142,2026-06-15,4.0
SKU0142,2026-06-22,6.0
SKU0142,2026-06-29,8.0
SKU0142,2026-07-06,5.0
SKU0142,2026-07-13,5.0
SKU0142,2026-07-20,2.0
SKU0143,2024-07-22,12.0
SKU0143,2024-07-29,23.0
SKU0143,2024-08-05,23.0
SKU0143,2024-08-12,22.0
SKU0143,2024-08-19,8.0
SKU0143,2024-08-26,22.0
SKU0143,2024-09-02,17.0
SKU0143,2024-09-09,19.0
SKU0143,2024-09-16,16.0
SKU0143,2024-09-23,14.0
SKU0143,2024-09-30,24.0
SKU0143,2024-10-07,23.0
SKU0143,2024-10-14,29.0
SKU0143,2024-10-21,46.0
SKU0143,2024-10-28,41.0
SKU0143,2024-11-04,35.0
SKU0143,2024-11-11,33.0
SKU0143,2024-11-18,31.0
SKU0143,2024-11-25,38.0
SKU0143,2024-12-02,38.0
SKU0143,2024-12-09,24.0
SKU0143,2024-12-16,27.0
SKU0143,2024-12-23,46.0
SKU0143,2024-12-30,31.0
SKU0143,2025-01-06,23.0
SKU0143,2025-01-13,15.0
SKU0143,2025-01-20,18.0
SKU0143,2025-01-27,14.0
SKU0143,2025-02-03,11.0
SKU0143,2025-02-10,13.0
SKU0143,2025-02-17,18.0
SKU0143,2025-02-24,13.0
SKU0143,2025-03-03,17.0
SKU0143,2025-03-10,17.0
SKU0143,2025-03-17,18.0
SKU0143,2025-03-24,18.0
SKU0143,2025-03-31,25.0
SKU0143,2025-04-07,15.0
SKU0143,2025-04-14,11.0
SKU0143,2025-04-21,23.0
SKU0143,2025-04-28,22.0
SKU0143,2025-05-05,29.0
SKU0143,2025-05-12,18.0
SKU0143,2025-05-19,22.0
SKU0143,2025-05-26,21.0
SKU0143,2025-06-02,19.0
SKU0143,2025-06-09,22.0
SKU0143,2025-06-16,18.0
SKU0143,2025-06-23,24.0
SKU0143,2025-06-30,30.0
SKU0143,2025-07-07,26.0
SKU0143,2025-07-14,19.0
SKU0143,2025-07-21,20.0
SKU0143,2025-07-28,21.0
SKU0143,2025-08-04,17.0
SKU0143,2025-08-11,23.0
SKU0143,2025-08-18,19.0
SKU0143,2025-08-25,23.0
SKU0143,2025-09-01,20.0
SKU0143,2025-09-08,18.0
SKU0143,2025-09-15,19.0
SKU0143,2025-09-22,15.0
SKU0143,2025-09-29,19.0
SKU0143,2025-10-06,22.0
SKU0143,2025-10-13,33.0
SKU0143,2025-10-20,45.0
SKU0143,2025-10-27,40.0
SKU0143,2025-11-03,36.0
SKU0143,2025-11-10,22.0
SKU0143,2025-11-17,35.0
SKU0143,2025-11-24,25.0
SKU0143,2025-12-01,57.0
SKU0143,2025-12-08,22.0
SKU0143,2025-12-15,23.0
SKU0143,2025-12-22,39.0
SKU0143,2025-12-29,44.0
SKU0143,2026-01-05,29.0
SKU0143,2026-01-12,14.0
SKU0143,2026-01-19,20.0
SKU0143,2026-01-26,15.0
SKU0143,2026-02-02,17.0
SKU0143,2026-02-09,14.0
SKU0143,2026-02-16,12.0
SKU0143,2026-02-23,18.0
SKU0143,2026-03-02,18.0
SKU0143,2026-03-09,21.0
SKU0143,2026-03-16,20.0
SKU0143,2026-03-23,24.0
SKU0143,2026-03-30,21.0
SKU0143,2026-04-06,23.0
SKU0143,2026-04-13,20.0
SKU0143,2026-04-20,18.0
SKU0143,2026-04-27,28.0
SKU0143,2026-05-04,24.0
SKU0143,2026-05-11,15.0
SKU0143,2026-05-18,17.0
SKU0143,2026-05-25,19.0
SKU0143,2026-06-01,14.0
SKU0143,2026-06-08,13.0
SKU0143,2026-06-15,12.0
SKU0143,2026-06-22,32.0
SKU0143,2026-06-29,37.0
SKU0143,2026-07-06,26.0
SKU0143,2026-07-13,19.0
SKU0143,2026-07-20,14.0
SKU0144,2024-08-05,14.0
SKU0144,2024-08-12,38.0
SKU0144,2024-08-19,33.0
SKU0144,2024-08-26,42.0
SKU0144,2024-09-02,39.0
SKU0144,2024-09-09,41.0
SKU0144,2024-09-16,30.0
SKU0144,2024-09-23,20.0
SKU0144,2024-09-30,31.0
SKU0144,2024-10-07,57.0
SKU0144,2024-10-14,55.0
SKU0144,2024-10-21,76.0
SKU0144,2024-10-28,80.0
SKU0144,2024-11-04,86.0
SKU0144,2024-11-11,66.0
SKU0144,2024-11-18,48.0
SKU0144,2024-11-25,59.0
SKU0144,2024-12-02,67.0
SKU0144,2024-12-09,49.0
SKU0144,2024-12-16,59.0
SKU0144,2024-12-23,69.0
SKU0144,2024-12-30,78.0
SKU0144,2025-01-06,46.0
SKU0144,2025-01-13,38.0
SKU0144,2025-01-20,29.0
SKU0144,2025-01-27,28.0
SKU0144,2025-02-03,23.0
SKU0144,2025-02-10,32.0
SKU0144,2025-02-17,35.0
SKU0144,2025-02-24,36.0
SKU0144,2025-03-03,32.0
SKU0144,2025-03-10,35.0
SKU0144,2025-03-17,43.0
SKU0144,2025-03-24,33.0
SKU0144,2025-03-31,32.0
SKU0144,2025-04-07,35.0
SKU0144,2025-04-14,40.0
SKU0144,2025-04-21,31.0
SKU0144,2025-04-28,34.0
SKU0144,2025-05-05,38.0
SKU0144,2025-05-12,36.0
SKU0144,2025-05-19,36.0
SKU0144,2025-05-26,24.0
SKU0144,2025-06-02,39.0
SKU0144,2025-06-09,33.0
SKU0144,2025-06-16,44.0
SKU0144,2025-06-23,62.0
SKU0144,2025-06-30,67.0
SKU0144,2025-07-07,36.0
SKU0144,2025-07-14,49.0
SKU0144,2025-07-21,47.0
SKU0144,2025-07-28,42.0
SKU0144,2025-08-04,49.0
SKU0144,2025-08-11,32.0
SKU0144,2025-08-18,34.0
SKU0144,2025-08-25,45.0
SKU0144,2025-09-01,37.0
SKU0144,2025-09-08,46.0
SKU0144,2025-09-15,35.0
SKU0144,2025-09-22,44.0
SKU0144,2025-09-29,47.0
SKU0144,2025-10-06,46.0
SKU0144,2025-10-13,46.0
SKU0144,2025-10-20,90.0
SKU0144,2025-10-27,83.0
SKU0144,2025-11-03,89.0
SKU0144,2025-11-10,67.0
SKU0144,2025-11-17,45.0
SKU0144,2025-11-24,62.0
SKU0144,2025-12-01,68.0
SKU0144,2025-12-08,37.0
SKU0144,2025-12-15,53.0
SKU0144,2025-12-22,71.0
SKU0144,2025-12-29,95.0
SKU0144,2026-01-05,61.0
SKU0144,2026-01-12,35.0
SKU0144,2026-01-19,35.0
SKU0144,2026-01-26,42.0
SKU0144,2026-02-02,37.0
SKU0144,2026-02-09,36.0
SKU0144,2026-02-16,28.0
SKU0144,2026-02-23,37.0
SKU0144,2026-03-02,42.0
SKU0144,2026-03-09,45.0
SKU0144,2026-03-16,48.0
SKU0144,2026-03-23,47.0
SKU0144,2026-03-30,43.0
SKU0144,2026-04-06,45.0
SKU0144,2026-04-13,47.0
SKU0144,2026-04-20,43.0
SKU0144,2026-04-27,38.0
SKU0144,2026-05-04,46.0
SKU0144,2026-05-11,43.0
SKU0144,2026-05-18,50.0
SKU0144,2026-05-25,41.0
SKU0144,2026-06-01,46.0
SKU0144,2026-06-08,37.0
SKU0144,2026-06-15,40.0
SKU0144,2026-06-22,80.0
SKU0144,2026-06-29,57.0
SKU0144,2026-07-06,47.0
SKU0144,2026-07-13,43.0
SKU0144,2026-07-20,47.0
SKU0145,2024-08-05,42.0
SKU0145,2024-08-12,55.0
SKU0145,2024-08-19,51.0
SKU0145,2024-08-26,77.0
SKU0145,2024-09-02,88.0
SKU0145,2024-09-09,81.0
SKU0145,2024-09-16,58.0
SKU0145,2024-09-23,61.0
SKU0145,2024-09-30,62.0
SKU0145,2024-10-07,84.0
SKU0145,2024-10-14,85.0
SKU0145,2024-10-21,164.0
SKU0145,2024-10-28,151.0
SKU0145,2024-11-04,159.0
SKU0145,2024-11-11,92.0
SKU0145,2024-11-18,77.0
SKU0145,2024-11-25,96.0
SKU0145,2024-12-02,143.0
SKU0145,2024-12-09,79.0
SKU0145,2024-12-16,103.0
SKU0145,2024-12-23,139.0
SKU0145,2024-12-30,147.0
SKU0145,2025-01-06,99.0
SKU0145,2025-01-13,61.0
SKU0145,2025-01-20,62.0
SKU0145,2025-01-27,49.0
SKU0145,2025-02-03,55.0
SKU0145,2025-02-10,57.0
SKU0145,2025-02-17,52.0
SKU0145,2025-02-24,59.0
SKU0145,2025-03-03,62.0
SKU0145,2025-03-10,59.0
SKU0145,2025-03-17,75.0
SKU0145,2025-03-24,85.0
SKU0145,2025-03-31,72.0
SKU0145,2025-04-07,67.0
SKU0145,2025-04-14,57.0
SKU0145,2025-04-21,69.0
SKU0145,2025-04-28,58.0
SKU0145,2025-05-05,71.0
SKU0145,2025-05-12,61.0
SKU0145,2025-05-19,77.0
SKU0145,2025-05-26,68.0
SKU0145,2025-06-02,66.0
SKU0145,2025-06-09,80.0
SKU0145,2025-06-16,83.0
SKU0145,2025-06-23,108.0
SKU0145,2025-06-30,123.0
SKU0145,2025-07-07,55.0
SKU0145,2025-07-14,69.0
SKU0145,2025-07-21,79.0
SKU0145,2025-07-28,75.0
SKU0145,2025-08-04,78.0
SKU0145,2025-08-11,58.0
SKU0145,2025-08-18,72.0
SKU0145,2025-08-25,67.0
SKU0145,2025-09-01,64.0
SKU0145,2025-09-08,57.0
SKU0145,2025-09-15,86.0
SKU0145,2025-09-22,70.0
SKU0145,2025-09-29,68.0
SKU0145,2025-10-06,100.0
SKU0145,2025-10-13,108.0
SKU0145,2025-10-20,172.0
SKU0145,2025-10-27,167.0
SKU0145,2025-11-03,151.0
SKU0145,2025-11-10,112.0
SKU0145,2025-11-17,98.0
SKU0145,2025-11-24,100.0
SKU0145,2025-12-01,160.0
SKU0145,2025-12-08,90.0
SKU0145,2025-12-15,94.0
SKU0145,2025-12-22,148.0
SKU0145,2025-12-29,151.0
SKU0145,2026-01-05,106.0
SKU0145,2026-01-12,74.0
SKU0145,2026-01-19,66.0
SKU0145,2026-01-26,56.0
SKU0145,2026-02-02,64.0
SKU0145,2026-02-09,53.0
SKU0145,2026-02-16,58.0
SKU0145,2026-02-23,63.0
SKU0145,2026-03-02,62.0
SKU0145,2026-03-09,83.0
SKU0145,2026-03-16,88.0
SKU0145,2026-03-23,70.0
SKU0145,2026-03-30,71.0
SKU0145,2026-04-06,78.0
SKU0145,2026-04-13,79.0
SKU0145,2026-04-20,76.0
SKU0145,2026-04-27,81.0
SKU0145,2026-05-04,75.0
SKU0145,2026-05-11,77.0
SKU0145,2026-05-18,73.0
SKU0145,2026-05-25,78.0
SKU0145,2026-06-01,67.0
SKU0145,2026-06-08,76.0
SKU0145,2026-06-15,78.0
SKU0145,2026-06-22,122.0
SKU0145,2026-06-29,122.0
SKU0145,2026-07-06,71.0
SKU0145,2026-07-13,79.0
SKU0145,2026-07-20,55.0
SKU0146,2024-07-22,37.0
SKU0146,2024-07-29,68.0
SKU0146,2024-08-05,53.0
SKU0146,2024-08-12,47.0
SKU0146,2024-08-19,44.0
SKU0146,2024-08-26,51.0
SKU0146,2024-09-02,60.0
SKU0146,2024-09-09,58.0
SKU0146,2024-09-16,51.0
SKU0146,2024-09-23,48.0
SKU0146,2024-09-30,58.0
SKU0146,2024-10-07,74.0
SKU0146,2024-10-14,80.0
SKU0146,2024-10-21,121.0
SKU0146,2024-10-28,129.0
SKU0146,2024-11-04,134.0
SKU0146,2024-11-11,79.0
SKU0146,2024-11-18,77.0
SKU0146,2024-11-25,89.0
SKU0146,2024-12-02,102.0
SKU0146,2024-12-09,69.0
SKU0146,2024-12-16,76.0
SKU0146,2024-12-23,101.0
SKU0146,2024-12-30,128.0
SKU0146,2025-01-06,76.0
SKU0146,2025-01-13,55.0
SKU0146,2025-01-20,50.0
SKU0146,2025-01-27,51.0
SKU0146,2025-02-03,46.0
SKU0146,2025-02-10,41.0
SKU0146,2025-02-17,39.0
SKU0146,2025-02-24,32.0
SKU0146,2025-03-03,58.0
SKU0146,2025-03-10,40.0
SKU0146,2025-03-17,56.0
SKU0146,2025-03-24,39.0
SKU0146,2025-03-31,49.0
SKU0146,2025-04-07,52.0
SKU0146,2025-04-14,45.0
SKU0146,2025-04-21,57.0
SKU0146,2025-04-28,53.0
SKU0146,2025-05-05,63.0
SKU0146,2025-05-12,53.0
SKU0146,2025-05-19,61.0
SKU0146,2025-05-26,66.0
SKU0146,2025-06-02,52.0
SKU0146,2025-06-09,55.0
SKU0146,2025-06-16,60.0
SKU0146,2025-06-23,85.0
SKU0146,2025-06-30,80.0
SKU0146,2025-07-07,53.0
SKU0146,2025-07-14,59.0
SKU0146,2025-07-21,50.0
SKU0146,2025-07-28,67.0
SKU0146,2025-08-04,67.0
SKU0146,2025-08-11,43.0
SKU0146,2025-08-18,54.0
SKU0146,2025-08-25,45.0
SKU0146,2025-09-01,51.0
SKU0146,2025-09-08,54.0
SKU0146,2025-09-15,55.0
SKU0146,2025-09-22,60.0
SKU0146,2025-09-29,59.0
SKU0146,2025-10-06,78.0
SKU0146,2025-10-13,75.0
SKU0146,2025-10-20,102.0
SKU0146,2025-10-27,125.0
SKU0146,2025-11-03,140.0
SKU0146,2025-11-10,90.0
SKU0146,2025-11-17,84.0
SKU0146,2025-11-24,80.0
SKU0146,2025-12-01,115.0
SKU0146,2025-12-08,88.0
SKU0146,2025-12-15,66.0
SKU0146,2025-12-22,91.0
SKU0146,2025-12-29,137.0
SKU0146,2026-01-05,93.0
SKU0146,2026-01-12,47.0
SKU0146,2026-01-19,55.0
SKU0146,2026-01-26,44.0
SKU0146,2026-02-02,61.0
SKU0146,2026-02-09,43.0
SKU0146,2026-02-16,49.0
SKU0146,2026-02-23,55.0
SKU0146,2026-03-02,46.0
SKU0146,2026-03-09,54.0
SKU0146,2026-03-16,49.0
SKU0146,2026-03-23,42.0
SKU0146,2026-03-30,54.0
SKU0146,2026-04-06,58.0
SKU0146,2026-04-13,52.0
SKU0146,2026-04-20,62.0
SKU0146,2026-04-27,59.0
SKU0146,2026-05-04,55.0
SKU0146,2026-05-11,53.0
SKU0146,2026-05-18,61.0
SKU0146,2026-05-25,58.0
SKU0146,2026-06-01,48.0
SKU0146,2026-06-08,53.0
SKU0146,2026-06-15,52.0
SKU0146,2026-06-22,82.0
SKU0146,2026-06-29,99.0
SKU0146,2026-07-06,56.0
SKU0146,2026-07-13,54.0
SKU0146,2026-07-20,48.0
SKU0147,2026-02-02,5.0
SKU0147,2026-02-09,18.0
SKU0147,2026-02-16,13.0
SKU0147,2026-02-23,18.0
SKU0147,2026-03-02,19.0
SKU0147,2026-03-09,21.0
SKU0147,2026-03-16,29.0
SKU0147,2026-03-23,21.0
SKU0147,2026-03-30,26.0
SKU0147,2026-04-06,25.0
SKU0147,2026-04-13,27.0
SKU0147,2026-04-20,21.0
SKU0147,2026-04-27,25.0
SKU0147,2026-05-04,24.0
SKU0147,2026-05-11,28.0
SKU0147,2026-05-18,26.0
SKU0147,2026-05-25,38.0
SKU0147,2026-06-01,22.0
SKU0147,2026-06-08,21.0
SKU0147,2026-06-15,19.0
SKU0147,2026-06-22,40.0
SKU0147,2026-06-29,58.0
SKU0147,2026-07-06,27.0
SKU0147,2026-07-13,19.0
SKU0147,2026-07-20,16.0
SKU0148,2024-07-22,30.0
SKU0148,2024-07-29,85.0
SKU0148,2024-08-05,88.0
SKU0148,2024-08-12,86.0
SKU0148,2024-08-19,96.0
SKU0148,2024-08-26,92.0
SKU0148,2024-09-02,93.0
SKU0148,2024-09-09,96.0
SKU0148,2024-09-16,101.0
SKU0148,2024-09-23,108.0
SKU0148,2024-09-30,98.0
SKU0148,2024-10-07,139.0
SKU0148,2024-10-14,132.0
SKU0148,2024-10-21,209.0
SKU0148,2024-10-28,212.0
SKU0148,2024-11-04,205.0
SKU0148,2024-11-11,173.0
SKU0148,2024-11-18,122.0
SKU0148,2024-11-25,144.0
SKU0148,2024-12-02,209.0
SKU0148,2024-12-09,135.0
SKU0148,2024-12-16,133.0
SKU0148,2024-12-23,180.0
SKU0148,2024-12-30,220.0
SKU0148,2025-01-06,133.0
SKU0148,2025-01-13,80.0
SKU0148,2025-01-20,87.0
SKU0148,2025-01-27,75.0
SKU0148,2025-02-03,85.0
SKU0148,2025-02-10,70.0
SKU0148,2025-02-17,80.0
SKU0148,2025-02-24,77.0
SKU0148,2025-03-03,90.0
SKU0148,2025-03-10,94.0
SKU0148,2025-03-17,106.0
SKU0148,2025-03-24,92.0
SKU0148,2025-03-31,97.0
SKU0148,2025-04-07,113.0
SKU0148,2025-04-14,101.0
SKU0148,2025-04-21,109.0
SKU0148,2025-04-28,79.0
SKU0148,2025-05-05,84.0
SKU0148,2025-05-12,101.0
SKU0148,2025-05-19,90.0
SKU0148,2025-05-26,118.0
SKU0148,2025-06-02,108.0
SKU0148,2025-06-09,101.0
SKU0148,2025-06-16,116.0
SKU0148,2025-06-23,146.0
SKU0148,2025-06-30,173.0
SKU0148,2025-07-07,109.0
SKU0148,2025-07-14,112.0
SKU0148,2025-07-21,112.0
SKU0148,2025-07-28,89.0
SKU0148,2025-08-04,115.0
SKU0148,2025-08-11,94.0
SKU0148,2025-08-18,93.0
SKU0148,2025-08-25,103.0
SKU0148,2025-09-01,95.0
SKU0148,2025-09-08,90.0
SKU0148,2025-09-15,112.0
SKU0148,2025-09-22,112.0
SKU0148,2025-09-29,118.0
SKU0148,2025-10-06,150.0
SKU0148,2025-10-13,143.0
SKU0148,2025-10-20,228.0
SKU0148,2025-10-27,224.0
SKU0148,2025-11-03,259.0
SKU0148,2025-11-10,169.0
SKU0148,2025-11-17,137.0
SKU0148,2025-11-24,138.0
SKU0148,2025-12-01,229.0
SKU0148,2025-12-08,151.0
SKU0148,2025-12-15,167.0
SKU0148,2025-12-22,175.0
SKU0148,2025-12-29,255.0
SKU0148,2026-01-05,182.0
SKU0148,2026-01-12,103.0
SKU0148,2026-01-19,87.0
SKU0148,2026-01-26,110.0
SKU0148,2026-02-02,98.0
SKU0148,2026-02-09,86.0
SKU0148,2026-02-16,101.0
SKU0148,2026-02-23,85.0
SKU0148,2026-03-02,102.0
SKU0148,2026-03-09,120.0
SKU0148,2026-03-16,127.0
SKU0148,2026-03-23,112.0
SKU0148,2026-03-30,107.0
SKU0148,2026-04-06,119.0
SKU0148,2026-04-13,107.0
SKU0148,2026-04-20,109.0
SKU0148,2026-04-27,127.0
SKU0148,2026-05-04,112.0
SKU0148,2026-05-11,121.0
SKU0148,2026-05-18,106.0
SKU0148,2026-05-25,109.0
SKU0148,2026-06-01,132.0
SKU0148,2026-06-08,121.0
SKU0148,2026-06-15,127.0
SKU0148,2026-06-22,172.0
SKU0148,2026-06-29,198.0
SKU0148,2026-07-06,148.0
SKU0148,2026-07-13,108.0
SKU0148,2026-07-20,96.0
SKU0149,2024-07-22,27.0
SKU0149,2024-07-29,91.0
SKU0149,2024-08-05,75.0
SKU0149,2024-08-12,79.0
SKU0149,2024-08-19,103.0
SKU0149,2024-08-26,90.0
SKU0149,2024-09-02,108.0
SKU0149,2024-09-09,112.0
SKU0149,2024-09-16,91.0
SKU0149,2024-09-23,94.0
SKU0149,2024-09-30,75.0
SKU0149,2024-10-07,111.0
SKU0149,2024-10-14,132.0
SKU0149,2024-10-21,218.0
SKU0149,2024-10-28,216.0
SKU0149,2024-11-04,221.0
SKU0149,2024-11-11,136.0
SKU0149,2024-11-18,130.0
SKU0149,2024-11-25,155.0
SKU0149,2024-12-02,180.0
SKU0149,2024-12-09,124.0
SKU0149,2024-12-16,134.0
SKU0149,2024-12-23,169.0
SKU0149,2024-12-30,229.0
SKU0149,2025-01-06,142.0
SKU0149,2025-01-13,96.0
SKU0149,2025-01-20,81.0
SKU0149,2025-01-27,71.0
SKU0149,2025-02-03,83.0
SKU0149,2025-02-10,88.0
SKU0149,2025-02-17,71.0
SKU0149,2025-02-24,76.0
SKU0149,2025-03-03,89.0
SKU0149,2025-03-10,101.0
SKU0149,2025-03-17,79.0
SKU0149,2025-03-24,104.0
SKU0149,2025-03-31,96.0
SKU0149,2025-04-07,87.0
SKU0149,2025-04-14,95.0
SKU0149,2025-04-21,105.0
SKU0149,2025-04-28,90.0
SKU0149,2025-05-05,93.0
SKU0149,2025-05-12,92.0
SKU0149,2025-05-19,108.0
SKU0149,2025-05-26,94.0
SKU0149,2025-06-02,84.0
SKU0149,2025-06-09,96.0
SKU0149,2025-06-16,123.0
SKU0149,2025-06-23,135.0
SKU0149,2025-06-30,158.0
SKU0149,2025-07-07,91.0
SKU0149,2025-07-14,101.0
SKU0149,2025-07-21,101.0
SKU0149,2025-07-28,94.0
SKU0149,2025-08-04,102.0
SKU0149,2025-08-11,119.0
SKU0149,2025-08-18,100.0
SKU0149,2025-08-25,93.0
SKU0149,2025-09-01,94.0
SKU0149,2025-09-08,89.0
SKU0149,2025-09-15,90.0
SKU0149,2025-09-22,118.0
SKU0149,2025-09-29,96.0
SKU0149,2025-10-06,127.0
SKU0149,2025-10-13,142.0
SKU0149,2025-10-20,224.0
SKU0149,2025-10-27,228.0
SKU0149,2025-11-03,211.0
SKU0149,2025-11-10,156.0
SKU0149,2025-11-17,146.0
SKU0149,2025-11-24,146.0
SKU0149,2025-12-01,224.0
SKU0149,2025-12-08,147.0
SKU0149,2025-12-15,145.0
SKU0149,2025-12-22,167.0
SKU0149,2025-12-29,245.0
SKU0149,2026-01-05,148.0
SKU0149,2026-01-12,105.0
SKU0149,2026-01-19,97.0
SKU0149,2026-01-26,82.0
SKU0149,2026-02-02,93.0
SKU0149,2026-02-09,82.0
SKU0149,2026-02-16,85.0
SKU0149,2026-02-23,95.0
SKU0149,2026-03-02,100.0
SKU0149,2026-03-09,96.0
SKU0149,2026-03-16,104.0
SKU0149,2026-03-23,106.0
SKU0149,2026-03-30,95.0
SKU0149,2026-04-06,87.0
SKU0149,2026-04-13,97.0
SKU0149,2026-04-20,98.0
SKU0149,2026-04-27,101.0
SKU0149,2026-05-04,113.0
SKU0149,2026-05-11,91.0
SKU0149,2026-05-18,93.0
SKU0149,2026-05-25,105.0
SKU0149,2026-06-01,90.0
SKU0149,2026-06-08,98.0
SKU0149,2026-06-15,108.0
SKU0149,2026-06-22,174.0
SKU0149,2026-06-29,182.0
SKU0149,2026-07-06,118.0
SKU0149,2026-07-13,93.0
SKU0149,2026-07-20,99.0
SKU0150,2024-07-29,39.0
SKU0150,2024-08-05,46.0
SKU0150,2024-08-12,45.0
SKU0150,2024-08-19,47.0
SKU0150,2024-08-26,37.0
SKU0150,2024-09-02,42.0
SKU0150,2024-09-09,44.0
SKU0150,2024-09-16,34.0
SKU0150,2024-09-23,40.0
SKU0150,2024-09-30,42.0
SKU0150,2024-10-07,62.0
SKU0150,2024-10-14,39.0
SKU0150,2024-10-21,92.0
SKU0150,2024-10-28,79.0
SKU0150,2024-11-04,87.0
SKU0150,2024-11-11,60.0
SKU0150,2024-11-18,52.0
SKU0150,2024-11-25,52.0
SKU0150,2024-12-02,72.0
SKU0150,2024-12-09,54.0
SKU0150,2024-12-16,60.0
SKU0150,2024-12-23,75.0
SKU0150,2024-12-30,85.0
SKU0150,2025-01-06,64.0
SKU0150,2025-01-13,44.0
SKU0150,2025-01-20,23.0
SKU0150,2025-01-27,22.0
SKU0150,2025-02-03,45.0
SKU0150,2025-02-10,36.0
SKU0150,2025-02-17,43.0
SKU0150,2025-02-24,41.0
SKU0150,2025-03-03,41.0
SKU0150,2025-03-10,46.0
SKU0150,2025-03-17,34.0
SKU0150,2025-03-24,48.0
SKU0150,2025-03-31,37.0
SKU0150,2025-04-07,33.0
SKU0150,2025-04-14,42.0
SKU0150,2025-04-21,32.0
SKU0150,2025-04-28,40.0
SKU0150,2025-05-05,43.0
SKU0150,2025-05-12,38.0
SKU0150,2025-05-19,47.0
SKU0150,2025-05-26,33.0
SKU0150,2025-06-02,42.0
SKU0150,2025-06-09,35.0
SKU0150,2025-06-16,46.0
SKU0150,2025-06-23,53.0
SKU0150,2025-06-30,68.0
SKU0150,2025-07-07,48.0
SKU0150,2025-07-14,44.0
SKU0150,2025-07-21,37.0
SKU0150,2025-07-28,42.0
SKU0150,2025-08-04,44.0
SKU0150,2025-08-11,31.0
SKU0150,2025-08-18,31.0
SKU0150,2025-08-25,34.0
SKU0150,2025-09-01,43.0
SKU0150,2025-09-08,32.0
SKU0150,2025-09-15,35.0
SKU0150,2025-09-22,38.0
SKU0150,2025-09-29,47.0
SKU0150,2025-10-06,53.0
SKU0150,2025-10-13,47.0
SKU0150,2025-10-20,78.0
SKU0150,2025-10-27,102.0
SKU0150,2025-11-03,79.0
SKU0150,2025-11-10,67.0
SKU0150,2025-11-17,64.0
SKU0150,2025-11-24,56.0
SKU0150,2025-12-01,72.0
SKU0150,2025-12-08,58.0
SKU0150,2025-12-15,46.0
SKU0150,2025-12-22,64.0
SKU0150,2025-12-29,91.0
SKU0150,2026-01-05,71.0
SKU0150,2026-01-12,42.0
SKU0150,2026-01-19,23.0
SKU0150,2026-01-26,37.0
SKU0150,2026-02-02,31.0
SKU0150,2026-02-09,32.0
SKU0150,2026-02-16,33.0
SKU0150,2026-02-23,40.0
SKU0150,2026-03-02,44.0
SKU0150,2026-03-09,24.0
SKU0150,2026-03-16,30.0
SKU0150,2026-03-23,46.0
SKU0150,2026-03-30,49.0
SKU0150,2026-04-06,52.0
SKU0150,2026-04-13,42.0
SKU0150,2026-04-20,36.0
SKU0150,2026-04-27,39.0
SKU0150,2026-05-04,44.0
SKU0150,2026-05-11,50.0
SKU0150,2026-05-18,39.0
SKU0150,2026-05-25,34.0
SKU0150,2026-06-01,48.0
SKU0150,2026-06-08,40.0
SKU0150,2026-06-15,42.0
SKU0150,2026-06-22,69.0
SKU0150,2026-06-29,66.0
SKU0150,2026-07-06,47.0
SKU0150,2026-07-13,32.0
SKU0150,2026-07-20,47.0
SKU0151,2024-07-29,39.0
SKU0151,2024-08-05,98.0
SKU0151,2024-08-12,80.0
SKU0151,2024-08-19,94.0
SKU0151,2024-08-26,90.0
SKU0151,2024-09-02,100.0
SKU0151,2024-09-09,86.0
SKU0151,2024-09-16,76.0
SKU0151,2024-09-23,94.0
SKU0151,2024-09-30,93.0
SKU0151,2024-10-07,138.0
SKU0151,2024-10-14,126.0
SKU0151,2024-10-21,188.0
SKU0151,2024-10-28,228.0
SKU0151,2024-11-04,182.0
SKU0151,2024-11-11,115.0
SKU0151,2024-11-18,126.0
SKU0151,2024-11-25,122.0
SKU0151,2024-12-02,170.0
SKU0151,2024-12-09,140.0
SKU0151,2024-12-16,154.0
SKU0151,2024-12-23,194.0
SKU0151,2024-12-30,196.0
SKU0151,2025-01-06,115.0
SKU0151,2025-01-13,92.0
SKU0151,2025-01-20,81.0
SKU0151,2025-01-27,85.0
SKU0151,2025-02-03,57.0
SKU0151,2025-02-10,73.0
SKU0151,2025-02-17,84.0
SKU0151,2025-02-24,71.0
SKU0151,2025-03-03,72.0
SKU0151,2025-03-10,96.0
SKU0151,2025-03-17,91.0
SKU0151,2025-03-24,92.0
SKU0151,2025-03-31,89.0
SKU0151,2025-04-07,84.0
SKU0151,2025-04-14,80.0
SKU0151,2025-04-21,108.0
SKU0151,2025-04-28,103.0
SKU0151,2025-05-05,98.0
SKU0151,2025-05-12,94.0
SKU0151,2025-05-19,89.0
SKU0151,2025-05-26,91.0
SKU0151,2025-06-02,83.0
SKU0151,2025-06-09,90.0
SKU0151,2025-06-16,120.0
SKU0151,2025-06-23,156.0
SKU0151,2025-06-30,151.0
SKU0151,2025-07-07,92.0
SKU0151,2025-07-14,83.0
SKU0151,2025-07-21,109.0
SKU0151,2025-07-28,99.0
SKU0151,2025-08-04,82.0
SKU0151,2025-08-11,78.0
SKU0151,2025-08-18,90.0
SKU0151,2025-08-25,99.0
SKU0151,2025-09-01,106.0
SKU0151,2025-09-08,90.0
SKU0151,2025-09-15,89.0
SKU0151,2025-09-22,83.0
SKU0151,2025-09-29,70.0
SKU0151,2025-10-06,112.0
SKU0151,2025-10-13,127.0
SKU0151,2025-10-20,187.0
SKU0151,2025-10-27,191.0
SKU0151,2025-11-03,201.0
SKU0151,2025-11-10,138.0
SKU0151,2025-11-17,131.0
SKU0151,2025-11-24,114.0
SKU0151,2025-12-01,169.0
SKU0151,2025-12-08,133.0
SKU0151,2025-12-15,136.0
SKU0151,2025-12-22,184.0
SKU0151,2025-12-29,223.0
SKU0151,2026-01-05,132.0
SKU0151,2026-01-12,91.0
SKU0151,2026-01-19,75.0
SKU0151,2026-01-26,83.0
SKU0151,2026-02-02,74.0
SKU0151,2026-02-09,66.0
SKU0151,2026-02-16,81.0
SKU0151,2026-02-23,67.0
SKU0151,2026-03-02,102.0
SKU0151,2026-03-09,89.0
SKU0151,2026-03-16,74.0
SKU0151,2026-03-23,87.0
SKU0151,2026-03-30,92.0
SKU0151,2026-04-06,87.0
SKU0151,2026-04-13,73.0
SKU0151,2026-04-20,88.0
SKU0151,2026-04-27,93.0
SKU0151,2026-05-04,86.0
SKU0151,2026-05-11,115.0
SKU0151,2026-05-18,100.0
SKU0151,2026-05-25,83.0
SKU0151,2026-06-01,97.0
SKU0151,2026-06-08,91.0
SKU0151,2026-06-15,95.0
SKU0151,2026-06-22,145.0
SKU0151,2026-06-29,151.0
SKU0151,2026-07-06,90.0
SKU0151,2026-07-13,88.0
SKU0151,2026-07-20,99.0
SKU0152,2024-07-29,6.0
SKU0152,2024-08-05,49.0
SKU0152,2024-08-12,38.0
SKU0152,2024-08-19,48.0
SKU0152,2024-08-26,44.0
SKU0152,2024-09-02,32.0
SKU0152,2024-09-09,30.0
SKU0152,2024-09-16,51.0
SKU0152,2024-09-23,43.0
SKU0152,2024-09-30,37.0
SKU0152,2024-10-07,60.0
SKU0152,2024-10-14,63.0
SKU0152,2024-10-21,94.0
SKU0152,2024-10-28,90.0
SKU0152,2024-11-04,98.0
SKU0152,2024-11-11,73.0
SKU0152,2024-11-18,61.0
SKU0152,2024-11-25,49.0
SKU0152,2024-12-02,97.0
SKU0152,2024-12-09,65.0
SKU0152,2024-12-16,47.0
SKU0152,2024-12-23,64.0
SKU0152,2024-12-30,101.0
SKU0152,2025-01-06,64.0
SKU0152,2025-01-13,42.0
SKU0152,2025-01-20,34.0
SKU0152,2025-01-27,40.0
SKU0152,2025-02-03,41.0
SKU0152,2025-02-10,40.0
SKU0152,2025-02-17,35.0
SKU0152,2025-02-24,41.0
SKU0152,2025-03-03,42.0
SKU0152,2025-03-10,43.0
SKU0152,2025-03-17,46.0
SKU0152,2025-03-24,40.0
SKU0152,2025-03-31,42.0
SKU0152,2025-04-07,49.0
SKU0152,2025-04-14,41.0
SKU0152,2025-04-21,51.0
SKU0152,2025-04-28,49.0
SKU0152,2025-05-05,49.0
SKU0152,2025-05-12,49.0
SKU0152,2025-05-19,51.0
SKU0152,2025-05-26,49.0
SKU0152,2025-06-02,47.0
SKU0152,2025-06-09,45.0
SKU0152,2025-06-16,43.0
SKU0152,2025-06-23,76.0
SKU0152,2025-06-30,70.0
SKU0152,2025-07-07,41.0
SKU0152,2025-07-14,38.0
SKU0152,2025-07-21,48.0
SKU0152,2025-07-28,45.0
SKU0152,2025-08-04,34.0
SKU0152,2025-08-11,28.0
SKU0152,2025-08-18,44.0
SKU0152,2025-08-25,49.0
SKU0152,2025-09-01,44.0
SKU0152,2025-09-08,52.0
SKU0152,2025-09-15,52.0
SKU0152,2025-09-22,36.0
SKU0152,2025-09-29,48.0
SKU0152,2025-10-06,56.0
SKU0152,2025-10-13,56.0
SKU0152,2025-10-20,89.0
SKU0152,2025-10-27,95.0
SKU0152,2025-11-03,108.0
SKU0152,2025-11-10,65.0
SKU0152,2025-11-17,73.0
SKU0152,2025-11-24,57.0
SKU0152,2025-12-01,96.0
SKU0152,2025-12-08,61.0
SKU0152,2025-12-15,72.0
SKU0152,2025-12-22,89.0
SKU0152,2025-12-29,87.0
SKU0152,2026-01-05,60.0
SKU0152,2026-01-12,39.0
SKU0152,2026-01-19,35.0
SKU0152,2026-01-26,38.0
SKU0152,2026-02-02,36.0
SKU0152,2026-02-09,44.0
SKU0152,2026-02-16,30.0
SKU0152,2026-02-23,32.0
SKU0152,2026-03-02,38.0
SKU0152,2026-03-09,58.0
SKU0152,2026-03-16,43.0
SKU0152,2026-03-23,50.0
SKU0152,2026-03-30,41.0
SKU0152,2026-04-06,33.0
SKU0152,2026-04-13,49.0
SKU0152,2026-04-20,37.0
SKU0152,2026-04-27,43.0
SKU0152,2026-05-04,40.0
SKU0152,2026-05-11,43.0
SKU0152,2026-05-18,51.0
SKU0152,2026-05-25,42.0
SKU0152,2026-06-01,40.0
SKU0152,2026-06-08,47.0
SKU0152,2026-06-15,40.0
SKU0152,2026-06-22,63.0
SKU0152,2026-06-29,66.0
SKU0152,2026-07-06,41.0
SKU0152,2026-07-13,52.0
SKU0152,2026-07-20,38.0
SKU0153,2026-05-04,14.0
SKU0153,2026-05-11,27.0
SKU0153,2026-05-18,19.0
SKU0153,2026-05-25,21.0
SKU0153,2026-06-01,17.0
SKU0153,2026-06-08,17.0
SKU0153,2026-06-15,22.0
SKU0153,2026-06-22,39.0
SKU0153,2026-06-29,25.0
SKU0153,2026-07-06,22.0
SKU0153,2026-07-13,24.0
SKU0153,2026-07-20,17.0
SKU0154,2024-08-05,74.0
SKU0154,2024-08-12,76.0
SKU0154,2024-08-19,68.0
SKU0154,2024-08-26,61.0
SKU0154,2024-09-02,64.0
SKU0154,2024-09-09,66.0
SKU0154,2024-09-16,73.0
SKU0154,2024-09-23,64.0
SKU0154,2024-09-30,59.0
SKU0154,2024-10-07,96.0
SKU0154,2024-10-14,98.0
SKU0154,2024-10-21,158.0
SKU0154,2024-10-28,152.0
SKU0154,2024-11-04,199.0
SKU0154,2024-11-11,115.0
SKU0154,2024-11-18,106.0
SKU0154,2024-11-25,110.0
SKU0154,2024-12-02,143.0
SKU0154,2024-12-09,101.0
SKU0154,2024-12-16,87.0
SKU0154,2024-12-23,132.0
SKU0154,2024-12-30,169.0
SKU0154,2025-01-06,112.0
SKU0154,2025-01-13,65.0
SKU0154,2025-01-20,56.0
SKU0154,2025-01-27,79.0
SKU0154,2025-02-03,71.0
SKU0154,2025-02-10,57.0
SKU0154,2025-02-17,59.0
SKU0154,2025-02-24,53.0
SKU0154,2025-03-03,77.0
SKU0154,2025-03-10,64.0
SKU0154,2025-03-17,76.0
SKU0154,2025-03-24,80.0
SKU0154,2025-03-31,63.0
SKU0154,2025-04-07,74.0
SKU0154,2025-04-14,63.0
SKU0154,2025-04-21,65.0
SKU0154,2025-04-28,84.0
SKU0154,2025-05-05,86.0
SKU0154,2025-05-12,80.0
SKU0154,2025-05-19,81.0
SKU0154,2025-05-26,87.0
SKU0154,2025-06-02,65.0
SKU0154,2025-06-09,78.0
SKU0154,2025-06-16,88.0
SKU0154,2025-06-23,131.0
SKU0154,2025-06-30,125.0
SKU0154,2025-07-07,77.0
SKU0154,2025-07-14,66.0
SKU0154,2025-07-21,75.0
SKU0154,2025-07-28,77.0
SKU0154,2025-08-04,78.0
SKU0154,2025-08-11,82.0
SKU0154,2025-08-18,63.0
SKU0154,2025-08-25,73.0
SKU0154,2025-09-01,85.0
SKU0154,2025-09-08,84.0
SKU0154,2025-09-15,92.0
SKU0154,2025-09-22,72.0
SKU0154,2025-09-29,80.0
SKU0154,2025-10-06,112.0
SKU0154,2025-10-13,97.0
SKU0154,2025-10-20,148.0
SKU0154,2025-10-27,159.0
SKU0154,2025-11-03,174.0
SKU0154,2025-11-10,130.0
SKU0154,2025-11-17,93.0
SKU0154,2025-11-24,96.0
SKU0154,2025-12-01,169.0
SKU0154,2025-12-08,104.0
SKU0154,2025-12-15,106.0
SKU0154,2025-12-22,154.0
SKU0154,2025-12-29,197.0
SKU0154,2026-01-05,106.0
SKU0154,2026-01-12,66.0
SKU0154,2026-01-19,61.0
SKU0154,2026-01-26,65.0
SKU0154,2026-02-02,76.0
SKU0154,2026-02-09,68.0
SKU0154,2026-02-16,69.0
SKU0154,2026-02-23,67.0
SKU0154,2026-03-02,63.0
SKU0154,2026-03-09,97.0
SKU0154,2026-03-16,67.0
SKU0154,2026-03-23,75.0
SKU0154,2026-03-30,75.0
SKU0154,2026-04-06,75.0
SKU0154,2026-04-13,87.0
SKU0154,2026-04-20,79.0
SKU0154,2026-04-27,81.0
SKU0154,2026-05-04,77.0
SKU0154,2026-05-11,66.0
SKU0154,2026-05-18,96.0
SKU0154,2026-05-25,64.0
SKU0154,2026-06-01,69.0
SKU0154,2026-06-08,82.0
SKU0154,2026-06-15,94.0
SKU0154,2026-06-22,154.0
SKU0154,2026-06-29,122.0
SKU0154,2026-07-06,80.0
SKU0154,2026-07-13,89.0
SKU0154,2026-07-20,62.0
SKU0155,2024-07-22,14.0
SKU0155,2024-07-29,37.0
SKU0155,2024-08-05,40.0
SKU0155,2024-08-12,38.0
SKU0155,2024-08-19,37.0
SKU0155,2024-08-26,53.0
SKU0155,2024-09-02,40.0
SKU0155,2024-09-09,42.0
SKU0155,2024-09-16,39.0
SKU0155,2024-09-23,33.0
SKU0155,2024-09-30,34.0
SKU0155,2024-10-07,48.0
SKU0155,2024-10-14,52.0
SKU0155,2024-10-21,77.0
SKU0155,2024-10-28,72.0
SKU0155,2024-11-04,92.0
SKU0155,2024-11-11,48.0
SKU0155,2024-11-18,48.0
SKU0155,2024-11-25,48.0
SKU0155,2024-12-02,85.0
SKU0155,2024-12-09,49.0
SKU0155,2024-12-16,64.0
SKU0155,2024-12-23,62.0
SKU0155,2024-12-30,92.0
SKU0155,2025-01-06,54.0
SKU0155,2025-01-13,29.0
SKU0155,2025-01-20,30.0
SKU0155,2025-01-27,24.0
SKU0155,2025-02-03,37.0
SKU0155,2025-02-10,32.0
SKU0155,2025-02-17,36.0
SKU0155,2025-02-24,32.0
SKU0155,2025-03-03,38.0
SKU0155,2025-03-10,37.0
SKU0155,2025-03-17,35.0
SKU0155,2025-03-24,45.0
SKU0155,2025-03-31,42.0
SKU0155,2025-04-07,37.0
SKU0155,2025-04-14,35.0
SKU0155,2025-04-21,38.0
SKU0155,2025-04-28,39.0
SKU0155,2025-05-05,36.0
SKU0155,2025-05-12,34.0
SKU0155,2025-05-19,42.0
SKU0155,2025-05-26,43.0
SKU0155,2025-06-02,43.0
SKU0155,2025-06-09,33.0
SKU0155,2025-06-16,35.0
SKU0155,2025-06-23,45.0
SKU0155,2025-06-30,57.0
SKU0155,2025-07-07,40.0
SKU0155,2025-07-14,45.0
SKU0155,2025-07-21,26.0
SKU0155,2025-07-28,43.0
SKU0155,2025-08-04,36.0
SKU0155,2025-08-11,39.0
SKU0155,2025-08-18,38.0
SKU0155,2025-08-25,32.0
SKU0155,2025-09-01,35.0
SKU0155,2025-09-08,45.0
SKU0155,2025-09-15,44.0
SKU0155,2025-09-22,42.0
SKU0155,2025-09-29,27.0
SKU0155,2025-10-06,58.0
SKU0155,2025-10-13,58.0
SKU0155,2025-10-20,85.0
SKU0155,2025-10-27,87.0
SKU0155,2025-11-03,93.0
SKU0155,2025-11-10,61.0
SKU0155,2025-11-17,45.0
SKU0155,2025-11-24,52.0
SKU0155,2025-12-01,77.0
SKU0155,2025-12-08,52.0
SKU0155,2025-12-15,57.0
SKU0155,2025-12-22,72.0
SKU0155,2025-12-29,92.0
SKU0155,2026-01-05,53.0
SKU0155,2026-01-12,34.0
SKU0155,2026-01-19,37.0
SKU0155,2026-01-26,36.0
SKU0155,2026-02-02,35.0
SKU0155,2026-02-09,32.0
SKU0155,2026-02-16,32.0
SKU0155,2026-02-23,26.0
SKU0155,2026-03-02,30.0
SKU0155,2026-03-09,42.0
SKU0155,2026-03-16,48.0
SKU0155,2026-03-23,48.0
SKU0155,2026-03-30,41.0
SKU0155,2026-04-06,41.0
SKU0155,2026-04-13,47.0
SKU0155,2026-04-20,33.0
SKU0155,2026-04-27,40.0
SKU0155,2026-05-04,37.0
SKU0155,2026-05-11,40.0
SKU0155,2026-05-18,32.0
SKU0155,2026-05-25,38.0
SKU0155,2026-06-01,38.0
SKU0155,2026-06-08,31.0
SKU0155,2026-06-15,46.0
SKU0155,2026-06-22,64.0
SKU0155,2026-06-29,58.0
SKU0155,2026-07-06,37.0
SKU0155,2026-07-13,38.0
SKU0155,2026-07-20,38.0
SKU0156,2024-08-05,17.0
SKU0156,2024-08-12,36.0
SKU0156,2024-08-19,25.0
SKU0156,2024-08-26,31.0
SKU0156,2024-09-02,29.0
SKU0156,2024-09-09,48.0
SKU0156,2024-09-16,38.0
SKU0156,2024-09-23,36.0
SKU0156,2024-09-30,50.0
SKU0156,2024-10-07,49.0
SKU0156,2024-10-14,43.0
SKU0156,2024-10-21,79.0
SKU0156,2024-10-28,65.0
SKU0156,2024-11-04,67.0
SKU0156,2024-11-11,67.0
SKU0156,2024-11-18,39.0
SKU0156,2024-11-25,38.0
SKU0156,2024-12-02,64.0
SKU0156,2024-12-09,46.0
SKU0156,2024-12-16,54.0
SKU0156,2024-12-23,63.0
SKU0156,2024-12-30,74.0
SKU0156,2025-01-06,58.0
SKU0156,2025-01-13,35.0
SKU0156,2025-01-20,21.0
SKU0156,2025-01-27,27.0
SKU0156,2025-02-03,34.0
SKU0156,2025-02-10,27.0
SKU0156,2025-02-17,33.0
SKU0156,2025-02-24,30.0
SKU0156,2025-03-03,39.0
SKU0156,2025-03-10,20.0
SKU0156,2025-03-17,45.0
SKU0156,2025-03-24,31.0
SKU0156,2025-03-31,40.0
SKU0156,2025-04-07,46.0
SKU0156,2025-04-14,35.0
SKU0156,2025-04-21,33.0
SKU0156,2025-04-28,37.0
SKU0156,2025-05-05,43.0
SKU0156,2025-05-12,40.0
SKU0156,2025-05-19,33.0
SKU0156,2025-05-26,42.0
SKU0156,2025-06-02,40.0
SKU0156,2025-06-09,36.0
SKU0156,2025-06-16,50.0
SKU0156,2025-06-23,51.0
SKU0156,2025-06-30,62.0
SKU0156,2025-07-07,38.0
SKU0156,2025-07-14,40.0
SKU0156,2025-07-21,37.0
SKU0156,2025-07-28,40.0
SKU0156,2025-08-04,41.0
SKU0156,2025-08-11,44.0
SKU0156,2025-08-18,34.0
SKU0156,2025-08-25,38.0
SKU0156,2025-09-01,32.0
SKU0156,2025-09-08,39.0
SKU0156,2025-09-15,37.0
SKU0156,2025-09-22,25.0
SKU0156,2025-09-29,41.0
SKU0156,2025-10-06,46.0
SKU0156,2025-10-13,55.0
SKU0156,2025-10-20,75.0
SKU0156,2025-10-27,90.0
SKU0156,2025-11-03,78.0
SKU0156,2025-11-10,72.0
SKU0156,2025-11-17,60.0
SKU0156,2025-11-24,46.0
SKU0156,2025-12-01,90.0
SKU0156,2025-12-08,59.0
SKU0156,2025-12-15,63.0
SKU0156,2025-12-22,66.0
SKU0156,2025-12-29,99.0
SKU0156,2026-01-05,57.0
SKU0156,2026-01-12,37.0
SKU0156,2026-01-19,45.0
SKU0156,2026-01-26,29.0
SKU0156,2026-02-02,35.0
SKU0156,2026-02-09,22.0
SKU0156,2026-02-16,32.0
SKU0156,2026-02-23,32.0
SKU0156,2026-03-02,37.0
SKU0156,2026-03-09,44.0
SKU0156,2026-03-16,49.0
SKU0156,2026-03-23,48.0
SKU0156,2026-03-30,39.0
SKU0156,2026-04-06,41.0
SKU0156,2026-04-13,38.0
SKU0156,2026-04-20,33.0
SKU0156,2026-04-27,43.0
SKU0156,2026-05-04,48.0
SKU0156,2026-05-11,42.0
SKU0156,2026-05-18,41.0
SKU0156,2026-05-25,46.0
SKU0156,2026-06-01,37.0
SKU0156,2026-06-08,39.0
SKU0156,2026-06-15,46.0
SKU0156,2026-06-22,71.0
SKU0156,2026-06-29,82.0
SKU0156,2026-07-06,38.0
SKU0156,2026-07-13,43.0
SKU0156,2026-07-20,38.0
SKU0157,2024-08-05,47.0
SKU0157,2024-08-12,159.0
SKU0157,2024-08-19,148.0
SKU0157,2024-08-26,147.0
SKU0157,2024-09-02,157.0
SKU0157,2024-09-09,136.0
SKU0157,2024-09-16,150.0
SKU0157,2024-09-23,137.0
SKU0157,2024-09-30,155.0
SKU0157,2024-10-07,208.0
SKU0157,2024-10-14,205.0
SKU0157,2024-10-21,319.0
SKU0157,2024-10-28,303.0
SKU0157,2024-11-04,326.0
SKU0157,2024-11-11,201.0
SKU0157,2024-11-18,212.0
SKU0157,2024-11-25,214.0
SKU0157,2024-12-02,302.0
SKU0157,2024-12-09,222.0
SKU0157,2024-12-16,209.0
SKU0157,2024-12-23,324.0
SKU0157,2024-12-30,322.0
SKU0157,2025-01-06,232.0
SKU0157,2025-01-13,144.0
SKU0157,2025-01-20,136.0
SKU0157,2025-01-27,128.0
SKU0157,2025-02-03,141.0
SKU0157,2025-02-10,126.0
SKU0157,2025-02-17,127.0
SKU0157,2025-02-24,137.0
SKU0157,2025-03-03,135.0
SKU0157,2025-03-10,149.0
SKU0157,2025-03-17,152.0
SKU0157,2025-03-24,162.0
SKU0157,2025-03-31,126.0
SKU0157,2025-04-07,130.0
SKU0157,2025-04-14,157.0
SKU0157,2025-04-21,149.0
SKU0157,2025-04-28,152.0
SKU0157,2025-05-05,177.0
SKU0157,2025-05-12,150.0
SKU0157,2025-05-19,178.0
SKU0157,2025-05-26,163.0
SKU0157,2025-06-02,173.0
SKU0157,2025-06-09,148.0
SKU0157,2025-06-16,188.0
SKU0157,2025-06-23,227.0
SKU0157,2025-06-30,290.0
SKU0157,2025-07-07,166.0
SKU0157,2025-07-14,155.0
SKU0157,2025-07-21,137.0
SKU0157,2025-07-28,147.0
SKU0157,2025-08-04,147.0
SKU0157,2025-08-11,173.0
SKU0157,2025-08-18,137.0
SKU0157,2025-08-25,168.0
SKU0157,2025-09-01,143.0
SKU0157,2025-09-08,162.0
SKU0157,2025-09-15,159.0
SKU0157,2025-09-22,142.0
SKU0157,2025-09-29,154.0
SKU0157,2025-10-06,209.0
SKU0157,2025-10-13,216.0
SKU0157,2025-10-20,305.0
SKU0157,2025-10-27,372.0
SKU0157,2025-11-03,345.0
SKU0157,2025-11-10,260.0
SKU0157,2025-11-17,248.0
SKU0157,2025-11-24,221.0
SKU0157,2025-12-01,348.0
SKU0157,2025-12-08,225.0
SKU0157,2025-12-15,207.0
SKU0157,2025-12-22,285.0
SKU0157,2025-12-29,342.0
SKU0157,2026-01-05,226.0
SKU0157,2026-01-12,148.0
SKU0157,2026-01-19,145.0
SKU0157,2026-01-26,142.0
SKU0157,2026-02-02,138.0
SKU0157,2026-02-09,152.0
SKU0157,2026-02-16,134.0
SKU0157,2026-02-23,135.0
SKU0157,2026-03-02,143.0
SKU0157,2026-03-09,169.0
SKU0157,2026-03-16,160.0
SKU0157,2026-03-23,132.0
SKU0157,2026-03-30,160.0
SKU0157,2026-04-06,131.0
SKU0157,2026-04-13,159.0
SKU0157,2026-04-20,173.0
SKU0157,2026-04-27,140.0
SKU0157,2026-05-04,168.0
SKU0157,2026-05-11,149.0
SKU0157,2026-05-18,152.0
SKU0157,2026-05-25,168.0
SKU0157,2026-06-01,134.0
SKU0157,2026-06-08,179.0
SKU0157,2026-06-15,176.0
SKU0157,2026-06-22,253.0
SKU0157,2026-06-29,258.0
SKU0157,2026-07-06,169.0
SKU0157,2026-07-13,160.0
SKU0157,2026-07-20,167.0
SKU0158,2024-07-29,2.0
SKU0158,2024-08-05,1.0
SKU0158,2024-08-12,2.0
SKU0158,2024-08-19,2.0
SKU0158,2024-08-26,5.0
SKU0158,2024-09-02,6.0
SKU0158,2024-09-09,2.0
SKU0158,2024-09-16,1.0
SKU0158,2024-09-23,4.0
SKU0158,2024-09-30,1.0
SKU0158,2024-10-07,2.0
SKU0158,2024-10-14,0.0
SKU0158,2024-10-21,9.0
SKU0158,2024-10-28,10.0
SKU0158,2024-11-04,4.0
SKU0158,2024-11-11,4.0
SKU0158,2024-11-18,7.0
SKU0158,2024-11-25,4.0
SKU0158,2024-12-02,1.0
SKU0158,2024-12-09,5.0
SKU0158,2024-12-16,5.0
SKU0158,2024-12-23,5.0
SKU0158,2024-12-30,10.0
SKU0158,2025-01-06,3.0
SKU0158,2025-01-13,2.0
SKU0158,2025-01-20,2.0
SKU0158,2025-01-27,3.0
SKU0158,2025-02-03,3.0
SKU0158,2025-02-10,3.0
SKU0158,2025-02-17,0.0
SKU0158,2025-02-24,1.0
SKU0158,2025-03-03,2.0
SKU0158,2025-03-10,3.0
SKU0158,2025-03-17,2.0
SKU0158,2025-03-24,2.0
SKU0158,2025-03-31,3.0
SKU0158,2025-04-07,4.0
SKU0158,2025-04-14,4.0
SKU0158,2025-04-21,1.0
SKU0158,2025-04-28,6.0
SKU0158,2025-05-05,0.0
SKU0158,2025-05-12,4.0
SKU0158,2025-05-19,2.0
SKU0158,2025-05-26,4.0
SKU0158,2025-06-02,2.0
SKU0158,2025-06-09,3.0
SKU0158,2025-06-16,3.0
SKU0158,2025-06-23,5.0
SKU0158,2025-06-30,5.0
SKU0158,2025-07-07,7.0
SKU0158,2025-07-14,1.0
SKU0158,2025-07-21,1.0
SKU0158,2025-07-28,5.0
SKU0158,2025-08-04,2.0
SKU0158,2025-08-11,3.0
SKU0158,2025-08-18,4.0
SKU0158,2025-08-25,5.0
SKU0158,2025-09-01,5.0
SKU0158,2025-09-08,7.0
SKU0158,2025-09-15,5.0
SKU0158,2025-09-22,3.0
SKU0158,2025-09-29,1.0
SKU0158,2025-10-06,6.0
SKU0158,2025-10-13,7.0
SKU0158,2025-10-20,6.0
SKU0158,2025-10-27,3.0
SKU0158,2025-11-03,5.0
SKU0158,2025-11-10,4.0
SKU0158,2025-11-17,8.0
SKU0158,2025-11-24,2.0
SKU0158,2025-12-01,4.0
SKU0158,2025-12-08,3.0
SKU0158,2025-12-15,0.0
SKU0158,2025-12-22,1.0
SKU0158,2025-12-29,5.0
SKU0158,2026-01-05,6.0
SKU0158,2026-01-12,4.0
SKU0158,2026-01-19,4.0
SKU0158,2026-01-26,3.0
SKU0158,2026-02-02,4.0
SKU0158,2026-02-09,5.0
SKU0158,2026-02-16,4.0
SKU0158,2026-02-23,3.0
SKU0158,2026-03-02,1.0
SKU0158,2026-03-09,9.0
SKU0158,2026-03-16,6.0
SKU0158,2026-03-23,4.0
SKU0158,2026-03-30,1.0
SKU0158,2026-04-06,2.0
SKU0158,2026-04-13,2.0
SKU0158,2026-04-20,2.0
SKU0158,2026-04-27,4.0
SKU0158,2026-05-04,6.0
SKU0158,2026-05-11,2.0
SKU0158,2026-05-18,3.0
SKU0158,2026-05-25,3.0
SKU0158,2026-06-01,2.0
SKU0158,2026-06-08,0.0
SKU0158,2026-06-15,3.0
SKU0158,2026-06-22,8.0
SKU0158,2026-06-29,8.0
SKU0158,2026-07-06,3.0
SKU0158,2026-07-13,3.0
SKU0158,2026-07-20,3.0
SKU0159,2024-07-29,9.0
SKU0159,2024-08-05,5.0
SKU0159,2024-08-12,4.0
SKU0159,2024-08-19,5.0
SKU0159,2024-08-26,11.0
SKU0159,2024-09-02,11.0
SKU0159,2024-09-09,9.0
SKU0159,2024-09-16,13.0
SKU0159,2024-09-23,8.0
SKU0159,2024-09-30,7.0
SKU0159,2024-10-07,6.0
SKU0159,2024-10-14,14.0
SKU0159,2024-10-21,20.0
SKU0159,2024-10-28,13.0
SKU0159,2024-11-04,19.0
SKU0159,2024-11-11,8.0
SKU0159,2024-11-18,13.0
SKU0159,2024-11-25,10.0
SKU0159,2024-12-02,14.0
SKU0159,2024-12-09,12.0
SKU0159,2024-12-16,11.0
SKU0159,2024-12-23,11.0
SKU0159,2024-12-30,17.0
SKU0159,2025-01-06,16.0
SKU0159,2025-01-13,3.0
SKU0159,2025-01-20,8.0
SKU0159,2025-01-27,10.0
SKU0159,2025-02-03,6.0
SKU0159,2025-02-10,7.0
SKU0159,2025-02-17,5.0
SKU0159,2025-02-24,6.0
SKU0159,2025-03-03,11.0
SKU0159,2025-03-10,5.0
SKU0159,2025-03-17,5.0
SKU0159,2025-03-24,7.0
SKU0159,2025-03-31,15.0
SKU0159,2025-04-07,4.0
SKU0159,2025-04-14,13.0
SKU0159,2025-04-21,5.0
SKU0159,2025-04-28,8.0
SKU0159,2025-05-05,10.0
SKU0159,2025-05-12,6.0
SKU0159,2025-05-19,6.0
SKU0159,2025-05-26,13.0
SKU0159,2025-06-02,4.0
SKU0159,2025-06-09,9.0
SKU0159,2025-06-16,10.0
SKU0159,2025-06-23,11.0
SKU0159,2025-06-30,19.0
SKU0159,2025-07-07,9.0
SKU0159,2025-07-14,10.0
SKU0159,2025-07-21,8.0
SKU0159,2025-07-28,14.0
SKU0159,2025-08-04,7.0
SKU0159,2025-08-11,10.0
SKU0159,2025-08-18,12.0
SKU0159,2025-08-25,14.0
SKU0159,2025-09-01,11.0
SKU0159,2025-09-08,8.0
SKU0159,2025-09-15,16.0
SKU0159,2025-09-22,7.0
SKU0159,2025-09-29,9.0
SKU0159,2025-10-06,11.0
SKU0159,2025-10-13,15.0
SKU0159,2025-10-20,14.0
SKU0159,2025-10-27,25.0
SKU0159,2025-11-03,26.0
SKU0159,2025-11-10,17.0
SKU0159,2025-11-17,11.0
SKU0159,2025-11-24,11.0
SKU0159,2025-12-01,13.0
SKU0159,2025-12-08,16.0
SKU0159,2025-12-15,13.0
SKU0159,2025-12-22,24.0
SKU0159,2025-12-29,15.0
SKU0159,2026-01-05,17.0
SKU0159,2026-01-12,8.0
SKU0159,2026-01-19,8.0
SKU0159,2026-01-26,6.0
SKU0159,2026-02-02,6.0
SKU0159,2026-02-09,4.0
SKU0159,2026-02-16,7.0
SKU0159,2026-02-23,9.0
SKU0159,2026-03-02,5.0
SKU0159,2026-03-09,4.0
SKU0159,2026-03-16,9.0
SKU0159,2026-03-23,10.0
SKU0159,2026-03-30,9.0
SKU0159,2026-04-06,8.0
SKU0159,2026-04-13,6.0
SKU0159,2026-04-20,14.0
SKU0159,2026-04-27,12.0
SKU0159,2026-05-04,5.0
SKU0159,2026-05-11,10.0
SKU0159,2026-05-18,11.0
SKU0159,2026-05-25,10.0
SKU0159,2026-06-01,11.0
SKU0159,2026-06-08,8.0
SKU0159,2026-06-15,13.0
SKU0159,2026-06-22,13.0
SKU0159,2026-06-29,23.0
SKU0159,2026-07-06,8.0
SKU0159,2026-07-13,14.0
SKU0159,2026-07-20,5.0
SKU0160,2024-07-29,6.0
SKU0160,2024-08-05,18.0
SKU0160,2024-08-12,19.0
SKU0160,2024-08-19,10.0
SKU0160,2024-08-26,9.0
SKU0160,2024-09-02,7.0
SKU0160,2024-09-09,12.0
SKU0160,2024-09-16,14.0
SKU0160,2024-09-23,8.0
SKU0160,2024-09-30,10.0
SKU0160,2024-10-07,13.0
SKU0160,2024-10-14,14.0
SKU0160,2024-10-21,24.0
SKU0160,2024-10-28,24.0
SKU0160,2024-11-04,29.0
SKU0160,2024-11-11,13.0
SKU0160,2024-11-18,10.0
SKU0160,2024-11-25,16.0
SKU0160,2024-12-02,18.0
SKU0160,2024-12-09,12.0
SKU0160,2024-12-16,18.0
SKU0160,2024-12-23,19.0
SKU0160,2024-12-30,21.0
SKU0160,2025-01-06,18.0
SKU0160,2025-01-13,9.0
SKU0160,2025-01-20,10.0
SKU0160,2025-01-27,6.0
SKU0160,2025-02-03,9.0
SKU0160,2025-02-10,9.0
SKU0160,2025-02-17,7.0
SKU0160,2025-02-24,4.0
SKU0160,2025-03-03,9.0
SKU0160,2025-03-10,9.0
SKU0160,2025-03-17,10.0
SKU0160,2025-03-24,7.0
SKU0160,2025-03-31,7.0
SKU0160,2025-04-07,10.0
SKU0160,2025-04-14,10.0
SKU0160,2025-04-21,3.0
SKU0160,2025-04-28,12.0
SKU0160,2025-05-05,10.0
SKU0160,2025-05-12,6.0
SKU0160,2025-05-19,9.0
SKU0160,2025-05-26,15.0
SKU0160,2025-06-02,11.0
SKU0160,2025-06-09,12.0
SKU0160,2025-06-16,9.0
SKU0160,2025-06-23,23.0
SKU0160,2025-06-30,15.0
SKU0160,2025-07-07,11.0
SKU0160,2025-07-14,11.0
SKU0160,2025-07-21,9.0
SKU0160,2025-07-28,7.0
SKU0160,2025-08-04,13.0
SKU0160,2025-08-11,5.0
SKU0160,2025-08-18,12.0
SKU0160,2025-08-25,10.0
SKU0160,2025-09-01,4.0
SKU0160,2025-09-08,13.0
SKU0160,2025-09-15,13.0
SKU0160,2025-09-22,10.0
SKU0160,2025-09-29,8.0
SKU0160,2025-10-06,11.0
SKU0160,2025-10-13,17.0
SKU0160,2025-10-20,20.0
SKU0160,2025-10-27,26.0
SKU0160,2025-11-03,23.0
SKU0160,2025-11-10,17.0
SKU0160,2025-11-17,10.0
SKU0160,2025-11-24,14.0
SKU0160,2025-12-01,26.0
SKU0160,2025-12-08,10.0
SKU0160,2025-12-15,18.0
SKU0160,2025-12-22,15.0
SKU0160,2025-12-29,16.0
SKU0160,2026-01-05,15.0
SKU0160,2026-01-12,15.0
SKU0160,2026-01-19,15.0
SKU0160,2026-01-26,6.0
SKU0160,2026-02-02,6.0
SKU0160,2026-02-09,9.0
SKU0160,2026-02-16,5.0
SKU0160,2026-02-23,5.0
SKU0160,2026-03-02,11.0
SKU0160,2026-03-09,6.0
SKU0160,2026-03-16,6.0
SKU0160,2026-03-23,11.0
SKU0160,2026-03-30,12.0
SKU0160,2026-04-06,14.0
SKU0160,2026-04-13,13.0
SKU0160,2026-04-20,9.0
SKU0160,2026-04-27,12.0
SKU0160,2026-05-04,11.0
SKU0160,2026-05-11,9.0
SKU0160,2026-05-18,7.0
SKU0160,2026-05-25,11.0
SKU0160,2026-06-01,7.0
SKU0160,2026-06-08,14.0
SKU0160,2026-06-15,7.0
SKU0160,2026-06-22,17.0
SKU0160,2026-06-29,15.0
SKU0160,2026-07-06,12.0
SKU0160,2026-07-13,15.0
SKU0160,2026-07-20,9.0
SKU0161,2024-07-29,14.0
SKU0161,2024-08-05,15.0
SKU0161,2024-08-12,34.0
SKU0161,2024-08-19,19.0
SKU0161,2024-08-26,27.0
SKU0161,2024-09-02,23.0
SKU0161,2024-09-09,22.0
SKU0161,2024-09-16,29.0
SKU0161,2024-09-23,18.0
SKU0161,2024-09-30,22.0
SKU0161,2024-10-07,32.0
SKU0161,2024-10-14,34.0
SKU0161,2024-10-21,56.0
SKU0161,2024-10-28,54.0
SKU0161,2024-11-04,50.0
SKU0161,2024-11-11,34.0
SKU0161,2024-11-18,22.0
SKU0161,2024-11-25,33.0
SKU0161,2024-12-02,42.0
SKU0161,2024-12-09,32.0
SKU0161,2024-12-16,31.0
SKU0161,2024-12-23,42.0
SKU0161,2024-12-30,53.0
SKU0161,2025-01-06,34.0
SKU0161,2025-01-13,25.0
SKU0161,2025-01-20,13.0
SKU0161,2025-01-27,15.0
SKU0161,2025-02-03,11.0
SKU0161,2025-02-10,21.0
SKU0161,2025-02-17,21.0
SKU0161,2025-02-24,24.0
SKU0161,2025-03-03,16.0
SKU0161,2025-03-10,24.0
SKU0161,2025-03-17,31.0
SKU0161,2025-03-24,28.0
SKU0161,2025-03-31,22.0
SKU0161,2025-04-07,17.0
SKU0161,2025-04-14,19.0
SKU0161,2025-04-21,26.0
SKU0161,2025-04-28,20.0
SKU0161,2025-05-05,21.0
SKU0161,2025-05-12,19.0
SKU0161,2025-05-19,15.0
SKU0161,2025-05-26,28.0
SKU0161,2025-06-02,19.0
SKU0161,2025-06-09,24.0
SKU0161,2025-06-16,24.0
SKU0161,2025-06-23,40.0
SKU0161,2025-06-30,38.0
SKU0161,2025-07-07,28.0
SKU0161,2025-07-14,29.0
SKU0161,2025-07-21,30.0
SKU0161,2025-07-28,21.0
SKU0161,2025-08-04,27.0
SKU0161,2025-08-11,24.0
SKU0161,2025-08-18,22.0
SKU0161,2025-08-25,19.0
SKU0161,2025-09-01,20.0
SKU0161,2025-09-08,21.0
SKU0161,2025-09-15,20.0
SKU0161,2025-09-22,26.0
SKU0161,2025-09-29,15.0
SKU0161,2025-10-06,38.0
SKU0161,2025-10-13,29.0
SKU0161,2025-10-20,44.0
SKU0161,2025-10-27,53.0
SKU0161,2025-11-03,48.0
SKU0161,2025-11-10,41.0
SKU0161,2025-11-17,31.0
SKU0161,2025-11-24,28.0
SKU0161,2025-12-01,53.0
SKU0161,2025-12-08,27.0
SKU0161,2025-12-15,33.0
SKU0161,2025-12-22,35.0
SKU0161,2025-12-29,60.0
SKU0161,2026-01-05,38.0
SKU0161,2026-01-12,28.0
SKU0161,2026-01-19,17.0
SKU0161,2026-01-26,20.0
SKU0161,2026-02-02,16.0
SKU0161,2026-02-09,15.0
SKU0161,2026-02-16,21.0
SKU0161,2026-02-23,28.0
SKU0161,2026-03-02,29.0
SKU0161,2026-03-09,18.0
SKU0161,2026-03-16,24.0
SKU0161,2026-03-23,22.0
SKU0161,2026-03-30,26.0
SKU0161,2026-04-06,20.0
SKU0161,2026-04-13,21.0
SKU0161,2026-04-20,16.0
SKU0161,2026-04-27,24.0
SKU0161,2026-05-04,23.0
SKU0161,2026-05-11,30.0
SKU0161,2026-05-18,27.0
SKU0161,2026-05-25,27.0
SKU0161,2026-06-01,27.0
SKU0161,2026-06-08,26.0
SKU0161,2026-06-15,19.0
SKU0161,2026-06-22,33.0
SKU0161,2026-06-29,42.0
SKU0161,2026-07-06,21.0
SKU0161,2026-07-13,26.0
SKU0161,2026-07-20,24.0
SKU0162,2024-08-05,21.0
SKU0162,2024-08-12,34.0
SKU0162,2024-08-19,32.0
SKU0162,2024-08-26,22.0
SKU0162,2024-09-02,24.0
SKU0162,2024-09-09,18.0
SKU0162,2024-09-16,30.0
SKU0162,2024-09-23,24.0
SKU0162,2024-09-30,28.0
SKU0162,2024-10-07,43.0
SKU0162,2024-10-14,31.0
SKU0162,2024-10-21,68.0
SKU0162,2024-10-28,50.0
SKU0162,2024-11-04,49.0
SKU0162,2024-11-11,40.0
SKU0162,2024-11-18,35.0
SKU0162,2024-11-25,38.0
SKU0162,2024-12-02,44.0
SKU0162,2024-12-09,34.0
SKU0162,2024-12-16,39.0
SKU0162,2024-12-23,64.0
SKU0162,2024-12-30,52.0
SKU0162,2025-01-06,45.0
SKU0162,2025-01-13,27.0
SKU0162,2025-01-20,24.0
SKU0162,2025-01-27,14.0
SKU0162,2025-02-03,35.0
SKU0162,2025-02-10,21.0
SKU0162,2025-02-17,32.0
SKU0162,2025-02-24,19.0
SKU0162,2025-03-03,26.0
SKU0162,2025-03-10,24.0
SKU0162,2025-03-17,23.0
SKU0162,2025-03-24,30.0
SKU0162,2025-03-31,30.0
SKU0162,2025-04-07,31.0
SKU0162,2025-04-14,24.0
SKU0162,2025-04-21,16.0
SKU0162,2025-04-28,18.0
SKU0162,2025-05-05,18.0
SKU0162,2025-05-12,27.0
SKU0162,2025-05-19,22.0
SKU0162,2025-05-26,21.0
SKU0162,2025-06-02,22.0
SKU0162,2025-06-09,31.0
SKU0162,2025-06-16,27.0
SKU0162,2025-06-23,42.0
SKU0162,2025-06-30,41.0
SKU0162,2025-07-07,24.0
SKU0162,2025-07-14,28.0
SKU0162,2025-07-21,31.0
SKU0162,2025-07-28,31.0
SKU0162,2025-08-04,24.0
SKU0162,2025-08-11,25.0
SKU0162,2025-08-18,20.0
SKU0162,2025-08-25,27.0
SKU0162,2025-09-01,19.0
SKU0162,2025-09-08,26.0
SKU0162,2025-09-15,16.0
SKU0162,2025-09-22,29.0
SKU0162,2025-09-29,21.0
SKU0162,2025-10-06,41.0
SKU0162,2025-10-13,29.0
SKU0162,2025-10-20,54.0
SKU0162,2025-10-27,53.0
SKU0162,2025-11-03,56.0
SKU0162,2025-11-10,46.0
SKU0162,2025-11-17,39.0
SKU0162,2025-11-24,31.0
SKU0162,2025-12-01,53.0
SKU0162,2025-12-08,40.0
SKU0162,2025-12-15,21.0
SKU0162,2025-12-22,36.0
SKU0162,2025-12-29,59.0
SKU0162,2026-01-05,40.0
SKU0162,2026-01-12,30.0
SKU0162,2026-01-19,24.0
SKU0162,2026-01-26,18.0
SKU0162,2026-02-02,21.0
SKU0162,2026-02-09,24.0
SKU0162,2026-02-16,26.0
SKU0162,2026-02-23,23.0
SKU0162,2026-03-02,28.0
SKU0162,2026-03-09,20.0
SKU0162,2026-03-16,24.0
SKU0162,2026-03-23,25.0
SKU0162,2026-03-30,21.0
SKU0162,2026-04-06,28.0
SKU0162,2026-04-13,21.0
SKU0162,2026-04-20,32.0
SKU0162,2026-04-27,30.0
SKU0162,2026-05-04,25.0
SKU0162,2026-05-11,22.0
SKU0162,2026-05-18,36.0
SKU0162,2026-05-25,23.0
SKU0162,2026-06-01,25.0
SKU0162,2026-06-08,27.0
SKU0162,2026-06-15,20.0
SKU0162,2026-06-22,50.0
SKU0162,2026-06-29,47.0
SKU0162,2026-07-06,34.0
SKU0162,2026-07-13,29.0
SKU0162,2026-07-20,18.0
SKU0163,2024-07-22,0.0
SKU0163,2024-07-29,2.0
SKU0163,2024-08-05,1.0
SKU0163,2024-08-12,2.0
SKU0163,2024-08-19,0.0
SKU0163,2024-08-26,2.0
SKU0163,2024-09-02,0.0
SKU0163,2024-09-09,1.0
SKU0163,2024-09-16,0.0
SKU0163,2024-09-23,1.0
SKU0163,2024-09-30,1.0
SKU0163,2024-10-07,3.0
SKU0163,2024-10-14,0.0
SKU0163,2024-10-21,0.0
SKU0163,2024-10-28,3.0
SKU0163,2024-11-04,1.0
SKU0163,2024-11-11,2.0
SKU0163,2024-11-18,1.0
SKU0163,2024-11-25,0.0
SKU0163,2024-12-02,0.0
SKU0163,2024-12-09,3.0
SKU0163,2024-12-16,1.0
SKU0163,2024-12-23,4.0
SKU0163,2024-12-30,3.0
SKU0163,2025-01-06,4.0
SKU0163,2025-01-13,1.0
SKU0163,2025-01-20,0.0
SKU0163,2025-01-27,0.0
SKU0163,2025-02-03,0.0
SKU0163,2025-02-10,2.0
SKU0163,2025-02-17,0.0
SKU0163,2025-02-24,1.0
SKU0163,2025-03-03,2.0
SKU0163,2025-03-10,0.0
SKU0163,2025-03-17,3.0
SKU0163,2025-03-24,0.0
SKU0163,2025-03-31,1.0
SKU0163,2025-04-07,2.0
SKU0163,2025-04-14,2.0
SKU0163,2025-04-21,2.0
SKU0163,2025-04-28,1.0
SKU0163,2025-05-05,0.0
SKU0163,2025-05-12,1.0
SKU0163,2025-05-19,1.0
SKU0163,2025-05-26,2.0
SKU0163,2025-06-02,0.0
SKU0163,2025-06-09,0.0
SKU0163,2025-06-16,0.0
SKU0163,2025-06-23,2.0
SKU0163,2025-06-30,0.0
SKU0163,2025-07-07,2.0
SKU0163,2025-07-14,2.0
SKU0163,2025-07-21,1.0
SKU0163,2025-07-28,0.0
SKU0163,2025-08-04,0.0
SKU0163,2025-08-11,0.0
SKU0163,2025-08-18,0.0
SKU0163,2025-08-25,2.0
SKU0163,2025-09-01,2.0
SKU0163,2025-09-08,1.0
SKU0163,2025-09-15,0.0
SKU0163,2025-09-22,0.0
SKU0163,2025-09-29,1.0
SKU0163,2025-10-06,1.0
SKU0163,2025-10-13,1.0
SKU0163,2025-10-20,1.0
SKU0163,2025-10-27,1.0
SKU0163,2025-11-03,2.0
SKU0163,2025-11-10,2.0
SKU0163,2025-11-17,0.0
SKU0163,2025-11-24,2.0
SKU0163,2025-12-01,4.0
SKU0163,2025-12-08,2.0
SKU0163,2025-12-15,3.0
SKU0163,2025-12-22,3.0
SKU0163,2025-12-29,1.0
SKU0163,2026-01-05,2.0
SKU0163,2026-01-12,1.0
SKU0163,2026-01-19,0.0
SKU0163,2026-01-26,0.0
SKU0163,2026-02-02,1.0
SKU0163,2026-02-09,3.0
SKU0163,2026-02-16,1.0
SKU0163,2026-02-23,2.0
SKU0163,2026-03-02,0.0
SKU0163,2026-03-09,2.0
SKU0163,2026-03-16,1.0
SKU0163,2026-03-23,2.0
SKU0163,2026-03-30,0.0
SKU0163,2026-04-06,0.0
SKU0163,2026-04-13,0.0
SKU0163,2026-04-20,3.0
SKU0163,2026-04-27,0.0
SKU0163,2026-05-04,0.0
SKU0163,2026-05-11,3.0
SKU0163,2026-05-18,2.0
SKU0163,2026-05-25,2.0
SKU0163,2026-06-01,1.0
SKU0163,2026-06-08,0.0
SKU0163,2026-06-15,1.0
SKU0163,2026-06-22,1.0
SKU0163,2026-06-29,0.0
SKU0163,2026-07-06,1.0
SKU0163,2026-07-13,1.0
SKU0163,2026-07-20,1.0
SKU0164,2024-07-22,6.0
SKU0164,2024-07-29,13.0
SKU0164,2024-08-05,16.0
SKU0164,2024-08-12,11.0
SKU0164,2024-08-19,12.0
SKU0164,2024-08-26,9.0
SKU0164,2024-09-02,19.0
SKU0164,2024-09-09,18.0
SKU0164,2024-09-16,9.0
SKU0164,2024-09-23,17.0
SKU0164,2024-09-30,10.0
SKU0164,2024-10-07,16.0
SKU0164,2024-10-14,19.0
SKU0164,2024-10-21,30.0
SKU0164,2024-10-28,31.0
SKU0164,2024-11-04,27.0
SKU0164,2024-11-11,16.0
SKU0164,2024-11-18,19.0
SKU0164,2024-11-25,19.0
SKU0164,2024-12-02,22.0
SKU0164,2024-12-09,26.0
SKU0164,2024-12-16,12.0
SKU0164,2024-12-23,28.0
SKU0164,2024-12-30,29.0
SKU0164,2025-01-06,23.0
SKU0164,2025-01-13,11.0
SKU0164,2025-01-20,9.0
SKU0164,2025-01-27,4.0
SKU0164,2025-02-03,11.0
SKU0164,2025-02-10,12.0
SKU0164,2025-02-17,9.0
SKU0164,2025-02-24,8.0
SKU0164,2025-03-03,6.0
SKU0164,2025-03-10,9.0
SKU0164,2025-03-17,6.0
SKU0164,2025-03-24,9.0
SKU0164,2025-03-31,15.0
SKU0164,2025-04-07,14.0
SKU0164,2025-04-14,16.0
SKU0164,2025-04-21,11.0
SKU0164,2025-04-28,11.0
SKU0164,2025-05-05,11.0
SKU0164,2025-05-12,19.0
SKU0164,2025-05-19,12.0
SKU0164,2025-05-26,6.0
SKU0164,2025-06-02,12.0
SKU0164,2025-06-09,14.0
SKU0164,2025-06-16,8.0
SKU0164,2025-06-23,19.0
SKU0164,2025-06-30,18.0
SKU0164,2025-07-07,12.0
SKU0164,2025-07-14,13.0
SKU0164,2025-07-21,10.0
SKU0164,2025-07-28,19.0
SKU0164,2025-08-04,12.0
SKU0164,2025-08-11,14.0
SKU0164,2025-08-18,10.0
SKU0164,2025-08-25,19.0
SKU0164,2025-09-01,11.0
SKU0164,2025-09-08,18.0
SKU0164,2025-09-15,19.0
SKU0164,2025-09-22,16.0
SKU0164,2025-09-29,15.0
SKU0164,2025-10-06,16.0
SKU0164,2025-10-13,12.0
SKU0164,2025-10-20,28.0
SKU0164,2025-10-27,19.0
SKU0164,2025-11-03,40.0
SKU0164,2025-11-10,22.0
SKU0164,2025-11-17,22.0
SKU0164,2025-11-24,17.0
SKU0164,2025-12-01,21.0
SKU0164,2025-12-08,19.0
SKU0164,2025-12-15,16.0
SKU0164,2025-12-22,19.0
SKU0164,2025-12-29,23.0
SKU0164,2026-01-05,21.0
SKU0164,2026-01-12,17.0
SKU0164,2026-01-19,10.0
SKU0164,2026-01-26,11.0
SKU0164,2026-02-02,11.0
SKU0164,2026-02-09,15.0
SKU0164,2026-02-16,10.0
SKU0164,2026-02-23,12.0
SKU0164,2026-03-02,7.0
SKU0164,2026-03-09,7.0
SKU0164,2026-03-16,18.0
SKU0164,2026-03-23,13.0
SKU0164,2026-03-30,6.0
SKU0164,2026-04-06,11.0
SKU0164,2026-04-13,17.0
SKU0164,2026-04-20,25.0
SKU0164,2026-04-27,17.0
SKU0164,2026-05-04,12.0
SKU0164,2026-05-11,10.0
SKU0164,2026-05-18,10.0
SKU0164,2026-05-25,18.0
SKU0164,2026-06-01,9.0
SKU0164,2026-06-08,10.0
SKU0164,2026-06-15,14.0
SKU0164,2026-06-22,17.0
SKU0164,2026-06-29,20.0
SKU0164,2026-07-06,11.0
SKU0164,2026-07-13,10.0
SKU0164,2026-07-20,9.0
SKU0165,2024-08-05,9.0
SKU0165,2024-08-12,10.0
SKU0165,2024-08-19,12.0
SKU0165,2024-08-26,8.0
SKU0165,2024-09-02,25.0
SKU0165,2024-09-09,15.0
SKU0165,2024-09-16,9.0
SKU0165,2024-09-23,13.0
SKU0165,2024-09-30,11.0
SKU0165,2024-10-07,20.0
SKU0165,2024-10-14,18.0
SKU0165,2024-10-21,21.0
SKU0165,2024-10-28,43.0
SKU0165,2024-11-04,25.0
SKU0165,2024-11-11,26.0
SKU0165,2024-11-18,14.0
SKU0165,2024-11-25,16.0
SKU0165,2024-12-02,30.0
SKU0165,2024-12-09,17.0
SKU0165,2024-12-16,21.0
SKU0165,2024-12-23,26.0
SKU0165,2024-12-30,33.0
SKU0165,2025-01-06,28.0
SKU0165,2025-01-13,5.0
SKU0165,2025-01-20,16.0
SKU0165,2025-01-27,7.0
SKU0165,2025-02-03,14.0
SKU0165,2025-02-10,10.0
SKU0165,2025-02-17,11.0
SKU0165,2025-02-24,15.0
SKU0165,2025-03-03,9.0
SKU0165,2025-03-10,16.0
SKU0165,2025-03-17,17.0
SKU0165,2025-03-24,16.0
SKU0165,2025-03-31,12.0
SKU0165,2025-04-07,15.0
SKU0165,2025-04-14,10.0
SKU0165,2025-04-21,15.0
SKU0165,2025-04-28,12.0
SKU0165,2025-05-05,11.0
SKU0165,2025-05-12,11.0
SKU0165,2025-05-19,16.0
SKU0165,2025-05-26,14.0
SKU0165,2025-06-02,18.0
SKU0165,2025-06-09,13.0
SKU0165,2025-06-16,18.0
SKU0165,2025-06-23,33.0
SKU0165,2025-06-30,27.0
SKU0165,2025-07-07,12.0
SKU0165,2025-07-14,11.0
SKU0165,2025-07-21,14.0
SKU0165,2025-07-28,21.0
SKU0165,2025-08-04,9.0
SKU0165,2025-08-11,21.0
SKU0165,2025-08-18,21.0
SKU0165,2025-08-25,17.0
SKU0165,2025-09-01,13.0
SKU0165,2025-09-08,14.0
SKU0165,2025-09-15,23.0
SKU0165,2025-09-22,20.0
SKU0165,2025-09-29,20.0
SKU0165,2025-10-06,24.0
SKU0165,2025-10-13,26.0
SKU0165,2025-10-20,42.0
SKU0165,2025-10-27,35.0
SKU0165,2025-11-03,35.0
SKU0165,2025-11-10,27.0
SKU0165,2025-11-17,23.0
SKU0165,2025-11-24,19.0
SKU0165,2025-12-01,41.0
SKU0165,2025-12-08,28.0
SKU0165,2025-12-15,26.0
SKU0165,2025-12-22,29.0
SKU0165,2025-12-29,36.0
SKU0165,2026-01-05,31.0
SKU0165,2026-01-12,19.0
SKU0165,2026-01-19,8.0
SKU0165,2026-01-26,14.0
SKU0165,2026-02-02,18.0
SKU0165,2026-02-09,13.0
SKU0165,2026-02-16,17.0
SKU0165,2026-02-23,16.0
SKU0165,2026-03-02,11.0
SKU0165,2026-03-09,18.0
SKU0165,2026-03-16,16.0
SKU0165,2026-03-23,15.0
SKU0165,2026-03-30,18.0
SKU0165,2026-04-06,20.0
SKU0165,2026-04-13,17.0
SKU0165,2026-04-20,13.0
SKU0165,2026-04-27,28.0
SKU0165,2026-05-04,14.0
SKU0165,2026-05-11,25.0
SKU0165,2026-05-18,10.0
SKU0165,2026-05-25,17.0
SKU0165,2026-06-01,20.0
SKU0165,2026-06-08,18.0
SKU0165,2026-06-15,14.0
SKU0165,2026-06-22,32.0
SKU0165,2026-06-29,29.0
SKU0165,2026-07-06,22.0
SKU0165,2026-07-13,20.0
SKU0165,2026-07-20,9.0
SKU0166,2026-07-06,347.0
SKU0166,2026-07-13,407.0
SKU0166,2026-07-20,362.0
SKU0167,2024-08-05,91.0
SKU0167,2024-08-12,201.0
SKU0167,2024-08-19,199.0
SKU0167,2024-08-26,205.0
SKU0167,2024-09-02,197.0
SKU0167,2024-09-09,217.0
SKU0167,2024-09-16,196.0
SKU0167,2024-09-23,247.0
SKU0167,2024-09-30,201.0
SKU0167,2024-10-07,284.0
SKU0167,2024-10-14,248.0
SKU0167,2024-10-21,441.0
SKU0167,2024-10-28,436.0
SKU0167,2024-11-04,427.0
SKU0167,2024-11-11,309.0
SKU0167,2024-11-18,281.0
SKU0167,2024-11-25,296.0
SKU0167,2024-12-02,382.0
SKU0167,2024-12-09,301.0
SKU0167,2024-12-16,290.0
SKU0167,2024-12-23,374.0
SKU0167,2024-12-30,406.0
SKU0167,2025-01-06,267.0
SKU0167,2025-01-13,188.0
SKU0167,2025-01-20,180.0
SKU0167,2025-01-27,167.0
SKU0167,2025-02-03,177.0
SKU0167,2025-02-10,173.0
SKU0167,2025-02-17,172.0
SKU0167,2025-02-24,183.0
SKU0167,2025-03-03,207.0
SKU0167,2025-03-10,198.0
SKU0167,2025-03-17,208.0
SKU0167,2025-03-24,194.0
SKU0167,2025-03-31,189.0
SKU0167,2025-04-07,229.0
SKU0167,2025-04-14,199.0
SKU0167,2025-04-21,214.0
SKU0167,2025-04-28,201.0
SKU0167,2025-05-05,209.0
SKU0167,2025-05-12,192.0
SKU0167,2025-05-19,154.0
SKU0167,2025-05-26,212.0
SKU0167,2025-06-02,185.0
SKU0167,2025-06-09,196.0
SKU0167,2025-06-16,253.0
SKU0167,2025-06-23,369.0
SKU0167,2025-06-30,340.0
SKU0167,2025-07-07,196.0
SKU0167,2025-07-14,232.0
SKU0167,2025-07-21,211.0
SKU0167,2025-07-28,211.0
SKU0167,2025-08-04,203.0
SKU0167,2025-08-11,200.0
SKU0167,2025-08-18,227.0
SKU0167,2025-08-25,208.0
SKU0167,2025-09-01,214.0
SKU0167,2025-09-08,213.0
SKU0167,2025-09-15,227.0
SKU0167,2025-09-22,217.0
SKU0167,2025-09-29,237.0
SKU0167,2025-10-06,278.0
SKU0167,2025-10-13,302.0
SKU0167,2025-10-20,429.0
SKU0167,2025-10-27,469.0
SKU0167,2025-11-03,522.0
SKU0167,2025-11-10,332.0
SKU0167,2025-11-17,293.0
SKU0167,2025-11-24,304.0
SKU0167,2025-12-01,456.0
SKU0167,2025-12-08,314.0
SKU0167,2025-12-15,285.0
SKU0167,2025-12-22,351.0
SKU0167,2025-12-29,490.0
SKU0167,2026-01-05,328.0
SKU0167,2026-01-12,202.0
SKU0167,2026-01-19,175.0
SKU0167,2026-01-26,190.0
SKU0167,2026-02-02,194.0
SKU0167,2026-02-09,180.0
SKU0167,2026-02-16,179.0
SKU0167,2026-02-23,207.0
SKU0167,2026-03-02,199.0
SKU0167,2026-03-09,206.0
SKU0167,2026-03-16,218.0
SKU0167,2026-03-23,230.0
SKU0167,2026-03-30,205.0
SKU0167,2026-04-06,196.0
SKU0167,2026-04-13,192.0
SKU0167,2026-04-20,214.0
SKU0167,2026-04-27,212.0
SKU0167,2026-05-04,211.0
SKU0167,2026-05-11,226.0
SKU0167,2026-05-18,225.0
SKU0167,2026-05-25,205.0
SKU0167,2026-06-01,217.0
SKU0167,2026-06-08,214.0
SKU0167,2026-06-15,255.0
SKU0167,2026-06-22,322.0
SKU0167,2026-06-29,346.0
SKU0167,2026-07-06,224.0
SKU0167,2026-07-13,204.0
SKU0167,2026-07-20,162.0
SKU0168,2024-07-29,13.0
SKU0168,2024-08-05,19.0
SKU0168,2024-08-12,30.0
SKU0168,2024-08-19,19.0
SKU0168,2024-08-26,21.0
SKU0168,2024-09-02,21.0
SKU0168,2024-09-09,23.0
SKU0168,2024-09-16,25.0
SKU0168,2024-09-23,23.0
SKU0168,2024-09-30,29.0
SKU0168,2024-10-07,28.0
SKU0168,2024-10-14,32.0
SKU0168,2024-10-21,45.0
SKU0168,2024-10-28,59.0
SKU0168,2024-11-04,49.0
SKU0168,2024-11-11,36.0
SKU0168,2024-11-18,26.0
SKU0168,2024-11-25,40.0
SKU0168,2024-12-02,38.0
SKU0168,2024-12-09,32.0
SKU0168,2024-12-16,29.0
SKU0168,2024-12-23,40.0
SKU0168,2024-12-30,48.0
SKU0168,2025-01-06,30.0
SKU0168,2025-01-13,12.0
SKU0168,2025-01-20,20.0
SKU0168,2025-01-27,19.0
SKU0168,2025-02-03,24.0
SKU0168,2025-02-10,19.0
SKU0168,2025-02-17,20.0
SKU0168,2025-02-24,20.0
SKU0168,2025-03-03,27.0
SKU0168,2025-03-10,26.0
SKU0168,2025-03-17,28.0
SKU0168,2025-03-24,25.0
SKU0168,2025-03-31,22.0
SKU0168,2025-04-07,18.0
SKU0168,2025-04-14,23.0
SKU0168,2025-04-21,26.0
SKU0168,2025-04-28,23.0
SKU0168,2025-05-05,14.0
SKU0168,2025-05-12,22.0
SKU0168,2025-05-19,25.0
SKU0168,2025-05-26,20.0
SKU0168,2025-06-02,22.0
SKU0168,2025-06-09,19.0
SKU0168,2025-06-16,32.0
SKU0168,2025-06-23,37.0
SKU0168,2025-06-30,45.0
SKU0168,2025-07-07,24.0
SKU0168,2025-07-14,18.0
SKU0168,2025-07-21,15.0
SKU0168,2025-07-28,25.0
SKU0168,2025-08-04,25.0
SKU0168,2025-08-11,18.0
SKU0168,2025-08-18,16.0
SKU0168,2025-08-25,30.0
SKU0168,2025-09-01,23.0
SKU0168,2025-09-08,27.0
SKU0168,2025-09-15,21.0
SKU0168,2025-09-22,25.0
SKU0168,2025-09-29,25.0
SKU0168,2025-10-06,28.0
SKU0168,2025-10-13,27.0
SKU0168,2025-10-20,51.0
SKU0168,2025-10-27,40.0
SKU0168,2025-11-03,44.0
SKU0168,2025-11-10,43.0
SKU0168,2025-11-17,31.0
SKU0168,2025-11-24,32.0
SKU0168,2025-12-01,57.0
SKU0168,2025-12-08,33.0
SKU0168,2025-12-15,43.0
SKU0168,2025-12-22,49.0
SKU0168,2025-12-29,47.0
SKU0168,2026-01-05,34.0
SKU0168,2026-01-12,13.0
SKU0168,2026-01-19,18.0
SKU0168,2026-01-26,13.0
SKU0168,2026-02-02,24.0
SKU0168,2026-02-09,20.0
SKU0168,2026-02-16,20.0
SKU0168,2026-02-23,25.0
SKU0168,2026-03-02,19.0
SKU0168,2026-03-09,20.0
SKU0168,2026-03-16,24.0
SKU0168,2026-03-23,25.0
SKU0168,2026-03-30,26.0
SKU0168,2026-04-06,21.0
SKU0168,2026-04-13,34.0
SKU0168,2026-04-20,19.0
SKU0168,2026-04-27,20.0
SKU0168,2026-05-04,23.0
SKU0168,2026-05-11,28.0
SKU0168,2026-05-18,27.0
SKU0168,2026-05-25,25.0
SKU0168,2026-06-01,28.0
SKU0168,2026-06-08,17.0
SKU0168,2026-06-15,18.0
SKU0168,2026-06-22,38.0
SKU0168,2026-06-29,25.0
SKU0168,2026-07-06,22.0
SKU0168,2026-07-13,20.0
SKU0168,2026-07-20,17.0
SKU0169,2024-08-12,21.0
SKU0169,2024-08-19,18.0
SKU0169,2024-08-26,27.0
SKU0169,2024-09-02,18.0
SKU0169,2024-09-09,23.0
SKU0169,2024-09-16,33.0
SKU0169,2024-09-23,22.0
SKU0169,2024-09-30,21.0
SKU0169,2024-10-07,29.0
SKU0169,2024-10-14,30.0
SKU0169,2024-10-21,59.0
SKU0169,2024-10-28,54.0
SKU0169,2024-11-04,62.0
SKU0169,2024-11-11,30.0
SKU0169,2024-11-18,29.0
SKU0169,2024-11-25,37.0
SKU0169,2024-12-02,43.0
SKU0169,2024-12-09,42.0
SKU0169,2024-12-16,31.0
SKU0169,2024-12-23,46.0
SKU0169,2024-12-30,48.0
SKU0169,2025-01-06,30.0
SKU0169,2025-01-13,19.0
SKU0169,2025-01-20,23.0
SKU0169,2025-01-27,22.0
SKU0169,2025-02-03,22.0
SKU0169,2025-02-10,15.0
SKU0169,2025-02-17,21.0
SKU0169,2025-02-24,18.0
SKU0169,2025-03-03,27.0
SKU0169,2025-03-10,24.0
SKU0169,2025-03-17,29.0
SKU0169,2025-03-24,18.0
SKU0169,2025-03-31,23.0
SKU0169,2025-04-07,23.0
SKU0169,2025-04-14,20.0
SKU0169,2025-04-21,28.0
SKU0169,2025-04-28,21.0
SKU0169,2025-05-05,33.0
SKU0169,2025-05-12,20.0
SKU0169,2025-05-19,26.0
SKU0169,2025-05-26,21.0
SKU0169,2025-06-02,23.0
SKU0169,2025-06-09,21.0
SKU0169,2025-06-16,32.0
SKU0169,2025-06-23,36.0
SKU0169,2025-06-30,41.0
SKU0169,2025-07-07,25.0
SKU0169,2025-07-14,30.0
SKU0169,2025-07-21,19.0
SKU0169,2025-07-28,23.0
SKU0169,2025-08-04,21.0
SKU0169,2025-08-11,30.0
SKU0169,2025-08-18,28.0
SKU0169,2025-08-25,26.0
SKU0169,2025-09-01,41.0
SKU0169,2025-09-08,24.0
SKU0169,2025-09-15,26.0
SKU0169,2025-09-22,17.0
SKU0169,2025-09-29,24.0
SKU0169,2025-10-06,35.0
SKU0169,2025-10-13,46.0
SKU0169,2025-10-20,58.0
SKU0169,2025-10-27,64.0
SKU0169,2025-11-03,52.0
SKU0169,2025-11-10,39.0
SKU0169,2025-11-17,44.0
SKU0169,2025-11-24,38.0
SKU0169,2025-12-01,47.0
SKU0169,2025-12-08,38.0
SKU0169,2025-12-15,50.0
SKU0169,2025-12-22,39.0
SKU0169,2025-12-29,70.0
SKU0169,2026-01-05,46.0
SKU0169,2026-01-12,20.0
SKU0169,2026-01-19,24.0
SKU0169,2026-01-26,25.0
SKU0169,2026-02-02,22.0
SKU0169,2026-02-09,22.0
SKU0169,2026-02-16,24.0
SKU0169,2026-02-23,19.0
SKU0169,2026-03-02,12.0
SKU0169,2026-03-09,23.0
SKU0169,2026-03-16,24.0
SKU0169,2026-03-23,28.0
SKU0169,2026-03-30,30.0
SKU0169,2026-04-06,30.0
SKU0169,2026-04-13,19.0
SKU0169,2026-04-20,27.0
SKU0169,2026-04-27,24.0
SKU0169,2026-05-04,31.0
SKU0169,2026-05-11,33.0
SKU0169,2026-05-18,22.0
SKU0169,2026-05-25,33.0
SKU0169,2026-06-01,26.0
SKU0169,2026-06-08,35.0
SKU0169,2026-06-15,36.0
SKU0169,2026-06-22,43.0
SKU0169,2026-06-29,36.0
SKU0169,2026-07-06,22.0
SKU0169,2026-07-13,22.0
SKU0169,2026-07-20,17.0
SKU0170,2024-07-22,8.0
SKU0170,2024-07-29,15.0
SKU0170,2024-08-05,13.0
SKU0170,2024-08-12,12.0
SKU0170,2024-08-19,11.0
SKU0170,2024-08-26,7.0
SKU0170,2024-09-02,15.0
SKU0170,2024-09-09,10.0
SKU0170,2024-09-16,9.0
SKU0170,2024-09-23,9.0
SKU0170,2024-09-30,14.0
SKU0170,2024-10-07,9.0
SKU0170,2024-10-14,14.0
SKU0170,2024-10-21,24.0
SKU0170,2024-10-28,19.0
SKU0170,2024-11-04,30.0
SKU0170,2024-11-11,20.0
SKU0170,2024-11-18,10.0
SKU0170,2024-11-25,16.0
SKU0170,2024-12-02,13.0
SKU0170,2024-12-09,15.0
SKU0170,2024-12-16,11.0
SKU0170,2024-12-23,12.0
SKU0170,2024-12-30,23.0
SKU0170,2025-01-06,12.0
SKU0170,2025-01-13,6.0
SKU0170,2025-01-20,10.0
SKU0170,2025-01-27,6.0
SKU0170,2025-02-03,13.0
SKU0170,2025-02-10,5.0
SKU0170,2025-02-17,9.0
SKU0170,2025-02-24,5.0
SKU0170,2025-03-03,12.0
SKU0170,2025-03-10,14.0
SKU0170,2025-03-17,9.0
SKU0170,2025-03-24,9.0
SKU0170,2025-03-31,8.0
SKU0170,2025-04-07,9.0
SKU0170,2025-04-14,8.0
SKU0170,2025-04-21,6.0
SKU0170,2025-04-28,6.0
SKU0170,2025-05-05,9.0
SKU0170,2025-05-12,8.0
SKU0170,2025-05-19,11.0
SKU0170,2025-05-26,17.0
SKU0170,2025-06-02,9.0
SKU0170,2025-06-09,8.0
SKU0170,2025-06-16,9.0
SKU0170,2025-06-23,10.0
SKU0170,2025-06-30,15.0
SKU0170,2025-07-07,11.0
SKU0170,2025-07-14,9.0
SKU0170,2025-07-21,11.0
SKU0170,2025-07-28,14.0
SKU0170,2025-08-04,6.0
SKU0170,2025-08-11,10.0
SKU0170,2025-08-18,14.0
SKU0170,2025-08-25,11.0
SKU0170,2025-09-01,10.0
SKU0170,2025-09-08,11.0
SKU0170,2025-09-15,9.0
SKU0170,2025-09-22,11.0
SKU0170,2025-09-29,14.0
SKU0170,2025-10-06,19.0
SKU0170,2025-10-13,9.0
SKU0170,2025-10-20,21.0
SKU0170,2025-10-27,20.0
SKU0170,2025-11-03,19.0
SKU0170,2025-11-10,15.0
SKU0170,2025-11-17,13.0
SKU0170,2025-11-24,17.0
SKU0170,2025-12-01,26.0
SKU0170,2025-12-08,15.0
SKU0170,2025-12-15,13.0
SKU0170,2025-12-22,22.0
SKU0170,2025-12-29,32.0
SKU0170,2026-01-05,16.0
SKU0170,2026-01-12,7.0
SKU0170,2026-01-19,10.0
SKU0170,2026-01-26,7.0
SKU0170,2026-02-02,8.0
SKU0170,2026-02-09,12.0
SKU0170,2026-02-16,13.0
SKU0170,2026-02-23,14.0
SKU0170,2026-03-02,6.0
SKU0170,2026-03-09,11.0
SKU0170,2026-03-16,12.0
SKU0170,2026-03-23,13.0
SKU0170,2026-03-30,9.0
SKU0170,2026-04-06,10.0
SKU0170,2026-04-13,13.0
SKU0170,2026-04-20,5.0
SKU0170,2026-04-27,9.0
SKU0170,2026-05-04,7.0
SKU0170,2026-05-11,12.0
SKU0170,2026-05-18,14.0
SKU0170,2026-05-25,8.0
SKU0170,2026-06-01,6.0
SKU0170,2026-06-08,7.0
SKU0170,2026-06-15,8.0
SKU0170,2026-06-22,19.0
SKU0170,2026-06-29,11.0
SKU0170,2026-07-06,7.0
SKU0170,2026-07-13,14.0
SKU0170,2026-07-20,6.0
SKU0171,2024-08-05,2.0
SKU0171,2024-08-12,5.0
SKU0171,2024-08-19,7.0
SKU0171,2024-08-26,2.0
SKU0171,2024-09-02,2.0
SKU0171,2024-09-09,7.0
SKU0171,2024-09-16,3.0
SKU0171,2024-09-23,5.0
SKU0171,2024-09-30,6.0
SKU0171,2024-10-07,4.0
SKU0171,2024-10-14,5.0
SKU0171,2024-10-21,9.0
SKU0171,2024-10-28,9.0
SKU0171,2024-11-04,6.0
SKU0171,2024-11-11,8.0
SKU0171,2024-11-18,6.0
SKU0171,2024-11-25,8.0
SKU0171,2024-12-02,16.0
SKU0171,2024-12-09,6.0
SKU0171,2024-12-16,5.0
SKU0171,2024-12-23,5.0
SKU0171,2024-12-30,9.0
SKU0171,2025-01-06,6.0
SKU0171,2025-01-13,1.0
SKU0171,2025-01-20,4.0
SKU0171,2025-01-27,3.0
SKU0171,2025-02-03,3.0
SKU0171,2025-02-10,3.0
SKU0171,2025-02-17,6.0
SKU0171,2025-02-24,3.0
SKU0171,2025-03-03,5.0
SKU0171,2025-03-10,3.0
SKU0171,2025-03-17,3.0
SKU0171,2025-03-24,5.0
SKU0171,2025-03-31,5.0
SKU0171,2025-04-07,5.0
SKU0171,2025-04-14,5.0
SKU0171,2025-04-21,5.0
SKU0171,2025-04-28,8.0
SKU0171,2025-05-05,7.0
SKU0171,2025-05-12,11.0
SKU0171,2025-05-19,5.0
SKU0171,2025-05-26,5.0
SKU0171,2025-06-02,8.0
SKU0171,2025-06-09,7.0
SKU0171,2025-06-16,6.0
SKU0171,2025-06-23,5.0
SKU0171,2025-06-30,8.0
SKU0171,2025-07-07,3.0
SKU0171,2025-07-14,5.0
SKU0171,2025-07-21,6.0
SKU0171,2025-07-28,5.0
SKU0171,2025-08-04,7.0
SKU0171,2025-08-11,5.0
SKU0171,2025-08-18,8.0
SKU0171,2025-08-25,6.0
SKU0171,2025-09-01,3.0
SKU0171,2025-09-08,3.0
SKU0171,2025-09-15,3.0
SKU0171,2025-09-22,5.0
SKU0171,2025-09-29,6.0
SKU0171,2025-10-06,8.0
SKU0171,2025-10-13,10.0
SKU0171,2025-10-20,16.0
SKU0171,2025-10-27,8.0
SKU0171,2025-11-03,13.0
SKU0171,2025-11-10,11.0
SKU0171,2025-11-17,4.0
SKU0171,2025-11-24,6.0
SKU0171,2025-12-01,14.0
SKU0171,2025-12-08,5.0
SKU0171,2025-12-15,5.0
SKU0171,2025-12-22,12.0
SKU0171,2025-12-29,11.0
SKU0171,2026-01-05,10.0
SKU0171,2026-01-12,5.0
SKU0171,2026-01-19,2.0
SKU0171,2026-01-26,5.0
SKU0171,2026-02-02,2.0
SKU0171,2026-02-09,8.0
SKU0171,2026-02-16,4.0
SKU0171,2026-02-23,2.0
SKU0171,2026-03-02,5.0
SKU0171,2026-03-09,4.0
SKU0171,2026-03-16,6.0
SKU0171,2026-03-23,5.0
SKU0171,2026-03-30,8.0
SKU0171,2026-04-06,9.0
SKU0171,2026-04-13,4.0
SKU0171,2026-04-20,10.0
SKU0171,2026-04-27,5.0
SKU0171,2026-05-04,6.0
SKU0171,2026-05-11,10.0
SKU0171,2026-05-18,4.0
SKU0171,2026-05-25,8.0
SKU0171,2026-06-01,5.0
SKU0171,2026-06-08,8.0
SKU0171,2026-06-15,6.0
SKU0171,2026-06-22,11.0
SKU0171,2026-06-29,12.0
SKU0171,2026-07-06,3.0
SKU0171,2026-07-13,2.0
SKU0171,2026-07-20,3.0
SKU0172,2024-07-22,11.0
SKU0172,2024-07-29,32.0
SKU0172,2024-08-05,36.0
SKU0172,2024-08-12,27.0
SKU0172,2024-08-19,20.0
SKU0172,2024-08-26,30.0
SKU0172,2024-09-02,26.0
SKU0172,2024-09-09,32.0
SKU0172,2024-09-16,32.0
SKU0172,2024-09-23,34.0
SKU0172,2024-09-30,26.0
SKU0172,2024-10-07,45.0
SKU0172,2024-10-14,40.0
SKU0172,2024-10-21,72.0
SKU0172,2024-10-28,84.0
SKU0172,2024-11-04,65.0
SKU0172,2024-11-11,52.0
SKU0172,2024-11-18,40.0
SKU0172,2024-11-25,55.0
SKU0172,2024-12-02,61.0
SKU0172,2024-12-09,28.0
SKU0172,2024-12-16,35.0
SKU0172,2024-12-23,62.0
SKU0172,2024-12-30,63.0
SKU0172,2025-01-06,62.0
SKU0172,2025-01-13,32.0
SKU0172,2025-01-20,27.0
SKU0172,2025-01-27,24.0
SKU0172,2025-02-03,29.0
SKU0172,2025-02-10,24.0
SKU0172,2025-02-17,33.0
SKU0172,2025-02-24,27.0
SKU0172,2025-03-03,25.0
SKU0172,2025-03-10,32.0
SKU0172,2025-03-17,30.0
SKU0172,2025-03-24,25.0
SKU0172,2025-03-31,34.0
SKU0172,2025-04-07,36.0
SKU0172,2025-04-14,42.0
SKU0172,2025-04-21,31.0
SKU0172,2025-04-28,28.0
SKU0172,2025-05-05,39.0
SKU0172,2025-05-12,24.0
SKU0172,2025-05-19,32.0
SKU0172,2025-05-26,32.0
SKU0172,2025-06-02,38.0
SKU0172,2025-06-09,28.0
SKU0172,2025-06-16,45.0
SKU0172,2025-06-23,50.0
SKU0172,2025-06-30,63.0
SKU0172,2025-07-07,19.0
SKU0172,2025-07-14,29.0
SKU0172,2025-07-21,24.0
SKU0172,2025-07-28,24.0
SKU0172,2025-08-04,32.0
SKU0172,2025-08-11,34.0
SKU0172,2025-08-18,23.0
SKU0172,2025-08-25,35.0
SKU0172,2025-09-01,29.0
SKU0172,2025-09-08,33.0
SKU0172,2025-09-15,32.0
SKU0172,2025-09-22,34.0
SKU0172,2025-09-29,33.0
SKU0172,2025-10-06,46.0
SKU0172,2025-10-13,46.0
SKU0172,2025-10-20,71.0
SKU0172,2025-10-27,72.0
SKU0172,2025-11-03,65.0
SKU0172,2025-11-10,44.0
SKU0172,2025-11-17,40.0
SKU0172,2025-11-24,37.0
SKU0172,2025-12-01,50.0
SKU0172,2025-12-08,43.0
SKU0172,2025-12-15,53.0
SKU0172,2025-12-22,49.0
SKU0172,2025-12-29,78.0
SKU0172,2026-01-05,47.0
SKU0172,2026-01-12,30.0
SKU0172,2026-01-19,22.0
SKU0172,2026-01-26,34.0
SKU0172,2026-02-02,31.0
SKU0172,2026-02-09,30.0
SKU0172,2026-02-16,17.0
SKU0172,2026-02-23,37.0
SKU0172,2026-03-02,35.0
SKU0172,2026-03-09,34.0
SKU0172,2026-03-16,38.0
SKU0172,2026-03-23,41.0
SKU0172,2026-03-30,37.0
SKU0172,2026-04-06,27.0
SKU0172,2026-04-13,32.0
SKU0172,2026-04-20,31.0
SKU0172,2026-04-27,37.0
SKU0172,2026-05-04,46.0
SKU0172,2026-05-11,29.0
SKU0172,2026-05-18,28.0
SKU0172,2026-05-25,29.0
SKU0172,2026-06-01,23.0
SKU0172,2026-06-08,32.0
SKU0172,2026-06-15,36.0
SKU0172,2026-06-22,52.0
SKU0172,2026-06-29,52.0
SKU0172,2026-07-06,43.0
SKU0172,2026-07-13,30.0
SKU0172,2026-07-20,27.0
SKU0173,2026-06-22,10.0
SKU0173,2026-06-29,25.0
SKU0173,2026-07-06,8.0
SKU0173,2026-07-13,11.0
SKU0173,2026-07-20,11.0
SKU0174,2024-07-29,13.0
SKU0174,2024-08-05,33.0
SKU0174,2024-08-12,28.0
SKU0174,2024-08-19,39.0
SKU0174,2024-08-26,25.0
SKU0174,2024-09-02,35.0
SKU0174,2024-09-09,31.0
SKU0174,2024-09-16,40.0
SKU0174,2024-09-23,23.0
SKU0174,2024-09-30,27.0
SKU0174,2024-10-07,51.0
SKU0174,2024-10-14,52.0
SKU0174,2024-10-21,76.0
SKU0174,2024-10-28,71.0
SKU0174,2024-11-04,69.0
SKU0174,2024-11-11,36.0
SKU0174,2024-11-18,42.0
SKU0174,2024-11-25,42.0
SKU0174,2024-12-02,56.0
SKU0174,2024-12-09,21.0
SKU0174,2024-12-16,46.0
SKU0174,2024-12-23,57.0
SKU0174,2024-12-30,61.0
SKU0174,2025-01-06,46.0
SKU0174,2025-01-13,22.0
SKU0174,2025-01-20,33.0
SKU0174,2025-01-27,26.0
SKU0174,2025-02-03,25.0
SKU0174,2025-02-10,27.0
SKU0174,2025-02-17,28.0
SKU0174,2025-02-24,33.0
SKU0174,2025-03-03,29.0
SKU0174,2025-03-10,28.0
SKU0174,2025-03-17,29.0
SKU0174,2025-03-24,26.0
SKU0174,2025-03-31,20.0
SKU0174,2025-04-07,31.0
SKU0174,2025-04-14,23.0
SKU0174,2025-04-21,20.0
SKU0174,2025-04-28,26.0
SKU0174,2025-05-05,33.0
SKU0174,2025-05-12,27.0
SKU0174,2025-05-19,27.0
SKU0174,2025-05-26,28.0
SKU0174,2025-06-02,26.0
SKU0174,2025-06-09,24.0
SKU0174,2025-06-16,33.0
SKU0174,2025-06-23,47.0
SKU0174,2025-06-30,55.0
SKU0174,2025-07-07,34.0
SKU0174,2025-07-14,31.0
SKU0174,2025-07-21,32.0
SKU0174,2025-07-28,38.0
SKU0174,2025-08-04,22.0
SKU0174,2025-08-11,33.0
SKU0174,2025-08-18,23.0
SKU0174,2025-08-25,25.0
SKU0174,2025-09-01,35.0
SKU0174,2025-09-08,34.0
SKU0174,2025-09-15,24.0
SKU0174,2025-09-22,25.0
SKU0174,2025-09-29,28.0
SKU0174,2025-10-06,36.0
SKU0174,2025-10-13,34.0
SKU0174,2025-10-20,74.0
SKU0174,2025-10-27,69.0
SKU0174,2025-11-03,70.0
SKU0174,2025-11-10,41.0
SKU0174,2025-11-17,36.0
SKU0174,2025-11-24,42.0
SKU0174,2025-12-01,63.0
SKU0174,2025-12-08,54.0
SKU0174,2025-12-15,34.0
SKU0174,2025-12-22,51.0
SKU0174,2025-12-29,69.0
SKU0174,2026-01-05,50.0
SKU0174,2026-01-12,23.0
SKU0174,2026-01-19,26.0
SKU0174,2026-01-26,24.0
SKU0174,2026-02-02,25.0
SKU0174,2026-02-09,20.0
SKU0174,2026-02-16,26.0
SKU0174,2026-02-23,25.0
SKU0174,2026-03-02,22.0
SKU0174,2026-03-09,24.0
SKU0174,2026-03-16,19.0
SKU0174,2026-03-23,29.0
SKU0174,2026-03-30,37.0
SKU0174,2026-04-06,33.0
SKU0174,2026-04-13,22.0
SKU0174,2026-04-20,35.0
SKU0174,2026-04-27,23.0
SKU0174,2026-05-04,27.0
SKU0174,2026-05-11,30.0
SKU0174,2026-05-18,33.0
SKU0174,2026-05-25,31.0
SKU0174,2026-06-01,21.0
SKU0174,2026-06-08,23.0
SKU0174,2026-06-15,22.0
SKU0174,2026-06-22,44.0
SKU0174,2026-06-29,39.0
SKU0174,2026-07-06,27.0
SKU0174,2026-07-13,26.0
SKU0174,2026-07-20,23.0
SKU0175,2024-07-29,5.0
SKU0175,2024-08-05,7.0
SKU0175,2024-08-12,4.0
SKU0175,2024-08-19,5.0
SKU0175,2024-08-26,5.0
SKU0175,2024-09-02,8.0
SKU0175,2024-09-09,7.0
SKU0175,2024-09-16,11.0
SKU0175,2024-09-23,6.0
SKU0175,2024-09-30,8.0
SKU0175,2024-10-07,10.0
SKU0175,2024-10-14,11.0
SKU0175,2024-10-21,14.0
SKU0175,2024-10-28,14.0
SKU0175,2024-11-04,14.0
SKU0175,2024-11-11,5.0
SKU0175,2024-11-18,9.0
SKU0175,2024-11-25,8.0
SKU0175,2024-12-02,11.0
SKU0175,2024-12-09,13.0
SKU0175,2024-12-16,12.0
SKU0175,2024-12-23,12.0
SKU0175,2024-12-30,17.0
SKU0175,2025-01-06,6.0
SKU0175,2025-01-13,9.0
SKU0175,2025-01-20,3.0
SKU0175,2025-01-27,3.0
SKU0175,2025-02-03,7.0
SKU0175,2025-02-10,2.0
SKU0175,2025-02-17,7.0
SKU0175,2025-02-24,10.0
SKU0175,2025-03-03,4.0
SKU0175,2025-03-10,6.0
SKU0175,2025-03-17,7.0
SKU0175,2025-03-24,7.0
SKU0175,2025-03-31,7.0
SKU0175,2025-04-07,8.0
SKU0175,2025-04-14,10.0
SKU0175,2025-04-21,6.0
SKU0175,2025-04-28,8.0
SKU0175,2025-05-05,4.0
SKU0175,2025-05-12,6.0
SKU0175,2025-05-19,9.0
SKU0175,2025-05-26,5.0
SKU0175,2025-06-02,11.0
SKU0175,2025-06-09,6.0
SKU0175,2025-06-16,12.0
SKU0175,2025-06-23,12.0
SKU0175,2025-06-30,9.0
SKU0175,2025-07-07,4.0
SKU0175,2025-07-14,4.0
SKU0175,2025-07-21,12.0
SKU0175,2025-07-28,9.0
SKU0175,2025-08-04,10.0
SKU0175,2025-08-11,5.0
SKU0175,2025-08-18,7.0
SKU0175,2025-08-25,10.0
SKU0175,2025-09-01,4.0
SKU0175,2025-09-08,7.0
SKU0175,2025-09-15,4.0
SKU0175,2025-09-22,10.0
SKU0175,2025-09-29,7.0
SKU0175,2025-10-06,6.0
SKU0175,2025-10-13,8.0
SKU0175,2025-10-20,19.0
SKU0175,2025-10-27,9.0
SKU0175,2025-11-03,14.0
SKU0175,2025-11-10,11.0
SKU0175,2025-11-17,6.0
SKU0175,2025-11-24,9.0
SKU0175,2025-12-01,14.0
SKU0175,2025-12-08,9.0
SKU0175,2025-12-15,6.0
SKU0175,2025-12-22,13.0
SKU0175,2025-12-29,13.0
SKU0175,2026-01-05,13.0
SKU0175,2026-01-12,8.0
SKU0175,2026-01-19,3.0
SKU0175,2026-01-26,5.0
SKU0175,2026-02-02,4.0
SKU0175,2026-02-09,6.0
SKU0175,2026-02-16,9.0
SKU0175,2026-02-23,6.0
SKU0175,2026-03-02,6.0
SKU0175,2026-03-09,5.0
SKU0175,2026-03-16,6.0
SKU0175,2026-03-23,8.0
SKU0175,2026-03-30,10.0
SKU0175,2026-04-06,8.0
SKU0175,2026-04-13,7.0
SKU0175,2026-04-20,10.0
SKU0175,2026-04-27,3.0
SKU0175,2026-05-04,8.0
SKU0175,2026-05-11,5.0
SKU0175,2026-05-18,10.0
SKU0175,2026-05-25,7.0
SKU0175,2026-06-01,5.0
SKU0175,2026-06-08,6.0
SKU0175,2026-06-15,3.0
SKU0175,2026-06-22,15.0
SKU0175,2026-06-29,6.0
SKU0175,2026-07-06,8.0
SKU0175,2026-07-13,9.0
SKU0175,2026-07-20,6.0
SKU0176,2024-07-29,7.0
SKU0176,2024-08-05,17.0
SKU0176,2024-08-12,16.0
SKU0176,2024-08-19,13.0
SKU0176,2024-08-26,15.0
SKU0176,2024-09-02,13.0
SKU0176,2024-09-09,15.0
SKU0176,2024-09-16,12.0
SKU0176,2024-09-23,15.0
SKU0176,2024-09-30,18.0
SKU0176,2024-10-07,20.0
SKU0176,2024-10-14,20.0
SKU0176,2024-10-21,36.0
SKU0176,2024-10-28,34.0
SKU0176,2024-11-04,24.0
SKU0176,2024-11-11,17.0
SKU0176,2024-11-18,20.0
SKU0176,2024-11-25,20.0
SKU0176,2024-12-02,31.0
SKU0176,2024-12-09,23.0
SKU0176,2024-12-16,16.0
SKU0176,2024-12-23,33.0
SKU0176,2024-12-30,39.0
SKU0176,2025-01-06,20.0
SKU0176,2025-01-13,14.0
SKU0176,2025-01-20,20.0
SKU0176,2025-01-27,10.0
SKU0176,2025-02-03,13.0
SKU0176,2025-02-10,11.0
SKU0176,2025-02-17,13.0
SKU0176,2025-02-24,9.0
SKU0176,2025-03-03,13.0
SKU0176,2025-03-10,18.0
SKU0176,2025-03-17,13.0
SKU0176,2025-03-24,11.0
SKU0176,2025-03-31,14.0
SKU0176,2025-04-07,13.0
SKU0176,2025-04-14,13.0
SKU0176,2025-04-21,14.0
SKU0176,2025-04-28,18.0
SKU0176,2025-05-05,16.0
SKU0176,2025-05-12,18.0
SKU0176,2025-05-19,17.0
SKU0176,2025-05-26,17.0
SKU0176,2025-06-02,11.0
SKU0176,2025-06-09,11.0
SKU0176,2025-06-16,17.0
SKU0176,2025-06-23,26.0
SKU0176,2025-06-30,17.0
SKU0176,2025-07-07,15.0
SKU0176,2025-07-14,18.0
SKU0176,2025-07-21,11.0
SKU0176,2025-07-28,8.0
SKU0176,2025-08-04,15.0
SKU0176,2025-08-11,19.0
SKU0176,2025-08-18,15.0
SKU0176,2025-08-25,17.0
SKU0176,2025-09-01,16.0
SKU0176,2025-09-08,13.0
SKU0176,2025-09-15,19.0
SKU0176,2025-09-22,10.0
SKU0176,2025-09-29,14.0
SKU0176,2025-10-06,25.0
SKU0176,2025-10-13,27.0
SKU0176,2025-10-20,48.0
SKU0176,2025-10-27,36.0
SKU0176,2025-11-03,36.0
SKU0176,2025-11-10,15.0
SKU0176,2025-11-17,23.0
SKU0176,2025-11-24,23.0
SKU0176,2025-12-01,28.0
SKU0176,2025-12-08,22.0
SKU0176,2025-12-15,18.0
SKU0176,2025-12-22,22.0
SKU0176,2025-12-29,30.0
SKU0176,2026-01-05,21.0
SKU0176,2026-01-12,11.0
SKU0176,2026-01-19,17.0
SKU0176,2026-01-26,9.0
SKU0176,2026-02-02,11.0
SKU0176,2026-02-09,18.0
SKU0176,2026-02-16,11.0
SKU0176,2026-02-23,11.0
SKU0176,2026-03-02,9.0
SKU0176,2026-03-09,12.0
SKU0176,2026-03-16,16.0
SKU0176,2026-03-23,24.0
SKU0176,2026-03-30,13.0
SKU0176,2026-04-06,21.0
SKU0176,2026-04-13,13.0
SKU0176,2026-04-20,23.0
SKU0176,2026-04-27,18.0
SKU0176,2026-05-04,15.0
SKU0176,2026-05-11,19.0
SKU0176,2026-05-18,13.0
SKU0176,2026-05-25,19.0
SKU0176,2026-06-01,6.0
SKU0176,2026-06-08,16.0
SKU0176,2026-06-15,17.0
SKU0176,2026-06-22,32.0
SKU0176,2026-06-29,31.0
SKU0176,2026-07-06,16.0
SKU0176,2026-07-13,18.0
SKU0176,2026-07-20,12.0
SKU0177,2024-07-22,20.0
SKU0177,2024-07-29,44.0
SKU0177,2024-08-05,40.0
SKU0177,2024-08-12,20.0
SKU0177,2024-08-19,42.0
SKU0177,2024-08-26,38.0
SKU0177,2024-09-02,56.0
SKU0177,2024-09-09,39.0
SKU0177,2024-09-16,52.0
SKU0177,2024-09-23,36.0
SKU0177,2024-09-30,36.0
SKU0177,2024-10-07,54.0
SKU0177,2024-10-14,51.0
SKU0177,2024-10-21,102.0
SKU0177,2024-10-28,104.0
SKU0177,2024-11-04,88.0
SKU0177,2024-11-11,59.0
SKU0177,2024-11-18,60.0
SKU0177,2024-11-25,68.0
SKU0177,2024-12-02,75.0
SKU0177,2024-12-09,65.0
SKU0177,2024-12-16,56.0
SKU0177,2024-12-23,86.0
SKU0177,2024-12-30,94.0
SKU0177,2025-01-06,62.0
SKU0177,2025-01-13,27.0
SKU0177,2025-01-20,38.0
SKU0177,2025-01-27,26.0
SKU0177,2025-02-03,27.0
SKU0177,2025-02-10,37.0
SKU0177,2025-02-17,41.0
SKU0177,2025-02-24,34.0
SKU0177,2025-03-03,37.0
SKU0177,2025-03-10,35.0
SKU0177,2025-03-17,32.0
SKU0177,2025-03-24,22.0
SKU0177,2025-03-31,40.0
SKU0177,2025-04-07,43.0
SKU0177,2025-04-14,41.0
SKU0177,2025-04-21,27.0
SKU0177,2025-04-28,36.0
SKU0177,2025-05-05,45.0
SKU0177,2025-05-12,44.0
SKU0177,2025-05-19,36.0
SKU0177,2025-05-26,27.0
SKU0177,2025-06-02,36.0
SKU0177,2025-06-09,43.0
SKU0177,2025-06-16,48.0
SKU0177,2025-06-23,64.0
SKU0177,2025-06-30,61.0
SKU0177,2025-07-07,45.0
SKU0177,2025-07-14,32.0
SKU0177,2025-07-21,41.0
SKU0177,2025-07-28,40.0
SKU0177,2025-08-04,38.0
SKU0177,2025-08-11,35.0
SKU0177,2025-08-18,38.0
SKU0177,2025-08-25,44.0
SKU0177,2025-09-01,36.0
SKU0177,2025-09-08,46.0
SKU0177,2025-09-15,34.0
SKU0177,2025-09-22,41.0
SKU0177,2025-09-29,38.0
SKU0177,2025-10-06,48.0
SKU0177,2025-10-13,62.0
SKU0177,2025-10-20,93.0
SKU0177,2025-10-27,91.0
SKU0177,2025-11-03,86.0
SKU0177,2025-11-10,59.0
SKU0177,2025-11-17,66.0
SKU0177,2025-11-24,56.0
SKU0177,2025-12-01,112.0
SKU0177,2025-12-08,52.0
SKU0177,2025-12-15,54.0
SKU0177,2025-12-22,81.0
SKU0177,2025-12-29,90.0
SKU0177,2026-01-05,56.0
SKU0177,2026-01-12,41.0
SKU0177,2026-01-19,27.0
SKU0177,2026-01-26,35.0
SKU0177,2026-02-02,25.0
SKU0177,2026-02-09,34.0
SKU0177,2026-02-16,37.0
SKU0177,2026-02-23,35.0
SKU0177,2026-03-02,33.0
SKU0177,2026-03-09,38.0
SKU0177,2026-03-16,45.0
SKU0177,2026-03-23,40.0
SKU0177,2026-03-30,49.0
SKU0177,2026-04-06,46.0
SKU0177,2026-04-13,29.0
SKU0177,2026-04-20,48.0
SKU0177,2026-04-27,47.0
SKU0177,2026-05-04,42.0
SKU0177,2026-05-11,50.0
SKU0177,2026-05-18,47.0
SKU0177,2026-05-25,34.0
SKU0177,2026-06-01,46.0
SKU0177,2026-06-08,38.0
SKU0177,2026-06-15,52.0
SKU0177,2026-06-22,60.0
SKU0177,2026-06-29,68.0
SKU0177,2026-07-06,49.0
SKU0177,2026-07-13,44.0
SKU0177,2026-07-20,51.0
SKU0178,2024-07-29,27.0
SKU0178,2024-08-05,47.0
SKU0178,2024-08-12,40.0
SKU0178,2024-08-19,43.0
SKU0178,2024-08-26,60.0
SKU0178,2024-09-02,57.0
SKU0178,2024-09-09,54.0
SKU0178,2024-09-16,41.0
SKU0178,2024-09-23,51.0
SKU0178,2024-09-30,62.0
SKU0178,2024-10-07,54.0
SKU0178,2024-10-14,87.0
SKU0178,2024-10-21,113.0
SKU0178,2024-10-28,112.0
SKU0178,2024-11-04,97.0
SKU0178,2024-11-11,63.0
SKU0178,2024-11-18,58.0
SKU0178,2024-11-25,69.0
SKU0178,2024-12-02,98.0
SKU0178,2024-12-09,66.0
SKU0178,2024-12-16,55.0
SKU0178,2024-12-23,102.0
SKU0178,2024-12-30,119.0
SKU0178,2025-01-06,77.0
SKU0178,2025-01-13,48.0
SKU0178,2025-01-20,43.0
SKU0178,2025-01-27,36.0
SKU0178,2025-02-03,43.0
SKU0178,2025-02-10,39.0
SKU0178,2025-02-17,26.0
SKU0178,2025-02-24,47.0
SKU0178,2025-03-03,48.0
SKU0178,2025-03-10,43.0
SKU0178,2025-03-17,59.0
SKU0178,2025-03-24,43.0
SKU0178,2025-03-31,61.0
SKU0178,2025-04-07,43.0
SKU0178,2025-04-14,47.0
SKU0178,2025-04-21,42.0
SKU0178,2025-04-28,47.0
SKU0178,2025-05-05,40.0
SKU0178,2025-05-12,41.0
SKU0178,2025-05-19,48.0
SKU0178,2025-05-26,44.0
SKU0178,2025-06-02,42.0
SKU0178,2025-06-09,34.0
SKU0178,2025-06-16,68.0
SKU0178,2025-06-23,75.0
SKU0178,2025-06-30,76.0
SKU0178,2025-07-07,53.0
SKU0178,2025-07-14,58.0
SKU0178,2025-07-21,36.0
SKU0178,2025-07-28,54.0
SKU0178,2025-08-04,53.0
SKU0178,2025-08-11,49.0
SKU0178,2025-08-18,43.0
SKU0178,2025-08-25,50.0
SKU0178,2025-09-01,37.0
SKU0178,2025-09-08,44.0
SKU0178,2025-09-15,50.0
SKU0178,2025-09-22,55.0
SKU0178,2025-09-29,55.0
SKU0178,2025-10-06,75.0
SKU0178,2025-10-13,63.0
SKU0178,2025-10-20,114.0
SKU0178,2025-10-27,95.0
SKU0178,2025-11-03,105.0
SKU0178,2025-11-10,87.0
SKU0178,2025-11-17,71.0
SKU0178,2025-11-24,76.0
SKU0178,2025-12-01,106.0
SKU0178,2025-12-08,42.0
SKU0178,2025-12-15,64.0
SKU0178,2025-12-22,80.0
SKU0178,2025-12-29,98.0
SKU0178,2026-01-05,65.0
SKU0178,2026-01-12,46.0
SKU0178,2026-01-19,37.0
SKU0178,2026-01-26,42.0
SKU0178,2026-02-02,46.0
SKU0178,2026-02-09,38.0
SKU0178,2026-02-16,56.0
SKU0178,2026-02-23,47.0
SKU0178,2026-03-02,47.0
SKU0178,2026-03-09,38.0
SKU0178,2026-03-16,44.0
SKU0178,2026-03-23,47.0
SKU0178,2026-03-30,48.0
SKU0178,2026-04-06,58.0
SKU0178,2026-04-13,45.0
SKU0178,2026-04-20,54.0
SKU0178,2026-04-27,43.0
SKU0178,2026-05-04,43.0
SKU0178,2026-05-11,41.0
SKU0178,2026-05-18,41.0
SKU0178,2026-05-25,48.0
SKU0178,2026-06-01,52.0
SKU0178,2026-06-08,40.0
SKU0178,2026-06-15,45.0
SKU0178,2026-06-22,78.0
SKU0178,2026-06-29,75.0
SKU0178,2026-07-06,47.0
SKU0178,2026-07-13,54.0
SKU0178,2026-07-20,45.0
SKU0179,2026-05-25,42.0
SKU0179,2026-06-01,63.0
SKU0179,2026-06-08,49.0
SKU0179,2026-06-15,54.0
SKU0179,2026-06-22,85.0
SKU0179,2026-06-29,72.0
SKU0179,2026-07-06,47.0
SKU0179,2026-07-13,46.0
SKU0179,2026-07-20,46.0
SKU0180,2024-08-05,3.0
SKU0180,2024-08-12,7.0
SKU0180,2024-08-19,8.0
SKU0180,2024-08-26,9.0
SKU0180,2024-09-02,3.0
SKU0180,2024-09-09,9.0
SKU0180,2024-09-16,11.0
SKU0180,2024-09-23,10.0
SKU0180,2024-09-30,16.0
SKU0180,2024-10-07,9.0
SKU0180,2024-10-14,10.0
SKU0180,2024-10-21,9.0
SKU0180,2024-10-28,18.0
SKU0180,2024-11-04,24.0
SKU0180,2024-11-11,16.0
SKU0180,2024-11-18,10.0
SKU0180,2024-11-25,17.0
SKU0180,2024-12-02,22.0
SKU0180,2024-12-09,13.0
SKU0180,2024-12-16,11.0
SKU0180,2024-12-23,23.0
SKU0180,2024-12-30,9.0
SKU0180,2025-01-06,11.0
SKU0180,2025-01-13,15.0
SKU0180,2025-01-20,9.0
SKU0180,2025-01-27,10.0
SKU0180,2025-02-03,7.0
SKU0180,2025-02-10,6.0
SKU0180,2025-02-17,7.0
SKU0180,2025-02-24,12.0
SKU0180,2025-03-03,11.0
SKU0180,2025-03-10,7.0
SKU0180,2025-03-17,12.0
SKU0180,2025-03-24,13.0
SKU0180,2025-03-31,9.0
SKU0180,2025-04-07,13.0
SKU0180,2025-04-14,16.0
SKU0180,2025-04-21,7.0
SKU0180,2025-04-28,6.0
SKU0180,2025-05-05,4.0
SKU0180,2025-05-12,9.0
SKU0180,2025-05-19,6.0
SKU0180,2025-05-26,4.0
SKU0180,2025-06-02,6.0
SKU0180,2025-06-09,7.0
SKU0180,2025-06-16,5.0
SKU0180,2025-06-23,11.0
SKU0180,2025-06-30,25.0
SKU0180,2025-07-07,4.0
SKU0180,2025-07-14,5.0
SKU0180,2025-07-21,11.0
SKU0180,2025-07-28,6.0
SKU0180,2025-08-04,5.0
SKU0180,2025-08-11,6.0
SKU0180,2025-08-18,11.0
SKU0180,2025-08-25,7.0
SKU0180,2025-09-01,12.0
SKU0180,2025-09-08,14.0
SKU0180,2025-09-15,13.0
SKU0180,2025-09-22,14.0
SKU0180,2025-09-29,8.0
SKU0180,2025-10-06,14.0
SKU0180,2025-10-13,10.0
SKU0180,2025-10-20,27.0
SKU0180,2025-10-27,32.0
SKU0180,2025-11-03,16.0
SKU0180,2025-11-10,20.0
SKU0180,2025-11-17,10.0
SKU0180,2025-11-24,11.0
SKU0180,2025-12-01,18.0
SKU0180,2025-12-08,12.0
SKU0180,2025-12-15,12.0
SKU0180,2025-12-22,12.0
SKU0180,2025-12-29,16.0
SKU0180,2026-01-05,10.0
SKU0180,2026-01-12,8.0
SKU0180,2026-01-19,6.0
SKU0180,2026-01-26,13.0
SKU0180,2026-02-02,9.0
SKU0180,2026-02-09,9.0
SKU0180,2026-02-16,8.0
SKU0180,2026-02-23,7.0
SKU0180,2026-03-02,9.0
SKU0180,2026-03-09,15.0
SKU0180,2026-03-16,9.0
SKU0180,2026-03-23,11.0
SKU0180,2026-03-30,15.0
SKU0180,2026-04-06,8.0
SKU0180,2026-04-13,10.0
SKU0180,2026-04-20,8.0
SKU0180,2026-04-27,10.0
SKU0180,2026-05-04,6.0
SKU0180,2026-05-11,17.0
SKU0180,2026-05-18,14.0
SKU0180,2026-05-25,9.0
SKU0180,2026-06-01,10.0
SKU0180,2026-06-08,14.0
SKU0180,2026-06-15,11.0
SKU0180,2026-06-22,10.0
SKU0180,2026-06-29,13.0
SKU0180,2026-07-06,9.0
SKU0180,2026-07-13,10.0
SKU0180,2026-07-20,4.0
SKU0181,2024-08-05,8.0
SKU0181,2024-08-12,77.0
SKU0181,2024-08-19,73.0
SKU0181,2024-08-26,74.0
SKU0181,2024-09-02,82.0
SKU0181,2024-09-09,73.0
SKU0181,2024-09-16,68.0
SKU0181,2024-09-23,83.0
SKU0181,2024-09-30,81.0
SKU0181,2024-10-07,108.0
SKU0181,2024-10-14,87.0
SKU0181,2024-10-21,173.0
SKU0181,2024-10-28,162.0
SKU0181,2024-11-04,163.0
SKU0181,2024-11-11,115.0
SKU0181,2024-11-18,89.0
SKU0181,2024-11-25,104.0
SKU0181,2024-12-02,158.0
SKU0181,2024-12-09,106.0
SKU0181,2024-12-16,93.0
SKU0181,2024-12-23,129.0
SKU0181,2024-12-30,160.0
SKU0181,2025-01-06,110.0
SKU0181,2025-01-13,77.0
SKU0181,2025-01-20,69.0
SKU0181,2025-01-27,73.0
SKU0181,2025-02-03,70.0
SKU0181,2025-02-10,81.0
SKU0181,2025-02-17,61.0
SKU0181,2025-02-24,72.0
SKU0181,2025-03-03,75.0
SKU0181,2025-03-10,93.0
SKU0181,2025-03-17,69.0
SKU0181,2025-03-24,71.0
SKU0181,2025-03-31,76.0
SKU0181,2025-04-07,69.0
SKU0181,2025-04-14,74.0
SKU0181,2025-04-21,86.0
SKU0181,2025-04-28,76.0
SKU0181,2025-05-05,76.0
SKU0181,2025-05-12,71.0
SKU0181,2025-05-19,74.0
SKU0181,2025-05-26,79.0
SKU0181,2025-06-02,85.0
SKU0181,2025-06-09,69.0
SKU0181,2025-06-16,82.0
SKU0181,2025-06-23,114.0
SKU0181,2025-06-30,137.0
SKU0181,2025-07-07,79.0
SKU0181,2025-07-14,77.0
SKU0181,2025-07-21,79.0
SKU0181,2025-07-28,69.0
SKU0181,2025-08-04,67.0
SKU0181,2025-08-11,80.0
SKU0181,2025-08-18,55.0
SKU0181,2025-08-25,67.0
SKU0181,2025-09-01,76.0
SKU0181,2025-09-08,74.0
SKU0181,2025-09-15,71.0
SKU0181,2025-09-22,80.0
SKU0181,2025-09-29,71.0
SKU0181,2025-10-06,94.0
SKU0181,2025-10-13,104.0
SKU0181,2025-10-20,174.0
SKU0181,2025-10-27,158.0
SKU0181,2025-11-03,170.0
SKU0181,2025-11-10,117.0
SKU0181,2025-11-17,115.0
SKU0181,2025-11-24,114.0
SKU0181,2025-12-01,158.0
SKU0181,2025-12-08,93.0
SKU0181,2025-12-15,106.0
SKU0181,2025-12-22,117.0
SKU0181,2025-12-29,179.0
SKU0181,2026-01-05,119.0
SKU0181,2026-01-12,75.0
SKU0181,2026-01-19,67.0
SKU0181,2026-01-26,64.0
SKU0181,2026-02-02,73.0
SKU0181,2026-02-09,54.0
SKU0181,2026-02-16,65.0
SKU0181,2026-02-23,67.0
SKU0181,2026-03-02,63.0
SKU0181,2026-03-09,73.0
SKU0181,2026-03-16,84.0
SKU0181,2026-03-23,79.0
SKU0181,2026-03-30,76.0
SKU0181,2026-04-06,92.0
SKU0181,2026-04-13,82.0
SKU0181,2026-04-20,81.0
SKU0181,2026-04-27,62.0
SKU0181,2026-05-04,77.0
SKU0181,2026-05-11,80.0
SKU0181,2026-05-18,65.0
SKU0181,2026-05-25,81.0
SKU0181,2026-06-01,85.0
SKU0181,2026-06-08,67.0
SKU0181,2026-06-15,82.0
SKU0181,2026-06-22,108.0
SKU0181,2026-06-29,126.0
SKU0181,2026-07-06,78.0
SKU0181,2026-07-13,73.0
SKU0181,2026-07-20,81.0
SKU0182,2024-07-29,6.0
SKU0182,2024-08-05,11.0
SKU0182,2024-08-12,18.0
SKU0182,2024-08-19,16.0
SKU0182,2024-08-26,14.0
SKU0182,2024-09-02,21.0
SKU0182,2024-09-09,12.0
SKU0182,2024-09-16,14.0
SKU0182,2024-09-23,17.0
SKU0182,2024-09-30,13.0
SKU0182,2024-10-07,19.0
SKU0182,2024-10-14,23.0
SKU0182,2024-10-21,37.0
SKU0182,2024-10-28,35.0
SKU0182,2024-11-04,38.0
SKU0182,2024-11-11,15.0
SKU0182,2024-11-18,26.0
SKU0182,2024-11-25,14.0
SKU0182,2024-12-02,25.0
SKU0182,2024-12-09,21.0
SKU0182,2024-12-16,21.0
SKU0182,2024-12-23,35.0
SKU0182,2024-12-30,36.0
SKU0182,2025-01-06,19.0
SKU0182,2025-01-13,9.0
SKU0182,2025-01-20,14.0
SKU0182,2025-01-27,16.0
SKU0182,2025-02-03,5.0
SKU0182,2025-02-10,10.0
SKU0182,2025-02-17,19.0
SKU0182,2025-02-24,12.0
SKU0182,2025-03-03,12.0
SKU0182,2025-03-10,17.0
SKU0182,2025-03-17,16.0
SKU0182,2025-03-24,11.0
SKU0182,2025-03-31,13.0
SKU0182,2025-04-07,19.0
SKU0182,2025-04-14,14.0
SKU0182,2025-04-21,16.0
SKU0182,2025-04-28,12.0
SKU0182,2025-05-05,19.0
SKU0182,2025-05-12,17.0
SKU0182,2025-05-19,12.0
SKU0182,2025-05-26,13.0
SKU0182,2025-06-02,18.0
SKU0182,2025-06-09,12.0
SKU0182,2025-06-16,13.0
SKU0182,2025-06-23,16.0
SKU0182,2025-06-30,19.0
SKU0182,2025-07-07,12.0
SKU0182,2025-07-14,18.0
SKU0182,2025-07-21,14.0
SKU0182,2025-07-28,11.0
SKU0182,2025-08-04,13.0
SKU0182,2025-08-11,11.0
SKU0182,2025-08-18,20.0
SKU0182,2025-08-25,13.0
SKU0182,2025-09-01,15.0
SKU0182,2025-09-08,14.0
SKU0182,2025-09-15,11.0
SKU0182,2025-09-22,18.0
SKU0182,2025-09-29,10.0
SKU0182,2025-10-06,24.0
SKU0182,2025-10-13,19.0
SKU0182,2025-10-20,36.0
SKU0182,2025-10-27,25.0
SKU0182,2025-11-03,36.0
SKU0182,2025-11-10,25.0
SKU0182,2025-11-17,22.0
SKU0182,2025-11-24,29.0
SKU0182,2025-12-01,32.0
SKU0182,2025-12-08,21.0
SKU0182,2025-12-15,25.0
SKU0182,2025-12-22,21.0
SKU0182,2025-12-29,31.0
SKU0182,2026-01-05,17.0
SKU0182,2026-01-12,19.0
SKU0182,2026-01-19,17.0
SKU0182,2026-01-26,10.0
SKU0182,2026-02-02,9.0
SKU0182,2026-02-09,11.0
SKU0182,2026-02-16,13.0
SKU0182,2026-02-23,8.0
SKU0182,2026-03-02,18.0
SKU0182,2026-03-09,10.0
SKU0182,2026-03-16,7.0
SKU0182,2026-03-23,25.0
SKU0182,2026-03-30,18.0
SKU0182,2026-04-06,13.0
SKU0182,2026-04-13,14.0
SKU0182,2026-04-20,13.0
SKU0182,2026-04-27,12.0
SKU0182,2026-05-04,10.0
SKU0182,2026-05-11,10.0
SKU0182,2026-05-18,9.0
SKU0182,2026-05-25,12.0
SKU0182,2026-06-01,20.0
SKU0182,2026-06-08,12.0
SKU0182,2026-06-15,18.0
SKU0182,2026-06-22,27.0
SKU0182,2026-06-29,21.0
SKU0182,2026-07-06,14.0
SKU0182,2026-07-13,12.0
SKU0182,2026-07-20,15.0
SKU0183,2024-08-12,63.0
SKU0183,2024-08-19,64.0
SKU0183,2024-08-26,67.0
SKU0183,2024-09-02,76.0
SKU0183,2024-09-09,72.0
SKU0183,2024-09-16,76.0
SKU0183,2024-09-23,57.0
SKU0183,2024-09-30,64.0
SKU0183,2024-10-07,71.0
SKU0183,2024-10-14,104.0
SKU0183,2024-10-21,133.0
SKU0183,2024-10-28,131.0
SKU0183,2024-11-04,181.0
SKU0183,2024-11-11,96.0
SKU0183,2024-11-18,80.0
SKU0183,2024-11-25,97.0
SKU0183,2024-12-02,107.0
SKU0183,2024-12-09,81.0
SKU0183,2024-12-16,91.0
SKU0183,2024-12-23,124.0
SKU0183,2024-12-30,146.0
SKU0183,2025-01-06,87.0
SKU0183,2025-01-13,59.0
SKU0183,2025-01-20,40.0
SKU0183,2025-01-27,53.0
SKU0183,2025-02-03,75.0
SKU0183,2025-02-10,54.0
SKU0183,2025-02-17,51.0
SKU0183,2025-02-24,52.0
SKU0183,2025-03-03,73.0
SKU0183,2025-03-10,52.0
SKU0183,2025-03-17,83.0
SKU0183,2025-03-24,68.0
SKU0183,2025-03-31,64.0
SKU0183,2025-04-07,56.0
SKU0183,2025-04-14,65.0
SKU0183,2025-04-21,74.0
SKU0183,2025-04-28,62.0
SKU0183,2025-05-05,60.0
SKU0183,2025-05-12,82.0
SKU0183,2025-05-19,53.0
SKU0183,2025-05-26,70.0
SKU0183,2025-06-02,70.0
SKU0183,2025-06-09,63.0
SKU0183,2025-06-16,86.0
SKU0183,2025-06-23,93.0
SKU0183,2025-06-30,103.0
SKU0183,2025-07-07,79.0
SKU0183,2025-07-14,71.0
SKU0183,2025-07-21,69.0
SKU0183,2025-07-28,63.0
SKU0183,2025-08-04,71.0
SKU0183,2025-08-11,77.0
SKU0183,2025-08-18,76.0
SKU0183,2025-08-25,82.0
SKU0183,2025-09-01,66.0
SKU0183,2025-09-08,60.0
SKU0183,2025-09-15,60.0
SKU0183,2025-09-22,78.0
SKU0183,2025-09-29,64.0
SKU0183,2025-10-06,88.0
SKU0183,2025-10-13,89.0
SKU0183,2025-10-20,123.0
SKU0183,2025-10-27,149.0
SKU0183,2025-11-03,142.0
SKU0183,2025-11-10,107.0
SKU0183,2025-11-17,82.0
SKU0183,2025-11-24,100.0
SKU0183,2025-12-01,160.0
SKU0183,2025-12-08,82.0
SKU0183,2025-12-15,79.0
SKU0183,2025-12-22,125.0
SKU0183,2025-12-29,140.0
SKU0183,2026-01-05,94.0
SKU0183,2026-01-12,67.0
SKU0183,2026-01-19,59.0
SKU0183,2026-01-26,68.0
SKU0183,2026-02-02,55.0
SKU0183,2026-02-09,67.0
SKU0183,2026-02-16,57.0
SKU0183,2026-02-23,59.0
SKU0183,2026-03-02,62.0
SKU0183,2026-03-09,64.0
SKU0183,2026-03-16,65.0
SKU0183,2026-03-23,70.0
SKU0183,2026-03-30,60.0
SKU0183,2026-04-06,75.0
SKU0183,2026-04-13,72.0
SKU0183,2026-04-20,69.0
SKU0183,2026-04-27,70.0
SKU0183,2026-05-04,76.0
SKU0183,2026-05-11,69.0
SKU0183,2026-05-18,82.0
SKU0183,2026-05-25,66.0
SKU0183,2026-06-01,68.0
SKU0183,2026-06-08,56.0
SKU0183,2026-06-15,76.0
SKU0183,2026-06-22,126.0
SKU0183,2026-06-29,95.0
SKU0183,2026-07-06,77.0
SKU0183,2026-07-13,73.0
SKU0183,2026-07-20,66.0
SKU0184,2026-06-01,7.0
SKU0184,2026-06-08,31.0
SKU0184,2026-06-15,47.0
SKU0184,2026-06-22,49.0
SKU0184,2026-06-29,60.0
SKU0184,2026-07-06,42.0
SKU0184,2026-07-13,34.0
SKU0184,2026-07-20,24.0
SKU0185,2024-07-29,1.0
SKU0185,2024-08-05,8.0
SKU0185,2024-08-12,9.0
SKU0185,2024-08-19,5.0
SKU0185,2024-08-26,4.0
SKU0185,2024-09-02,6.0
SKU0185,2024-09-09,6.0
SKU0185,2024-09-16,14.0
SKU0185,2024-09-23,6.0
SKU0185,2024-09-30,10.0
SKU0185,2024-10-07,12.0
SKU0185,2024-10-14,7.0
SKU0185,2024-10-21,19.0
SKU0185,2024-10-28,16.0
SKU0185,2024-11-04,26.0
SKU0185,2024-11-11,14.0
SKU0185,2024-11-18,6.0
SKU0185,2024-11-25,12.0
SKU0185,2024-12-02,17.0
SKU0185,2024-12-09,10.0
SKU0185,2024-12-16,6.0
SKU0185,2024-12-23,24.0
SKU0185,2024-12-30,13.0
SKU0185,2025-01-06,12.0
SKU0185,2025-01-13,8.0
SKU0185,2025-01-20,6.0
SKU0185,2025-01-27,12.0
SKU0185,2025-02-03,8.0
SKU0185,2025-02-10,6.0
SKU0185,2025-02-17,5.0
SKU0185,2025-02-24,3.0
SKU0185,2025-03-03,7.0
SKU0185,2025-03-10,6.0
SKU0185,2025-03-17,9.0
SKU0185,2025-03-24,7.0
SKU0185,2025-03-31,5.0
SKU0185,2025-04-07,6.0
SKU0185,2025-04-14,15.0
SKU0185,2025-04-21,8.0
SKU0185,2025-04-28,11.0
SKU0185,2025-05-05,8.0
SKU0185,2025-05-12,4.0
SKU0185,2025-05-19,7.0
SKU0185,2025-05-26,11.0
SKU0185,2025-06-02,12.0
SKU0185,2025-06-09,8.0
SKU0185,2025-06-16,10.0
SKU0185,2025-06-23,15.0
SKU0185,2025-06-30,16.0
SKU0185,2025-07-07,7.0
SKU0185,2025-07-14,6.0
SKU0185,2025-07-21,5.0
SKU0185,2025-07-28,12.0
SKU0185,2025-08-04,6.0
SKU0185,2025-08-11,9.0
SKU0185,2025-08-18,7.0
SKU0185,2025-08-25,10.0
SKU0185,2025-09-01,6.0
SKU0185,2025-09-08,9.0
SKU0185,2025-09-15,5.0
SKU0185,2025-09-22,10.0
SKU0185,2025-09-29,6.0
SKU0185,2025-10-06,12.0
SKU0185,2025-10-13,7.0
SKU0185,2025-10-20,17.0
SKU0185,2025-10-27,19.0
SKU0185,2025-11-03,25.0
SKU0185,2025-11-10,16.0
SKU0185,2025-11-17,10.0
SKU0185,2025-11-24,12.0
SKU0185,2025-12-01,20.0
SKU0185,2025-12-08,12.0
SKU0185,2025-12-15,10.0
SKU0185,2025-12-22,18.0
SKU0185,2025-12-29,20.0
SKU0185,2026-01-05,20.0
SKU0185,2026-01-12,9.0
SKU0185,2026-01-19,7.0
SKU0185,2026-01-26,11.0
SKU0185,2026-02-02,4.0
SKU0185,2026-02-09,10.0
SKU0185,2026-02-16,7.0
SKU0185,2026-02-23,11.0
SKU0185,2026-03-02,5.0
SKU0185,2026-03-09,9.0
SKU0185,2026-03-16,10.0
SKU0185,2026-03-23,11.0
SKU0185,2026-03-30,9.0
SKU0185,2026-04-06,10.0
SKU0185,2026-04-13,12.0
SKU0185,2026-04-20,3.0
SKU0185,2026-04-27,12.0
SKU0185,2026-05-04,8.0
SKU0185,2026-05-11,11.0
SKU0185,2026-05-18,11.0
SKU0185,2026-05-25,16.0
SKU0185,2026-06-01,12.0
SKU0185,2026-06-08,14.0
SKU0185,2026-06-15,15.0
SKU0185,2026-06-22,13.0
SKU0185,2026-06-29,16.0
SKU0185,2026-07-06,7.0
SKU0185,2026-07-13,7.0
SKU0185,2026-07-20,6.0
SKU0186,2024-08-05,2.0
SKU0186,2024-08-12,4.0
SKU0186,2024-08-19,3.0
SKU0186,2024-08-26,0.0
SKU0186,2024-09-02,2.0
SKU0186,2024-09-09,4.0
SKU0186,2024-09-16,8.0
SKU0186,2024-09-23,2.0
SKU0186,2024-09-30,6.0
SKU0186,2024-10-07,5.0
SKU0186,2024-10-14,11.0
SKU0186,2024-10-21,8.0
SKU0186,2024-10-28,9.0
SKU0186,2024-11-04,5.0
SKU0186,2024-11-11,7.0
SKU0186,2024-11-18,3.0
SKU0186,2024-11-25,7.0
SKU0186,2024-12-02,9.0
SKU0186,2024-12-09,9.0
SKU0186,2024-12-16,3.0
SKU0186,2024-12-23,8.0
SKU0186,2024-12-30,7.0
SKU0186,2025-01-06,8.0
SKU0186,2025-01-13,4.0
SKU0186,2025-01-20,8.0
SKU0186,2025-01-27,4.0
SKU0186,2025-02-03,2.0
SKU0186,2025-02-10,0.0
SKU0186,2025-02-17,1.0
SKU0186,2025-02-24,2.0
SKU0186,2025-03-03,3.0
SKU0186,2025-03-10,2.0
SKU0186,2025-03-17,5.0
SKU0186,2025-03-24,0.0
SKU0186,2025-03-31,3.0
SKU0186,2025-04-07,0.0
SKU0186,2025-04-14,3.0
SKU0186,2025-04-21,2.0
SKU0186,2025-04-28,4.0
SKU0186,2025-05-05,4.0
SKU0186,2025-05-12,2.0
SKU0186,2025-05-19,7.0
SKU0186,2025-05-26,2.0
SKU0186,2025-06-02,0.0
SKU0186,2025-06-09,6.0
SKU0186,2025-06-16,6.0
SKU0186,2025-06-23,7.0
SKU0186,2025-06-30,5.0
SKU0186,2025-07-07,5.0
SKU0186,2025-07-14,4.0
SKU0186,2025-07-21,1.0
SKU0186,2025-07-28,4.0
SKU0186,2025-08-04,4.0
SKU0186,2025-08-11,5.0
SKU0186,2025-08-18,1.0
SKU0186,2025-08-25,1.0
SKU0186,2025-09-01,2.0
SKU0186,2025-09-08,6.0
SKU0186,2025-09-15,0.0
SKU0186,2025-09-22,3.0
SKU0186,2025-09-29,2.0
SKU0186,2025-10-06,5.0
SKU0186,2025-10-13,4.0
SKU0186,2025-10-20,7.0
SKU0186,2025-10-27,8.0
SKU0186,2025-11-03,4.0
SKU0186,2025-11-10,7.0
SKU0186,2025-11-17,5.0
SKU0186,2025-11-24,5.0
SKU0186,2025-12-01,8.0
SKU0186,2025-12-08,8.0
SKU0186,2025-12-15,3.0
SKU0186,2025-12-22,4.0
SKU0186,2025-12-29,11.0
SKU0186,2026-01-05,7.0
SKU0186,2026-01-12,1.0
SKU0186,2026-01-19,5.0
SKU0186,2026-01-26,2.0
SKU0186,2026-02-02,3.0
SKU0186,2026-02-09,4.0
SKU0186,2026-02-16,2.0
SKU0186,2026-02-23,2.0
SKU0186,2026-03-02,6.0
SKU0186,2026-03-09,4.0
SKU0186,2026-03-16,3.0
SKU0186,2026-03-23,4.0
SKU0186,2026-03-30,6.0
SKU0186,2026-04-06,6.0
SKU0186,2026-04-13,3.0
SKU0186,2026-04-20,6.0
SKU0186,2026-04-27,2.0
SKU0186,2026-05-04,4.0
SKU0186,2026-05-11,4.0
SKU0186,2026-05-18,4.0
SKU0186,2026-05-25,1.0
SKU0186,2026-06-01,4.0
SKU0186,2026-06-08,7.0
SKU0186,2026-06-15,3.0
SKU0186,2026-06-22,10.0
SKU0186,2026-06-29,7.0
SKU0186,2026-07-06,3.0
SKU0186,2026-07-13,3.0
SKU0186,2026-07-20,5.0
SKU0187,2024-08-05,51.0
SKU0187,2024-08-12,49.0
SKU0187,2024-08-19,43.0
SKU0187,2024-08-26,51.0
SKU0187,2024-09-02,35.0
SKU0187,2024-09-09,53.0
SKU0187,2024-09-16,53.0
SKU0187,2024-09-23,41.0
SKU0187,2024-09-30,49.0
SKU0187,2024-10-07,57.0
SKU0187,2024-10-14,68.0
SKU0187,2024-10-21,102.0
SKU0187,2024-10-28,112.0
SKU0187,2024-11-04,118.0
SKU0187,2024-11-11,69.0
SKU0187,2024-11-18,79.0
SKU0187,2024-11-25,78.0
SKU0187,2024-12-02,75.0
SKU0187,2024-12-09,58.0
SKU0187,2024-12-16,89.0
SKU0187,2024-12-23,97.0
SKU0187,2024-12-30,102.0
SKU0187,2025-01-06,81.0
SKU0187,2025-01-13,53.0
SKU0187,2025-01-20,34.0
SKU0187,2025-01-27,47.0
SKU0187,2025-02-03,40.0
SKU0187,2025-02-10,45.0
SKU0187,2025-02-17,38.0
SKU0187,2025-02-24,48.0
SKU0187,2025-03-03,53.0
SKU0187,2025-03-10,55.0
SKU0187,2025-03-17,47.0
SKU0187,2025-03-24,48.0
SKU0187,2025-03-31,37.0
SKU0187,2025-04-07,53.0
SKU0187,2025-04-14,56.0
SKU0187,2025-04-21,45.0
SKU0187,2025-04-28,43.0
SKU0187,2025-05-05,68.0
SKU0187,2025-05-12,42.0
SKU0187,2025-05-19,47.0
SKU0187,2025-05-26,52.0
SKU0187,2025-06-02,53.0
SKU0187,2025-06-09,51.0
SKU0187,2025-06-16,60.0
SKU0187,2025-06-23,72.0
SKU0187,2025-06-30,88.0
SKU0187,2025-07-07,57.0
SKU0187,2025-07-14,49.0
SKU0187,2025-07-21,43.0
SKU0187,2025-07-28,58.0
SKU0187,2025-08-04,52.0
SKU0187,2025-08-11,47.0
SKU0187,2025-08-18,54.0
SKU0187,2025-08-25,52.0
SKU0187,2025-09-01,46.0
SKU0187,2025-09-08,45.0
SKU0187,2025-09-15,41.0
SKU0187,2025-09-22,46.0
SKU0187,2025-09-29,52.0
SKU0187,2025-10-06,78.0
SKU0187,2025-10-13,79.0
SKU0187,2025-10-20,101.0
SKU0187,2025-10-27,113.0
SKU0187,2025-11-03,122.0
SKU0187,2025-11-10,102.0
SKU0187,2025-11-17,70.0
SKU0187,2025-11-24,65.0
SKU0187,2025-12-01,130.0
SKU0187,2025-12-08,75.0
SKU0187,2025-12-15,71.0
SKU0187,2025-12-22,101.0
SKU0187,2025-12-29,119.0
SKU0187,2026-01-05,84.0
SKU0187,2026-01-12,51.0
SKU0187,2026-01-19,50.0
SKU0187,2026-01-26,46.0
SKU0187,2026-02-02,44.0
SKU0187,2026-02-09,49.0
SKU0187,2026-02-16,49.0
SKU0187,2026-02-23,48.0
SKU0187,2026-03-02,39.0
SKU0187,2026-03-09,57.0
SKU0187,2026-03-16,51.0
SKU0187,2026-03-23,37.0
SKU0187,2026-03-30,52.0
SKU0187,2026-04-06,55.0
SKU0187,2026-04-13,42.0
SKU0187,2026-04-20,55.0
SKU0187,2026-04-27,50.0
SKU0187,2026-05-04,58.0
SKU0187,2026-05-11,58.0
SKU0187,2026-05-18,52.0
SKU0187,2026-05-25,58.0
SKU0187,2026-06-01,47.0
SKU0187,2026-06-08,47.0
SKU0187,2026-06-15,60.0
SKU0187,2026-06-22,82.0
SKU0187,2026-06-29,73.0
SKU0187,2026-07-06,54.0
SKU0187,2026-07-13,63.0
SKU0187,2026-07-20,45.0
SKU0188,2026-05-04,18.0
SKU0188,2026-05-11,62.0
SKU0188,2026-05-18,70.0
SKU0188,2026-05-25,60.0
SKU0188,2026-06-01,62.0
SKU0188,2026-06-08,65.0
SKU0188,2026-06-15,68.0
SKU0188,2026-06-22,98.0
SKU0188,2026-06-29,80.0
SKU0188,2026-07-06,52.0
SKU0188,2026-07-13,66.0
SKU0188,2026-07-20,65.0
SKU0189,2024-08-05,20.0
SKU0189,2024-08-12,43.0
SKU0189,2024-08-19,26.0
SKU0189,2024-08-26,17.0
SKU0189,2024-09-02,31.0
SKU0189,2024-09-09,30.0
SKU0189,2024-09-16,33.0
SKU0189,2024-09-23,37.0
SKU0189,2024-09-30,27.0
SKU0189,2024-10-07,39.0
SKU0189,2024-10-14,44.0
SKU0189,2024-10-21,65.0
SKU0189,2024-10-28,57.0
SKU0189,2024-11-04,59.0
SKU0189,2024-11-11,53.0
SKU0189,2024-11-18,44.0
SKU0189,2024-11-25,37.0
SKU0189,2024-12-02,59.0
SKU0189,2024-12-09,38.0
SKU0189,2024-12-16,43.0
SKU0189,2024-12-23,49.0
SKU0189,2024-12-30,77.0
SKU0189,2025-01-06,36.0
SKU0189,2025-01-13,21.0
SKU0189,2025-01-20,29.0
SKU0189,2025-01-27,23.0
SKU0189,2025-02-03,20.0
SKU0189,2025-02-10,14.0
SKU0189,2025-02-17,20.0
SKU0189,2025-02-24,18.0
SKU0189,2025-03-03,24.0
SKU0189,2025-03-10,35.0
SKU0189,2025-03-17,31.0
SKU0189,2025-03-24,24.0
SKU0189,2025-03-31,29.0
SKU0189,2025-04-07,23.0
SKU0189,2025-04-14,33.0
SKU0189,2025-04-21,34.0
SKU0189,2025-04-28,29.0
SKU0189,2025-05-05,27.0
SKU0189,2025-05-12,24.0
SKU0189,2025-05-19,21.0
SKU0189,2025-05-26,34.0
SKU0189,2025-06-02,33.0
SKU0189,2025-06-09,29.0
SKU0189,2025-06-16,58.0
SKU0189,2025-06-23,50.0
SKU0189,2025-06-30,48.0
SKU0189,2025-07-07,30.0
SKU0189,2025-07-14,36.0
SKU0189,2025-07-21,24.0
SKU0189,2025-07-28,30.0
SKU0189,2025-08-04,35.0
SKU0189,2025-08-11,31.0
SKU0189,2025-08-18,32.0
SKU0189,2025-08-25,29.0
SKU0189,2025-09-01,26.0
SKU0189,2025-09-08,28.0
SKU0189,2025-09-15,28.0
SKU0189,2025-09-22,26.0
SKU0189,2025-09-29,35.0
SKU0189,2025-10-06,49.0
SKU0189,2025-10-13,41.0
SKU0189,2025-10-20,63.0
SKU0189,2025-10-27,69.0
SKU0189,2025-11-03,70.0
SKU0189,2025-11-10,53.0
SKU0189,2025-11-17,40.0
SKU0189,2025-11-24,37.0
SKU0189,2025-12-01,58.0
SKU0189,2025-12-08,39.0
SKU0189,2025-12-15,48.0
SKU0189,2025-12-22,50.0
SKU0189,2025-12-29,76.0
SKU0189,2026-01-05,45.0
SKU0189,2026-01-12,28.0
SKU0189,2026-01-19,21.0
SKU0189,2026-01-26,22.0
SKU0189,2026-02-02,28.0
SKU0189,2026-02-09,29.0
SKU0189,2026-02-16,20.0
SKU0189,2026-02-23,31.0
SKU0189,2026-03-02,26.0
SKU0189,2026-03-09,32.0
SKU0189,2026-03-16,44.0
SKU0189,2026-03-23,23.0
SKU0189,2026-03-30,20.0
SKU0189,2026-04-06,31.0
SKU0189,2026-04-13,27.0
SKU0189,2026-04-20,28.0
SKU0189,2026-04-27,26.0
SKU0189,2026-05-04,29.0
SKU0189,2026-05-11,29.0
SKU0189,2026-05-18,30.0
SKU0189,2026-05-25,22.0
SKU0189,2026-06-01,38.0
SKU0189,2026-06-08,34.0
SKU0189,2026-06-15,38.0
SKU0189,2026-06-22,36.0
SKU0189,2026-06-29,54.0
SKU0189,2026-07-06,30.0
SKU0189,2026-07-13,30.0
SKU0189,2026-07-20,28.0
SKU0190,2024-07-22,21.0
SKU0190,2024-07-29,136.0
SKU0190,2024-08-05,141.0
SKU0190,2024-08-12,152.0
SKU0190,2024-08-19,147.0
SKU0190,2024-08-26,139.0
SKU0190,2024-09-02,175.0
SKU0190,2024-09-09,168.0
SKU0190,2024-09-16,169.0
SKU0190,2024-09-23,149.0
SKU0190,2024-09-30,131.0
SKU0190,2024-10-07,197.0
SKU0190,2024-10-14,215.0
SKU0190,2024-10-21,373.0
SKU0190,2024-10-28,321.0
SKU0190,2024-11-04,318.0
SKU0190,2024-11-11,230.0
SKU0190,2024-11-18,200.0
SKU0190,2024-11-25,227.0
SKU0190,2024-12-02,292.0
SKU0190,2024-12-09,231.0
SKU0190,2024-12-16,225.0
SKU0190,2024-12-23,300.0
SKU0190,2024-12-30,319.0
SKU0190,2025-01-06,239.0
SKU0190,2025-01-13,140.0
SKU0190,2025-01-20,109.0
SKU0190,2025-01-27,121.0
SKU0190,2025-02-03,134.0
SKU0190,2025-02-10,123.0
SKU0190,2025-02-17,111.0
SKU0190,2025-02-24,140.0
SKU0190,2025-03-03,149.0
SKU0190,2025-03-10,160.0
SKU0190,2025-03-17,125.0
SKU0190,2025-03-24,169.0
SKU0190,2025-03-31,167.0
SKU0190,2025-04-07,156.0
SKU0190,2025-04-14,156.0
SKU0190,2025-04-21,145.0
SKU0190,2025-04-28,179.0
SKU0190,2025-05-05,146.0
SKU0190,2025-05-12,150.0
SKU0190,2025-05-19,171.0
SKU0190,2025-05-26,142.0
SKU0190,2025-06-02,150.0
SKU0190,2025-06-09,141.0
SKU0190,2025-06-16,181.0
SKU0190,2025-06-23,257.0
SKU0190,2025-06-30,225.0
SKU0190,2025-07-07,154.0
SKU0190,2025-07-14,161.0
SKU0190,2025-07-21,146.0
SKU0190,2025-07-28,176.0
SKU0190,2025-08-04,171.0
SKU0190,2025-08-11,168.0
SKU0190,2025-08-18,129.0
SKU0190,2025-08-25,132.0
SKU0190,2025-09-01,150.0
SKU0190,2025-09-08,161.0
SKU0190,2025-09-15,159.0
SKU0190,2025-09-22,145.0
SKU0190,2025-09-29,144.0
SKU0190,2025-10-06,233.0
SKU0190,2025-10-13,199.0
SKU0190,2025-10-20,364.0
SKU0190,2025-10-27,313.0
SKU0190,2025-11-03,358.0
SKU0190,2025-11-10,247.0
SKU0190,2025-11-17,187.0
SKU0190,2025-11-24,218.0
SKU0190,2025-12-01,325.0
SKU0190,2025-12-08,249.0
SKU0190,2025-12-15,223.0
SKU0190,2025-12-22,262.0
SKU0190,2025-12-29,387.0
SKU0190,2026-01-05,244.0
SKU0190,2026-01-12,164.0
SKU0190,2026-01-19,132.0
SKU0190,2026-01-26,148.0
SKU0190,2026-02-02,133.0
SKU0190,2026-02-09,116.0
SKU0190,2026-02-16,132.0
SKU0190,2026-02-23,116.0
SKU0190,2026-03-02,150.0
SKU0190,2026-03-09,157.0
SKU0190,2026-03-16,160.0
SKU0190,2026-03-23,155.0
SKU0190,2026-03-30,142.0
SKU0190,2026-04-06,129.0
SKU0190,2026-04-13,145.0
SKU0190,2026-04-20,162.0
SKU0190,2026-04-27,167.0
SKU0190,2026-05-04,147.0
SKU0190,2026-05-11,149.0
SKU0190,2026-05-18,155.0
SKU0190,2026-05-25,156.0
SKU0190,2026-06-01,143.0
SKU0190,2026-06-08,176.0
SKU0190,2026-06-15,169.0
SKU0190,2026-06-22,256.0
SKU0190,2026-06-29,260.0
SKU0190,2026-07-06,143.0
SKU0190,2026-07-13,156.0
SKU0190,2026-07-20,134.0
SKU0191,2024-08-05,11.0
SKU0191,2024-08-12,80.0
SKU0191,2024-08-19,87.0
SKU0191,2024-08-26,97.0
SKU0191,2024-09-02,80.0
SKU0191,2024-09-09,86.0
SKU0191,2024-09-16,121.0
SKU0191,2024-09-23,89.0
SKU0191,2024-09-30,93.0
SKU0191,2024-10-07,115.0
SKU0191,2024-10-14,126.0
SKU0191,2024-10-21,200.0
SKU0191,2024-10-28,198.0
SKU0191,2024-11-04,217.0
SKU0191,2024-11-11,147.0
SKU0191,2024-11-18,131.0
SKU0191,2024-11-25,140.0
SKU0191,2024-12-02,171.0
SKU0191,2024-12-09,104.0
SKU0191,2024-12-16,119.0
SKU0191,2024-12-23,198.0
SKU0191,2024-12-30,186.0
SKU0191,2025-01-06,140.0
SKU0191,2025-01-13,85.0
SKU0191,2025-01-20,79.0
SKU0191,2025-01-27,93.0
SKU0191,2025-02-03,77.0
SKU0191,2025-02-10,84.0
SKU0191,2025-02-17,70.0
SKU0191,2025-02-24,76.0
SKU0191,2025-03-03,80.0
SKU0191,2025-03-10,90.0
SKU0191,2025-03-17,90.0
SKU0191,2025-03-24,81.0
SKU0191,2025-03-31,116.0
SKU0191,2025-04-07,87.0
SKU0191,2025-04-14,77.0
SKU0191,2025-04-21,91.0
SKU0191,2025-04-28,88.0
SKU0191,2025-05-05,73.0
SKU0191,2025-05-12,86.0
SKU0191,2025-05-19,92.0
SKU0191,2025-05-26,99.0
SKU0191,2025-06-02,84.0
SKU0191,2025-06-09,93.0
SKU0191,2025-06-16,107.0
SKU0191,2025-06-23,142.0
SKU0191,2025-06-30,140.0
SKU0191,2025-07-07,82.0
SKU0191,2025-07-14,104.0
SKU0191,2025-07-21,102.0
SKU0191,2025-07-28,90.0
SKU0191,2025-08-04,71.0
SKU0191,2025-08-11,98.0
SKU0191,2025-08-18,84.0
SKU0191,2025-08-25,107.0
SKU0191,2025-09-01,80.0
SKU0191,2025-09-08,104.0
SKU0191,2025-09-15,95.0
SKU0191,2025-09-22,86.0
SKU0191,2025-09-29,73.0
SKU0191,2025-10-06,127.0
SKU0191,2025-10-13,137.0
SKU0191,2025-10-20,178.0
SKU0191,2025-10-27,199.0
SKU0191,2025-11-03,230.0
SKU0191,2025-11-10,153.0
SKU0191,2025-11-17,117.0
SKU0191,2025-11-24,136.0
SKU0191,2025-12-01,187.0
SKU0191,2025-12-08,125.0
SKU0191,2025-12-15,127.0
SKU0191,2025-12-22,144.0
SKU0191,2025-12-29,202.0
SKU0191,2026-01-05,140.0
SKU0191,2026-01-12,92.0
SKU0191,2026-01-19,57.0
SKU0191,2026-01-26,74.0
SKU0191,2026-02-02,91.0
SKU0191,2026-02-09,74.0
SKU0191,2026-02-16,75.0
SKU0191,2026-02-23,52.0
SKU0191,2026-03-02,67.0
SKU0191,2026-03-09,70.0
SKU0191,2026-03-16,87.0
SKU0191,2026-03-23,86.0
SKU0191,2026-03-30,93.0
SKU0191,2026-04-06,79.0
SKU0191,2026-04-13,89.0
SKU0191,2026-04-20,83.0
SKU0191,2026-04-27,96.0
SKU0191,2026-05-04,72.0
SKU0191,2026-05-11,80.0
SKU0191,2026-05-18,94.0
SKU0191,2026-05-25,78.0
SKU0191,2026-06-01,97.0
SKU0191,2026-06-08,76.0
SKU0191,2026-06-15,94.0
SKU0191,2026-06-22,120.0
SKU0191,2026-06-29,111.0
SKU0191,2026-07-06,94.0
SKU0191,2026-07-13,93.0
SKU0191,2026-07-20,82.0
SKU0192,2024-07-22,1.0
SKU0192,2024-07-29,19.0
SKU0192,2024-08-05,29.0
SKU0192,2024-08-12,38.0
SKU0192,2024-08-19,25.0
SKU0192,2024-08-26,27.0
SKU0192,2024-09-02,24.0
SKU0192,2024-09-09,24.0
SKU0192,2024-09-16,32.0
SKU0192,2024-09-23,34.0
SKU0192,2024-09-30,32.0
SKU0192,2024-10-07,34.0
SKU0192,2024-10-14,38.0
SKU0192,2024-10-21,52.0
SKU0192,2024-10-28,61.0
SKU0192,2024-11-04,60.0
SKU0192,2024-11-11,40.0
SKU0192,2024-11-18,32.0
SKU0192,2024-11-25,38.0
SKU0192,2024-12-02,42.0
SKU0192,2024-12-09,47.0
SKU0192,2024-12-16,31.0
SKU0192,2024-12-23,61.0
SKU0192,2024-12-30,52.0
SKU0192,2025-01-06,44.0
SKU0192,2025-01-13,23.0
SKU0192,2025-01-20,25.0
SKU0192,2025-01-27,22.0
SKU0192,2025-02-03,29.0
SKU0192,2025-02-10,23.0
SKU0192,2025-02-17,25.0
SKU0192,2025-02-24,27.0
SKU0192,2025-03-03,32.0
SKU0192,2025-03-10,19.0
SKU0192,2025-03-17,32.0
SKU0192,2025-03-24,33.0
SKU0192,2025-03-31,21.0
SKU0192,2025-04-07,38.0
SKU0192,2025-04-14,27.0
SKU0192,2025-04-21,23.0
SKU0192,2025-04-28,24.0
SKU0192,2025-05-05,21.0
SKU0192,2025-05-12,24.0
SKU0192,2025-05-19,16.0
SKU0192,2025-05-26,24.0
SKU0192,2025-06-02,21.0
SKU0192,2025-06-09,29.0
SKU0192,2025-06-16,35.0
SKU0192,2025-06-23,35.0
SKU0192,2025-06-30,48.0
SKU0192,2025-07-07,22.0
SKU0192,2025-07-14,28.0
SKU0192,2025-07-21,22.0
SKU0192,2025-07-28,28.0
SKU0192,2025-08-04,25.0
SKU0192,2025-08-11,17.0
SKU0192,2025-08-18,18.0
SKU0192,2025-08-25,25.0
SKU0192,2025-09-01,29.0
SKU0192,2025-09-08,30.0
SKU0192,2025-09-15,20.0
SKU0192,2025-09-22,25.0
SKU0192,2025-09-29,19.0
SKU0192,2025-10-06,27.0
SKU0192,2025-10-13,35.0
SKU0192,2025-10-20,51.0
SKU0192,2025-10-27,51.0
SKU0192,2025-11-03,63.0
SKU0192,2025-11-10,44.0
SKU0192,2025-11-17,43.0
SKU0192,2025-11-24,36.0
SKU0192,2025-12-01,57.0
SKU0192,2025-12-08,40.0
SKU0192,2025-12-15,37.0
SKU0192,2025-12-22,41.0
SKU0192,2025-12-29,57.0
SKU0192,2026-01-05,21.0
SKU0192,2026-01-12,26.0
SKU0192,2026-01-19,22.0
SKU0192,2026-01-26,16.0
SKU0192,2026-02-02,15.0
SKU0192,2026-02-09,19.0
SKU0192,2026-02-16,33.0
SKU0192,2026-02-23,15.0
SKU0192,2026-03-02,18.0
SKU0192,2026-03-09,28.0
SKU0192,2026-03-16,32.0
SKU0192,2026-03-23,23.0
SKU0192,2026-03-30,31.0
SKU0192,2026-04-06,33.0
SKU0192,2026-04-13,26.0
SKU0192,2026-04-20,29.0
SKU0192,2026-04-27,26.0
SKU0192,2026-05-04,26.0
SKU0192,2026-05-11,27.0
SKU0192,2026-05-18,35.0
SKU0192,2026-05-25,28.0
SKU0192,2026-06-01,34.0
SKU0192,2026-06-08,29.0
SKU0192,2026-06-15,29.0
SKU0192,2026-06-22,52.0
SKU0192,2026-06-29,31.0
SKU0192,2026-07-06,22.0
SKU0192,2026-07-13,31.0
SKU0192,2026-07-20,26.0
SKU0193,2024-07-29,65.0
SKU0193,2024-08-05,70.0
SKU0193,2024-08-12,68.0
SKU0193,2024-08-19,82.0
SKU0193,2024-08-26,73.0
SKU0193,2024-09-02,69.0
SKU0193,2024-09-09,72.0
SKU0193,2024-09-16,60.0
SKU0193,2024-09-23,56.0
SKU0193,2024-09-30,61.0
SKU0193,2024-10-07,104.0
SKU0193,2024-10-14,115.0
SKU0193,2024-10-21,168.0
SKU0193,2024-10-28,174.0
SKU0193,2024-11-04,151.0
SKU0193,2024-11-11,105.0
SKU0193,2024-11-18,91.0
SKU0193,2024-11-25,115.0
SKU0193,2024-12-02,129.0
SKU0193,2024-12-09,94.0
SKU0193,2024-12-16,101.0
SKU0193,2024-12-23,152.0
SKU0193,2024-12-30,174.0
SKU0193,2025-01-06,113.0
SKU0193,2025-01-13,62.0
SKU0193,2025-01-20,50.0
SKU0193,2025-01-27,52.0
SKU0193,2025-02-03,61.0
SKU0193,2025-02-10,68.0
SKU0193,2025-02-17,54.0
SKU0193,2025-02-24,62.0
SKU0193,2025-03-03,73.0
SKU0193,2025-03-10,67.0
SKU0193,2025-03-17,55.0
SKU0193,2025-03-24,68.0
SKU0193,2025-03-31,78.0
SKU0193,2025-04-07,63.0
SKU0193,2025-04-14,84.0
SKU0193,2025-04-21,78.0
SKU0193,2025-04-28,68.0
SKU0193,2025-05-05,67.0
SKU0193,2025-05-12,65.0
SKU0193,2025-05-19,69.0
SKU0193,2025-05-26,63.0
SKU0193,2025-06-02,72.0
SKU0193,2025-06-09,75.0
SKU0193,2025-06-16,101.0
SKU0193,2025-06-23,121.0
SKU0193,2025-06-30,115.0
SKU0193,2025-07-07,69.0
SKU0193,2025-07-14,64.0
SKU0193,2025-07-21,76.0
SKU0193,2025-07-28,81.0
SKU0193,2025-08-04,82.0
SKU0193,2025-08-11,85.0
SKU0193,2025-08-18,64.0
SKU0193,2025-08-25,64.0
SKU0193,2025-09-01,83.0
SKU0193,2025-09-08,64.0
SKU0193,2025-09-15,69.0
SKU0193,2025-09-22,66.0
SKU0193,2025-09-29,65.0
SKU0193,2025-10-06,86.0
SKU0193,2025-10-13,95.0
SKU0193,2025-10-20,162.0
SKU0193,2025-10-27,142.0
SKU0193,2025-11-03,172.0
SKU0193,2025-11-10,102.0
SKU0193,2025-11-17,109.0
SKU0193,2025-11-24,104.0
SKU0193,2025-12-01,155.0
SKU0193,2025-12-08,102.0
SKU0193,2025-12-15,114.0
SKU0193,2025-12-22,102.0
SKU0193,2025-12-29,164.0
SKU0193,2026-01-05,118.0
SKU0193,2026-01-12,59.0
SKU0193,2026-01-19,50.0
SKU0193,2026-01-26,67.0
SKU0193,2026-02-02,72.0
SKU0193,2026-02-09,60.0
SKU0193,2026-02-16,62.0
SKU0193,2026-02-23,55.0
SKU0193,2026-03-02,77.0
SKU0193,2026-03-09,79.0
SKU0193,2026-03-16,66.0
SKU0193,2026-03-23,70.0
SKU0193,2026-03-30,73.0
SKU0193,2026-04-06,72.0
SKU0193,2026-04-13,73.0
SKU0193,2026-04-20,80.0
SKU0193,2026-04-27,74.0
SKU0193,2026-05-04,85.0
SKU0193,2026-05-11,64.0
SKU0193,2026-05-18,71.0
SKU0193,2026-05-25,69.0
SKU0193,2026-06-01,71.0
SKU0193,2026-06-08,61.0
SKU0193,2026-06-15,71.0
SKU0193,2026-06-22,99.0
SKU0193,2026-06-29,119.0
SKU0193,2026-07-06,75.0
SKU0193,2026-07-13,81.0
SKU0193,2026-07-20,69.0
SKU0194,2024-08-05,205.0
SKU0194,2024-08-12,243.0
SKU0194,2024-08-19,233.0
SKU0194,2024-08-26,242.0
SKU0194,2024-09-02,213.0
SKU0194,2024-09-09,215.0
SKU0194,2024-09-16,242.0
SKU0194,2024-09-23,250.0
SKU0194,2024-09-30,209.0
SKU0194,2024-10-07,345.0
SKU0194,2024-10-14,323.0
SKU0194,2024-10-21,533.0
SKU0194,2024-10-28,524.0
SKU0194,2024-11-04,526.0
SKU0194,2024-11-11,374.0
SKU0194,2024-11-18,316.0
SKU0194,2024-11-25,357.0
SKU0194,2024-12-02,494.0
SKU0194,2024-12-09,326.0
SKU0194,2024-12-16,314.0
SKU0194,2024-12-23,444.0
SKU0194,2024-12-30,537.0
SKU0194,2025-01-06,360.0
SKU0194,2025-01-13,222.0
SKU0194,2025-01-20,212.0
SKU0194,2025-01-27,196.0
SKU0194,2025-02-03,221.0
SKU0194,2025-02-10,196.0
SKU0194,2025-02-17,208.0
SKU0194,2025-02-24,190.0
SKU0194,2025-03-03,207.0
SKU0194,2025-03-10,268.0
SKU0194,2025-03-17,242.0
SKU0194,2025-03-24,243.0
SKU0194,2025-03-31,228.0
SKU0194,2025-04-07,220.0
SKU0194,2025-04-14,248.0
SKU0194,2025-04-21,240.0
SKU0194,2025-04-28,234.0
SKU0194,2025-05-05,248.0
SKU0194,2025-05-12,254.0
SKU0194,2025-05-19,242.0
SKU0194,2025-05-26,228.0
SKU0194,2025-06-02,243.0
SKU0194,2025-06-09,243.0
SKU0194,2025-06-16,269.0
SKU0194,2025-06-23,354.0
SKU0194,2025-06-30,364.0
SKU0194,2025-07-07,228.0
SKU0194,2025-07-14,237.0
SKU0194,2025-07-21,225.0
SKU0194,2025-07-28,209.0
SKU0194,2025-08-04,224.0
SKU0194,2025-08-11,209.0
SKU0194,2025-08-18,257.0
SKU0194,2025-08-25,227.0
SKU0194,2025-09-01,229.0
SKU0194,2025-09-08,270.0
SKU0194,2025-09-15,228.0
SKU0194,2025-09-22,221.0
SKU0194,2025-09-29,235.0
SKU0194,2025-10-06,336.0
SKU0194,2025-10-13,323.0
SKU0194,2025-10-20,531.0
SKU0194,2025-10-27,494.0
SKU0194,2025-11-03,544.0
SKU0194,2025-11-10,378.0
SKU0194,2025-11-17,351.0
SKU0194,2025-11-24,322.0
SKU0194,2025-12-01,527.0
SKU0194,2025-12-08,353.0
SKU0194,2025-12-15,332.0
SKU0194,2025-12-22,435.0
SKU0194,2025-12-29,535.0
SKU0194,2026-01-05,382.0
SKU0194,2026-01-12,223.0
SKU0194,2026-01-19,195.0
SKU0194,2026-01-26,207.0
SKU0194,2026-02-02,189.0
SKU0194,2026-02-09,208.0
SKU0194,2026-02-16,225.0
SKU0194,2026-02-23,212.0
SKU0194,2026-03-02,233.0
SKU0194,2026-03-09,238.0
SKU0194,2026-03-16,226.0
SKU0194,2026-03-23,241.0
SKU0194,2026-03-30,254.0
SKU0194,2026-04-06,231.0
SKU0194,2026-04-13,258.0
SKU0194,2026-04-20,259.0
SKU0194,2026-04-27,236.0
SKU0194,2026-05-04,231.0
SKU0194,2026-05-11,258.0
SKU0194,2026-05-18,254.0
SKU0194,2026-05-25,263.0
SKU0194,2026-06-01,241.0
SKU0194,2026-06-08,279.0
SKU0194,2026-06-15,266.0
SKU0194,2026-06-22,354.0
SKU0194,2026-06-29,376.0
SKU0194,2026-07-06,270.0
SKU0194,2026-07-13,238.0
SKU0194,2026-07-20,222.0
SKU0195,2024-07-29,250.0
SKU0195,2024-08-05,231.0
SKU0195,2024-08-12,237.0
SKU0195,2024-08-19,250.0
SKU0195,2024-08-26,230.0
SKU0195,2024-09-02,245.0
SKU0195,2024-09-09,261.0
SKU0195,2024-09-16,220.0
SKU0195,2024-09-23,248.0
SKU0195,2024-09-30,229.0
SKU0195,2024-10-07,311.0
SKU0195,2024-10-14,365.0
SKU0195,2024-10-21,554.0
SKU0195,2024-10-28,504.0
SKU0195,2024-11-04,577.0
SKU0195,2024-11-11,353.0
SKU0195,2024-11-18,362.0
SKU0195,2024-11-25,319.0
SKU0195,2024-12-02,473.0
SKU0195,2024-12-09,330.0
SKU0195,2024-12-16,353.0
SKU0195,2024-12-23,430.0
SKU0195,2024-12-30,522.0
SKU0195,2025-01-06,326.0
SKU0195,2025-01-13,213.0
SKU0195,2025-01-20,197.0
SKU0195,2025-01-27,190.0
SKU0195,2025-02-03,203.0
SKU0195,2025-02-10,216.0
SKU0195,2025-02-17,210.0
SKU0195,2025-02-24,201.0
SKU0195,2025-03-03,225.0
SKU0195,2025-03-10,247.0
SKU0195,2025-03-17,227.0
SKU0195,2025-03-24,252.0
SKU0195,2025-03-31,240.0
SKU0195,2025-04-07,272.0
SKU0195,2025-04-14,241.0
SKU0195,2025-04-21,268.0
SKU0195,2025-04-28,262.0
SKU0195,2025-05-05,259.0
SKU0195,2025-05-12,237.0
SKU0195,2025-05-19,239.0
SKU0195,2025-05-26,237.0
SKU0195,2025-06-02,249.0
SKU0195,2025-06-09,232.0
SKU0195,2025-06-16,286.0
SKU0195,2025-06-23,370.0
SKU0195,2025-06-30,396.0
SKU0195,2025-07-07,271.0
SKU0195,2025-07-14,237.0
SKU0195,2025-07-21,255.0
SKU0195,2025-07-28,229.0
SKU0195,2025-08-04,241.0
SKU0195,2025-08-11,254.0
SKU0195,2025-08-18,246.0
SKU0195,2025-08-25,235.0
SKU0195,2025-09-01,249.0
SKU0195,2025-09-08,223.0
SKU0195,2025-09-15,220.0
SKU0195,2025-09-22,224.0
SKU0195,2025-09-29,224.0
SKU0195,2025-10-06,312.0
SKU0195,2025-10-13,348.0
SKU0195,2025-10-20,478.0
SKU0195,2025-10-27,527.0
SKU0195,2025-11-03,538.0
SKU0195,2025-11-10,389.0
SKU0195,2025-11-17,362.0
SKU0195,2025-11-24,312.0
SKU0195,2025-12-01,557.0
SKU0195,2025-12-08,347.0
SKU0195,2025-12-15,311.0
SKU0195,2025-12-22,460.0
SKU0195,2025-12-29,519.0
SKU0195,2026-01-05,409.0
SKU0195,2026-01-12,262.0
SKU0195,2026-01-19,186.0
SKU0195,2026-01-26,224.0
SKU0195,2026-02-02,189.0
SKU0195,2026-02-09,226.0
SKU0195,2026-02-16,190.0
SKU0195,2026-02-23,191.0
SKU0195,2026-03-02,225.0
SKU0195,2026-03-09,237.0
SKU0195,2026-03-16,253.0
SKU0195,2026-03-23,239.0
SKU0195,2026-03-30,247.0
SKU0195,2026-04-06,254.0
SKU0195,2026-04-13,240.0
SKU0195,2026-04-20,226.0
SKU0195,2026-04-27,230.0
SKU0195,2026-05-04,228.0
SKU0195,2026-05-11,225.0
SKU0195,2026-05-18,242.0
SKU0195,2026-05-25,241.0
SKU0195,2026-06-01,202.0
SKU0195,2026-06-08,248.0
SKU0195,2026-06-15,278.0
SKU0195,2026-06-22,360.0
SKU0195,2026-06-29,378.0
SKU0195,2026-07-06,265.0
SKU0195,2026-07-13,266.0
SKU0195,2026-07-20,171.0
SKU0196,2024-07-22,3.0
SKU0196,2024-07-29,11.0
SKU0196,2024-08-05,8.0
SKU0196,2024-08-12,7.0
SKU0196,2024-08-19,11.0
SKU0196,2024-08-26,10.0
SKU0196,2024-09-02,11.0
SKU0196,2024-09-09,6.0
SKU0196,2024-09-16,11.0
SKU0196,2024-09-23,7.0
SKU0196,2024-09-30,11.0
SKU0196,2024-10-07,9.0
SKU0196,2024-10-14,11.0
SKU0196,2024-10-21,18.0
SKU0196,2024-10-28,18.0
SKU0196,2024-11-04,17.0
SKU0196,2024-11-11,8.0
SKU0196,2024-11-18,11.0
SKU0196,2024-11-25,13.0
SKU0196,2024-12-02,24.0
SKU0196,2024-12-09,16.0
SKU0196,2024-12-16,13.0
SKU0196,2024-12-23,17.0
SKU0196,2024-12-30,34.0
SKU0196,2025-01-06,20.0
SKU0196,2025-01-13,11.0
SKU0196,2025-01-20,9.0
SKU0196,2025-01-27,6.0
SKU0196,2025-02-03,8.0
SKU0196,2025-02-10,9.0
SKU0196,2025-02-17,5.0
SKU0196,2025-02-24,7.0
SKU0196,2025-03-03,11.0
SKU0196,2025-03-10,10.0
SKU0196,2025-03-17,11.0
SKU0196,2025-03-24,10.0
SKU0196,2025-03-31,10.0
SKU0196,2025-04-07,12.0
SKU0196,2025-04-14,14.0
SKU0196,2025-04-21,15.0
SKU0196,2025-04-28,8.0
SKU0196,2025-05-05,5.0
SKU0196,2025-05-12,12.0
SKU0196,2025-05-19,12.0
SKU0196,2025-05-26,13.0
SKU0196,2025-06-02,11.0
SKU0196,2025-06-09,18.0
SKU0196,2025-06-16,5.0
SKU0196,2025-06-23,14.0
SKU0196,2025-06-30,21.0
SKU0196,2025-07-07,11.0
SKU0196,2025-07-14,13.0
SKU0196,2025-07-21,7.0
SKU0196,2025-07-28,6.0
SKU0196,2025-08-04,5.0
SKU0196,2025-08-11,10.0
SKU0196,2025-08-18,6.0
SKU0196,2025-08-25,10.0
SKU0196,2025-09-01,7.0
SKU0196,2025-09-08,12.0
SKU0196,2025-09-15,9.0
SKU0196,2025-09-22,11.0
SKU0196,2025-09-29,10.0
SKU0196,2025-10-06,13.0
SKU0196,2025-10-13,10.0
SKU0196,2025-10-20,18.0
SKU0196,2025-10-27,21.0
SKU0196,2025-11-03,24.0
SKU0196,2025-11-10,9.0
SKU0196,2025-11-17,19.0
SKU0196,2025-11-24,15.0
SKU0196,2025-12-01,20.0
SKU0196,2025-12-08,16.0
SKU0196,2025-12-15,10.0
SKU0196,2025-12-22,15.0
SKU0196,2025-12-29,21.0
SKU0196,2026-01-05,18.0
SKU0196,2026-01-12,10.0
SKU0196,2026-01-19,9.0
SKU0196,2026-01-26,9.0
SKU0196,2026-02-02,5.0
SKU0196,2026-02-09,5.0
SKU0196,2026-02-16,8.0
SKU0196,2026-02-23,13.0
SKU0196,2026-03-02,13.0
SKU0196,2026-03-09,9.0
SKU0196,2026-03-16,1.0
SKU0196,2026-03-23,12.0
SKU0196,2026-03-30,7.0
SKU0196,2026-04-06,12.0
SKU0196,2026-04-13,7.0
SKU0196,2026-04-20,5.0
SKU0196,2026-04-27,8.0
SKU0196,2026-05-04,3.0
SKU0196,2026-05-11,6.0
SKU0196,2026-05-18,14.0
SKU0196,2026-05-25,9.0
SKU0196,2026-06-01,6.0
SKU0196,2026-06-08,10.0
SKU0196,2026-06-15,11.0
SKU0196,2026-06-22,12.0
SKU0196,2026-06-29,15.0
SKU0196,2026-07-06,12.0
SKU0196,2026-07-13,15.0
SKU0196,2026-07-20,9.0
SKU0197,2024-07-29,4.0
SKU0197,2024-08-05,16.0
SKU0197,2024-08-12,16.0
SKU0197,2024-08-19,14.0
SKU0197,2024-08-26,14.0
SKU0197,2024-09-02,15.0
SKU0197,2024-09-09,19.0
SKU0197,2024-09-16,12.0
SKU0197,2024-09-23,26.0
SKU0197,2024-09-30,15.0
SKU0197,2024-10-07,14.0
SKU0197,2024-10-14,27.0
SKU0197,2024-10-21,26.0
SKU0197,2024-10-28,39.0
SKU0197,2024-11-04,29.0
SKU0197,2024-11-11,17.0
SKU0197,2024-11-18,19.0
SKU0197,2024-11-25,22.0
SKU0197,2024-12-02,24.0
SKU0197,2024-12-09,15.0
SKU0197,2024-12-16,21.0
SKU0197,2024-12-23,35.0
SKU0197,2024-12-30,32.0
SKU0197,2025-01-06,21.0
SKU0197,2025-01-13,17.0
SKU0197,2025-01-20,10.0
SKU0197,2025-01-27,15.0
SKU0197,2025-02-03,14.0
SKU0197,2025-02-10,13.0
SKU0197,2025-02-17,18.0
SKU0197,2025-02-24,10.0
SKU0197,2025-03-03,15.0
SKU0197,2025-03-10,13.0
SKU0197,2025-03-17,9.0
SKU0197,2025-03-24,15.0
SKU0197,2025-03-31,9.0
SKU0197,2025-04-07,14.0
SKU0197,2025-04-14,14.0
SKU0197,2025-04-21,15.0
SKU0197,2025-04-28,12.0
SKU0197,2025-05-05,12.0
SKU0197,2025-05-12,12.0
SKU0197,2025-05-19,5.0
SKU0197,2025-05-26,16.0
SKU0197,2025-06-02,13.0
SKU0197,2025-06-09,18.0
SKU0197,2025-06-16,18.0
SKU0197,2025-06-23,29.0
SKU0197,2025-06-30,29.0
SKU0197,2025-07-07,15.0
SKU0197,2025-07-14,19.0
SKU0197,2025-07-21,12.0
SKU0197,2025-07-28,13.0
SKU0197,2025-08-04,19.0
SKU0197,2025-08-11,12.0
SKU0197,2025-08-18,18.0
SKU0197,2025-08-25,12.0
SKU0197,2025-09-01,15.0
SKU0197,2025-09-08,15.0
SKU0197,2025-09-15,17.0
SKU0197,2025-09-22,13.0
SKU0197,2025-09-29,22.0
SKU0197,2025-10-06,24.0
SKU0197,2025-10-13,24.0
SKU0197,2025-10-20,37.0
SKU0197,2025-10-27,37.0
SKU0197,2025-11-03,29.0
SKU0197,2025-11-10,24.0
SKU0197,2025-11-17,16.0
SKU0197,2025-11-24,26.0
SKU0197,2025-12-01,36.0
SKU0197,2025-12-08,21.0
SKU0197,2025-12-15,24.0
SKU0197,2025-12-22,27.0
SKU0197,2025-12-29,32.0
SKU0197,2026-01-05,34.0
SKU0197,2026-01-12,14.0
SKU0197,2026-01-19,12.0
SKU0197,2026-01-26,14.0
SKU0197,2026-02-02,14.0
SKU0197,2026-02-09,15.0
SKU0197,2026-02-16,11.0
SKU0197,2026-02-23,14.0
SKU0197,2026-03-02,15.0
SKU0197,2026-03-09,21.0
SKU0197,2026-03-16,11.0
SKU0197,2026-03-23,18.0
SKU0197,2026-03-30,24.0
SKU0197,2026-04-06,20.0
SKU0197,2026-04-13,21.0
SKU0197,2026-04-20,10.0
SKU0197,2026-04-27,15.0
SKU0197,2026-05-04,16.0
SKU0197,2026-05-11,20.0
SKU0197,2026-05-18,16.0
SKU0197,2026-05-25,16.0
SKU0197,2026-06-01,21.0
SKU0197,2026-06-08,11.0
SKU0197,2026-06-15,20.0
SKU0197,2026-06-22,27.0
SKU0197,2026-06-29,32.0
SKU0197,2026-07-06,17.0
SKU0197,2026-07-13,18.0
SKU0197,2026-07-20,10.0
SKU0198,2024-07-22,15.0
SKU0198,2024-07-29,130.0
SKU0198,2024-08-05,131.0
SKU0198,2024-08-12,170.0
SKU0198,2024-08-19,154.0
SKU0198,2024-08-26,157.0
SKU0198,2024-09-02,160.0
SKU0198,2024-09-09,145.0
SKU0198,2024-09-16,144.0
SKU0198,2024-09-23,164.0
SKU0198,2024-09-30,140.0
SKU0198,2024-10-07,187.0
SKU0198,2024-10-14,196.0
SKU0198,2024-10-21,368.0
SKU0198,2024-10-28,305.0
SKU0198,2024-11-04,364.0
SKU0198,2024-11-11,209.0
SKU0198,2024-11-18,244.0
SKU0198,2024-11-25,222.0
SKU0198,2024-12-02,274.0
SKU0198,2024-12-09,213.0
SKU0198,2024-12-16,236.0
SKU0198,2024-12-23,297.0
SKU0198,2024-12-30,329.0
SKU0198,2025-01-06,224.0
SKU0198,2025-01-13,161.0
SKU0198,2025-01-20,122.0
SKU0198,2025-01-27,133.0
SKU0198,2025-02-03,136.0
SKU0198,2025-02-10,113.0
SKU0198,2025-02-17,149.0
SKU0198,2025-02-24,119.0
SKU0198,2025-03-03,134.0
SKU0198,2025-03-10,143.0
SKU0198,2025-03-17,141.0
SKU0198,2025-03-24,170.0
SKU0198,2025-03-31,136.0
SKU0198,2025-04-07,149.0
SKU0198,2025-04-14,181.0
SKU0198,2025-04-21,140.0
SKU0198,2025-04-28,147.0
SKU0198,2025-05-05,154.0
SKU0198,2025-05-12,162.0
SKU0198,2025-05-19,165.0
SKU0198,2025-05-26,138.0
SKU0198,2025-06-02,152.0
SKU0198,2025-06-09,141.0
SKU0198,2025-06-16,191.0
SKU0198,2025-06-23,237.0
SKU0198,2025-06-30,243.0
SKU0198,2025-07-07,135.0
SKU0198,2025-07-14,151.0
SKU0198,2025-07-21,130.0
SKU0198,2025-07-28,162.0
SKU0198,2025-08-04,137.0
SKU0198,2025-08-11,163.0
SKU0198,2025-08-18,147.0
SKU0198,2025-08-25,151.0
SKU0198,2025-09-01,162.0
SKU0198,2025-09-08,161.0
SKU0198,2025-09-15,167.0
SKU0198,2025-09-22,169.0
SKU0198,2025-09-29,157.0
SKU0198,2025-10-06,229.0
SKU0198,2025-10-13,220.0
SKU0198,2025-10-20,336.0
SKU0198,2025-10-27,314.0
SKU0198,2025-11-03,352.0
SKU0198,2025-11-10,241.0
SKU0198,2025-11-17,226.0
SKU0198,2025-11-24,228.0
SKU0198,2025-12-01,318.0
SKU0198,2025-12-08,220.0
SKU0198,2025-12-15,205.0
SKU0198,2025-12-22,278.0
SKU0198,2025-12-29,318.0
SKU0198,2026-01-05,246.0
SKU0198,2026-01-12,160.0
SKU0198,2026-01-19,117.0
SKU0198,2026-01-26,132.0
SKU0198,2026-02-02,135.0
SKU0198,2026-02-09,120.0
SKU0198,2026-02-16,121.0
SKU0198,2026-02-23,127.0
SKU0198,2026-03-02,129.0
SKU0198,2026-03-09,161.0
SKU0198,2026-03-16,150.0
SKU0198,2026-03-23,164.0
SKU0198,2026-03-30,142.0
SKU0198,2026-04-06,147.0
SKU0198,2026-04-13,169.0
SKU0198,2026-04-20,155.0
SKU0198,2026-04-27,158.0
SKU0198,2026-05-04,158.0
SKU0198,2026-05-11,163.0
SKU0198,2026-05-18,143.0
SKU0198,2026-05-25,154.0
SKU0198,2026-06-01,171.0
SKU0198,2026-06-08,166.0
SKU0198,2026-06-15,189.0
SKU0198,2026-06-22,262.0
SKU0198,2026-06-29,233.0
SKU0198,2026-07-06,175.0
SKU0198,2026-07-13,171.0
SKU0198,2026-07-20,153.0
SKU0199,2024-07-22,9.0
SKU0199,2024-07-29,12.0
SKU0199,2024-08-05,15.0
SKU0199,2024-08-12,13.0
SKU0199,2024-08-19,17.0
SKU0199,2024-08-26,9.0
SKU0199,2024-09-02,12.0
SKU0199,2024-09-09,13.0
SKU0199,2024-09-16,17.0
SKU0199,2024-09-23,11.0
SKU0199,2024-09-30,10.0
SKU0199,2024-10-07,14.0
SKU0199,2024-10-14,19.0
SKU0199,2024-10-21,20.0
SKU0199,2024-10-28,27.0
SKU0199,2024-11-04,29.0
SKU0199,2024-11-11,20.0
SKU0199,2024-11-18,22.0
SKU0199,2024-11-25,21.0
SKU0199,2024-12-02,24.0
SKU0199,2024-12-09,16.0
SKU0199,2024-12-16,13.0
SKU0199,2024-12-23,23.0
SKU0199,2024-12-30,32.0
SKU0199,2025-01-06,19.0
SKU0199,2025-01-13,11.0
SKU0199,2025-01-20,9.0
SKU0199,2025-01-27,4.0
SKU0199,2025-02-03,12.0
SKU0199,2025-02-10,13.0
SKU0199,2025-02-17,9.0
SKU0199,2025-02-24,7.0
SKU0199,2025-03-03,5.0
SKU0199,2025-03-10,19.0
SKU0199,2025-03-17,10.0
SKU0199,2025-03-24,14.0
SKU0199,2025-03-31,9.0
SKU0199,2025-04-07,12.0
SKU0199,2025-04-14,11.0
SKU0199,2025-04-21,6.0
SKU0199,2025-04-28,14.0
SKU0199,2025-05-05,4.0
SKU0199,2025-05-12,8.0
SKU0199,2025-05-19,13.0
SKU0199,2025-05-26,6.0
SKU0199,2025-06-02,17.0
SKU0199,2025-06-09,13.0
SKU0199,2025-06-16,11.0
SKU0199,2025-06-23,14.0
SKU0199,2025-06-30,28.0
SKU0199,2025-07-07,15.0
SKU0199,2025-07-14,15.0
SKU0199,2025-07-21,12.0
SKU0199,2025-07-28,16.0
SKU0199,2025-08-04,13.0
SKU0199,2025-08-11,9.0
SKU0199,2025-08-18,8.0
SKU0199,2025-08-25,11.0
SKU0199,2025-09-01,14.0
SKU0199,2025-09-08,18.0
SKU0199,2025-09-15,14.0
SKU0199,2025-09-22,14.0
SKU0199,2025-09-29,6.0
SKU0199,2025-10-06,14.0
SKU0199,2025-10-13,18.0
SKU0199,2025-10-20,27.0
SKU0199,2025-10-27,23.0
SKU0199,2025-11-03,22.0
SKU0199,2025-11-10,15.0
SKU0199,2025-11-17,21.0
SKU0199,2025-11-24,17.0
SKU0199,2025-12-01,24.0
SKU0199,2025-12-08,16.0
SKU0199,2025-12-15,9.0
SKU0199,2025-12-22,24.0
SKU0199,2025-12-29,24.0
SKU0199,2026-01-05,29.0
SKU0199,2026-01-12,22.0
SKU0199,2026-01-19,7.0
SKU0199,2026-01-26,12.0
SKU0199,2026-02-02,8.0
SKU0199,2026-02-09,10.0
SKU0199,2026-02-16,11.0
SKU0199,2026-02-23,9.0
SKU0199,2026-03-02,11.0
SKU0199,2026-03-09,10.0
SKU0199,2026-03-16,6.0
SKU0199,2026-03-23,13.0
SKU0199,2026-03-30,13.0
SKU0199,2026-04-06,12.0
SKU0199,2026-04-13,7.0
SKU0199,2026-04-20,15.0
SKU0199,2026-04-27,10.0
SKU0199,2026-05-04,11.0
SKU0199,2026-05-11,13.0
SKU0199,2026-05-18,11.0
SKU0199,2026-05-25,17.0
SKU0199,2026-06-01,6.0
SKU0199,2026-06-08,17.0
SKU0199,2026-06-15,9.0
SKU0199,2026-06-22,19.0
SKU0199,2026-06-29,16.0
SKU0199,2026-07-06,15.0
SKU0199,2026-07-13,8.0
SKU0199,2026-07-20,5.0
SKU0200,2024-07-29,3.0
SKU0200,2024-08-05,9.0
SKU0200,2024-08-12,4.0
SKU0200,2024-08-19,8.0
SKU0200,2024-08-26,8.0
SKU0200,2024-09-02,8.0
SKU0200,2024-09-09,9.0
SKU0200,2024-09-16,10.0
SKU0200,2024-09-23,10.0
SKU0200,2024-09-30,5.0
SKU0200,2024-10-07,10.0
SKU0200,2024-10-14,13.0
SKU0200,2024-10-21,19.0
SKU0200,2024-10-28,23.0
SKU0200,2024-11-04,24.0
SKU0200,2024-11-11,16.0
SKU0200,2024-11-18,11.0
SKU0200,2024-11-25,11.0
SKU0200,2024-12-02,17.0
SKU0200,2024-12-09,12.0
SKU0200,2024-12-16,17.0
SKU0200,2024-12-23,18.0
SKU0200,2024-12-30,27.0
SKU0200,2025-01-06,17.0
SKU0200,2025-01-13,9.0
SKU0200,2025-01-20,9.0
SKU0200,2025-01-27,10.0
SKU0200,2025-02-03,12.0
SKU0200,2025-02-10,8.0
SKU0200,2025-02-17,11.0
SKU0200,2025-02-24,5.0
SKU0200,2025-03-03,9.0
SKU0200,2025-03-10,12.0
SKU0200,2025-03-17,7.0
SKU0200,2025-03-24,14.0
SKU0200,2025-03-31,10.0
SKU0200,2025-04-07,12.0
SKU0200,2025-04-14,9.0
SKU0200,2025-04-21,9.0
SKU0200,2025-04-28,9.0
SKU0200,2025-05-05,12.0
SKU0200,2025-05-12,11.0
SKU0200,2025-05-19,9.0
SKU0200,2025-05-26,5.0
SKU0200,2025-06-02,5.0
SKU0200,2025-06-09,14.0
SKU0200,2025-06-16,13.0
SKU0200,2025-06-23,15.0
SKU0200,2025-06-30,10.0
SKU0200,2025-07-07,12.0
SKU0200,2025-07-14,18.0
SKU0200,2025-07-21,16.0
SKU0200,2025-07-28,11.0
SKU0200,2025-08-04,12.0
SKU0200,2025-08-11,12.0
SKU0200,2025-08-18,8.0
SKU0200,2025-08-25,15.0
SKU0200,2025-09-01,6.0
SKU0200,2025-09-08,12.0
SKU0200,2025-09-15,5.0
SKU0200,2025-09-22,10.0
SKU0200,2025-09-29,9.0
SKU0200,2025-10-06,11.0
SKU0200,2025-10-13,13.0
SKU0200,2025-10-20,21.0
SKU0200,2025-10-27,22.0
SKU0200,2025-11-03,20.0
SKU0200,2025-11-10,15.0
SKU0200,2025-11-17,14.0
SKU0200,2025-11-24,22.0
SKU0200,2025-12-01,17.0
SKU0200,2025-12-08,12.0
SKU0200,2025-12-15,16.0
SKU0200,2025-12-22,17.0
SKU0200,2025-12-29,22.0
SKU0200,2026-01-05,14.0
SKU0200,2026-01-12,8.0
SKU0200,2026-01-19,10.0
SKU0200,2026-01-26,10.0
SKU0200,2026-02-02,10.0
SKU0200,2026-02-09,9.0
SKU0200,2026-02-16,7.0
SKU0200,2026-02-23,8.0
SKU0200,2026-03-02,9.0
SKU0200,2026-03-09,6.0
SKU0200,2026-03-16,8.0
SKU0200,2026-03-23,11.0
SKU0200,2026-03-30,7.0
SKU0200,2026-04-06,10.0
SKU0200,2026-04-13,14.0
SKU0200,2026-04-20,9.0
SKU0200,2026-04-27,14.0
SKU0200,2026-05-04,10.0
SKU0200,2026-05-11,9.0
SKU0200,2026-05-18,9.0
SKU0200,2026-05-25,13.0
SKU0200,2026-06-01,7.0
SKU0200,2026-06-08,9.0
SKU0200,2026-06-15,12.0
SKU0200,2026-06-22,17.0
SKU0200,2026-06-29,23.0
SKU0200,2026-07-06,19.0
SKU0200,2026-07-13,2.0
SKU0200,2026-07-20,11.0
